date,sku_id,on_hand_units,on_order_units,lead_time_days,reorder_point
2024-01-01,SKU0001,226,0.0,7,37
2024-01-08,SKU0001,184,0.0,7,37
2024-01-15,SKU0001,151,0.0,7,37
2024-01-22,SKU0001,115,0.0,7,37
2024-01-29,SKU0001,73,0.0,7,37
2024-02-05,SKU0001,65,57.0,7,37
2024-02-12,SKU0001,30,0.0,7,37
2024-02-19,SKU0001,0,0.0,7,37
2024-02-19,SKU0001,0,0.0,7,37
2024-02-26,SKU0001,60,71.0,7,37
2024-03-04,SKU0001,85,53.0,7,37
2024-03-11,SKU0001,38,0.0,7,37
2024-03-18,SKU0001,12,0.0,7,37
2024-03-25,SKU0001,70,63.0,7,37
2024-04-01,SKU0001,40,0.0,7,37
2024-04-08,SKU0001,56,46.0,7,37
2024-04-15,SKU0001,72,66.0,7,37
2024-04-22,SKU0001,30,0.0,7,37
2024-04-29,SKU0001,0,0.0,7,37
2024-05-06,SKU0001,0,0.0,7,37
2024-05-13,SKU0001,0,0.0,7,37
2024-05-20,SKU0001,32,64.0,7,37
2024-05-27,SKU0001,66,51.0,7,37
2024-06-03,SKU0001,26,,7,37
2024-06-10,SKU0001,0,0.0,7,37
2024-06-17,SKU0001,0,0.0,7,37
2024-06-24,SKU0001,58,46.0,7,37
2024-07-01,SKU0001,22,0.0,7,37
2024-07-08,SKU0001,59,63.0,7,37
2024-07-15,SKU0001,86,51.0,7,37
2024-07-22,SKU0001,48,0.0,7,37
2024-07-29,SKU0001,18,0.0,7,37
2024-08-05,SKU0001,0,0.0,7,37
2024-08-12,SKU0001,75,63.0,7,37
2024-08-19,SKU0001,39,0.0,7,37
2024-08-26,SKU0001,38,61.0,7,37
2024-09-02,SKU0001,37,46.0,7,37
2024-09-09,SKU0001,41,50.0,7,37
2024-09-16,SKU0001,5,0.0,7,37
2024-09-23,SKU0001,45,60.0,7,37
2024-09-30,SKU0001,53,55.0,7,37
2024-10-07,SKU0001,75,51.0,7,37
2024-10-14,SKU0001,39,0.0,7,37
2024-10-21,SKU0001,27,64.0,7,37
2024-10-28,SKU0001,0,0.0,7,37
2024-11-04,SKU0001,0,0.0,7,37
2024-11-11,SKU0001,42,54.0,7,37
2024-11-18,SKU0001,13,0.0,7,37
2024-11-25,SKU0001,39,55.0,7,37
2024-12-02,SKU0001,0,0.0,7,37
2024-12-09,SKU0001,52,,7,37
2024-12-16,SKU0001,20,0.0,7,37
2024-12-23,SKU0001,0,0.0,7,37
2024-12-30,SKU0001,48,64.0,7,37
2025-01-06,SKU0001,13,0.0,7,37
2025-01-13,SKU0001,76,59.0,7,37
2025-01-20,SKU0001,45,0.0,7,37
2025-01-27,SKU0001,67,72.0,7,37
2025-02-03,SKU0001,33,0.0,7,37
2025-02-10,SKU0001,48,69.0,7,37
2025-02-17,SKU0001,12,0.0,7,37
2025-02-24,SKU0001,57,51.0,7,37
2025-03-03,SKU0001,64,61.0,7,37
2025-03-10,SKU0001,26,0.0,7,37
2025-03-17,SKU0001,30,52.0,7,37
2025-03-24,SKU0001,27,60.0,7,37
2025-03-31,SKU0001,36,54.0,7,37
2025-04-07,SKU0001,0,0.0,7,37
2025-04-14,SKU0001,0,0.0,7,37
2025-04-21,SKU0001,0,0.0,7,37
2025-04-28,SKU0001,37,49.0,7,37
2025-05-05,SKU0001,4,0.0,7,37
2025-05-12,SKU0001,0,0.0,7,37
2025-05-19,SKU0001,62,63.0,7,37
2025-05-26,SKU0001,52,52.0,7,37
2025-06-02,SKU0001,20,0.0,7,37
2025-06-09,SKU0001,0,0.0,7,37
2025-06-16,SKU0001,0,0.0,7,37
2025-06-23,SKU0001,0,0.0,7,37
2025-06-30,SKU0001,0,0.0,7,37
2025-07-07,SKU0001,0,0.0,7,37
2025-07-14,SKU0001,0,0.0,7,37
2025-07-21,SKU0001,48,,7,37
2025-07-28,SKU0001,59,61.0,7,37
2025-08-04,SKU0001,85,51.0,7,37
2025-08-11,SKU0001,48,0.0,7,37
2025-08-18,SKU0001,16,0.0,7,37
2025-08-25,SKU0001,0,0.0,7,37
2025-09-01,SKU0001,0,0.0,7,37
2025-09-08,SKU0001,0,0.0,7,37
2025-09-15,SKU0001,31,48.0,7,37
2025-09-22,SKU0001,7,0.0,7,37
2025-09-29,SKU0001,36,64.0,7,37
2025-10-06,SKU0001,59,49.0,7,37
2025-10-13,SKU0001,16,0.0,7,37
2025-10-20,SKU0001,41,55.0,7,37
2025-10-27,SKU0001,36,74.0,7,37
2025-11-03,SKU0001,57,52.0,7,37
2025-11-10,SKU0001,20,0.0,7,37
2025-11-17,SKU0001,0,0.0,7,37
2025-11-24,SKU0001,71,59.0,7,37
2025-12-01,SKU0001,43,0.0,7,37
2025-12-08,SKU0001,10,0.0,7,37
2025-12-15,SKU0001,78,67.0,7,37
2025-12-22,SKU0001,37,0.0,7,37
2025-12-29,SKU0001,32,65.0,7,37
2024-01-01,SKU0002,340,0.0,14,188
2024-01-08,SKU0002,267,0.0,14,188
2024-01-15,SKU0002,264,242.0,14,188
2024-01-22,SKU0002,196,0.0,14,188
2024-01-29,SKU0002,208,201.0,14,188
2024-02-05,SKU0002,147,0.0,14,188
2024-02-12,SKU0002,88,0.0,14,188
2024-02-19,SKU0002,25,0.0,14,188
2024-02-26,SKU0002,139,265.0,14,188
2024-03-04,SKU0002,145,170.0,14,188
2024-03-11,SKU0002,219,187.0,14,188
2024-03-18,SKU0002,236,194.0,14,188
2024-03-25,SKU0002,177,0.0,14,188
2024-04-01,SKU0002,174,241.0,14,188
2024-04-08,SKU0002,198,182.0,14,188
2024-04-15,SKU0002,235,188.0,14,188
2024-04-22,SKU0002,168,0.0,14,188
2024-04-29,SKU0002,240,220.0,14,188
2024-05-06,SKU0002,319,216.0,14,188
2024-05-13,SKU0002,246,0.0,14,188
2024-05-20,SKU0002,167,0.0,14,188
2024-05-27,SKU0002,83,0.0,14,188
2024-06-03,SKU0002,17,0.0,14,188
2024-06-10,SKU0002,144,240.0,14,188
2024-06-17,SKU0002,81,0.0,14,188
2024-06-24,SKU0002,17,0.0,14,188
2024-07-01,SKU0002,0,0.0,14,188
2024-07-08,SKU0002,75,217.0,14,188
2024-07-15,SKU0002,77,234.0,14,188
2024-07-22,SKU0002,68,235.0,14,188
2024-07-29,SKU0002,5,0.0,14,188
2024-08-05,SKU0002,0,0.0,14,188
2024-08-12,SKU0002,55,263.0,14,188
2024-08-19,SKU0002,0,0.0,14,188
2024-08-26,SKU0002,119,193.0,14,188
2024-09-02,SKU0002,42,0.0,14,188
2024-09-09,SKU0002,117,163.0,14,188
2024-09-16,SKU0002,48,0.0,14,188
2024-09-23,SKU0002,0,0.0,14,188
2024-09-30,SKU0002,0,0.0,14,188
2024-10-07,SKU0002,0,0.0,14,188
2024-10-14,SKU0002,80,173.0,14,188
2024-10-21,SKU0002,138,253.0,14,188
2024-10-28,SKU0002,200,229.0,14,188
2024-11-04,SKU0002,118,0.0,14,188
2024-11-11,SKU0002,142,253.0,14,188
2024-11-18,SKU0002,85,0.0,14,188
2024-11-25,SKU0002,18,0.0,14,188
2024-12-02,SKU0002,0,0.0,14,188
2024-12-09,SKU0002,0,0.0,14,188
2024-12-16,SKU0002,111,213.0,14,188
2024-12-23,SKU0002,114,206.0,14,188
2024-12-30,SKU0002,153,256.0,14,188
2025-01-06,SKU0002,218,207.0,14,188
2025-01-13,SKU0002,158,0.0,14,188
2025-01-20,SKU0002,75,0.0,14,188
2025-01-27,SKU0002,80,175.0,14,188
2025-02-03,SKU0002,97,226.0,14,188
2025-02-10,SKU0002,150,188.0,14,188
2025-02-17,SKU0002,162,200.0,14,188
2025-02-24,SKU0002,102,0.0,14,188
2025-03-03,SKU0002,147,248.0,14,188
2025-03-10,SKU0002,142,174.0,14,188
2025-03-17,SKU0002,210,236.0,14,188
2025-03-24,SKU0002,288,174.0,14,188
2025-03-31,SKU0002,207,,14,188
2025-04-07,SKU0002,195,203.0,14,188
2025-04-14,SKU0002,227,249.0,14,188
2025-04-21,SKU0002,292,246.0,14,188
2025-04-28,SKU0002,223,,14,188
2025-05-05,SKU0002,254,177.0,14,188
2025-05-12,SKU0002,315,229.0,14,188
2025-05-19,SKU0002,236,0.0,14,188
2025-05-26,SKU0002,249,231.0,14,188
2025-06-02,SKU0002,181,0.0,14,188
2025-06-09,SKU0002,112,0.0,14,188
2025-06-16,SKU0002,138,231.0,14,188
2025-06-23,SKU0002,144,207.0,14,188
2025-06-30,SKU0002,130,172.0,14,188
2025-07-07,SKU0002,123,,14,188
2025-07-14,SKU0002,55,0.0,14,188
2025-07-21,SKU0002,97,256.0,14,188
2025-07-28,SKU0002,30,0.0,14,188
2025-08-04,SKU0002,72,239.0,14,188
2025-08-11,SKU0002,14,0.0,14,188
2025-08-18,SKU0002,0,0.0,14,188
2025-08-25,SKU0002,98,168.0,14,188
2025-09-01,SKU0002,36,0.0,14,188
2025-09-08,SKU0002,86,224.0,14,188
2025-09-15,SKU0002,78,229.0,14,188
2025-09-22,SKU0002,76,175.0,14,188
2025-09-29,SKU0002,3,0.0,14,188
2025-10-06,SKU0002,0,0.0,14,188
2025-10-13,SKU0002,0,0.0,14,188
2025-10-20,SKU0002,70,208.0,14,188
2025-10-27,SKU0002,5,0.0,14,188
2025-11-03,SKU0002,0,0.0,14,188
2025-11-10,SKU0002,0,0.0,14,188
2025-11-17,SKU0002,0,0.0,14,188
2025-11-24,SKU0002,113,264.0,14,188
2025-12-01,SKU0002,166,196.0,14,188
2025-12-08,SKU0002,103,0.0,14,188
2025-12-15,SKU0002,148,214.0,14,188
2025-12-22,SKU0002,81,0.0,14,188
2025-12-29,SKU0002,16,0.0,14,188
2024-01-01,SKU0003,524,0.0,30,804
2024-01-08,SKU0003,656,1009.0,30,804
2024-01-15,SKU0003,531,0.0,30,804
2024-01-22,SKU0003,625,888.0,30,804
2024-01-29,SKU0003,673,827.0,30,804
2024-02-05,SKU0003,763,815.0,30,804
2024-02-12,SKU0003,621,0.0,30,804
2024-02-19,SKU0003,692,746.0,30,804
2024-02-26,SKU0003,558,0.0,30,804
2024-03-04,SKU0003,413,0.0,30,804
2024-03-11,SKU0003,570,1068.0,30,804
2024-03-18,SKU0003,444,0.0,30,804
2024-03-25,SKU0003,522,828.0,30,804
2024-04-01,SKU0003,581,975.0,30,804
2024-04-08,SKU0003,679,1101.0,30,804
2024-04-15,SKU0003,788,1015.0,30,804
2024-04-22,SKU0003,664,0.0,30,804
2024-04-29,SKU0003,534,0.0,30,804
2024-05-06,SKU0003,649,1088.0,30,804
2024-05-13,SKU0003,516,0.0,30,804
2024-05-20,SKU0003,651,969.0,30,804
2024-05-27,SKU0003,516,0.0,30,804
2024-06-03,SKU0003,492,717.0,30,804
2024-06-10,SKU0003,342,0.0,30,804
2024-06-17,SKU0003,430,970.0,30,804
2024-06-24,SKU0003,392,1036.0,30,804
2024-07-01,SKU0003,350,839.0,30,804
2024-07-08,SKU0003,193,0.0,30,804
2024-07-15,SKU0003,280,699.0,30,804
2024-07-22,SKU0003,359,961.0,30,804
2024-07-29,SKU0003,405,1140.0,30,804
2024-08-05,SKU0003,283,0.0,30,804
2024-08-12,SKU0003,272,753.0,30,804
2024-08-19,SKU0003,284,1040.0,30,804
2024-08-26,SKU0003,383,888.0,30,804
2024-09-02,SKU0003,371,1098.0,30,804
2024-09-09,SKU0003,471,1031.0,30,804
2024-09-16,SKU0003,330,0.0,30,804
2024-09-23,SKU0003,284,770.0,30,804
2024-09-30,SKU0003,146,0.0,30,804
2024-10-07,SKU0003,136,863.0,30,804
2024-10-14,SKU0003,180,691.0,30,804
2024-10-21,SKU0003,176,882.0,30,804
2024-10-28,SKU0003,206,935.0,30,804
2024-11-04,SKU0003,256,735.0,30,804
2024-11-11,SKU0003,272,971.0,30,804
2024-11-18,SKU0003,164,0.0,30,804
2024-11-25,SKU0003,300,1090.0,30,804
2024-12-02,SKU0003,154,0.0,30,804
2024-12-09,SKU0003,178,1057.0,30,804
2024-12-16,SKU0003,47,0.0,30,804
2024-12-23,SKU0003,0,0.0,30,804
2024-12-30,SKU0003,175,976.0,30,804
2025-01-06,SKU0003,264,752.0,30,804
2025-01-13,SKU0003,325,775.0,30,804
2025-01-20,SKU0003,377,1086.0,30,804
2025-01-27,SKU0003,412,788.0,30,804
2025-02-03,SKU0003,538,843.0,30,804
2025-02-10,SKU0003,547,1012.0,30,804
2025-02-17,SKU0003,682,1077.0,30,804
2025-02-24,SKU0003,542,0.0,30,804
2025-03-03,SKU0003,663,1112.0,30,804
2025-03-10,SKU0003,527,0.0,30,804
2025-03-17,SKU0003,561,729.0,30,804
2025-03-24,SKU0003,619,899.0,30,804
2025-03-31,SKU0003,684,893.0,30,804
2025-04-07,SKU0003,719,802.0,30,804
2025-04-14,SKU0003,602,0.0,30,804
2025-04-21,SKU0003,645,1146.0,30,804
2025-04-28,SKU0003,745,762.0,30,804
2025-05-05,SKU0003,885,698.0,30,804
2025-05-12,SKU0003,735,0.0,30,804
2025-05-19,SKU0003,792,816.0,30,804
2025-05-26,SKU0003,939,1033.0,30,804
2025-06-02,SKU0003,805,0.0,30,804
2025-06-09,SKU0003,658,0.0,30,804
2025-06-16,SKU0003,670,920.0,30,804
2025-06-23,SKU0003,693,714.0,30,804
2025-06-30,SKU0003,540,0.0,30,804
2025-07-07,SKU0003,681,783.0,30,804
2025-07-14,SKU0003,556,0.0,30,804
2025-07-21,SKU0003,588,949.0,30,804
2025-07-28,SKU0003,721,864.0,30,804
2025-08-04,SKU0003,747,781.0,30,804
2025-08-11,SKU0003,772,1047.0,30,804
2025-08-18,SKU0003,633,0.0,30,804
2025-08-25,SKU0003,480,0.0,30,804
2025-09-01,SKU0003,583,696.0,30,804
2025-09-08,SKU0003,669,1103.0,30,804
2025-09-15,SKU0003,529,0.0,30,804
2025-09-22,SKU0003,388,0.0,30,804
2025-09-29,SKU0003,269,0.0,30,804
2025-10-06,SKU0003,416,819.0,30,804
2025-10-13,SKU0003,554,757.0,30,804
2025-10-20,SKU0003,688,988.0,30,804
2025-10-27,SKU0003,690,1105.0,30,804
2025-11-03,SKU0003,547,0.0,30,804
2025-11-10,SKU0003,690,834.0,30,804
2025-11-17,SKU0003,565,0.0,30,804
2025-11-24,SKU0003,439,0.0,30,804
2025-12-01,SKU0003,330,,30,804
2025-12-08,SKU0003,194,0.0,30,804
2025-12-15,SKU0003,167,920.0,30,804
2025-12-22,SKU0003,138,753.0,30,804
2025-12-29,SKU0003,11,0.0,30,804
2024-01-01,SKU0004,709,0.0,14,302
2024-01-08,SKU0004,577,0.0,14,302
2024-01-15,SKU0004,422,0.0,14,302
2024-01-22,SKU0004,524,523.0,14,302
2024-01-29,SKU0004,387,0.0,14,302
2024-02-05,SKU0004,457,477.0,14,302
2024-02-12,SKU0004,334,0.0,14,302
2024-02-19,SKU0004,435,341.0,14,302
2024-02-26,SKU0004,489,433.0,14,302
2024-03-04,SKU0004,349,0.0,14,302
2024-03-11,SKU0004,502,,14,302
2024-03-18,SKU0004,371,0.0,14,302
2024-03-25,SKU0004,472,538.0,14,302
2024-04-01,SKU0004,341,0.0,14,302
2024-04-08,SKU0004,423,495.0,14,302
2024-04-15,SKU0004,280,0.0,14,302
2024-04-22,SKU0004,413,497.0,14,302
2024-04-29,SKU0004,564,365.0,14,302
2024-05-06,SKU0004,425,0.0,14,302
2024-05-13,SKU0004,285,0.0,14,302
2024-05-20,SKU0004,131,0.0,14,302
2024-05-27,SKU0004,0,0.0,14,302
2024-06-03,SKU0004,282,532.0,14,302
2024-06-10,SKU0004,142,0.0,14,302
2024-06-17,SKU0004,276,518.0,14,302
2024-06-24,SKU0004,145,0.0,14,302
2024-07-01,SKU0004,10,0.0,14,302
2024-07-08,SKU0004,0,0.0,14,302
2024-07-15,SKU0004,157,359.0,14,302
2024-07-22,SKU0004,141,381.0,14,302
2024-07-29,SKU0004,0,0.0,14,302
2024-08-05,SKU0004,267,461.0,14,302
2024-08-12,SKU0004,355,373.0,14,302
2024-08-19,SKU0004,396,335.0,14,302
2024-08-26,SKU0004,558,537.0,14,302
2024-09-02,SKU0004,423,0.0,14,302
2024-09-09,SKU0004,534,433.0,14,302
2024-09-16,SKU0004,374,0.0,14,302
2024-09-23,SKU0004,493,399.0,14,302
2024-09-30,SKU0004,351,0.0,14,302
2024-10-07,SKU0004,401,535.0,14,302
2024-10-14,SKU0004,263,0.0,14,302
2024-10-21,SKU0004,294,499.0,14,302
2024-10-28,SKU0004,268,449.0,14,302
2024-11-04,SKU0004,138,0.0,14,302
2024-11-11,SKU0004,12,0.0,14,302
2024-11-18,SKU0004,0,0.0,14,302
2024-11-25,SKU0004,0,0.0,14,302
2024-12-02,SKU0004,242,490.0,14,302
2024-12-09,SKU0004,204,448.0,14,302
2024-12-16,SKU0004,364,371.0,14,302
2024-12-23,SKU0004,213,0.0,14,302
2024-12-30,SKU0004,231,381.0,14,302
2025-01-06,SKU0004,73,0.0,14,302
2025-01-13,SKU0004,133,494.0,14,302
2025-01-20,SKU0004,0,0.0,14,302
2025-01-27,SKU0004,160,418.0,14,302
2025-02-03,SKU0004,0,0.0,14,302
2025-02-10,SKU0004,201,498.0,14,302
2025-02-17,SKU0004,357,492.0,14,302
2025-02-24,SKU0004,204,0.0,14,302
2025-03-03,SKU0004,163,348.0,14,302
2025-03-10,SKU0004,207,376.0,14,302
2025-03-17,SKU0004,196,348.0,14,302
2025-03-24,SKU0004,244,550.0,14,302
2025-03-31,SKU0004,385,489.0,14,302
2025-04-07,SKU0004,484,528.0,14,302
2025-04-14,SKU0004,346,0.0,14,302
2025-04-21,SKU0004,216,0.0,14,302
2025-04-28,SKU0004,275,333.0,14,302
2025-05-05,SKU0004,263,490.0,14,302
2025-05-12,SKU0004,359,470.0,14,302
2025-05-19,SKU0004,457,509.0,14,302
2025-05-26,SKU0004,306,0.0,14,302
2025-06-02,SKU0004,425,453.0,14,302
2025-06-09,SKU0004,279,0.0,14,302
2025-06-16,SKU0004,136,0.0,14,302
2025-06-23,SKU0004,238,353.0,14,302
2025-06-30,SKU0004,313,497.0,14,302
2025-07-07,SKU0004,166,0.0,14,302
2025-07-14,SKU0004,288,366.0,14,302
2025-07-21,SKU0004,334,514.0,14,302
2025-07-28,SKU0004,190,0.0,14,302
2025-08-04,SKU0004,165,396.0,14,302
2025-08-11,SKU0004,332,399.0,14,302
2025-08-18,SKU0004,349,514.0,14,302
2025-08-25,SKU0004,211,0.0,14,302
2025-09-01,SKU0004,47,0.0,14,302
2025-09-08,SKU0004,0,0.0,14,302
2025-09-15,SKU0004,286,369.0,14,302
2025-09-22,SKU0004,294,372.0,14,302
2025-09-29,SKU0004,293,494.0,14,302
2025-10-06,SKU0004,154,0.0,14,302
2025-10-13,SKU0004,241,453.0,14,302
2025-10-20,SKU0004,95,0.0,14,302
2025-10-27,SKU0004,0,0.0,14,302
2025-11-03,SKU0004,128,365.0,14,302
2025-11-10,SKU0004,11,0.0,14,302
2025-11-17,SKU0004,184,476.0,14,302
2025-11-24,SKU0004,260,468.0,14,302
2025-12-01,SKU0004,275,489.0,14,302
2025-12-08,SKU0004,134,0.0,14,302
2025-12-15,SKU0004,204,487.0,14,302
2025-12-22,SKU0004,265,513.0,14,302
2025-12-29,SKU0004,135,0.0,14,302
2024-01-01,SKU0005,776,0.0,7,142
2024-01-08,SKU0005,671,0.0,7,142
2024-01-15,SKU0005,553,0.0,7,142
2024-01-22,SKU0005,427,0.0,7,142
2024-01-29,SKU0005,315,0.0,7,142
2024-02-05,SKU0005,223,0.0,7,142
2024-02-12,SKU0005,328,176.0,7,142
2024-02-19,SKU0005,221,0.0,7,142
2024-02-26,SKU0005,247,200.0,7,142
2024-03-04,SKU0005,153,0.0,7,142
2024-03-11,SKU0005,247,207.0,7,142
2024-03-18,SKU0005,130,0.0,7,142
2024-03-25,SKU0005,35,0.0,7,142
2024-04-01,SKU0005,0,0.0,7,142
2024-04-08,SKU0005,163,188.0,7,142
2024-04-15,SKU0005,226,196.0,7,142
2024-04-22,SKU0005,290,179.0,7,142
2024-04-29,SKU0005,190,0.0,7,142
2024-05-06,SKU0005,90,0.0,7,142
2024-05-13,SKU0005,0,0.0,7,142
2024-05-20,SKU0005,183,207.0,7,142
2024-05-27,SKU0005,157,189.0,7,142
2024-06-03,SKU0005,127,162.0,7,142
2024-06-10,SKU0005,125,150.0,7,142
2024-06-17,SKU0005,130,140.0,7,142
2024-06-24,SKU0005,39,0.0,7,142
2024-07-01,SKU0005,0,0.0,7,142
2024-07-08,SKU0005,0,0.0,7,142
2024-07-15,SKU0005,0,0.0,7,142
2024-07-22,SKU0005,177,161.0,7,142
2024-07-29,SKU0005,198,175.0,7,142
2024-08-05,SKU0005,209,143.0,7,142
2024-08-12,SKU0005,242,192.0,7,142
2024-08-19,SKU0005,150,0.0,7,142
2024-08-26,SKU0005,49,0.0,7,142
2024-09-02,SKU0005,0,0.0,7,142
2024-09-09,SKU0005,163,150.0,7,142
2024-09-16,SKU0005,147,199.0,7,142
2024-09-23,SKU0005,219,200.0,7,142
2024-09-30,SKU0005,302,204.0,7,142
2024-10-07,SKU0005,202,0.0,7,142
2024-10-14,SKU0005,204,197.0,7,142
2024-10-21,SKU0005,325,,7,142
2024-10-28,SKU0005,224,0.0,7,142
2024-11-04,SKU0005,270,209.0,7,142
2024-11-11,SKU0005,195,0.0,7,142
2024-11-18,SKU0005,97,0.0,7,142
2024-11-25,SKU0005,194,138.0,7,142
2024-12-02,SKU0005,82,0.0,7,142
2024-12-09,SKU0005,0,0.0,7,142
2024-12-16,SKU0005,118,176.0,7,142
2024-12-23,SKU0005,20,0.0,7,142
2024-12-30,SKU0005,0,0.0,7,142
2025-01-06,SKU0005,111,148.0,7,142
2025-01-13,SKU0005,4,0.0,7,142
2025-01-20,SKU0005,0,0.0,7,142
2025-01-27,SKU0005,0,,7,142
2025-02-03,SKU0005,145,210.0,7,142
2025-02-10,SKU0005,234,207.0,7,142
2025-02-17,SKU0005,199,150.0,7,142
2025-02-24,SKU0005,103,0.0,7,142
2025-03-03,SKU0005,4,0.0,7,142
2025-03-10,SKU0005,0,0.0,7,142
2025-03-17,SKU0005,0,0.0,7,142
2025-03-24,SKU0005,79,212.0,7,142
2025-03-31,SKU0005,114,153.0,7,142
2025-04-07,SKU0005,21,0.0,7,142
2025-04-14,SKU0005,92,208.0,7,142
2025-04-21,SKU0005,118,142.0,7,142
2025-04-28,SKU0005,199,161.0,7,142
2025-05-05,SKU0005,90,0.0,7,142
2025-05-12,SKU0005,98,179.0,7,142
2025-05-19,SKU0005,157,205.0,7,142
2025-05-26,SKU0005,273,176.0,7,142
2025-06-02,SKU0005,168,0.0,7,142
2025-06-09,SKU0005,141,205.0,7,142
2025-06-16,SKU0005,192,130.0,7,142
2025-06-23,SKU0005,256,168.0,7,142
2025-06-30,SKU0005,168,0.0,7,142
2025-07-07,SKU0005,78,0.0,7,142
2025-07-14,SKU0005,98,146.0,7,142
2025-07-21,SKU0005,0,0.0,7,142
2025-07-28,SKU0005,151,187.0,7,142
2025-08-04,SKU0005,240,197.0,7,142
2025-08-11,SKU0005,154,0.0,7,142
2025-08-18,SKU0005,56,0.0,7,142
2025-08-25,SKU0005,104,207.0,7,142
2025-09-01,SKU0005,0,,7,142
2025-09-08,SKU0005,0,0.0,7,142
2025-09-15,SKU0005,0,0.0,7,142
2025-09-22,SKU0005,194,145.0,7,142
2025-09-29,SKU0005,85,0.0,7,142
2025-10-06,SKU0005,207,179.0,7,142
2025-10-13,SKU0005,174,203.0,7,142
2025-10-20,SKU0005,204,160.0,7,142
2025-10-27,SKU0005,244,155.0,7,142
2025-11-03,SKU0005,130,0.0,7,142
2025-11-10,SKU0005,242,147.0,7,142
2025-11-17,SKU0005,117,0.0,7,142
2025-11-24,SKU0005,9,,7,142
2025-12-01,SKU0005,188,194.0,7,142
2025-12-08,SKU0005,255,187.0,7,142
2025-12-15,SKU0005,327,170.0,7,142
2025-12-22,SKU0005,213,0.0,7,142
2025-12-29,SKU0005,101,0.0,7,142
2025-01-27,SKU0006,58,0.0,30,256
2025-02-03,SKU0006,73,304.0,30,256
2025-02-10,SKU0006,32,0.0,30,256
2025-02-17,SKU0006,0,0.0,30,256
2025-02-24,SKU0006,0,0.0,30,256
2025-03-03,SKU0006,0,0.0,30,256
2025-03-10,SKU0006,0,0.0,30,256
2025-03-17,SKU0006,44,318.0,30,256
2025-03-24,SKU0006,13,0.0,30,256
2025-03-31,SKU0006,0,0.0,30,256
2025-04-07,SKU0006,0,0.0,30,256
2025-04-14,SKU0006,0,0.0,30,256
2025-04-21,SKU0006,39,336.0,30,256
2025-04-28,SKU0006,86,367.0,30,256
2025-05-05,SKU0006,99,277.0,30,256
2025-05-12,SKU0006,106,327.0,30,256
2025-05-19,SKU0006,99,365.0,30,256
2025-05-26,SKU0006,98,250.0,30,256
2025-06-02,SKU0006,51,0.0,30,256
2025-06-09,SKU0006,22,0.0,30,256
2025-06-16,SKU0006,51,257.0,30,256
2025-06-23,SKU0006,0,0.0,30,256
2025-06-30,SKU0006,0,0.0,30,256
2025-07-07,SKU0006,0,0.0,30,256
2025-07-14,SKU0006,88,286.0,30,256
2025-07-21,SKU0006,123,367.0,30,256
2025-07-28,SKU0006,137,318.0,30,256
2025-08-04,SKU0006,181,263.0,30,256
2025-08-11,SKU0006,143,0.0,30,256
2025-08-18,SKU0006,153,283.0,30,256
2025-08-25,SKU0006,114,0.0,30,256
2025-09-01,SKU0006,125,,30,256
2025-09-08,SKU0006,84,0.0,30,256
2025-09-15,SKU0006,39,0.0,30,256
2025-09-22,SKU0006,72,258.0,30,256
2025-09-29,SKU0006,87,304.0,30,256
2025-10-06,SKU0006,41,0.0,30,256
2025-10-13,SKU0006,0,0.0,30,256
2025-10-20,SKU0006,83,254.0,30,256
2025-10-27,SKU0006,24,0.0,30,256
2025-11-03,SKU0006,0,0.0,30,256
2025-11-10,SKU0006,0,0.0,30,256
2025-11-17,SKU0006,0,0.0,30,256
2025-11-24,SKU0006,0,0.0,30,256
2025-12-01,SKU0006,58,294.0,30,256
2025-12-08,SKU0006,65,280.0,30,256
2025-12-15,SKU0006,120,321.0,30,256
2025-12-22,SKU0006,162,,30,256
2025-12-29,SKU0006,191,,30,256
2024-01-01,SKU0007,512,0.0,10,226
2024-01-08,SKU0007,360,0.0,10,226
2024-01-15,SKU0007,472,293.0,10,226
2024-01-22,SKU0007,321,0.0,10,226
2024-01-29,SKU0007,392,356.0,10,226
2024-02-05,SKU0007,235,0.0,10,226
2024-02-12,SKU0007,204,346.0,10,226
2024-02-19,SKU0007,39,0.0,10,226
2024-02-26,SKU0007,258,424.0,10,226
2024-03-04,SKU0007,111,0.0,10,226
2024-03-11,SKU0007,209,310.0,10,226
2024-03-18,SKU0007,353,275.0,10,226
2024-03-25,SKU0007,219,0.0,10,226
2024-04-01,SKU0007,64,0.0,10,226
2024-04-08,SKU0007,286,321.0,10,226
2024-04-15,SKU0007,320,410.0,10,226
2024-04-22,SKU0007,364,263.0,10,226
2024-04-29,SKU0007,206,0.0,10,226
2024-05-06,SKU0007,59,0.0,10,226
2024-05-13,SKU0007,281,308.0,10,226
2024-05-20,SKU0007,133,0.0,10,226
2024-05-27,SKU0007,125,291.0,10,226
2024-06-03,SKU0007,262,359.0,10,226
2024-06-10,SKU0007,234,384.0,10,226
2024-06-17,SKU0007,68,0.0,10,226
2024-06-24,SKU0007,280,299.0,10,226
2024-07-01,SKU0007,135,0.0,10,226
2024-07-08,SKU0007,0,0.0,10,226
2024-07-15,SKU0007,317,275.0,10,226
2024-07-22,SKU0007,478,345.0,10,226
2024-07-29,SKU0007,319,0.0,10,226
2024-08-05,SKU0007,141,0.0,10,226
2024-08-12,SKU0007,138,420.0,10,226
2024-08-19,SKU0007,173,428.0,10,226
2024-08-26,SKU0007,221,393.0,10,226
2024-09-02,SKU0007,379,375.0,10,226
2024-09-09,SKU0007,241,0.0,10,226
2024-09-16,SKU0007,347,421.0,10,226
2024-09-23,SKU0007,204,0.0,10,226
2024-09-30,SKU0007,47,0.0,10,226
2024-10-07,SKU0007,240,306.0,10,226
2024-10-14,SKU0007,84,0.0,10,226
2024-10-21,SKU0007,255,314.0,10,226
2024-10-28,SKU0007,86,0.0,10,226
2024-11-04,SKU0007,0,0.0,10,226
2024-11-11,SKU0007,219,295.0,10,226
2024-11-18,SKU0007,220,415.0,10,226
2024-11-25,SKU0007,71,0.0,10,226
2024-12-02,SKU0007,305,428.0,10,226
2024-12-09,SKU0007,342,423.0,10,226
2024-12-16,SKU0007,344,399.0,10,226
2024-12-23,SKU0007,202,0.0,10,226
2024-12-30,SKU0007,254,404.0,10,226
2025-01-06,SKU0007,214,329.0,10,226
2025-01-13,SKU0007,238,333.0,10,226
2025-01-20,SKU0007,257,386.0,10,226
2025-01-27,SKU0007,412,409.0,10,226
2025-02-03,SKU0007,255,0.0,10,226
2025-02-10,SKU0007,110,0.0,10,226
2025-02-17,SKU0007,0,0.0,10,226
2025-02-24,SKU0007,0,0.0,10,226
2025-03-03,SKU0007,123,288.0,10,226
2025-03-10,SKU0007,206,404.0,10,226
2025-03-17,SKU0007,69,0.0,10,226
2025-03-24,SKU0007,228,344.0,10,226
2025-03-31,SKU0007,265,347.0,10,226
2025-04-07,SKU0007,348,290.0,10,226
2025-04-14,SKU0007,200,0.0,10,226
2025-04-21,SKU0007,347,352.0,10,226
2025-04-28,SKU0007,405,373.0,10,226
2025-05-05,SKU0007,264,0.0,10,226
2025-05-12,SKU0007,419,300.0,10,226
2025-05-19,SKU0007,267,0.0,10,226
2025-05-26,SKU0007,266,346.0,10,226
2025-06-02,SKU0007,302,335.0,10,226
2025-06-09,SKU0007,287,266.0,10,226
2025-06-16,SKU0007,311,339.0,10,226
2025-06-23,SKU0007,344,368.0,10,226
2025-06-30,SKU0007,442,338.0,10,226
2025-07-07,SKU0007,276,0.0,10,226
2025-07-14,SKU0007,274,326.0,10,226
2025-07-21,SKU0007,410,304.0,10,226
2025-07-28,SKU0007,268,0.0,10,226
2025-08-04,SKU0007,245,316.0,10,226
2025-08-11,SKU0007,85,0.0,10,226
2025-08-18,SKU0007,0,0.0,10,226
2025-08-25,SKU0007,272,,10,226
2025-09-01,SKU0007,284,306.0,10,226
2025-09-08,SKU0007,136,0.0,10,226
2025-09-15,SKU0007,0,0.0,10,226
2025-09-22,SKU0007,222,281.0,10,226
2025-09-29,SKU0007,362,382.0,10,226
2025-10-06,SKU0007,524,296.0,10,226
2025-10-13,SKU0007,366,0.0,10,226
2025-10-20,SKU0007,476,398.0,10,226
2025-10-27,SKU0007,340,0.0,10,226
2025-11-03,SKU0007,480,418.0,10,226
2025-11-10,SKU0007,341,0.0,10,226
2025-11-17,SKU0007,185,0.0,10,226
2025-11-24,SKU0007,294,357.0,10,226
2025-12-01,SKU0007,459,263.0,10,226
2025-12-08,SKU0007,315,0.0,10,226
2025-12-15,SKU0007,384,415.0,10,226
2025-12-22,SKU0007,232,0.0,10,226
2025-12-29,SKU0007,85,0.0,10,226
2024-10-28,SKU0008,400,0.0,21,392
2024-11-04,SKU0008,286,0.0,21,392
2024-11-11,SKU0008,170,0.0,21,392
2024-11-18,SKU0008,65,0.0,21,392
2024-11-25,SKU0008,210,412.0,21,392
2024-12-02,SKU0008,108,0.0,21,392
2024-12-09,SKU0008,157,501.0,21,392
2024-12-16,SKU0008,43,0.0,21,392
2024-12-23,SKU0008,92,552.0,21,392
2024-12-30,SKU0008,197,555.0,21,392
2025-01-06,SKU0008,92,0.0,21,392
2025-01-13,SKU0008,190,498.0,21,392
2025-01-20,SKU0008,209,424.0,21,392
2025-01-27,SKU0008,109,0.0,21,392
2025-02-03,SKU0008,0,0.0,21,392
2025-02-10,SKU0008,139,457.0,21,392
2025-02-17,SKU0008,205,435.0,21,392
2025-02-24,SKU0008,108,0.0,21,392
2025-03-03,SKU0008,210,427.0,21,392
2025-03-10,SKU0008,310,582.0,21,392
2025-03-17,SKU0008,202,0.0,21,392
2025-03-24,SKU0008,105,0.0,21,392
2025-03-31,SKU0008,225,516.0,21,392
2025-04-07,SKU0008,127,0.0,21,392
2025-04-14,SKU0008,21,0.0,21,392
2025-04-21,SKU0008,104,623.0,21,392
2025-04-28,SKU0008,11,0.0,21,392
2025-05-05,SKU0008,223,616.0,21,392
2025-05-12,SKU0008,302,573.0,21,392
2025-05-19,SKU0008,200,0.0,21,392
2025-05-26,SKU0008,203,405.0,21,392
2025-06-02,SKU0008,99,0.0,21,392
2025-06-09,SKU0008,157,420.0,21,392
2025-06-16,SKU0008,42,0.0,21,392
2025-06-23,SKU0008,0,0.0,21,392
2025-06-30,SKU0008,123,435.0,21,392
2025-07-07,SKU0008,102,502.0,21,392
2025-07-14,SKU0008,230,389.0,21,392
2025-07-21,SKU0008,117,0.0,21,392
2025-07-28,SKU0008,31,0.0,21,392
2025-08-04,SKU0008,205,599.0,21,392
2025-08-11,SKU0008,91,0.0,21,392
2025-08-18,SKU0008,194,395.0,21,392
2025-08-25,SKU0008,86,0.0,21,392
2025-09-01,SKU0008,142,600.0,21,392
2025-09-08,SKU0008,36,0.0,21,392
2025-09-15,SKU0008,142,418.0,21,392
2025-09-22,SKU0008,25,0.0,21,392
2025-09-29,SKU0008,163,602.0,21,392
2025-10-06,SKU0008,208,615.0,21,392
2025-10-13,SKU0008,191,428.0,21,392
2025-10-20,SKU0008,217,573.0,21,392
2025-10-27,SKU0008,285,416.0,21,392
2025-11-03,SKU0008,168,0.0,21,392
2025-11-10,SKU0008,180,540.0,21,392
2025-11-17,SKU0008,208,,21,392
2025-11-24,SKU0008,90,0.0,21,392
2025-12-01,SKU0008,0,0.0,21,392
2025-12-08,SKU0008,167,564.0,21,392
2025-12-15,SKU0008,225,436.0,21,392
2025-12-22,SKU0008,278,587.0,21,392
2025-12-29,SKU0008,175,0.0,21,392
2024-01-01,SKU0009,19,0.0,14,100
2024-01-08,SKU0009,32,84.0,14,100
2024-01-15,SKU0009,0,0.0,14,100
2024-01-22,SKU0009,55,129.0,14,100
2024-01-29,SKU0009,25,0.0,14,100
2024-02-05,SKU0009,33,86.0,14,100
2024-02-12,SKU0009,48,124.0,14,100
2024-02-19,SKU0009,79,99.0,14,100
2024-02-26,SKU0009,52,0.0,14,100
2024-03-04,SKU0009,49,94.0,14,100
2024-03-11,SKU0009,66,132.0,14,100
2024-03-18,SKU0009,29,0.0,14,100
2024-03-25,SKU0009,56,105.0,14,100
2024-04-01,SKU0009,25,0.0,14,100
2024-04-08,SKU0009,0,0.0,14,100
2024-04-15,SKU0009,31,108.0,14,100
2024-04-22,SKU0009,50,96.0,14,100
2024-04-29,SKU0009,39,85.0,14,100
2024-05-06,SKU0009,15,0.0,14,100
2024-05-13,SKU0009,25,113.0,14,100
2024-05-20,SKU0009,37,130.0,14,100
2024-05-27,SKU0009,34,,14,100
2024-06-03,SKU0009,4,0.0,14,100
2024-06-10,SKU0009,44,83.0,14,100
2024-06-17,SKU0009,37,131.0,14,100
2024-06-24,SKU0009,1,0.0,14,100
2024-07-01,SKU0009,42,91.0,14,100
2024-07-08,SKU0009,51,94.0,14,100
2024-07-15,SKU0009,60,114.0,14,100
2024-07-22,SKU0009,33,0.0,14,100
2024-07-29,SKU0009,37,125.0,14,100
2024-08-05,SKU0009,59,123.0,14,100
2024-08-12,SKU0009,20,0.0,14,100
2024-08-19,SKU0009,56,111.0,14,100
2024-08-26,SKU0009,88,107.0,14,100
2024-09-02,SKU0009,97,114.0,14,100
2024-09-09,SKU0009,116,123.0,14,100
2024-09-16,SKU0009,85,0.0,14,100
2024-09-23,SKU0009,52,0.0,14,100
2024-09-30,SKU0009,40,132.0,14,100
2024-10-07,SKU0009,65,86.0,14,100
2024-10-14,SKU0009,95,116.0,14,100
2024-10-21,SKU0009,67,0.0,14,100
2024-10-28,SKU0009,58,137.0,14,100
2024-11-04,SKU0009,72,116.0,14,100
2024-11-11,SKU0009,33,0.0,14,100
2024-11-18,SKU0009,0,0.0,14,100
2024-11-25,SKU0009,63,104.0,14,100
2024-12-02,SKU0009,28,0.0,14,100
2024-12-09,SKU0009,0,0.0,14,100
2024-12-16,SKU0009,0,0.0,14,100
2024-12-23,SKU0009,50,88.0,14,100
2024-12-30,SKU0009,70,137.0,14,100
2025-01-06,SKU0009,71,136.0,14,100
2025-01-13,SKU0009,99,98.0,14,100
2025-01-20,SKU0009,62,0.0,14,100
2025-01-27,SKU0009,28,0.0,14,100
2025-02-03,SKU0009,70,124.0,14,100
2025-02-10,SKU0009,36,0.0,14,100
2025-02-17,SKU0009,65,94.0,14,100
2025-02-24,SKU0009,48,87.0,14,100
2025-03-03,SKU0009,20,0.0,14,100
2025-03-10,SKU0009,0,0.0,14,100
2025-03-17,SKU0009,28,110.0,14,100
2025-03-24,SKU0009,0,0.0,14,100
2025-03-31,SKU0009,73,108.0,14,100
2025-04-07,SKU0009,96,116.0,14,100
2025-04-14,SKU0009,67,0.0,14,100
2025-04-21,SKU0009,100,119.0,14,100
2025-04-28,SKU0009,141,100.0,14,100
2025-05-05,SKU0009,115,125.0,14,100
2025-05-12,SKU0009,82,0.0,14,100
2025-05-19,SKU0009,90,102.0,14,100
2025-05-26,SKU0009,139,107.0,14,100
2025-06-02,SKU0009,106,0.0,14,100
2025-06-09,SKU0009,57,0.0,14,100
2025-06-16,SKU0009,25,0.0,14,100
2025-06-23,SKU0009,0,0.0,14,100
2025-06-30,SKU0009,42,109.0,14,100
2025-07-07,SKU0009,71,114.0,14,100
2025-07-14,SKU0009,105,88.0,14,100
2025-07-21,SKU0009,70,0.0,14,100
2025-07-28,SKU0009,37,0.0,14,100
2025-08-04,SKU0009,10,0.0,14,100
2025-08-11,SKU0009,54,88.0,14,100
2025-08-18,SKU0009,63,85.0,14,100
2025-08-25,SKU0009,35,0.0,14,100
2025-09-01,SKU0009,0,0.0,14,100
2025-09-08,SKU0009,48,130.0,14,100
2025-09-15,SKU0009,58,111.0,14,100
2025-09-22,SKU0009,27,0.0,14,100
2025-09-29,SKU0009,0,0.0,14,100
2025-10-06,SKU0009,29,113.0,14,100
2025-10-13,SKU0009,0,0.0,14,100
2025-10-20,SKU0009,39,112.0,14,100
2025-10-27,SKU0009,7,0.0,14,100
2025-11-03,SKU0009,50,91.0,14,100
2025-11-10,SKU0009,15,0.0,14,100
2025-11-17,SKU0009,0,0.0,14,100
2025-11-24,SKU0009,51,118.0,14,100
2025-12-01,SKU0009,91,105.0,14,100
2025-12-08,SKU0009,91,106.0,14,100
2025-12-15,SKU0009,61,0.0,14,100
2025-12-22,SKU0009,28,0.0,14,100
2025-12-29,SKU0009,77,86.0,14,100
2024-01-01,SKU0010,259,0.0,21,216
2024-01-08,SKU0010,307,274.0,21,216
2024-01-15,SKU0010,232,0.0,21,216
2024-01-22,SKU0010,178,0.0,21,216
2024-01-29,SKU0010,118,0.0,21,216
2024-02-05,SKU0010,152,386.0,21,216
2024-02-12,SKU0010,84,0.0,21,216
2024-02-19,SKU0010,102,311.0,21,216
2024-02-26,SKU0010,44,0.0,21,216
2024-03-04,SKU0010,0,0.0,21,216
2024-03-11,SKU0010,90,236.0,21,216
2024-03-18,SKU0010,68,329.0,21,216
2024-03-25,SKU0010,119,287.0,21,216
2024-04-01,SKU0010,54,0.0,21,216
2024-04-08,SKU0010,0,0.0,21,216
2024-04-15,SKU0010,99,336.0,21,216
2024-04-22,SKU0010,48,0.0,21,216
2024-04-29,SKU0010,130,294.0,21,216
2024-05-06,SKU0010,137,330.0,21,216
2024-05-13,SKU0010,69,0.0,21,216
2024-05-20,SKU0010,74,253.0,21,216
2024-05-27,SKU0010,67,251.0,21,216
2024-06-03,SKU0010,14,0.0,21,216
2024-06-10,SKU0010,0,0.0,21,216
2024-06-17,SKU0010,0,0.0,21,216
2024-06-24,SKU0010,72,383.0,21,216
2024-07-01,SKU0010,4,0.0,21,216
2024-07-08,SKU0010,104,294.0,21,216
2024-07-15,SKU0010,30,0.0,21,216
2024-07-22,SKU0010,55,359.0,21,216
2024-07-29,SKU0010,74,326.0,21,216
2024-08-05,SKU0010,87,294.0,21,216
2024-08-12,SKU0010,137,265.0,21,216
2024-08-19,SKU0010,188,253.0,21,216
2024-08-26,SKU0010,188,256.0,21,216
2024-09-02,SKU0010,114,0.0,21,216
2024-09-09,SKU0010,126,379.0,21,216
2024-09-16,SKU0010,57,0.0,21,216
2024-09-23,SKU0010,0,0.0,21,216
2024-09-30,SKU0010,59,255.0,21,216
2024-10-07,SKU0010,61,,21,216
2024-10-14,SKU0010,54,366.0,21,216
2024-10-21,SKU0010,48,363.0,21,216
2024-10-28,SKU0010,112,269.0,21,216
2024-11-04,SKU0010,174,263.0,21,216
2024-11-11,SKU0010,109,0.0,21,216
2024-11-18,SKU0010,152,336.0,21,216
2024-11-25,SKU0010,80,0.0,21,216
2024-12-02,SKU0010,138,278.0,21,216
2024-12-09,SKU0010,57,0.0,21,216
2024-12-16,SKU0010,0,0.0,21,216
2024-12-23,SKU0010,0,0.0,21,216
2024-12-30,SKU0010,0,0.0,21,216
2025-01-06,SKU0010,52,355.0,21,216
2025-01-13,SKU0010,47,365.0,21,216
2025-01-20,SKU0010,71,328.0,21,216
2025-01-27,SKU0010,3,0.0,21,216
2025-02-03,SKU0010,75,314.0,21,216
2025-02-10,SKU0010,89,268.0,21,216
2025-02-17,SKU0010,158,365.0,21,216
2025-02-24,SKU0010,173,310.0,21,216
2025-03-03,SKU0010,217,314.0,21,216
2025-03-10,SKU0010,142,0.0,21,216
2025-03-17,SKU0010,66,0.0,21,216
2025-03-24,SKU0010,4,0.0,21,216
2025-03-31,SKU0010,0,0.0,21,216
2025-04-07,SKU0010,0,0.0,21,216
2025-04-14,SKU0010,97,294.0,21,216
2025-04-21,SKU0010,40,0.0,21,216
2025-04-28,SKU0010,0,0.0,21,216
2025-05-05,SKU0010,0,0.0,21,216
2025-05-12,SKU0010,0,0.0,21,216
2025-05-19,SKU0010,96,324.0,21,216
2025-05-26,SKU0010,134,353.0,21,216
2025-06-02,SKU0010,191,282.0,21,216
2025-06-09,SKU0010,209,357.0,21,216
2025-06-16,SKU0010,138,0.0,21,216
2025-06-23,SKU0010,79,0.0,21,216
2025-06-30,SKU0010,19,0.0,21,216
2025-07-07,SKU0010,132,246.0,21,216
2025-07-14,SKU0010,204,342.0,21,216
2025-07-21,SKU0010,139,0.0,21,216
2025-07-28,SKU0010,183,356.0,21,216
2025-08-04,SKU0010,118,0.0,21,216
2025-08-11,SKU0010,177,,21,216
2025-08-18,SKU0010,95,0.0,21,216
2025-08-25,SKU0010,10,0.0,21,216
2025-09-01,SKU0010,80,383.0,21,216
2025-09-08,SKU0010,111,273.0,21,216
2025-09-15,SKU0010,38,0.0,21,216
2025-09-22,SKU0010,79,330.0,21,216
2025-09-29,SKU0010,116,350.0,21,216
2025-10-06,SKU0010,151,293.0,21,216
2025-10-13,SKU0010,87,0.0,21,216
2025-10-20,SKU0010,25,0.0,21,216
2025-10-27,SKU0010,0,0.0,21,216
2025-11-03,SKU0010,0,0.0,21,216
2025-11-10,SKU0010,67,324.0,21,216
2025-11-17,SKU0010,78,272.0,21,216
2025-11-24,SKU0010,58,360.0,21,216
2025-12-01,SKU0010,0,0.0,21,216
2025-12-08,SKU0010,135,263.0,21,216
2025-12-15,SKU0010,150,365.0,21,216
2025-12-22,SKU0010,153,306.0,21,216
2025-12-29,SKU0010,218,275.0,21,216
2024-01-01,SKU0011,48,0.0,21,56
2024-01-08,SKU0011,51,58.0,21,56
2024-01-15,SKU0011,68,81.0,21,56
2024-01-22,SKU0011,56,0.0,21,56
2024-01-29,SKU0011,37,0.0,21,56
2024-02-05,SKU0011,28,0.0,21,56
2024-02-12,SKU0011,40,88.0,21,56
2024-02-19,SKU0011,51,78.0,21,56
2024-02-26,SKU0011,50,69.0,21,56
2024-03-04,SKU0011,31,0.0,21,56
2024-03-11,SKU0011,39,82.0,21,56
2024-03-18,SKU0011,16,0.0,21,56
2024-03-25,SKU0011,3,0.0,21,56
2024-04-01,SKU0011,18,76.0,21,56
2024-04-08,SKU0011,32,81.0,21,56
2024-04-15,SKU0011,17,0.0,21,56
2024-04-22,SKU0011,23,67.0,21,56
2024-04-29,SKU0011,34,71.0,21,56
2024-05-06,SKU0011,45,72.0,21,56
2024-05-13,SKU0011,36,0.0,21,56
2024-05-20,SKU0011,19,0.0,21,56
2024-05-27,SKU0011,34,70.0,21,56
2024-06-03,SKU0011,31,60.0,21,56
2024-06-10,SKU0011,48,79.0,21,56
2024-06-17,SKU0011,55,75.0,21,56
2024-06-24,SKU0011,58,78.0,21,56
2024-07-01,SKU0011,54,74.0,21,56
2024-07-08,SKU0011,54,66.0,21,56
2024-07-15,SKU0011,59,60.0,21,56
2024-07-22,SKU0011,45,0.0,21,56
2024-07-29,SKU0011,43,64.0,21,56
2024-08-05,SKU0011,24,0.0,21,56
2024-08-12,SKU0011,39,72.0,21,56
2024-08-19,SKU0011,28,0.0,21,56
2024-08-26,SKU0011,39,79.0,21,56
2024-09-02,SKU0011,24,0.0,21,56
2024-09-09,SKU0011,35,74.0,21,56
2024-09-16,SKU0011,28,60.0,21,56
2024-09-23,SKU0011,32,60.0,21,56
2024-09-30,SKU0011,24,0.0,21,56
2024-10-07,SKU0011,35,86.0,21,56
2024-10-14,SKU0011,45,79.0,21,56
2024-10-21,SKU0011,48,72.0,21,56
2024-10-28,SKU0011,36,0.0,21,56
2024-11-04,SKU0011,18,0.0,21,56
2024-11-11,SKU0011,27,66.0,21,56
2024-11-18,SKU0011,46,61.0,21,56
2024-11-25,SKU0011,31,0.0,21,56
2024-12-02,SKU0011,51,87.0,21,56
2024-12-09,SKU0011,52,77.0,21,56
2024-12-16,SKU0011,62,58.0,21,56
2024-12-23,SKU0011,45,0.0,21,56
2024-12-30,SKU0011,55,74.0,21,56
2025-01-06,SKU0011,42,0.0,21,56
2025-01-13,SKU0011,41,92.0,21,56
2025-01-20,SKU0011,31,0.0,21,56
2025-01-27,SKU0011,13,0.0,21,56
2025-02-03,SKU0011,23,76.0,21,56
2025-02-10,SKU0011,13,0.0,21,56
2025-02-17,SKU0011,0,0.0,21,56
2025-02-24,SKU0011,14,68.0,21,56
2025-03-03,SKU0011,28,83.0,21,56
2025-03-10,SKU0011,17,0.0,21,56
2025-03-17,SKU0011,0,0.0,21,56
2025-03-24,SKU0011,0,0.0,21,56
2025-03-31,SKU0011,15,61.0,21,56
2025-04-07,SKU0011,1,0.0,21,56
2025-04-14,SKU0011,0,0.0,21,56
2025-04-21,SKU0011,23,80.0,21,56
2025-04-28,SKU0011,21,62.0,21,56
2025-05-05,SKU0011,33,86.0,21,56
2025-05-12,SKU0011,43,66.0,21,56
2025-05-19,SKU0011,21,0.0,21,56
2025-05-26,SKU0011,24,64.0,21,56
2025-06-02,SKU0011,27,76.0,21,56
2025-06-09,SKU0011,38,86.0,21,56
2025-06-16,SKU0011,42,93.0,21,56
2025-06-23,SKU0011,39,85.0,21,56
2025-06-30,SKU0011,33,83.0,21,56
2025-07-07,SKU0011,21,0.0,21,56
2025-07-14,SKU0011,19,74.0,21,56
2025-07-21,SKU0011,21,90.0,21,56
2025-07-28,SKU0011,32,75.0,21,56
2025-08-04,SKU0011,37,87.0,21,56
2025-08-11,SKU0011,40,86.0,21,56
2025-08-18,SKU0011,42,60.0,21,56
2025-08-25,SKU0011,60,89.0,21,56
2025-09-01,SKU0011,68,59.0,21,56
2025-09-08,SKU0011,85,73.0,21,56
2025-09-15,SKU0011,67,0.0,21,56
2025-09-22,SKU0011,46,0.0,21,56
2025-09-29,SKU0011,50,84.0,21,56
2025-10-06,SKU0011,37,0.0,21,56
2025-10-13,SKU0011,48,73.0,21,56
2025-10-20,SKU0011,53,79.0,21,56
2025-10-27,SKU0011,37,0.0,21,56
2025-11-03,SKU0011,46,65.0,21,56
2025-11-10,SKU0011,60,91.0,21,56
2025-11-17,SKU0011,49,0.0,21,56
2025-11-24,SKU0011,53,60.0,21,56
2025-12-01,SKU0011,51,75.0,21,56
2025-12-08,SKU0011,69,60.0,21,56
2025-12-15,SKU0011,60,0.0,21,56
2025-12-22,SKU0011,44,0.0,21,56
2025-12-29,SKU0011,56,65.0,21,56
2024-01-01,SKU0012,142,0.0,14,256
2024-01-08,SKU0012,41,0.0,14,256
2024-01-15,SKU0012,191,402.0,14,256
2024-01-22,SKU0012,324,278.0,14,256
2024-01-29,SKU0012,209,0.0,14,256
2024-02-05,SKU0012,95,0.0,14,256
2024-02-12,SKU0012,232,369.0,14,256
2024-02-19,SKU0012,196,369.0,14,256
2024-02-26,SKU0012,90,0.0,14,256
2024-03-04,SKU0012,83,314.0,14,256
2024-03-11,SKU0012,0,0.0,14,256
2024-03-18,SKU0012,197,303.0,14,256
2024-03-25,SKU0012,316,414.0,14,256
2024-04-01,SKU0012,192,0.0,14,256
2024-04-08,SKU0012,264,358.0,14,256
2024-04-15,SKU0012,140,0.0,14,256
2024-04-22,SKU0012,31,0.0,14,256
2024-04-29,SKU0012,126,302.0,14,256
2024-05-06,SKU0012,258,354.0,14,256
2024-05-13,SKU0012,359,336.0,14,256
2024-05-20,SKU0012,433,440.0,14,256
2024-05-27,SKU0012,303,0.0,14,256
2024-06-03,SKU0012,283,374.0,14,256
2024-06-10,SKU0012,417,388.0,14,256
2024-06-17,SKU0012,315,0.0,14,256
2024-06-24,SKU0012,200,0.0,14,256
2024-07-01,SKU0012,255,356.0,14,256
2024-07-08,SKU0012,153,0.0,14,256
2024-07-15,SKU0012,23,0.0,14,256
2024-07-22,SKU0012,130,302.0,14,256
2024-07-29,SKU0012,127,279.0,14,256
2024-08-05,SKU0012,11,0.0,14,256
2024-08-12,SKU0012,0,0.0,14,256
2024-08-19,SKU0012,83,404.0,14,256
2024-08-26,SKU0012,0,0.0,14,256
2024-09-02,SKU0012,0,0.0,14,256
2024-09-09,SKU0012,118,410.0,14,256
2024-09-16,SKU0012,7,0.0,14,256
2024-09-23,SKU0012,0,0.0,14,256
2024-09-30,SKU0012,0,0.0,14,256
2024-10-07,SKU0012,172,303.0,14,256
2024-10-14,SKU0012,170,288.0,14,256
2024-10-21,SKU0012,208,354.0,14,256
2024-10-28,SKU0012,167,279.0,14,256
2024-11-04,SKU0012,192,330.0,14,256
2024-11-11,SKU0012,93,0.0,14,256
2024-11-18,SKU0012,236,418.0,14,256
2024-11-25,SKU0012,339,438.0,14,256
2024-12-02,SKU0012,225,0.0,14,256
2024-12-09,SKU0012,111,0.0,14,256
2024-12-16,SKU0012,209,310.0,14,256
2024-12-23,SKU0012,102,0.0,14,256
2024-12-30,SKU0012,5,0.0,14,256
2025-01-06,SKU0012,100,337.0,14,256
2025-01-13,SKU0012,93,435.0,14,256
2025-01-20,SKU0012,0,0.0,14,256
2025-01-27,SKU0012,196,333.0,14,256
2025-02-03,SKU0012,262,351.0,14,256
2025-02-10,SKU0012,385,276.0,14,256
2025-02-17,SKU0012,295,0.0,14,256
2025-02-24,SKU0012,337,427.0,14,256
2025-03-03,SKU0012,321,366.0,14,256
2025-03-10,SKU0012,205,0.0,14,256
2025-03-17,SKU0012,91,0.0,14,256
2025-03-24,SKU0012,136,282.0,14,256
2025-03-31,SKU0012,26,0.0,14,256
2025-04-07,SKU0012,195,442.0,14,256
2025-04-14,SKU0012,236,293.0,14,256
2025-04-21,SKU0012,114,0.0,14,256
2025-04-28,SKU0012,137,318.0,14,256
2025-05-05,SKU0012,34,0.0,14,256
2025-05-12,SKU0012,198,305.0,14,256
2025-05-19,SKU0012,195,443.0,14,256
2025-05-26,SKU0012,290,390.0,14,256
2025-06-02,SKU0012,406,363.0,14,256
2025-06-09,SKU0012,279,0.0,14,256
2025-06-16,SKU0012,374,387.0,14,256
2025-06-23,SKU0012,276,0.0,14,256
2025-06-30,SKU0012,325,285.0,14,256
2025-07-07,SKU0012,235,0.0,14,256
2025-07-14,SKU0012,268,322.0,14,256
2025-07-21,SKU0012,156,0.0,14,256
2025-07-28,SKU0012,46,0.0,14,256
2025-08-04,SKU0012,205,348.0,14,256
2025-08-11,SKU0012,106,0.0,14,256
2025-08-18,SKU0012,186,279.0,14,256
2025-08-25,SKU0012,315,312.0,14,256
2025-09-01,SKU0012,336,274.0,14,256
2025-09-08,SKU0012,341,313.0,14,256
2025-09-15,SKU0012,464,372.0,14,256
2025-09-22,SKU0012,353,0.0,14,256
2025-09-29,SKU0012,241,0.0,14,256
2025-10-06,SKU0012,118,0.0,14,256
2025-10-13,SKU0012,199,279.0,14,256
2025-10-20,SKU0012,76,0.0,14,256
2025-10-27,SKU0012,0,0.0,14,256
2025-11-03,SKU0012,0,,14,256
2025-11-10,SKU0012,212,438.0,14,256
2025-11-17,SKU0012,87,0.0,14,256
2025-11-24,SKU0012,0,0.0,14,256
2025-12-01,SKU0012,0,0.0,14,256
2025-12-08,SKU0012,232,447.0,14,256
2025-12-15,SKU0012,114,0.0,14,256
2025-12-22,SKU0012,197,398.0,14,256
2025-12-29,SKU0012,100,0.0,14,256
2024-01-01,SKU0013,155,0.0,14,147
2024-01-08,SKU0013,153,173.0,14,147
2024-01-15,SKU0013,194,168.0,14,147
2024-01-22,SKU0013,237,130.0,14,147
2024-01-29,SKU0013,183,0.0,14,147
2024-02-05,SKU0013,133,0.0,14,147
2024-02-12,SKU0013,82,0.0,14,147
2024-02-19,SKU0013,33,0.0,14,147
2024-02-26,SKU0013,85,153.0,14,147
2024-03-04,SKU0013,37,0.0,14,147
2024-03-11,SKU0013,94,153.0,14,147
2024-03-18,SKU0013,46,0.0,14,147
2024-03-25,SKU0013,53,205.0,14,147
2024-04-01,SKU0013,4,0.0,14,147
2024-04-08,SKU0013,67,163.0,14,147
2024-04-15,SKU0013,24,0.0,14,147
2024-04-22,SKU0013,87,193.0,14,147
2024-04-29,SKU0013,141,192.0,14,147
2024-05-06,SKU0013,178,126.0,14,147
2024-05-13,SKU0013,207,192.0,14,147
2024-05-20,SKU0013,155,0.0,14,147
2024-05-27,SKU0013,99,0.0,14,147
2024-06-03,SKU0013,97,126.0,14,147
2024-06-10,SKU0013,49,0.0,14,147
2024-06-17,SKU0013,1,0.0,14,147
2024-06-24,SKU0013,59,164.0,14,147
2024-07-01,SKU0013,66,201.0,14,147
2024-07-08,SKU0013,100,200.0,14,147
2024-07-15,SKU0013,172,174.0,14,147
2024-07-22,SKU0013,131,0.0,14,147
2024-07-29,SKU0013,86,0.0,14,147
2024-08-05,SKU0013,40,0.0,14,147
2024-08-12,SKU0013,0,0.0,14,147
2024-08-19,SKU0013,102,145.0,14,147
2024-08-26,SKU0013,82,143.0,14,147
2024-09-02,SKU0013,26,0.0,14,147
2024-09-09,SKU0013,82,189.0,14,147
2024-09-16,SKU0013,134,179.0,14,147
2024-09-23,SKU0013,89,0.0,14,147
2024-09-30,SKU0013,93,146.0,14,147
2024-10-07,SKU0013,118,130.0,14,147
2024-10-14,SKU0013,139,132.0,14,147
2024-10-21,SKU0013,86,0.0,14,147
2024-10-28,SKU0013,98,195.0,14,147
2024-11-04,SKU0013,80,154.0,14,147
2024-11-11,SKU0013,96,150.0,14,147
2024-11-18,SKU0013,49,0.0,14,147
2024-11-25,SKU0013,89,175.0,14,147
2024-12-02,SKU0013,127,192.0,14,147
2024-12-09,SKU0013,165,187.0,14,147
2024-12-16,SKU0013,169,202.0,14,147
2024-12-23,SKU0013,118,0.0,14,147
2024-12-30,SKU0013,159,177.0,14,147
2025-01-06,SKU0013,104,0.0,14,147
2025-01-13,SKU0013,160,126.0,14,147
2025-01-20,SKU0013,155,154.0,14,147
2025-01-27,SKU0013,205,147.0,14,147
2025-02-03,SKU0013,163,0.0,14,147
2025-02-10,SKU0013,181,148.0,14,147
2025-02-17,SKU0013,128,0.0,14,147
2025-02-24,SKU0013,166,178.0,14,147
2025-03-03,SKU0013,168,133.0,14,147
2025-03-10,SKU0013,224,167.0,14,147
2025-03-17,SKU0013,175,0.0,14,147
2025-03-24,SKU0013,208,124.0,14,147
2025-03-31,SKU0013,167,0.0,14,147
2025-04-07,SKU0013,178,172.0,14,147
2025-04-14,SKU0013,222,139.0,14,147
2025-04-21,SKU0013,170,0.0,14,147
2025-04-28,SKU0013,183,149.0,14,147
2025-05-05,SKU0013,174,147.0,14,147
2025-05-12,SKU0013,200,160.0,14,147
2025-05-19,SKU0013,151,0.0,14,147
2025-05-26,SKU0013,88,0.0,14,147
2025-06-02,SKU0013,103,128.0,14,147
2025-06-09,SKU0013,142,169.0,14,147
2025-06-16,SKU0013,76,0.0,14,147
2025-06-23,SKU0013,110,164.0,14,147
2025-06-30,SKU0013,60,0.0,14,147
2025-07-07,SKU0013,1,0.0,14,147
2025-07-14,SKU0013,0,0.0,14,147
2025-07-21,SKU0013,70,184.0,14,147
2025-07-28,SKU0013,22,0.0,14,147
2025-08-04,SKU0013,0,0.0,14,147
2025-08-11,SKU0013,66,179.0,14,147
2025-08-18,SKU0013,62,171.0,14,147
2025-08-25,SKU0013,8,0.0,14,147
2025-09-01,SKU0013,0,0.0,14,147
2025-09-08,SKU0013,80,199.0,14,147
2025-09-15,SKU0013,28,0.0,14,147
2025-09-22,SKU0013,0,0.0,14,147
2025-09-29,SKU0013,0,0.0,14,147
2025-10-06,SKU0013,0,0.0,14,147
2025-10-13,SKU0013,0,0.0,14,147
2025-10-20,SKU0013,51,127.0,14,147
2025-10-27,SKU0013,0,0.0,14,147
2025-11-03,SKU0013,107,177.0,14,147
2025-11-10,SKU0013,133,147.0,14,147
2025-11-17,SKU0013,86,0.0,14,147
2025-11-24,SKU0013,33,0.0,14,147
2025-12-01,SKU0013,62,205.0,14,147
2025-12-08,SKU0013,61,160.0,14,147
2025-12-15,SKU0013,73,173.0,14,147
2025-12-22,SKU0013,23,0.0,14,147
2025-12-29,SKU0013,94,144.0,14,147
2024-01-01,SKU0014,609,0.0,10,189
2024-01-08,SKU0014,523,0.0,10,189
2024-01-15,SKU0014,431,0.0,10,189
2024-01-22,SKU0014,324,0.0,10,189
2024-01-29,SKU0014,236,0.0,10,189
2024-02-05,SKU0014,198,174.0,10,189
2024-02-12,SKU0014,188,258.0,10,189
2024-02-19,SKU0014,109,0.0,10,189
2024-02-26,SKU0014,21,0.0,10,189
2024-03-04,SKU0014,112,228.0,10,189
2024-03-11,SKU0014,208,183.0,10,189
2024-03-18,SKU0014,100,0.0,10,189
2024-03-25,SKU0014,119,228.0,10,189
2024-04-01,SKU0014,217,173.0,10,189
2024-04-08,SKU0014,108,0.0,10,189
2024-04-15,SKU0014,200,211.0,10,189
2024-04-22,SKU0014,109,0.0,10,189
2024-04-29,SKU0014,189,269.0,10,189
2024-05-06,SKU0014,239,171.0,10,189
2024-05-13,SKU0014,267,196.0,10,189
2024-05-20,SKU0014,165,0.0,10,189
2024-05-27,SKU0014,58,0.0,10,189
2024-06-03,SKU0014,147,275.0,10,189
2024-06-10,SKU0014,32,0.0,10,189
2024-06-17,SKU0014,0,0.0,10,189
2024-06-24,SKU0014,196,212.0,10,189
2024-07-01,SKU0014,107,0.0,10,189
2024-07-08,SKU0014,99,273.0,10,189
2024-07-15,SKU0014,121,218.0,10,189
2024-07-22,SKU0014,158,215.0,10,189
2024-07-29,SKU0014,39,0.0,10,189
2024-08-05,SKU0014,154,227.0,10,189
2024-08-12,SKU0014,59,0.0,10,189
2024-08-19,SKU0014,98,272.0,10,189
2024-08-26,SKU0014,3,0.0,10,189
2024-09-02,SKU0014,176,278.0,10,189
2024-09-09,SKU0014,63,0.0,10,189
2024-09-16,SKU0014,0,0.0,10,189
2024-09-23,SKU0014,97,202.0,10,189
2024-09-30,SKU0014,166,201.0,10,189
2024-10-07,SKU0014,262,208.0,10,189
2024-10-14,SKU0014,169,0.0,10,189
2024-10-21,SKU0014,261,242.0,10,189
2024-10-28,SKU0014,277,278.0,10,189
2024-11-04,SKU0014,170,0.0,10,189
2024-11-11,SKU0014,154,,10,189
2024-11-18,SKU0014,47,0.0,10,189
2024-11-25,SKU0014,99,245.0,10,189
2024-12-02,SKU0014,144,172.0,10,189
2024-12-09,SKU0014,39,0.0,10,189
2024-12-16,SKU0014,99,201.0,10,189
2024-12-23,SKU0014,9,0.0,10,189
2024-12-30,SKU0014,0,0.0,10,189
2025-01-06,SKU0014,113,247.0,10,189
2025-01-13,SKU0014,20,0.0,10,189
2025-01-20,SKU0014,0,0.0,10,189
2025-01-27,SKU0014,105,255.0,10,189
2025-02-03,SKU0014,9,0.0,10,189
2025-02-10,SKU0014,0,0.0,10,189
2025-02-17,SKU0014,0,0.0,10,189
2025-02-24,SKU0014,113,267.0,10,189
2025-03-03,SKU0014,29,0.0,10,189
2025-03-10,SKU0014,77,204.0,10,189
2025-03-17,SKU0014,189,197.0,10,189
2025-03-24,SKU0014,208,211.0,10,189
2025-03-31,SKU0014,211,252.0,10,189
2025-04-07,SKU0014,276,185.0,10,189
2025-04-14,SKU0014,182,0.0,10,189
2025-04-21,SKU0014,149,246.0,10,189
2025-04-28,SKU0014,139,266.0,10,189
2025-05-05,SKU0014,40,0.0,10,189
2025-05-12,SKU0014,134,193.0,10,189
2025-05-19,SKU0014,126,,10,189
2025-05-26,SKU0014,234,277.0,10,189
2025-06-02,SKU0014,221,198.0,10,189
2025-06-09,SKU0014,278,258.0,10,189
2025-06-16,SKU0014,268,174.0,10,189
2025-06-23,SKU0014,265,269.0,10,189
2025-06-30,SKU0014,251,203.0,10,189
2025-07-07,SKU0014,153,0.0,10,189
2025-07-14,SKU0014,242,213.0,10,189
2025-07-21,SKU0014,235,264.0,10,189
2025-07-28,SKU0014,145,0.0,10,189
2025-08-04,SKU0014,59,0.0,10,189
2025-08-11,SKU0014,100,220.0,10,189
2025-08-18,SKU0014,139,208.0,10,189
2025-08-25,SKU0014,191,239.0,10,189
2025-09-01,SKU0014,236,261.0,10,189
2025-09-08,SKU0014,142,0.0,10,189
2025-09-15,SKU0014,130,272.0,10,189
2025-09-22,SKU0014,236,197.0,10,189
2025-09-29,SKU0014,263,228.0,10,189
2025-10-06,SKU0014,155,0.0,10,189
2025-10-13,SKU0014,160,184.0,10,189
2025-10-20,SKU0014,228,240.0,10,189
2025-10-27,SKU0014,317,197.0,10,189
2025-11-03,SKU0014,218,0.0,10,189
2025-11-10,SKU0014,251,177.0,10,189
2025-11-17,SKU0014,166,,10,189
2025-11-24,SKU0014,231,232.0,10,189
2025-12-01,SKU0014,318,270.0,10,189
2025-12-08,SKU0014,233,0.0,10,189
2025-12-15,SKU0014,235,226.0,10,189
2025-12-22,SKU0014,266,201.0,10,189
2025-12-29,SKU0014,173,0.0,10,189
2024-01-01,SKU0015,615,0.0,14,419
2024-01-08,SKU0015,467,0.0,14,419
2024-01-15,SKU0015,526,380.0,14,419
2024-01-22,SKU0015,663,582.0,14,419
2024-01-29,SKU0015,526,0.0,14,419
2024-02-05,SKU0015,510,418.0,14,419
2024-02-12,SKU0015,515,418.0,14,419
2024-02-19,SKU0015,385,0.0,14,419
2024-02-26,SKU0015,235,0.0,14,419
2024-03-04,SKU0015,85,0.0,14,419
2024-03-11,SKU0015,0,0.0,14,419
2024-03-18,SKU0015,0,0.0,14,419
2024-03-25,SKU0015,0,0.0,14,419
2024-04-01,SKU0015,271,485.0,14,419
2024-04-08,SKU0015,358,517.0,14,419
2024-04-15,SKU0015,228,0.0,14,419
2024-04-22,SKU0015,233,391.0,14,419
2024-04-29,SKU0015,210,,14,419
2024-05-06,SKU0015,57,0.0,14,419
2024-05-13,SKU0015,145,531.0,14,419
2024-05-20,SKU0015,0,0.0,14,419
2024-05-27,SKU0015,0,0.0,14,419
2024-06-03,SKU0015,0,0.0,14,419
2024-06-10,SKU0015,310,417.0,14,419
2024-06-17,SKU0015,380,563.0,14,419
2024-06-24,SKU0015,218,0.0,14,419
2024-07-01,SKU0015,63,0.0,14,419
2024-07-08,SKU0015,176,564.0,14,419
2024-07-15,SKU0015,29,0.0,14,419
2024-07-22,SKU0015,114,550.0,14,419
2024-07-29,SKU0015,201,541.0,14,419
2024-08-05,SKU0015,264,540.0,14,419
2024-08-12,SKU0015,112,0.0,14,419
2024-08-19,SKU0015,250,485.0,14,419
2024-08-26,SKU0015,93,0.0,14,419
2024-09-02,SKU0015,0,,14,419
2024-09-09,SKU0015,276,378.0,14,419
2024-09-16,SKU0015,332,452.0,14,419
2024-09-23,SKU0015,186,0.0,14,419
2024-09-30,SKU0015,44,0.0,14,419
2024-10-07,SKU0015,291,460.0,14,419
2024-10-14,SKU0015,141,0.0,14,419
2024-10-21,SKU0015,177,352.0,14,419
2024-10-28,SKU0015,189,468.0,14,419
2024-11-04,SKU0015,251,519.0,14,419
2024-11-11,SKU0015,337,441.0,14,419
2024-11-18,SKU0015,361,376.0,14,419
2024-11-25,SKU0015,354,399.0,14,419
2024-12-02,SKU0015,491,411.0,14,419
2024-12-09,SKU0015,459,552.0,14,419
2024-12-16,SKU0015,464,402.0,14,419
2024-12-23,SKU0015,305,0.0,14,419
2024-12-30,SKU0015,465,474.0,14,419
2025-01-06,SKU0015,596,459.0,14,419
2025-01-13,SKU0015,449,0.0,14,419
2025-01-20,SKU0015,614,422.0,14,419
2025-01-27,SKU0015,470,0.0,14,419
2025-02-03,SKU0015,624,469.0,14,419
2025-02-10,SKU0015,478,0.0,14,419
2025-02-17,SKU0015,363,0.0,14,419
2025-02-24,SKU0015,546,483.0,14,419
2025-03-03,SKU0015,503,374.0,14,419
2025-03-10,SKU0015,582,509.0,14,419
2025-03-17,SKU0015,426,0.0,14,419
2025-03-24,SKU0015,565,454.0,14,419
2025-03-31,SKU0015,698,518.0,14,419
2025-04-07,SKU0015,557,0.0,14,419
2025-04-14,SKU0015,417,0.0,14,419
2025-04-21,SKU0015,400,572.0,14,419
2025-04-28,SKU0015,437,,14,419
2025-05-05,SKU0015,431,395.0,14,419
2025-05-12,SKU0015,267,0.0,14,419
2025-05-19,SKU0015,292,410.0,14,419
2025-05-26,SKU0015,325,533.0,14,419
2025-06-02,SKU0015,188,0.0,14,419
2025-06-09,SKU0015,222,466.0,14,419
2025-06-16,SKU0015,279,357.0,14,419
2025-06-23,SKU0015,390,453.0,14,419
2025-06-30,SKU0015,271,0.0,14,419
2025-07-07,SKU0015,360,529.0,14,419
2025-07-14,SKU0015,215,0.0,14,419
2025-07-21,SKU0015,233,353.0,14,419
2025-07-28,SKU0015,333,575.0,14,419
2025-08-04,SKU0015,369,384.0,14,419
2025-08-11,SKU0015,453,415.0,14,419
2025-08-18,SKU0015,310,0.0,14,419
2025-08-25,SKU0015,174,0.0,14,419
2025-09-01,SKU0015,228,437.0,14,419
2025-09-08,SKU0015,59,0.0,14,419
2025-09-15,SKU0015,0,0.0,14,419
2025-09-22,SKU0015,0,0.0,14,419
2025-09-29,SKU0015,298,545.0,14,419
2025-10-06,SKU0015,150,0.0,14,419
2025-10-13,SKU0015,278,574.0,14,419
2025-10-20,SKU0015,425,555.0,14,419
2025-10-27,SKU0015,301,0.0,14,419
2025-11-03,SKU0015,154,0.0,14,419
2025-11-10,SKU0015,212,537.0,14,419
2025-11-17,SKU0015,212,542.0,14,419
2025-11-24,SKU0015,63,0.0,14,419
2025-12-01,SKU0015,0,0.0,14,419
2025-12-08,SKU0015,137,420.0,14,419
2025-12-15,SKU0015,282,547.0,14,419
2025-12-22,SKU0015,384,456.0,14,419
2025-12-29,SKU0015,244,0.0,14,419
2024-01-01,SKU0016,436,0.0,7,194
2024-01-08,SKU0016,291,0.0,7,194
2024-01-15,SKU0016,360,215.0,7,194
2024-01-22,SKU0016,233,0.0,7,194
2024-01-29,SKU0016,265,211.0,7,194
2024-02-05,SKU0016,378,184.0,7,194
2024-02-12,SKU0016,243,0.0,7,194
2024-02-19,SKU0016,403,247.0,7,194
2024-02-26,SKU0016,268,0.0,7,194
2024-03-04,SKU0016,342,232.0,7,194
2024-03-11,SKU0016,393,193.0,7,194
2024-03-18,SKU0016,273,0.0,7,194
2024-03-25,SKU0016,341,249.0,7,194
2024-04-01,SKU0016,209,0.0,7,194
2024-04-08,SKU0016,37,0.0,7,194
2024-04-15,SKU0016,0,0.0,7,194
2024-04-22,SKU0016,0,0.0,7,194
2024-04-29,SKU0016,237,222.0,7,194
2024-05-06,SKU0016,191,278.0,7,194
2024-05-13,SKU0016,327,184.0,7,194
2024-05-20,SKU0016,208,0.0,7,194
2024-05-27,SKU0016,212,240.0,7,194
2024-06-03,SKU0016,243,193.0,7,194
2024-06-10,SKU0016,110,0.0,7,194
2024-06-17,SKU0016,0,0.0,7,194
2024-06-24,SKU0016,114,187.0,7,194
2024-07-01,SKU0016,195,208.0,7,194
2024-07-08,SKU0016,356,193.0,7,194
2024-07-15,SKU0016,235,0.0,7,194
2024-07-22,SKU0016,219,209.0,7,194
2024-07-29,SKU0016,79,0.0,7,194
2024-08-05,SKU0016,183,220.0,7,194
2024-08-12,SKU0016,314,211.0,7,194
2024-08-19,SKU0016,168,0.0,7,194
2024-08-26,SKU0016,334,229.0,7,194
2024-09-02,SKU0016,197,0.0,7,194
2024-09-09,SKU0016,54,0.0,7,194
2024-09-16,SKU0016,0,0.0,7,194
2024-09-23,SKU0016,198,211.0,7,194
2024-09-30,SKU0016,199,199.0,7,194
2024-10-07,SKU0016,41,0.0,7,194
2024-10-14,SKU0016,0,0.0,7,194
2024-10-21,SKU0016,282,199.0,7,194
2024-10-28,SKU0016,315,215.0,7,194
2024-11-04,SKU0016,436,195.0,7,194
2024-11-11,SKU0016,290,0.0,7,194
2024-11-18,SKU0016,153,0.0,7,194
2024-11-25,SKU0016,283,178.0,7,194
2024-12-02,SKU0016,378,272.0,7,194
2024-12-09,SKU0016,258,0.0,7,194
2024-12-16,SKU0016,113,0.0,7,194
2024-12-23,SKU0016,146,266.0,7,194
2024-12-30,SKU0016,12,0.0,7,194
2025-01-06,SKU0016,242,223.0,7,194
2025-01-13,SKU0016,253,177.0,7,194
2025-01-20,SKU0016,106,0.0,7,194
2025-01-27,SKU0016,217,181.0,7,194
2025-02-03,SKU0016,184,168.0,7,194
2025-02-10,SKU0016,70,0.0,7,194
2025-02-17,SKU0016,168,225.0,7,194
2025-02-24,SKU0016,17,0.0,7,194
2025-03-03,SKU0016,0,0.0,7,194
2025-03-10,SKU0016,129,262.0,7,194
2025-03-17,SKU0016,207,257.0,7,194
2025-03-24,SKU0016,187,254.0,7,194
2025-03-31,SKU0016,69,0.0,7,194
2025-04-07,SKU0016,0,0.0,7,194
2025-04-14,SKU0016,139,262.0,7,194
2025-04-21,SKU0016,143,177.0,7,194
2025-04-28,SKU0016,2,0.0,7,194
2025-05-05,SKU0016,170,215.0,7,194
2025-05-12,SKU0016,144,250.0,7,194
2025-05-19,SKU0016,276,216.0,7,194
2025-05-26,SKU0016,136,0.0,7,194
2025-06-02,SKU0016,0,0.0,7,194
2025-06-09,SKU0016,0,0.0,7,194
2025-06-16,SKU0016,0,0.0,7,194
2025-06-23,SKU0016,104,224.0,7,194
2025-06-30,SKU0016,0,0.0,7,194
2025-07-07,SKU0016,0,0.0,7,194
2025-07-14,SKU0016,0,0.0,7,194
2025-07-21,SKU0016,288,200.0,7,194
2025-07-28,SKU0016,146,0.0,7,194
2025-08-04,SKU0016,11,0.0,7,194
2025-08-11,SKU0016,212,271.0,7,194
2025-08-18,SKU0016,320,191.0,7,194
2025-08-25,SKU0016,189,0.0,7,194
2025-09-01,SKU0016,73,0.0,7,194
2025-09-08,SKU0016,0,0.0,7,194
2025-09-15,SKU0016,211,230.0,7,194
2025-09-22,SKU0016,330,201.0,7,194
2025-09-29,SKU0016,196,0.0,7,194
2025-10-06,SKU0016,49,0.0,7,194
2025-10-13,SKU0016,239,265.0,7,194
2025-10-20,SKU0016,103,0.0,7,194
2025-10-27,SKU0016,113,205.0,7,194
2025-11-03,SKU0016,0,0.0,7,194
2025-11-10,SKU0016,235,224.0,7,194
2025-11-17,SKU0016,318,271.0,7,194
2025-11-24,SKU0016,173,0.0,7,194
2025-12-01,SKU0016,28,0.0,7,194
2025-12-08,SKU0016,170,189.0,7,194
2025-12-15,SKU0016,209,264.0,7,194
2025-12-22,SKU0016,73,0.0,7,194
2025-12-29,SKU0016,272,264.0,7,194
2024-01-01,SKU0017,42,0.0,10,26
2024-01-08,SKU0017,27,0.0,10,26
2024-01-15,SKU0017,5,0.0,10,26
2024-01-22,SKU0017,16,47.0,10,26
2024-01-29,SKU0017,2,0.0,10,26
2024-02-05,SKU0017,24,42.0,10,26
2024-02-12,SKU0017,5,0.0,10,26
2024-02-19,SKU0017,0,0.0,10,26
2024-02-26,SKU0017,22,41.0,10,26
2024-03-04,SKU0017,11,0.0,10,26
2024-03-11,SKU0017,0,0.0,10,26
2024-03-18,SKU0017,0,0.0,10,26
2024-03-25,SKU0017,12,47.0,10,26
2024-04-01,SKU0017,0,0.0,10,26
2024-04-08,SKU0017,0,0.0,10,26
2024-04-15,SKU0017,0,0.0,10,26
2024-04-22,SKU0017,25,34.0,10,26
2024-04-29,SKU0017,34,32.0,10,26
2024-05-06,SKU0017,53,45.0,10,26
2024-05-13,SKU0017,41,0.0,10,26
2024-05-20,SKU0017,23,0.0,10,26
2024-05-27,SKU0017,30,43.0,10,26
2024-06-03,SKU0017,28,30.0,10,26
2024-06-10,SKU0017,16,0.0,10,26
2024-06-17,SKU0017,17,46.0,10,26
2024-06-24,SKU0017,0,0.0,10,26
2024-07-01,SKU0017,14,38.0,10,26
2024-07-08,SKU0017,0,0.0,10,26
2024-07-15,SKU0017,0,0.0,10,26
2024-07-22,SKU0017,0,0.0,10,26
2024-07-29,SKU0017,28,46.0,10,26
2024-08-05,SKU0017,12,0.0,10,26
2024-08-12,SKU0017,18,32.0,10,26
2024-08-19,SKU0017,33,34.0,10,26
2024-08-26,SKU0017,48,42.0,10,26
2024-09-02,SKU0017,34,0.0,10,26
2024-09-09,SKU0017,17,0.0,10,26
2024-09-16,SKU0017,13,45.0,10,26
2024-09-23,SKU0017,0,0.0,10,26
2024-09-30,SKU0017,0,0.0,10,26
2024-10-07,SKU0017,25,33.0,10,26
2024-10-14,SKU0017,8,0.0,10,26
2024-10-21,SKU0017,0,0.0,10,26
2024-10-28,SKU0017,0,0.0,10,26
2024-11-04,SKU0017,0,0.0,10,26
2024-11-11,SKU0017,0,0.0,10,26
2024-11-18,SKU0017,23,43.0,10,26
2024-11-25,SKU0017,30,29.0,10,26
2024-12-02,SKU0017,55,43.0,10,26
2024-12-09,SKU0017,38,,10,26
2024-12-16,SKU0017,15,0.0,10,26
2024-12-23,SKU0017,26,31.0,10,26
2024-12-30,SKU0017,32,45.0,10,26
2025-01-06,SKU0017,20,0.0,10,26
2025-01-13,SKU0017,4,0.0,10,26
2025-01-20,SKU0017,0,0.0,10,26
2025-01-27,SKU0017,0,0.0,10,26
2025-02-03,SKU0017,0,0.0,10,26
2025-02-10,SKU0017,31,29.0,10,26
2025-02-17,SKU0017,17,0.0,10,26
2025-02-24,SKU0017,0,0.0,10,26
2025-03-03,SKU0017,0,0.0,10,26
2025-03-10,SKU0017,23,43.0,10,26
2025-03-17,SKU0017,4,0.0,10,26
2025-03-24,SKU0017,20,45.0,10,26
2025-03-31,SKU0017,5,0.0,10,26
2025-04-07,SKU0017,30,37.0,10,26
2025-04-14,SKU0017,36,32.0,10,26
2025-04-21,SKU0017,43,40.0,10,26
2025-04-28,SKU0017,44,37.0,10,26
2025-05-05,SKU0017,24,0.0,10,26
2025-05-12,SKU0017,22,,10,26
2025-05-19,SKU0017,32,30.0,10,26
2025-05-26,SKU0017,38,33.0,10,26
2025-06-02,SKU0017,17,0.0,10,26
2025-06-09,SKU0017,4,0.0,10,26
2025-06-16,SKU0017,15,38.0,10,26
2025-06-23,SKU0017,33,30.0,10,26
2025-06-30,SKU0017,41,30.0,10,26
2025-07-07,SKU0017,25,0.0,10,26
2025-07-14,SKU0017,13,,10,26
2025-07-21,SKU0017,0,0.0,10,26
2025-07-28,SKU0017,0,0.0,10,26
2025-08-04,SKU0017,21,42.0,10,26
2025-08-11,SKU0017,4,0.0,10,26
2025-08-18,SKU0017,27,44.0,10,26
2025-08-25,SKU0017,32,46.0,10,26
2025-09-01,SKU0017,48,48.0,10,26
2025-09-08,SKU0017,58,39.0,10,26
2025-09-15,SKU0017,46,0.0,10,26
2025-09-22,SKU0017,29,0.0,10,26
2025-09-29,SKU0017,34,42.0,10,26
2025-10-06,SKU0017,31,36.0,10,26
2025-10-13,SKU0017,17,0.0,10,26
2025-10-20,SKU0017,23,44.0,10,26
2025-10-27,SKU0017,28,34.0,10,26
2025-11-03,SKU0017,28,30.0,10,26
2025-11-10,SKU0017,29,45.0,10,26
2025-11-17,SKU0017,37,33.0,10,26
2025-11-24,SKU0017,26,0.0,10,26
2025-12-01,SKU0017,7,0.0,10,26
2025-12-08,SKU0017,15,44.0,10,26
2025-12-15,SKU0017,35,35.0,10,26
2025-12-22,SKU0017,49,30.0,10,26
2025-12-29,SKU0017,35,0.0,10,26
2024-01-01,SKU0018,250,503.0,30,318
2024-01-08,SKU0018,302,530.0,30,318
2024-01-15,SKU0018,358,403.0,30,318
2024-01-22,SKU0018,433,490.0,30,318
2024-01-29,SKU0018,358,0.0,30,318
2024-02-05,SKU0018,306,0.0,30,318
2024-02-12,SKU0018,238,0.0,30,318
2024-02-19,SKU0018,317,562.0,30,318
2024-02-26,SKU0018,249,0.0,30,318
2024-03-04,SKU0018,168,0.0,30,318
2024-03-11,SKU0018,107,0.0,30,318
2024-03-18,SKU0018,183,458.0,30,318
2024-03-25,SKU0018,117,0.0,30,318
2024-04-01,SKU0018,50,0.0,30,318
2024-04-08,SKU0018,0,0.0,30,318
2024-04-15,SKU0018,0,0.0,30,318
2024-04-22,SKU0018,51,462.0,30,318
2024-04-29,SKU0018,91,582.0,30,318
2024-05-06,SKU0018,29,0.0,30,318
2024-05-13,SKU0018,120,417.0,30,318
2024-05-20,SKU0018,177,498.0,30,318
2024-05-27,SKU0018,186,551.0,30,318
2024-06-03,SKU0018,252,392.0,30,318
2024-06-10,SKU0018,182,0.0,30,318
2024-06-17,SKU0018,212,530.0,30,318
2024-06-24,SKU0018,147,0.0,30,318
2024-07-01,SKU0018,80,0.0,30,318
2024-07-08,SKU0018,3,0.0,30,318
2024-07-15,SKU0018,121,384.0,30,318
2024-07-22,SKU0018,157,495.0,30,318
2024-07-29,SKU0018,87,0.0,30,318
2024-08-05,SKU0018,97,,30,318
2024-08-12,SKU0018,87,365.0,30,318
2024-08-19,SKU0018,23,0.0,30,318
2024-08-26,SKU0018,136,414.0,30,318
2024-09-02,SKU0018,62,0.0,30,318
2024-09-09,SKU0018,72,568.0,30,318
2024-09-16,SKU0018,0,0.0,30,318
2024-09-23,SKU0018,0,0.0,30,318
2024-09-30,SKU0018,0,0.0,30,318
2024-10-07,SKU0018,115,536.0,30,318
2024-10-14,SKU0018,179,425.0,30,318
2024-10-21,SKU0018,101,0.0,30,318
2024-10-28,SKU0018,18,0.0,30,318
2024-11-04,SKU0018,0,0.0,30,318
2024-11-11,SKU0018,95,399.0,30,318
2024-11-18,SKU0018,28,0.0,30,318
2024-11-25,SKU0018,78,399.0,30,318
2024-12-02,SKU0018,5,0.0,30,318
2024-12-09,SKU0018,139,455.0,30,318
2024-12-16,SKU0018,217,510.0,30,318
2024-12-23,SKU0018,155,0.0,30,318
2024-12-30,SKU0018,99,0.0,30,318
2025-01-06,SKU0018,92,405.0,30,318
2025-01-13,SKU0018,141,564.0,30,318
2025-01-20,SKU0018,215,418.0,30,318
2025-01-27,SKU0018,269,485.0,30,318
2025-02-03,SKU0018,289,353.0,30,318
2025-02-10,SKU0018,296,396.0,30,318
2025-02-17,SKU0018,288,355.0,30,318
2025-02-24,SKU0018,303,372.0,30,318
2025-03-03,SKU0018,220,0.0,30,318
2025-03-10,SKU0018,236,501.0,30,318
2025-03-17,SKU0018,293,447.0,30,318
2025-03-24,SKU0018,294,451.0,30,318
2025-03-31,SKU0018,340,568.0,30,318
2025-04-07,SKU0018,266,0.0,30,318
2025-04-14,SKU0018,265,526.0,30,318
2025-04-21,SKU0018,258,441.0,30,318
2025-04-28,SKU0018,322,385.0,30,318
2025-05-05,SKU0018,327,502.0,30,318
2025-05-12,SKU0018,250,0.0,30,318
2025-05-19,SKU0018,187,0.0,30,318
2025-05-26,SKU0018,215,536.0,30,318
2025-06-02,SKU0018,214,573.0,30,318
2025-06-09,SKU0018,289,483.0,30,318
2025-06-16,SKU0018,271,420.0,30,318
2025-06-23,SKU0018,188,0.0,30,318
2025-06-30,SKU0018,235,476.0,30,318
2025-07-07,SKU0018,161,0.0,30,318
2025-07-14,SKU0018,197,574.0,30,318
2025-07-21,SKU0018,134,0.0,30,318
2025-07-28,SKU0018,198,378.0,30,318
2025-08-04,SKU0018,227,434.0,30,318
2025-08-11,SKU0018,253,519.0,30,318
2025-08-18,SKU0018,184,0.0,30,318
2025-08-25,SKU0018,124,0.0,30,318
2025-09-01,SKU0018,111,450.0,30,318
2025-09-08,SKU0018,45,0.0,30,318
2025-09-15,SKU0018,110,471.0,30,318
2025-09-22,SKU0018,54,0.0,30,318
2025-09-29,SKU0018,59,382.0,30,318
2025-10-06,SKU0018,91,,30,318
2025-10-13,SKU0018,12,0.0,30,318
2025-10-20,SKU0018,0,0.0,30,318
2025-10-27,SKU0018,113,423.0,30,318
2025-11-03,SKU0018,47,0.0,30,318
2025-11-10,SKU0018,123,455.0,30,318
2025-11-17,SKU0018,198,396.0,30,318
2025-11-24,SKU0018,144,0.0,30,318
2025-12-01,SKU0018,87,0.0,30,318
2025-12-08,SKU0018,140,451.0,30,318
2025-12-15,SKU0018,68,0.0,30,318
2025-12-22,SKU0018,54,399.0,30,318
2025-12-29,SKU0018,52,358.0,30,318
2024-01-01,SKU0019,120,0.0,21,161
2024-01-08,SKU0019,77,0.0,21,161
2024-01-15,SKU0019,123,215.0,21,161
2024-01-22,SKU0019,131,248.0,21,161
2024-01-29,SKU0019,153,293.0,21,161
2024-02-05,SKU0019,149,282.0,21,161
2024-02-12,SKU0019,104,0.0,21,161
2024-02-19,SKU0019,66,0.0,21,161
2024-02-26,SKU0019,84,206.0,21,161
2024-03-04,SKU0019,106,196.0,21,161
2024-03-11,SKU0019,110,194.0,21,161
2024-03-18,SKU0019,101,286.0,21,161
2024-03-25,SKU0019,150,230.0,21,161
2024-04-01,SKU0019,191,288.0,21,161
2024-04-08,SKU0019,144,0.0,21,161
2024-04-15,SKU0019,146,238.0,21,161
2024-04-22,SKU0019,165,206.0,21,161
2024-04-29,SKU0019,108,0.0,21,161
2024-05-06,SKU0019,61,0.0,21,161
2024-05-13,SKU0019,54,285.0,21,161
2024-05-20,SKU0019,0,0.0,21,161
2024-05-27,SKU0019,63,291.0,21,161
2024-06-03,SKU0019,17,0.0,21,161
2024-06-10,SKU0019,0,0.0,21,161
2024-06-17,SKU0019,87,,21,161
2024-06-24,SKU0019,149,246.0,21,161
2024-07-01,SKU0019,160,287.0,21,161
2024-07-08,SKU0019,210,197.0,21,161
2024-07-15,SKU0019,223,283.0,21,161
2024-07-22,SKU0019,168,0.0,21,161
2024-07-29,SKU0019,114,0.0,21,161
2024-08-05,SKU0019,104,259.0,21,161
2024-08-12,SKU0019,60,0.0,21,161
2024-08-19,SKU0019,52,223.0,21,161
2024-08-26,SKU0019,1,0.0,21,161
2024-09-02,SKU0019,82,289.0,21,161
2024-09-09,SKU0019,109,304.0,21,161
2024-09-16,SKU0019,155,278.0,21,161
2024-09-23,SKU0019,166,227.0,21,161
2024-09-30,SKU0019,110,0.0,21,161
2024-10-07,SKU0019,104,274.0,21,161
2024-10-14,SKU0019,50,0.0,21,161
2024-10-21,SKU0019,0,0.0,21,161
2024-10-28,SKU0019,94,262.0,21,161
2024-11-04,SKU0019,105,193.0,21,161
2024-11-11,SKU0019,151,294.0,21,161
2024-11-18,SKU0019,207,295.0,21,161
2024-11-25,SKU0019,244,226.0,21,161
2024-12-02,SKU0019,205,0.0,21,161
2024-12-09,SKU0019,240,233.0,21,161
2024-12-16,SKU0019,178,0.0,21,161
2024-12-23,SKU0019,123,0.0,21,161
2024-12-30,SKU0019,80,0.0,21,161
2025-01-06,SKU0019,135,221.0,21,161
2025-01-13,SKU0019,170,222.0,21,161
2025-01-20,SKU0019,116,0.0,21,161
2025-01-27,SKU0019,138,292.0,21,161
2025-02-03,SKU0019,87,0.0,21,161
2025-02-10,SKU0019,37,0.0,21,161
2025-02-17,SKU0019,0,0.0,21,161
2025-02-24,SKU0019,81,268.0,21,161
2025-03-03,SKU0019,138,200.0,21,161
2025-03-10,SKU0019,148,196.0,21,161
2025-03-17,SKU0019,104,0.0,21,161
2025-03-24,SKU0019,52,0.0,21,161
2025-03-31,SKU0019,0,0.0,21,161
2025-04-07,SKU0019,0,0.0,21,161
2025-04-14,SKU0019,0,0.0,21,161
2025-04-21,SKU0019,105,260.0,21,161
2025-04-28,SKU0019,54,0.0,21,161
2025-05-05,SKU0019,0,0.0,21,161
2025-05-12,SKU0019,92,253.0,21,161
2025-05-19,SKU0019,22,0.0,21,161
2025-05-26,SKU0019,0,0.0,21,161
2025-06-02,SKU0019,99,225.0,21,161
2025-06-09,SKU0019,56,0.0,21,161
2025-06-16,SKU0019,48,308.0,21,161
2025-06-23,SKU0019,0,0.0,21,161
2025-06-30,SKU0019,0,0.0,21,161
2025-07-07,SKU0019,51,231.0,21,161
2025-07-14,SKU0019,39,229.0,21,161
2025-07-21,SKU0019,68,240.0,21,161
2025-07-28,SKU0019,120,202.0,21,161
2025-08-04,SKU0019,76,0.0,21,161
2025-08-11,SKU0019,24,0.0,21,161
2025-08-18,SKU0019,89,309.0,21,161
2025-08-25,SKU0019,26,0.0,21,161
2025-09-01,SKU0019,108,262.0,21,161
2025-09-08,SKU0019,112,320.0,21,161
2025-09-15,SKU0019,99,220.0,21,161
2025-09-22,SKU0019,50,0.0,21,161
2025-09-29,SKU0019,112,234.0,21,161
2025-10-06,SKU0019,147,252.0,21,161
2025-10-13,SKU0019,85,0.0,21,161
2025-10-20,SKU0019,120,218.0,21,161
2025-10-27,SKU0019,148,289.0,21,161
2025-11-03,SKU0019,158,263.0,21,161
2025-11-10,SKU0019,183,305.0,21,161
2025-11-17,SKU0019,224,195.0,21,161
2025-11-24,SKU0019,164,0.0,21,161
2025-12-01,SKU0019,98,0.0,21,161
2025-12-08,SKU0019,95,207.0,21,161
2025-12-15,SKU0019,106,203.0,21,161
2025-12-22,SKU0019,132,214.0,21,161
2025-12-29,SKU0019,72,0.0,21,161
2024-01-01,SKU0020,146,0.0,14,72
2024-01-08,SKU0020,115,0.0,14,72
2024-01-15,SKU0020,99,0.0,14,72
2024-01-22,SKU0020,77,0.0,14,72
2024-01-29,SKU0020,90,98.0,14,72
2024-02-05,SKU0020,68,0.0,14,72
2024-02-12,SKU0020,37,0.0,14,72
2024-02-19,SKU0020,61,107.0,14,72
2024-02-26,SKU0020,67,91.0,14,72
2024-03-04,SKU0020,36,0.0,14,72
2024-03-11,SKU0020,42,69.0,14,72
2024-03-18,SKU0020,67,100.0,14,72
2024-03-25,SKU0020,35,0.0,14,72
2024-04-01,SKU0020,54,107.0,14,72
2024-04-08,SKU0020,48,77.0,14,72
2024-04-15,SKU0020,70,68.0,14,72
2024-04-22,SKU0020,49,0.0,14,72
2024-04-29,SKU0020,70,72.0,14,72
2024-05-06,SKU0020,75,75.0,14,72
2024-05-13,SKU0020,90,106.0,14,72
2024-05-20,SKU0020,65,0.0,14,72
2024-05-27,SKU0020,74,85.0,14,72
2024-06-03,SKU0020,47,0.0,14,72
2024-06-10,SKU0020,19,0.0,14,72
2024-06-17,SKU0020,37,97.0,14,72
2024-06-24,SKU0020,75,69.0,14,72
2024-07-01,SKU0020,101,76.0,14,72
2024-07-08,SKU0020,76,0.0,14,72
2024-07-15,SKU0020,96,109.0,14,72
2024-07-22,SKU0020,125,83.0,14,72
2024-07-29,SKU0020,96,0.0,14,72
2024-08-05,SKU0020,111,96.0,14,72
2024-08-12,SKU0020,76,0.0,14,72
2024-08-19,SKU0020,70,70.0,14,72
2024-08-26,SKU0020,47,0.0,14,72
2024-09-02,SKU0020,60,85.0,14,72
2024-09-09,SKU0020,83,68.0,14,72
2024-09-16,SKU0020,47,0.0,14,72
2024-09-23,SKU0020,37,0.0,14,72
2024-09-30,SKU0020,40,81.0,14,72
2024-10-07,SKU0020,17,0.0,14,72
2024-10-14,SKU0020,29,83.0,14,72
2024-10-21,SKU0020,0,0.0,14,72
2024-10-28,SKU0020,23,92.0,14,72
2024-11-04,SKU0020,0,0.0,14,72
2024-11-11,SKU0020,0,0.0,14,72
2024-11-18,SKU0020,40,90.0,14,72
2024-11-25,SKU0020,44,84.0,14,72
2024-12-02,SKU0020,52,109.0,14,72
2024-12-09,SKU0020,41,98.0,14,72
2024-12-16,SKU0020,46,84.0,14,72
2024-12-23,SKU0020,88,107.0,14,72
2024-12-30,SKU0020,56,0.0,14,72
2025-01-06,SKU0020,60,77.0,14,72
2025-01-13,SKU0020,38,0.0,14,72
2025-01-20,SKU0020,71,85.0,14,72
2025-01-27,SKU0020,43,0.0,14,72
2025-02-03,SKU0020,34,67.0,14,72
2025-02-10,SKU0020,7,0.0,14,72
2025-02-17,SKU0020,0,0.0,14,72
2025-02-24,SKU0020,58,87.0,14,72
2025-03-03,SKU0020,61,77.0,14,72
2025-03-10,SKU0020,36,0.0,14,72
2025-03-17,SKU0020,35,86.0,14,72
2025-03-24,SKU0020,3,0.0,14,72
2025-03-31,SKU0020,0,0.0,14,72
2025-04-07,SKU0020,37,103.0,14,72
2025-04-14,SKU0020,5,0.0,14,72
2025-04-21,SKU0020,0,0.0,14,72
2025-04-28,SKU0020,59,103.0,14,72
2025-05-05,SKU0020,31,0.0,14,72
2025-05-12,SKU0020,58,105.0,14,72
2025-05-19,SKU0020,36,0.0,14,72
2025-05-26,SKU0020,24,98.0,14,72
2025-06-02,SKU0020,44,78.0,14,72
2025-06-09,SKU0020,46,108.0,14,72
2025-06-16,SKU0020,14,0.0,14,72
2025-06-23,SKU0020,21,103.0,14,72
2025-06-30,SKU0020,47,91.0,14,72
2025-07-07,SKU0020,76,99.0,14,72
2025-07-14,SKU0020,38,,14,72
2025-07-21,SKU0020,67,99.0,14,72
2025-07-28,SKU0020,67,107.0,14,72
2025-08-04,SKU0020,69,93.0,14,72
2025-08-11,SKU0020,62,69.0,14,72
2025-08-18,SKU0020,74,107.0,14,72
2025-08-25,SKU0020,89,68.0,14,72
2025-09-01,SKU0020,122,67.0,14,72
2025-09-08,SKU0020,91,0.0,14,72
2025-09-15,SKU0020,61,0.0,14,72
2025-09-22,SKU0020,77,75.0,14,72
2025-09-29,SKU0020,92,104.0,14,72
2025-10-06,SKU0020,117,101.0,14,72
2025-10-13,SKU0020,93,0.0,14,72
2025-10-20,SKU0020,102,109.0,14,72
2025-10-27,SKU0020,72,0.0,14,72
2025-11-03,SKU0020,91,73.0,14,72
2025-11-10,SKU0020,66,0.0,14,72
2025-11-17,SKU0020,41,0.0,14,72
2025-11-24,SKU0020,71,99.0,14,72
2025-12-01,SKU0020,46,0.0,14,72
2025-12-08,SKU0020,15,0.0,14,72
2025-12-15,SKU0020,53,103.0,14,72
2025-12-22,SKU0020,74,94.0,14,72
2025-12-29,SKU0020,85,101.0,14,72
2024-01-01,SKU0021,887,0.0,7,197
2024-01-08,SKU0021,730,0.0,7,197
2024-01-15,SKU0021,572,0.0,7,197
2024-01-22,SKU0021,394,0.0,7,197
2024-01-29,SKU0021,226,0.0,7,197
2024-02-05,SKU0021,386,323.0,7,197
2024-02-12,SKU0021,233,0.0,7,197
2024-02-19,SKU0021,59,0.0,7,197
2024-02-26,SKU0021,0,0.0,7,197
2024-03-04,SKU0021,0,0.0,7,197
2024-03-11,SKU0021,0,0.0,7,197
2024-03-18,SKU0021,0,0.0,7,197
2024-03-25,SKU0021,262,251.0,7,197
2024-04-01,SKU0021,381,247.0,7,197
2024-04-08,SKU0021,227,0.0,7,197
2024-04-15,SKU0021,52,0.0,7,197
2024-04-22,SKU0021,197,278.0,7,197
2024-04-29,SKU0021,17,0.0,7,197
2024-05-06,SKU0021,349,318.0,7,197
2024-05-13,SKU0021,184,0.0,7,197
2024-05-20,SKU0021,282,275.0,7,197
2024-05-27,SKU0021,245,287.0,7,197
2024-06-03,SKU0021,434,260.0,7,197
2024-06-10,SKU0021,278,0.0,7,197
2024-06-17,SKU0021,124,0.0,7,197
2024-06-24,SKU0021,347,205.0,7,197
2024-07-01,SKU0021,174,0.0,7,197
2024-07-08,SKU0021,8,0.0,7,197
2024-07-15,SKU0021,233,320.0,7,197
2024-07-22,SKU0021,297,273.0,7,197
2024-07-29,SKU0021,108,0.0,7,197
2024-08-05,SKU0021,0,0.0,7,197
2024-08-12,SKU0021,0,0.0,7,197
2024-08-19,SKU0021,210,302.0,7,197
2024-08-26,SKU0021,255,243.0,7,197
2024-09-02,SKU0021,91,0.0,7,197
2024-09-09,SKU0021,0,0.0,7,197
2024-09-16,SKU0021,0,0.0,7,197
2024-09-23,SKU0021,0,0.0,7,197
2024-09-30,SKU0021,0,0.0,7,197
2024-10-07,SKU0021,0,0.0,7,197
2024-10-14,SKU0021,251,229.0,7,197
2024-10-21,SKU0021,80,0.0,7,197
2024-10-28,SKU0021,280,321.0,7,197
2024-11-04,SKU0021,418,231.0,7,197
2024-11-11,SKU0021,253,0.0,7,197
2024-11-18,SKU0021,305,296.0,7,197
2024-11-25,SKU0021,155,0.0,7,197
2024-12-02,SKU0021,0,0.0,7,197
2024-12-09,SKU0021,0,0.0,7,197
2024-12-16,SKU0021,0,0.0,7,197
2024-12-23,SKU0021,216,331.0,7,197
2024-12-30,SKU0021,369,304.0,7,197
2025-01-06,SKU0021,208,0.0,7,197
2025-01-13,SKU0021,16,0.0,7,197
2025-01-20,SKU0021,119,210.0,7,197
2025-01-27,SKU0021,0,0.0,7,197
2025-02-03,SKU0021,226,242.0,7,197
2025-02-10,SKU0021,51,0.0,7,197
2025-02-17,SKU0021,0,0.0,7,197
2025-02-24,SKU0021,179,202.0,7,197
2025-03-03,SKU0021,279,212.0,7,197
2025-03-10,SKU0021,352,300.0,7,197
2025-03-17,SKU0021,190,0.0,7,197
2025-03-24,SKU0021,291,219.0,7,197
2025-03-31,SKU0021,410,295.0,7,197
2025-04-07,SKU0021,238,0.0,7,197
2025-04-14,SKU0021,80,0.0,7,197
2025-04-21,SKU0021,222,237.0,7,197
2025-04-28,SKU0021,31,0.0,7,197
2025-05-05,SKU0021,126,207.0,7,197
2025-05-12,SKU0021,0,0.0,7,197
2025-05-19,SKU0021,0,0.0,7,197
2025-05-26,SKU0021,0,0.0,7,197
2025-06-02,SKU0021,0,0.0,7,197
2025-06-09,SKU0021,261,282.0,7,197
2025-06-16,SKU0021,333,206.0,7,197
2025-06-23,SKU0021,433,219.0,7,197
2025-06-30,SKU0021,283,0.0,7,197
2025-07-07,SKU0021,120,0.0,7,197
2025-07-14,SKU0021,138,234.0,7,197
2025-07-21,SKU0021,344,212.0,7,197
2025-07-28,SKU0021,412,214.0,7,197
2025-08-04,SKU0021,254,0.0,7,197
2025-08-11,SKU0021,65,0.0,7,197
2025-08-18,SKU0021,192,247.0,7,197
2025-08-25,SKU0021,229,262.0,7,197
2025-09-01,SKU0021,71,0.0,7,197
2025-09-08,SKU0021,0,0.0,7,197
2025-09-15,SKU0021,138,233.0,7,197
2025-09-22,SKU0021,0,0.0,7,197
2025-09-29,SKU0021,235,274.0,7,197
2025-10-06,SKU0021,70,0.0,7,197
2025-10-13,SKU0021,0,0.0,7,197
2025-10-20,SKU0021,0,0.0,7,197
2025-10-27,SKU0021,0,0.0,7,197
2025-11-03,SKU0021,144,305.0,7,197
2025-11-10,SKU0021,0,0.0,7,197
2025-11-17,SKU0021,343,207.0,7,197
2025-11-24,SKU0021,173,0.0,7,197
2025-12-01,SKU0021,0,0.0,7,197
2025-12-08,SKU0021,287,222.0,7,197
2025-12-15,SKU0021,108,0.0,7,197
2025-12-22,SKU0021,143,233.0,7,197
2025-12-29,SKU0021,138,289.0,7,197
2024-01-01,SKU0022,81,74.0,14,49
2024-01-08,SKU0022,63,0.0,14,49
2024-01-15,SKU0022,61,73.0,14,49
2024-01-22,SKU0022,56,86.0,14,49
2024-01-29,SKU0022,38,0.0,14,49
2024-02-05,SKU0022,50,82.0,14,49
2024-02-12,SKU0022,48,84.0,14,49
2024-02-19,SKU0022,51,59.0,14,49
2024-02-26,SKU0022,77,68.0,14,49
2024-03-04,SKU0022,57,0.0,14,49
2024-03-11,SKU0022,52,87.0,14,49
2024-03-18,SKU0022,28,0.0,14,49
2024-03-25,SKU0022,51,77.0,14,49
2024-04-01,SKU0022,66,66.0,14,49
2024-04-08,SKU0022,39,0.0,14,49
2024-04-15,SKU0022,50,62.0,14,49
2024-04-22,SKU0022,32,0.0,14,49
2024-04-29,SKU0022,9,0.0,14,49
2024-05-06,SKU0022,25,62.0,14,49
2024-05-13,SKU0022,0,0.0,14,49
2024-05-20,SKU0022,0,0.0,14,49
2024-05-27,SKU0022,0,0.0,14,49
2024-06-03,SKU0022,0,0.0,14,49
2024-06-10,SKU0022,31,93.0,14,49
2024-06-17,SKU0022,54,59.0,14,49
2024-06-24,SKU0022,31,0.0,14,49
2024-07-01,SKU0022,59,89.0,14,49
2024-07-08,SKU0022,42,0.0,14,49
2024-07-15,SKU0022,25,73.0,14,49
2024-07-22,SKU0022,3,0.0,14,49
2024-07-29,SKU0022,0,0.0,14,49
2024-08-05,SKU0022,0,0.0,14,49
2024-08-12,SKU0022,28,76.0,14,49
2024-08-19,SKU0022,41,87.0,14,49
2024-08-26,SKU0022,14,0.0,14,49
2024-09-02,SKU0022,31,76.0,14,49
2024-09-09,SKU0022,43,74.0,14,49
2024-09-16,SKU0022,57,63.0,14,49
2024-09-23,SKU0022,65,93.0,14,49
2024-09-30,SKU0022,85,58.0,14,49
2024-10-07,SKU0022,62,0.0,14,49
2024-10-14,SKU0022,65,86.0,14,49
2024-10-21,SKU0022,50,0.0,14,49
2024-10-28,SKU0022,40,70.0,14,49
2024-11-04,SKU0022,35,76.0,14,49
2024-11-11,SKU0022,63,71.0,14,49
2024-11-18,SKU0022,69,88.0,14,49
2024-11-25,SKU0022,48,0.0,14,49
2024-12-02,SKU0022,31,0.0,14,49
2024-12-09,SKU0022,49,61.0,14,49
2024-12-16,SKU0022,70,62.0,14,49
2024-12-23,SKU0022,84,80.0,14,49
2024-12-30,SKU0022,61,0.0,14,49
2025-01-06,SKU0022,58,76.0,14,49
2025-01-13,SKU0022,40,0.0,14,49
2025-01-20,SKU0022,24,80.0,14,49
2025-01-27,SKU0022,0,0.0,14,49
2025-02-03,SKU0022,43,92.0,14,49
2025-02-10,SKU0022,22,0.0,14,49
2025-02-17,SKU0022,0,0.0,14,49
2025-02-24,SKU0022,0,0.0,14,49
2025-03-03,SKU0022,37,77.0,14,49
2025-03-10,SKU0022,56,70.0,14,49
2025-03-17,SKU0022,65,68.0,14,49
2025-03-24,SKU0022,42,0.0,14,49
2025-03-31,SKU0022,43,77.0,14,49
2025-04-07,SKU0022,56,75.0,14,49
2025-04-14,SKU0022,46,90.0,14,49
2025-04-21,SKU0022,64,59.0,14,49
2025-04-28,SKU0022,87,93.0,14,49
2025-05-05,SKU0022,64,0.0,14,49
2025-05-12,SKU0022,96,62.0,14,49
2025-05-19,SKU0022,82,0.0,14,49
2025-05-26,SKU0022,62,0.0,14,49
2025-06-02,SKU0022,42,0.0,14,49
2025-06-09,SKU0022,15,0.0,14,49
2025-06-16,SKU0022,29,80.0,14,49
2025-06-23,SKU0022,50,93.0,14,49
2025-06-30,SKU0022,25,0.0,14,49
2025-07-07,SKU0022,45,77.0,14,49
2025-07-14,SKU0022,48,63.0,14,49
2025-07-21,SKU0022,20,0.0,14,49
2025-07-28,SKU0022,30,91.0,14,49
2025-08-04,SKU0022,10,0.0,14,49
2025-08-11,SKU0022,0,0.0,14,49
2025-08-18,SKU0022,0,0.0,14,49
2025-08-25,SKU0022,19,69.0,14,49
2025-09-01,SKU0022,37,77.0,14,49
2025-09-08,SKU0022,52,73.0,14,49
2025-09-15,SKU0022,31,0.0,14,49
2025-09-22,SKU0022,2,0.0,14,49
2025-09-29,SKU0022,34,70.0,14,49
2025-10-06,SKU0022,34,83.0,14,49
2025-10-13,SKU0022,6,0.0,14,49
2025-10-20,SKU0022,23,65.0,14,49
2025-10-27,SKU0022,31,69.0,14,49
2025-11-03,SKU0022,16,0.0,14,49
2025-11-10,SKU0022,18,90.0,14,49
2025-11-17,SKU0022,0,0.0,14,49
2025-11-24,SKU0022,48,95.0,14,49
2025-12-01,SKU0022,31,0.0,14,49
2025-12-08,SKU0022,49,63.0,14,49
2025-12-15,SKU0022,19,0.0,14,49
2025-12-22,SKU0022,3,0.0,14,49
2025-12-29,SKU0022,0,0.0,14,49
2024-01-01,SKU0023,115,249.0,21,247
2024-01-08,SKU0023,105,323.0,21,247
2024-01-15,SKU0023,41,0.0,21,247
2024-01-22,SKU0023,0,0.0,21,247
2024-01-29,SKU0023,0,0.0,21,247
2024-02-05,SKU0023,0,0.0,21,247
2024-02-12,SKU0023,0,0.0,21,247
2024-02-19,SKU0023,100,287.0,21,247
2024-02-26,SKU0023,138,258.0,21,247
2024-03-04,SKU0023,74,0.0,21,247
2024-03-11,SKU0023,20,0.0,21,247
2024-03-18,SKU0023,91,300.0,21,247
2024-03-25,SKU0023,40,0.0,21,247
2024-04-01,SKU0023,77,343.0,21,247
2024-04-08,SKU0023,107,326.0,21,247
2024-04-15,SKU0023,45,0.0,21,247
2024-04-22,SKU0023,120,335.0,21,247
2024-04-29,SKU0023,51,0.0,21,247
2024-05-06,SKU0023,5,0.0,21,247
2024-05-13,SKU0023,95,276.0,21,247
2024-05-20,SKU0023,89,318.0,21,247
2024-05-27,SKU0023,115,249.0,21,247
2024-06-03,SKU0023,69,0.0,21,247
2024-06-10,SKU0023,83,223.0,21,247
2024-06-17,SKU0023,67,268.0,21,247
2024-06-24,SKU0023,13,0.0,21,247
2024-07-01,SKU0023,99,229.0,21,247
2024-07-08,SKU0023,97,223.0,21,247
2024-07-15,SKU0023,42,0.0,21,247
2024-07-22,SKU0023,0,0.0,21,247
2024-07-29,SKU0023,0,0.0,21,247
2024-08-05,SKU0023,0,0.0,21,247
2024-08-12,SKU0023,0,0.0,21,247
2024-08-19,SKU0023,87,306.0,21,247
2024-08-26,SKU0023,109,313.0,21,247
2024-09-02,SKU0023,53,0.0,21,247
2024-09-09,SKU0023,3,0.0,21,247
2024-09-16,SKU0023,0,0.0,21,247
2024-09-23,SKU0023,0,0.0,21,247
2024-09-30,SKU0023,0,0.0,21,247
2024-10-07,SKU0023,76,276.0,21,247
2024-10-14,SKU0023,51,267.0,21,247
2024-10-21,SKU0023,63,238.0,21,247
2024-10-28,SKU0023,57,283.0,21,247
2024-11-04,SKU0023,52,216.0,21,247
2024-11-11,SKU0023,46,224.0,21,247
2024-11-18,SKU0023,100,339.0,21,247
2024-11-25,SKU0023,41,0.0,21,247
2024-12-02,SKU0023,52,242.0,21,247
2024-12-09,SKU0023,51,305.0,21,247
2024-12-16,SKU0023,93,298.0,21,247
2024-12-23,SKU0023,119,264.0,21,247
2024-12-30,SKU0023,149,238.0,21,247
2025-01-06,SKU0023,94,0.0,21,247
2025-01-13,SKU0023,116,269.0,21,247
2025-01-20,SKU0023,50,0.0,21,247
2025-01-27,SKU0023,105,234.0,21,247
2025-02-03,SKU0023,113,216.0,21,247
2025-02-10,SKU0023,50,0.0,21,247
2025-02-17,SKU0023,0,0.0,21,247
2025-02-24,SKU0023,82,247.0,21,247
2025-03-03,SKU0023,122,255.0,21,247
2025-03-10,SKU0023,149,326.0,21,247
2025-03-17,SKU0023,210,257.0,21,247
2025-03-24,SKU0023,214,328.0,21,247
2025-03-31,SKU0023,155,0.0,21,247
2025-04-07,SKU0023,215,279.0,21,247
2025-04-14,SKU0023,269,305.0,21,247
2025-04-21,SKU0023,301,216.0,21,247
2025-04-28,SKU0023,255,0.0,21,247
2025-05-05,SKU0023,269,251.0,21,247
2025-05-12,SKU0023,325,301.0,21,247
2025-05-19,SKU0023,279,0.0,21,247
2025-05-26,SKU0023,226,0.0,21,247
2025-06-02,SKU0023,230,250.0,21,247
2025-06-09,SKU0023,255,319.0,21,247
2025-06-16,SKU0023,191,0.0,21,247
2025-06-23,SKU0023,134,0.0,21,247
2025-06-30,SKU0023,151,333.0,21,247
2025-07-07,SKU0023,92,0.0,21,247
2025-07-14,SKU0023,97,279.0,21,247
2025-07-21,SKU0023,123,279.0,21,247
2025-07-28,SKU0023,62,0.0,21,247
2025-08-04,SKU0023,55,234.0,21,247
2025-08-11,SKU0023,108,305.0,21,247
2025-08-18,SKU0023,51,0.0,21,247
2025-08-25,SKU0023,0,0.0,21,247
2025-09-01,SKU0023,112,286.0,21,247
2025-09-08,SKU0023,157,271.0,21,247
2025-09-15,SKU0023,97,,21,247
2025-09-22,SKU0023,32,0.0,21,247
2025-09-29,SKU0023,107,278.0,21,247
2025-10-06,SKU0023,48,0.0,21,247
2025-10-13,SKU0023,0,0.0,21,247
2025-10-20,SKU0023,0,0.0,21,247
2025-10-27,SKU0023,0,0.0,21,247
2025-11-03,SKU0023,111,,21,247
2025-11-10,SKU0023,50,0.0,21,247
2025-11-17,SKU0023,78,296.0,21,247
2025-11-24,SKU0023,77,314.0,21,247
2025-12-01,SKU0023,121,310.0,21,247
2025-12-08,SKU0023,120,274.0,21,247
2025-12-15,SKU0023,108,234.0,21,247
2025-12-22,SKU0023,55,0.0,21,247
2025-12-29,SKU0023,0,0.0,21,247
2024-01-01,SKU0024,507,0.0,14,362
2024-01-08,SKU0024,631,345.0,14,362
2024-01-15,SKU0024,515,0.0,14,362
2024-01-22,SKU0024,382,0.0,14,362
2024-01-29,SKU0024,252,0.0,14,362
2024-02-05,SKU0024,137,0.0,14,362
2024-02-12,SKU0024,254,390.0,14,362
2024-02-19,SKU0024,142,0.0,14,362
2024-02-26,SKU0024,185,488.0,14,362
2024-03-04,SKU0024,327,427.0,14,362
2024-03-11,SKU0024,206,0.0,14,362
2024-03-18,SKU0024,92,0.0,14,362
2024-03-25,SKU0024,204,432.0,14,362
2024-04-01,SKU0024,42,0.0,14,362
2024-04-08,SKU0024,0,0.0,14,362
2024-04-15,SKU0024,0,0.0,14,362
2024-04-22,SKU0024,0,0.0,14,362
2024-04-29,SKU0024,0,0.0,14,362
2024-05-06,SKU0024,0,0.0,14,362
2024-05-13,SKU0024,170,527.0,14,362
2024-05-20,SKU0024,297,495.0,14,362
2024-05-27,SKU0024,156,0.0,14,362
2024-06-03,SKU0024,147,418.0,14,362
2024-06-10,SKU0024,11,0.0,14,362
2024-06-17,SKU0024,0,0.0,14,362
2024-06-24,SKU0024,0,0.0,14,362
2024-07-01,SKU0024,276,482.0,14,362
2024-07-08,SKU0024,147,0.0,14,362
2024-07-15,SKU0024,21,0.0,14,362
2024-07-22,SKU0024,0,0.0,14,362
2024-07-29,SKU0024,227,404.0,14,362
2024-08-05,SKU0024,270,405.0,14,362
2024-08-12,SKU0024,263,410.0,14,362
2024-08-19,SKU0024,211,353.0,14,362
2024-08-26,SKU0024,75,0.0,14,362
2024-09-02,SKU0024,139,428.0,14,362
2024-09-09,SKU0024,251,,14,362
2024-09-16,SKU0024,115,0.0,14,362
2024-09-23,SKU0024,0,0.0,14,362
2024-09-30,SKU0024,258,512.0,14,362
2024-10-07,SKU0024,411,516.0,14,362
2024-10-14,SKU0024,427,396.0,14,362
2024-10-21,SKU0024,282,0.0,14,362
2024-10-28,SKU0024,156,0.0,14,362
2024-11-04,SKU0024,195,394.0,14,362
2024-11-11,SKU0024,68,0.0,14,362
2024-11-18,SKU0024,171,439.0,14,362
2024-11-25,SKU0024,224,440.0,14,362
2024-12-02,SKU0024,321,380.0,14,362
2024-12-09,SKU0024,344,350.0,14,362
2024-12-16,SKU0024,218,0.0,14,362
2024-12-23,SKU0024,65,,14,362
2024-12-30,SKU0024,0,0.0,14,362
2025-01-06,SKU0024,180,406.0,14,362
2025-01-13,SKU0024,290,466.0,14,362
2025-01-20,SKU0024,278,454.0,14,362
2025-01-27,SKU0024,137,0.0,14,362
2025-02-03,SKU0024,2,0.0,14,362
2025-02-10,SKU0024,0,0.0,14,362
2025-02-17,SKU0024,117,,14,362
2025-02-24,SKU0024,249,425.0,14,362
2025-03-03,SKU0024,384,417.0,14,362
2025-03-10,SKU0024,544,346.0,14,362
2025-03-17,SKU0024,416,0.0,14,362
2025-03-24,SKU0024,514,521.0,14,362
2025-03-31,SKU0024,371,0.0,14,362
2025-04-07,SKU0024,515,394.0,14,362
2025-04-14,SKU0024,391,0.0,14,362
2025-04-21,SKU0024,379,516.0,14,362
2025-04-28,SKU0024,245,0.0,14,362
2025-05-05,SKU0024,106,0.0,14,362
2025-05-12,SKU0024,245,492.0,14,362
2025-05-19,SKU0024,365,470.0,14,362
2025-05-26,SKU0024,349,519.0,14,362
2025-06-02,SKU0024,198,0.0,14,362
2025-06-09,SKU0024,59,0.0,14,362
2025-06-16,SKU0024,0,0.0,14,362
2025-06-23,SKU0024,153,499.0,14,362
2025-06-30,SKU0024,18,0.0,14,362
2025-07-07,SKU0024,0,0.0,14,362
2025-07-14,SKU0024,0,0.0,14,362
2025-07-21,SKU0024,0,0.0,14,362
2025-07-28,SKU0024,233,505.0,14,362
2025-08-04,SKU0024,276,380.0,14,362
2025-08-11,SKU0024,166,0.0,14,362
2025-08-18,SKU0024,258,448.0,14,362
2025-08-25,SKU0024,401,456.0,14,362
2025-09-01,SKU0024,505,325.0,14,362
2025-09-08,SKU0024,493,530.0,14,362
2025-09-15,SKU0024,499,479.0,14,362
2025-09-22,SKU0024,360,0.0,14,362
2025-09-29,SKU0024,364,511.0,14,362
2025-10-06,SKU0024,368,392.0,14,362
2025-10-13,SKU0024,398,517.0,14,362
2025-10-20,SKU0024,343,418.0,14,362
2025-10-27,SKU0024,383,445.0,14,362
2025-11-03,SKU0024,220,0.0,14,362
2025-11-10,SKU0024,317,344.0,14,362
2025-11-17,SKU0024,430,409.0,14,362
2025-11-24,SKU0024,575,512.0,14,362
2025-12-01,SKU0024,424,0.0,14,362
2025-12-08,SKU0024,476,515.0,14,362
2025-12-15,SKU0024,537,511.0,14,362
2025-12-22,SKU0024,403,0.0,14,362
2025-12-29,SKU0024,439,336.0,14,362
2024-09-30,SKU0025,245,0.0,7,116
2024-10-07,SKU0025,177,0.0,7,116
2024-10-14,SKU0025,177,111.0,7,116
2024-10-21,SKU0025,273,158.0,7,116
2024-10-28,SKU0025,190,0.0,7,116
2024-11-04,SKU0025,188,155.0,7,116
2024-11-11,SKU0025,202,150.0,7,116
2024-11-18,SKU0025,136,0.0,7,116
2024-11-25,SKU0025,61,0.0,7,116
2024-12-02,SKU0025,0,0.0,7,116
2024-12-09,SKU0025,0,0.0,7,116
2024-12-16,SKU0025,0,0.0,7,116
2024-12-23,SKU0025,0,0.0,7,116
2024-12-30,SKU0025,0,0.0,7,116
2025-01-06,SKU0025,166,135.0,7,116
2025-01-13,SKU0025,160,149.0,7,116
2025-01-20,SKU0025,83,0.0,7,116
2025-01-27,SKU0025,165,132.0,7,116
2025-02-03,SKU0025,99,0.0,7,116
2025-02-10,SKU0025,177,157.0,7,116
2025-02-17,SKU0025,94,0.0,7,116
2025-02-24,SKU0025,17,0.0,7,116
2025-03-03,SKU0025,0,0.0,7,116
2025-03-10,SKU0025,115,104.0,7,116
2025-03-17,SKU0025,46,0.0,7,116
2025-03-24,SKU0025,0,0.0,7,116
2025-03-31,SKU0025,90,156.0,7,116
2025-04-07,SKU0025,5,0.0,7,116
2025-04-14,SKU0025,0,0.0,7,116
2025-04-21,SKU0025,0,0.0,7,116
2025-04-28,SKU0025,69,136.0,7,116
2025-05-05,SKU0025,131,156.0,7,116
2025-05-12,SKU0025,53,0.0,7,116
2025-05-19,SKU0025,94,158.0,7,116
2025-05-26,SKU0025,75,140.0,7,116
2025-06-02,SKU0025,0,0.0,7,116
2025-06-09,SKU0025,168,107.0,7,116
2025-06-16,SKU0025,62,0.0,7,116
2025-06-23,SKU0025,86,125.0,7,116
2025-06-30,SKU0025,14,0.0,7,116
2025-07-07,SKU0025,165,141.0,7,116
2025-07-14,SKU0025,233,109.0,7,116
2025-07-21,SKU0025,157,0.0,7,116
2025-07-28,SKU0025,207,117.0,7,116
2025-08-04,SKU0025,240,145.0,7,116
2025-08-11,SKU0025,148,0.0,7,116
2025-08-18,SKU0025,175,110.0,7,116
2025-08-25,SKU0025,241,107.0,7,116
2025-09-01,SKU0025,150,0.0,7,116
2025-09-08,SKU0025,141,128.0,7,116
2025-09-15,SKU0025,148,161.0,7,116
2025-09-22,SKU0025,195,126.0,7,116
2025-09-29,SKU0025,117,0.0,7,116
2025-10-06,SKU0025,213,129.0,7,116
2025-10-13,SKU0025,146,0.0,7,116
2025-10-20,SKU0025,51,0.0,7,116
2025-10-27,SKU0025,0,0.0,7,116
2025-11-03,SKU0025,98,125.0,7,116
2025-11-10,SKU0025,131,136.0,7,116
2025-11-17,SKU0025,175,138.0,7,116
2025-11-24,SKU0025,135,131.0,7,116
2025-12-01,SKU0025,144,118.0,7,116
2025-12-08,SKU0025,67,0.0,7,116
2025-12-15,SKU0025,169,,7,116
2025-12-22,SKU0025,228,136.0,7,116
2025-12-29,SKU0025,120,0.0,7,116
2024-01-01,SKU0026,301,0.0,10,143
2024-01-08,SKU0026,209,0.0,10,143
2024-01-15,SKU0026,126,0.0,10,143
2024-01-22,SKU0026,24,0.0,10,143
2024-01-29,SKU0026,124,249.0,10,143
2024-02-05,SKU0026,222,207.0,10,143
2024-02-12,SKU0026,205,231.0,10,143
2024-02-19,SKU0026,244,161.0,10,143
2024-02-26,SKU0026,159,0.0,10,143
2024-03-04,SKU0026,96,0.0,10,143
2024-03-11,SKU0026,119,225.0,10,143
2024-03-18,SKU0026,36,0.0,10,143
2024-03-25,SKU0026,0,0.0,10,143
2024-04-01,SKU0026,88,173.0,10,143
2024-04-08,SKU0026,97,192.0,10,143
2024-04-15,SKU0026,23,0.0,10,143
2024-04-22,SKU0026,0,0.0,10,143
2024-04-29,SKU0026,0,0.0,10,143
2024-05-06,SKU0026,0,0.0,10,143
2024-05-13,SKU0026,107,154.0,10,143
2024-05-20,SKU0026,29,0.0,10,143
2024-05-27,SKU0026,98,223.0,10,143
2024-06-03,SKU0026,19,0.0,10,143
2024-06-10,SKU0026,0,0.0,10,143
2024-06-17,SKU0026,120,163.0,10,143
2024-06-24,SKU0026,131,194.0,10,143
2024-07-01,SKU0026,38,0.0,10,143
2024-07-08,SKU0026,0,0.0,10,143
2024-07-15,SKU0026,74,159.0,10,143
2024-07-22,SKU0026,0,0.0,10,143
2024-07-29,SKU0026,0,0.0,10,143
2024-08-05,SKU0026,0,0.0,10,143
2024-08-12,SKU0026,134,200.0,10,143
2024-08-19,SKU0026,46,0.0,10,143
2024-08-26,SKU0026,0,0.0,10,143
2024-09-02,SKU0026,0,0.0,10,143
2024-09-09,SKU0026,0,0.0,10,143
2024-09-16,SKU0026,0,0.0,10,143
2024-09-23,SKU0026,0,0.0,10,143
2024-09-30,SKU0026,97,198.0,10,143
2024-10-07,SKU0026,94,166.0,10,143
2024-10-14,SKU0026,140,191.0,10,143
2024-10-21,SKU0026,216,208.0,10,143
2024-10-21,SKU0026,216,208.0,10,143
2024-10-28,SKU0026,235,178.0,10,143
2024-11-04,SKU0026,155,0.0,10,143
2024-11-11,SKU0026,216,219.0,10,143
2024-11-18,SKU0026,124,0.0,10,143
2024-11-25,SKU0026,21,0.0,10,143
2024-12-02,SKU0026,0,0.0,10,143
2024-12-09,SKU0026,0,0.0,10,143
2024-12-16,SKU0026,0,0.0,10,143
2024-12-23,SKU0026,138,186.0,10,143
2024-12-30,SKU0026,59,0.0,10,143
2025-01-06,SKU0026,91,183.0,10,143
2025-01-13,SKU0026,74,178.0,10,143
2025-01-20,SKU0026,168,174.0,10,143
2025-01-27,SKU0026,248,230.0,10,143
2025-02-03,SKU0026,151,0.0,10,143
2025-02-10,SKU0026,216,225.0,10,143
2025-02-17,SKU0026,236,175.0,10,143
2025-02-24,SKU0026,149,0.0,10,143
2025-03-03,SKU0026,220,200.0,10,143
2025-03-10,SKU0026,285,232.0,10,143
2025-03-17,SKU0026,197,0.0,10,143
2025-03-24,SKU0026,258,246.0,10,143
2025-03-31,SKU0026,154,0.0,10,143
2025-04-07,SKU0026,223,231.0,10,143
2025-04-14,SKU0026,257,189.0,10,143
2025-04-21,SKU0026,175,0.0,10,143
2025-04-28,SKU0026,191,215.0,10,143
2025-05-05,SKU0026,225,181.0,10,143
2025-05-12,SKU0026,245,213.0,10,143
2025-05-19,SKU0026,172,0.0,10,143
2025-05-26,SKU0026,228,176.0,10,143
2025-06-02,SKU0026,254,241.0,10,143
2025-06-09,SKU0026,175,0.0,10,143
2025-06-16,SKU0026,99,0.0,10,143
2025-06-23,SKU0026,9,0.0,10,143
2025-06-30,SKU0026,66,191.0,10,143
2025-07-07,SKU0026,0,0.0,10,143
2025-07-14,SKU0026,169,168.0,10,143
2025-07-21,SKU0026,74,0.0,10,143
2025-07-28,SKU0026,0,0.0,10,143
2025-08-04,SKU0026,91,232.0,10,143
2025-08-11,SKU0026,173,242.0,10,143
2025-08-18,SKU0026,87,0.0,10,143
2025-08-25,SKU0026,0,0.0,10,143
2025-09-01,SKU0026,183,204.0,10,143
2025-09-08,SKU0026,275,,10,143
2025-09-15,SKU0026,186,0.0,10,143
2025-09-22,SKU0026,181,253.0,10,143
2025-09-29,SKU0026,166,163.0,10,143
2025-10-06,SKU0026,277,250.0,10,143
2025-10-13,SKU0026,185,0.0,10,143
2025-10-20,SKU0026,93,0.0,10,143
2025-10-27,SKU0026,5,0.0,10,143
2025-11-03,SKU0026,0,0.0,10,143
2025-11-10,SKU0026,79,158.0,10,143
2025-11-17,SKU0026,0,0.0,10,143
2025-11-24,SKU0026,134,230.0,10,143
2025-12-01,SKU0026,39,0.0,10,143
2025-12-08,SKU0026,0,0.0,10,143
2025-12-15,SKU0026,170,218.0,10,143
2025-12-22,SKU0026,151,191.0,10,143
2025-12-29,SKU0026,214,171.0,10,143
2024-01-01,SKU0027,358,0.0,14,124
2024-01-08,SKU0027,311,0.0,14,124
2024-01-15,SKU0027,272,0.0,14,124
2024-01-22,SKU0027,218,0.0,14,124
2024-01-29,SKU0027,171,0.0,14,124
2024-02-05,SKU0027,124,0.0,14,124
2024-02-12,SKU0027,148,184.0,14,124
2024-02-19,SKU0027,177,163.0,14,124
2024-02-26,SKU0027,125,0.0,14,124
2024-03-04,SKU0027,174,174.0,14,124
2024-03-11,SKU0027,130,0.0,14,124
2024-03-18,SKU0027,149,181.0,14,124
2024-03-25,SKU0027,200,177.0,14,124
2024-04-01,SKU0027,149,0.0,14,124
2024-04-08,SKU0027,101,0.0,14,124
2024-04-15,SKU0027,143,172.0,14,124
2024-04-22,SKU0027,145,186.0,14,124
2024-04-29,SKU0027,185,171.0,14,124
2024-05-06,SKU0027,139,0.0,14,124
2024-05-13,SKU0027,88,0.0,14,124
2024-05-20,SKU0027,142,165.0,14,124
2024-05-27,SKU0027,143,178.0,14,124
2024-06-03,SKU0027,160,129.0,14,124
2024-06-10,SKU0027,185,191.0,14,124
2024-06-17,SKU0027,138,0.0,14,124
2024-06-24,SKU0027,142,128.0,14,124
2024-07-01,SKU0027,132,193.0,14,124
2024-07-08,SKU0027,85,0.0,14,124
2024-07-15,SKU0027,130,196.0,14,124
2024-07-22,SKU0027,73,0.0,14,124
2024-07-29,SKU0027,83,184.0,14,124
2024-08-05,SKU0027,135,133.0,14,124
2024-08-12,SKU0027,162,176.0,14,124
2024-08-19,SKU0027,116,0.0,14,124
2024-08-26,SKU0027,173,138.0,14,124
2024-09-02,SKU0027,132,0.0,14,124
2024-09-09,SKU0027,87,0.0,14,124
2024-09-16,SKU0027,30,0.0,14,124
2024-09-23,SKU0027,89,166.0,14,124
2024-09-30,SKU0027,37,0.0,14,124
2024-10-07,SKU0027,51,150.0,14,124
2024-10-14,SKU0027,0,0.0,14,124
2024-10-21,SKU0027,0,0.0,14,124
2024-10-28,SKU0027,0,0.0,14,124
2024-11-04,SKU0027,96,123.0,14,124
2024-11-11,SKU0027,147,132.0,14,124
2024-11-18,SKU0027,99,0.0,14,124
2024-11-25,SKU0027,117,132.0,14,124
2024-12-02,SKU0027,128,169.0,14,124
2024-12-09,SKU0027,177,179.0,14,124
2024-12-16,SKU0027,133,0.0,14,124
2024-12-23,SKU0027,183,170.0,14,124
2024-12-30,SKU0027,128,0.0,14,124
2025-01-06,SKU0027,79,0.0,14,124
2025-01-13,SKU0027,96,186.0,14,124
2025-01-20,SKU0027,39,0.0,14,124
2025-01-27,SKU0027,0,0.0,14,124
2025-02-03,SKU0027,44,122.0,14,124
2025-02-10,SKU0027,0,0.0,14,124
2025-02-17,SKU0027,67,148.0,14,124
2025-02-24,SKU0027,35,0.0,14,124
2025-03-03,SKU0027,91,123.0,14,124
2025-03-10,SKU0027,50,0.0,14,124
2025-03-17,SKU0027,0,0.0,14,124
2025-03-24,SKU0027,80,145.0,14,124
2025-03-31,SKU0027,21,0.0,14,124
2025-04-07,SKU0027,104,,14,124
2025-04-14,SKU0027,94,163.0,14,124
2025-04-21,SKU0027,43,0.0,14,124
2025-04-28,SKU0027,0,0.0,14,124
2025-05-05,SKU0027,106,201.0,14,124
2025-05-12,SKU0027,61,0.0,14,124
2025-05-19,SKU0027,77,151.0,14,124
2025-05-26,SKU0027,28,0.0,14,124
2025-06-02,SKU0027,47,160.0,14,124
2025-06-09,SKU0027,96,168.0,14,124
2025-06-16,SKU0027,138,140.0,14,124
2025-06-23,SKU0027,122,151.0,14,124
2025-06-30,SKU0027,62,0.0,14,124
2025-07-07,SKU0027,54,130.0,14,124
2025-07-14,SKU0027,59,165.0,14,124
2025-07-21,SKU0027,51,175.0,14,124
2025-07-28,SKU0027,0,0.0,14,124
2025-08-04,SKU0027,0,0.0,14,124
2025-08-11,SKU0027,93,133.0,14,124
2025-08-18,SKU0027,47,0.0,14,124
2025-08-25,SKU0027,89,193.0,14,124
2025-09-01,SKU0027,130,170.0,14,124
2025-09-08,SKU0027,189,124.0,14,124
2025-09-15,SKU0027,145,0.0,14,124
2025-09-22,SKU0027,182,124.0,14,124
2025-09-29,SKU0027,136,0.0,14,124
2025-10-06,SKU0027,87,0.0,14,124
2025-10-13,SKU0027,14,0.0,14,124
2025-10-20,SKU0027,63,131.0,14,124
2025-10-27,SKU0027,4,0.0,14,124
2025-11-03,SKU0027,0,0.0,14,124
2025-11-10,SKU0027,0,0.0,14,124
2025-11-17,SKU0027,0,0.0,14,124
2025-11-24,SKU0027,0,0.0,14,124
2025-12-01,SKU0027,0,,14,124
2025-12-08,SKU0027,61,138.0,14,124
2025-12-15,SKU0027,87,185.0,14,124
2025-12-22,SKU0027,28,0.0,14,124
2025-12-29,SKU0027,0,0.0,14,124
2024-01-01,SKU0028,50,0.0,30,502
2024-01-08,SKU0028,0,0.0,30,502
2024-01-15,SKU0028,0,0.0,30,502
2024-01-22,SKU0028,87,825.0,30,502
2024-01-29,SKU0028,0,0.0,30,502
2024-02-05,SKU0028,0,0.0,30,502
2024-02-12,SKU0028,0,0.0,30,502
2024-02-19,SKU0028,88,678.0,30,502
2024-02-26,SKU0028,147,836.0,30,502
2024-03-04,SKU0028,162,782.0,30,502
2024-03-11,SKU0028,245,902.0,30,502
2024-03-18,SKU0028,357,861.0,30,502
2024-03-25,SKU0028,247,0.0,30,502
2024-04-01,SKU0028,343,687.0,30,502
2024-04-08,SKU0028,337,827.0,30,502
2024-04-15,SKU0028,443,,30,502
2024-04-22,SKU0028,329,0.0,30,502
2024-04-29,SKU0028,374,608.0,30,502
2024-05-06,SKU0028,335,784.0,30,502
2024-05-13,SKU0028,355,693.0,30,502
2024-05-20,SKU0028,238,0.0,30,502
2024-05-27,SKU0028,125,0.0,30,502
2024-06-03,SKU0028,136,812.0,30,502
2024-06-10,SKU0028,20,0.0,30,502
2024-06-17,SKU0028,0,0.0,30,502
2024-06-24,SKU0028,174,863.0,30,502
2024-07-01,SKU0028,66,0.0,30,502
2024-07-08,SKU0028,93,937.0,30,502
2024-07-15,SKU0028,221,871.0,30,502
2024-07-22,SKU0028,120,0.0,30,502
2024-07-29,SKU0028,107,859.0,30,502
2024-08-05,SKU0028,0,0.0,30,502
2024-08-12,SKU0028,235,807.0,30,502
2024-08-19,SKU0028,230,630.0,30,502
2024-08-26,SKU0028,124,0.0,30,502
2024-09-02,SKU0028,11,0.0,30,502
2024-09-09,SKU0028,212,717.0,30,502
2024-09-16,SKU0028,321,,30,502
2024-09-23,SKU0028,185,0.0,30,502
2024-09-30,SKU0028,78,0.0,30,502
2024-10-07,SKU0028,90,896.0,30,502
2024-10-14,SKU0028,0,0.0,30,502
2024-10-21,SKU0028,0,0.0,30,502
2024-10-28,SKU0028,164,936.0,30,502
2024-11-04,SKU0028,278,858.0,30,502
2024-11-11,SKU0028,297,696.0,30,502
2024-11-18,SKU0028,198,0.0,30,502
2024-11-25,SKU0028,80,0.0,30,502
2024-12-02,SKU0028,226,671.0,30,502
2024-12-09,SKU0028,324,793.0,30,502
2024-12-16,SKU0028,464,787.0,30,502
2024-12-23,SKU0028,359,0.0,30,502
2024-12-30,SKU0028,230,0.0,30,502
2025-01-06,SKU0028,335,669.0,30,502
2025-01-13,SKU0028,405,726.0,30,502
2025-01-20,SKU0028,502,791.0,30,502
2025-01-27,SKU0028,623,938.0,30,502
2025-02-03,SKU0028,645,680.0,30,502
2025-02-10,SKU0028,509,0.0,30,502
2025-02-17,SKU0028,590,689.0,30,502
2025-02-24,SKU0028,593,738.0,30,502
2025-03-03,SKU0028,629,652.0,30,502
2025-03-10,SKU0028,482,0.0,30,502
2025-03-17,SKU0028,385,0.0,30,502
2025-03-24,SKU0028,372,957.0,30,502
2025-03-31,SKU0028,390,955.0,30,502
2025-04-07,SKU0028,449,676.0,30,502
2025-04-14,SKU0028,333,0.0,30,502
2025-04-21,SKU0028,240,0.0,30,502
2025-04-28,SKU0028,136,0.0,30,502
2025-05-05,SKU0028,218,850.0,30,502
2025-05-12,SKU0028,106,0.0,30,502
2025-05-19,SKU0028,193,939.0,30,502
2025-05-26,SKU0028,78,0.0,30,502
2025-06-02,SKU0028,0,0.0,30,502
2025-06-09,SKU0028,212,826.0,30,502
2025-06-16,SKU0028,102,0.0,30,502
2025-06-23,SKU0028,159,774.0,30,502
2025-06-30,SKU0028,185,649.0,30,502
2025-07-07,SKU0028,238,843.0,30,502
2025-07-14,SKU0028,327,945.0,30,502
2025-07-21,SKU0028,206,0.0,30,502
2025-07-28,SKU0028,246,783.0,30,502
2025-08-04,SKU0028,360,646.0,30,502
2025-08-11,SKU0028,361,783.0,30,502
2025-08-18,SKU0028,447,583.0,30,502
2025-08-25,SKU0028,460,886.0,30,502
2025-09-01,SKU0028,555,842.0,30,502
2025-09-08,SKU0028,432,0.0,30,502
2025-09-15,SKU0028,321,0.0,30,502
2025-09-22,SKU0028,207,0.0,30,502
2025-09-29,SKU0028,312,778.0,30,502
2025-10-06,SKU0028,426,828.0,30,502
2025-10-13,SKU0028,455,773.0,30,502
2025-10-20,SKU0028,355,0.0,30,502
2025-10-27,SKU0028,464,740.0,30,502
2025-11-03,SKU0028,341,,30,502
2025-11-10,SKU0028,372,928.0,30,502
2025-11-17,SKU0028,373,845.0,30,502
2025-11-24,SKU0028,334,747.0,30,502
2025-12-01,SKU0028,231,0.0,30,502
2025-12-08,SKU0028,117,0.0,30,502
2025-12-15,SKU0028,13,0.0,30,502
2025-12-22,SKU0028,0,0.0,30,502
2025-12-29,SKU0028,0,0.0,30,502
2024-01-01,SKU0029,571,0.0,10,196
2024-01-08,SKU0029,449,0.0,10,196
2024-01-15,SKU0029,326,0.0,10,196
2024-01-22,SKU0029,217,0.0,10,196
2024-01-29,SKU0029,240,244.0,10,196
2024-02-05,SKU0029,305,301.0,10,196
2024-02-12,SKU0029,285,306.0,10,196
2024-02-19,SKU0029,317,286.0,10,196
2024-02-26,SKU0029,215,0.0,10,196
2024-03-04,SKU0029,250,299.0,10,196
2024-03-11,SKU0029,274,355.0,10,196
2024-03-18,SKU0029,274,258.0,10,196
2024-03-25,SKU0029,152,0.0,10,196
2024-04-01,SKU0029,21,0.0,10,196
2024-04-08,SKU0029,118,334.0,10,196
2024-04-15,SKU0029,217,313.0,10,196
2024-04-22,SKU0029,358,287.0,10,196
2024-04-29,SKU0029,220,0.0,10,196
2024-05-06,SKU0029,209,287.0,10,196
2024-05-13,SKU0029,261,347.0,10,196
2024-05-20,SKU0029,350,308.0,10,196
2024-05-27,SKU0029,224,0.0,10,196
2024-06-03,SKU0029,99,0.0,10,196
2024-06-10,SKU0029,0,0.0,10,196
2024-06-17,SKU0029,0,0.0,10,196
2024-06-24,SKU0029,0,0.0,10,196
2024-07-01,SKU0029,0,0.0,10,196
2024-07-08,SKU0029,254,216.0,10,196
2024-07-15,SKU0029,123,0.0,10,196
2024-07-22,SKU0029,130,243.0,10,196
2024-07-29,SKU0029,2,0.0,10,196
2024-08-05,SKU0029,213,266.0,10,196
2024-08-12,SKU0029,285,267.0,10,196
2024-08-19,SKU0029,166,0.0,10,196
2024-08-26,SKU0029,49,0.0,10,196
2024-09-02,SKU0029,165,267.0,10,196
2024-09-09,SKU0029,147,341.0,10,196
2024-09-16,SKU0029,179,276.0,10,196
2024-09-23,SKU0029,41,0.0,10,196
2024-09-30,SKU0029,135,356.0,10,196
2024-10-07,SKU0029,141,247.0,10,196
2024-10-14,SKU0029,200,243.0,10,196
2024-10-21,SKU0029,264,336.0,10,196
2024-10-28,SKU0029,309,282.0,10,196
2024-11-04,SKU0029,172,0.0,10,196
2024-11-11,SKU0029,168,265.0,10,196
2024-11-18,SKU0029,280,288.0,10,196
2024-11-25,SKU0029,172,0.0,10,196
2024-12-02,SKU0029,157,309.0,10,196
2024-12-09,SKU0029,137,247.0,10,196
2024-12-16,SKU0029,267,267.0,10,196
2024-12-23,SKU0029,139,0.0,10,196
2024-12-30,SKU0029,6,0.0,10,196
2025-01-06,SKU0029,135,292.0,10,196
2025-01-13,SKU0029,143,239.0,10,196
2025-01-20,SKU0029,292,276.0,10,196
2025-01-27,SKU0029,162,0.0,10,196
2025-02-03,SKU0029,134,248.0,10,196
2025-02-10,SKU0029,12,0.0,10,196
2025-02-17,SKU0029,227,298.0,10,196
2025-02-24,SKU0029,107,0.0,10,196
2025-03-03,SKU0029,0,0.0,10,196
2025-03-10,SKU0029,201,334.0,10,196
2025-03-17,SKU0029,326,218.0,10,196
2025-03-24,SKU0029,194,0.0,10,196
2025-03-31,SKU0029,320,280.0,10,196
2025-04-07,SKU0029,278,273.0,10,196
2025-04-14,SKU0029,414,319.0,10,196
2025-04-21,SKU0029,303,0.0,10,196
2025-04-28,SKU0029,273,337.0,10,196
2025-05-05,SKU0029,333,314.0,10,196
2025-05-12,SKU0029,215,0.0,10,196
2025-05-19,SKU0029,219,357.0,10,196
2025-05-26,SKU0029,77,0.0,10,196
2025-06-02,SKU0029,252,340.0,10,196
2025-06-09,SKU0029,139,0.0,10,196
2025-06-16,SKU0029,137,296.0,10,196
2025-06-23,SKU0029,259,294.0,10,196
2025-06-30,SKU0029,362,235.0,10,196
2025-07-07,SKU0029,239,0.0,10,196
2025-07-14,SKU0029,219,305.0,10,196
2025-07-21,SKU0029,195,309.0,10,196
2025-07-28,SKU0029,71,0.0,10,196
2025-08-04,SKU0029,163,269.0,10,196
2025-08-11,SKU0029,268,241.0,10,196
2025-08-18,SKU0029,229,357.0,10,196
2025-08-25,SKU0029,198,259.0,10,196
2025-09-01,SKU0029,248,316.0,10,196
2025-09-08,SKU0029,211,316.0,10,196
2025-09-15,SKU0029,83,0.0,10,196
2025-09-22,SKU0029,0,0.0,10,196
2025-09-29,SKU0029,0,0.0,10,196
2025-10-06,SKU0029,263,295.0,10,196
2025-10-13,SKU0029,351,351.0,10,196
2025-10-20,SKU0029,206,,10,196
2025-10-27,SKU0029,199,309.0,10,196
2025-11-03,SKU0029,345,254.0,10,196
2025-11-10,SKU0029,217,0.0,10,196
2025-11-17,SKU0029,349,296.0,10,196
2025-11-24,SKU0029,235,0.0,10,196
2025-12-01,SKU0029,283,275.0,10,196
2025-12-08,SKU0029,349,221.0,10,196
2025-12-15,SKU0029,232,0.0,10,196
2025-12-22,SKU0029,110,0.0,10,196
2025-12-29,SKU0029,200,217.0,10,196
2024-01-01,SKU0030,518,0.0,10,271
2024-01-08,SKU0030,363,0.0,10,271
2024-01-15,SKU0030,210,0.0,10,271
2024-01-22,SKU0030,55,0.0,10,271
2024-01-29,SKU0030,0,0.0,10,271
2024-02-05,SKU0030,153,306.0,10,271
2024-02-12,SKU0030,0,0.0,10,271
2024-02-19,SKU0030,202,355.0,10,271
2024-02-26,SKU0030,211,313.0,10,271
2024-03-04,SKU0030,211,376.0,10,271
2024-03-11,SKU0030,395,371.0,10,271
2024-03-18,SKU0030,570,320.0,10,271
2024-03-25,SKU0030,404,0.0,10,271
2024-04-01,SKU0030,229,0.0,10,271
2024-04-08,SKU0030,365,406.0,10,271
2024-04-15,SKU0030,224,0.0,10,271
2024-04-22,SKU0030,53,0.0,10,271
2024-04-29,SKU0030,192,388.0,10,271
2024-05-06,SKU0030,355,453.0,10,271
2024-05-13,SKU0030,491,354.0,10,271
2024-05-20,SKU0030,334,0.0,10,271
2024-05-27,SKU0030,422,375.0,10,271
2024-06-03,SKU0030,544,446.0,10,271
2024-06-10,SKU0030,373,0.0,10,271
2024-06-17,SKU0030,201,0.0,10,271
2024-06-24,SKU0030,51,0.0,10,271
2024-07-01,SKU0030,0,0.0,10,271
2024-07-08,SKU0030,0,0.0,10,271
2024-07-15,SKU0030,133,316.0,10,271
2024-07-22,SKU0030,301,335.0,10,271
2024-07-29,SKU0030,326,415.0,10,271
2024-08-05,SKU0030,298,401.0,10,271
2024-08-12,SKU0030,140,0.0,10,271
2024-08-19,SKU0030,0,0.0,10,271
2024-08-26,SKU0030,316,359.0,10,271
2024-09-02,SKU0030,159,0.0,10,271
2024-09-09,SKU0030,299,365.0,10,271
2024-09-16,SKU0030,362,385.0,10,271
2024-09-23,SKU0030,398,296.0,10,271
2024-09-30,SKU0030,235,0.0,10,271
2024-10-07,SKU0030,343,450.0,10,271
2024-10-14,SKU0030,369,347.0,10,271
2024-10-21,SKU0030,474,337.0,10,271
2024-10-28,SKU0030,315,0.0,10,271
2024-11-04,SKU0030,118,0.0,10,271
2024-11-11,SKU0030,0,0.0,10,271
2024-11-18,SKU0030,0,0.0,10,271
2024-11-25,SKU0030,244,339.0,10,271
2024-12-02,SKU0030,339,397.0,10,271
2024-12-09,SKU0030,182,0.0,10,271
2024-12-16,SKU0030,38,0.0,10,271
2024-12-23,SKU0030,0,0.0,10,271
2024-12-30,SKU0030,0,0.0,10,271
2025-01-06,SKU0030,0,0.0,10,271
2025-01-13,SKU0030,268,473.0,10,271
2025-01-20,SKU0030,412,383.0,10,271
2025-01-27,SKU0030,532,408.0,10,271
2025-02-03,SKU0030,369,0.0,10,271
2025-02-10,SKU0030,348,411.0,10,271
2025-02-17,SKU0030,180,0.0,10,271
2025-02-24,SKU0030,272,378.0,10,271
2025-03-03,SKU0030,104,0.0,10,271
2025-03-10,SKU0030,0,0.0,10,271
2025-03-17,SKU0030,253,416.0,10,271
2025-03-24,SKU0030,236,360.0,10,271
2025-03-31,SKU0030,82,0.0,10,271
2025-04-07,SKU0030,206,369.0,10,271
2025-04-14,SKU0030,194,446.0,10,271
2025-04-21,SKU0030,27,0.0,10,271
2025-04-28,SKU0030,230,338.0,10,271
2025-05-05,SKU0030,263,387.0,10,271
2025-05-12,SKU0030,95,0.0,10,271
2025-05-19,SKU0030,312,360.0,10,271
2025-05-26,SKU0030,136,0.0,10,271
2025-06-02,SKU0030,157,451.0,10,271
2025-06-09,SKU0030,175,,10,271
2025-06-16,SKU0030,1,0.0,10,271
2025-06-23,SKU0030,253,350.0,10,271
2025-06-30,SKU0030,99,0.0,10,271
2025-07-07,SKU0030,205,451.0,10,271
2025-07-14,SKU0030,380,317.0,10,271
2025-07-21,SKU0030,223,0.0,10,271
2025-07-28,SKU0030,45,0.0,10,271
2025-08-04,SKU0030,219,472.0,10,271
2025-08-11,SKU0030,222,398.0,10,271
2025-08-18,SKU0030,42,0.0,10,271
2025-08-25,SKU0030,347,426.0,10,271
2025-09-01,SKU0030,300,296.0,10,271
2025-09-08,SKU0030,414,399.0,10,271
2025-09-15,SKU0030,272,0.0,10,271
2025-09-22,SKU0030,120,0.0,10,271
2025-09-29,SKU0030,211,400.0,10,271
2025-10-06,SKU0030,320,434.0,10,271
2025-10-13,SKU0030,162,0.0,10,271
2025-10-20,SKU0030,123,453.0,10,271
2025-10-27,SKU0030,181,462.0,10,271
2025-11-03,SKU0030,26,0.0,10,271
2025-11-10,SKU0030,340,335.0,10,271
2025-11-17,SKU0030,154,0.0,10,271
2025-11-24,SKU0030,129,454.0,10,271
2025-12-01,SKU0030,158,314.0,10,271
2025-12-08,SKU0030,129,332.0,10,271
2025-12-15,SKU0030,186,431.0,10,271
2025-12-22,SKU0030,21,0.0,10,271
2025-12-29,SKU0030,0,0.0,10,271
2024-01-01,SKU0031,561,0.0,7,146
2024-01-08,SKU0031,463,0.0,7,146
2024-01-15,SKU0031,375,0.0,7,146
2024-01-22,SKU0031,273,0.0,7,146
2024-01-29,SKU0031,183,0.0,7,146
2024-02-05,SKU0031,163,196.0,7,146
2024-02-12,SKU0031,257,198.0,7,146
2024-02-19,SKU0031,140,0.0,7,146
2024-02-26,SKU0031,218,146.0,7,146
2024-03-04,SKU0031,301,147.0,7,146
2024-03-11,SKU0031,201,0.0,7,146
2024-03-18,SKU0031,250,147.0,7,146
2024-03-25,SKU0031,158,0.0,7,146
2024-04-01,SKU0031,53,0.0,7,146
2024-04-08,SKU0031,180,,7,146
2024-04-15,SKU0031,77,0.0,7,146
2024-04-22,SKU0031,145,189.0,7,146
2024-04-29,SKU0031,38,0.0,7,146
2024-05-06,SKU0031,205,,7,146
2024-05-13,SKU0031,105,0.0,7,146
2024-05-20,SKU0031,125,195.0,7,146
2024-05-27,SKU0031,36,0.0,7,146
2024-06-03,SKU0031,0,0.0,7,146
2024-06-10,SKU0031,0,0.0,7,146
2024-06-17,SKU0031,205,141.0,7,146
2024-06-24,SKU0031,184,186.0,7,146
2024-07-01,SKU0031,199,199.0,7,146
2024-07-08,SKU0031,101,0.0,7,146
2024-07-15,SKU0031,148,204.0,7,146
2024-07-22,SKU0031,233,200.0,7,146
2024-07-29,SKU0031,135,0.0,7,146
2024-08-05,SKU0031,42,0.0,7,146
2024-08-12,SKU0031,172,205.0,7,146
2024-08-19,SKU0031,170,184.0,7,146
2024-08-26,SKU0031,78,0.0,7,146
2024-09-02,SKU0031,0,0.0,7,146
2024-09-09,SKU0031,220,138.0,7,146
2024-09-16,SKU0031,103,0.0,7,146
2024-09-23,SKU0031,119,202.0,7,146
2024-09-30,SKU0031,151,180.0,7,146
2024-10-07,SKU0031,55,0.0,7,146
2024-10-14,SKU0031,0,0.0,7,146
2024-10-21,SKU0031,205,143.0,7,146
2024-10-28,SKU0031,292,191.0,7,146
2024-11-04,SKU0031,196,,7,146
2024-11-11,SKU0031,77,0.0,7,146
2024-11-18,SKU0031,77,133.0,7,146
2024-11-25,SKU0031,0,0.0,7,146
2024-12-02,SKU0031,165,178.0,7,146
2024-12-09,SKU0031,222,136.0,7,146
2024-12-16,SKU0031,343,154.0,7,146
2024-12-23,SKU0031,239,0.0,7,146
2024-12-30,SKU0031,350,178.0,7,146
2025-01-06,SKU0031,248,0.0,7,146
2025-01-13,SKU0031,148,0.0,7,146
2025-01-20,SKU0031,155,196.0,7,146
2025-01-27,SKU0031,251,207.0,7,146
2025-02-03,SKU0031,141,0.0,7,146
2025-02-10,SKU0031,198,152.0,7,146
2025-02-17,SKU0031,291,162.0,7,146
2025-02-24,SKU0031,198,0.0,7,146
2025-03-03,SKU0031,113,0.0,7,146
2025-03-10,SKU0031,132,135.0,7,146
2025-03-17,SKU0031,227,203.0,7,146
2025-03-24,SKU0031,324,196.0,7,146
2025-03-31,SKU0031,223,0.0,7,146
2025-04-07,SKU0031,210,166.0,7,146
2025-04-14,SKU0031,103,0.0,7,146
2025-04-21,SKU0031,176,136.0,7,146
2025-04-28,SKU0031,170,144.0,7,146
2025-05-05,SKU0031,218,201.0,7,146
2025-05-12,SKU0031,341,155.0,7,146
2025-05-19,SKU0031,238,0.0,7,146
2025-05-26,SKU0031,229,153.0,7,146
2025-06-02,SKU0031,134,0.0,7,146
2025-06-09,SKU0031,24,0.0,7,146
2025-06-16,SKU0031,119,189.0,7,146
2025-06-23,SKU0031,27,0.0,7,146
2025-06-30,SKU0031,0,0.0,7,146
2025-07-07,SKU0031,0,0.0,7,146
2025-07-14,SKU0031,150,160.0,7,146
2025-07-21,SKU0031,251,174.0,7,146
2025-07-28,SKU0031,129,0.0,7,146
2025-08-04,SKU0031,45,0.0,7,146
2025-08-11,SKU0031,0,0.0,7,146
2025-08-18,SKU0031,0,0.0,7,146
2025-08-25,SKU0031,0,0.0,7,146
2025-09-01,SKU0031,175,141.0,7,146
2025-09-08,SKU0031,78,0.0,7,146
2025-09-15,SKU0031,0,0.0,7,146
2025-09-22,SKU0031,166,126.0,7,146
2025-09-29,SKU0031,54,0.0,7,146
2025-10-06,SKU0031,0,0.0,7,146
2025-10-13,SKU0031,0,0.0,7,146
2025-10-20,SKU0031,179,172.0,7,146
2025-10-27,SKU0031,68,0.0,7,146
2025-11-03,SKU0031,143,139.0,7,146
2025-11-10,SKU0031,125,172.0,7,146
2025-11-17,SKU0031,8,0.0,7,146
2025-11-24,SKU0031,190,129.0,7,146
2025-12-01,SKU0031,71,0.0,7,146
2025-12-08,SKU0031,0,0.0,7,146
2025-12-15,SKU0031,127,199.0,7,146
2025-12-22,SKU0031,25,0.0,7,146
2025-12-29,SKU0031,220,191.0,7,146
2024-01-01,SKU0032,388,0.0,7,99
2024-01-08,SKU0032,275,0.0,7,99
2024-01-15,SKU0032,175,0.0,7,99
2024-01-22,SKU0032,69,0.0,7,99
2024-01-29,SKU0032,0,0.0,7,99
2024-02-05,SKU0032,103,125.0,7,99
2024-02-12,SKU0032,148,162.0,7,99
2024-02-19,SKU0032,37,,7,99
2024-02-26,SKU0032,0,0.0,7,99
2024-03-04,SKU0032,120,136.0,7,99
2024-03-11,SKU0032,235,143.0,7,99
2024-03-18,SKU0032,149,0.0,7,99
2024-03-25,SKU0032,39,0.0,7,99
2024-04-01,SKU0032,0,0.0,7,99
2024-04-08,SKU0032,0,0.0,7,99
2024-04-15,SKU0032,0,0.0,7,99
2024-04-22,SKU0032,0,0.0,7,99
2024-04-29,SKU0032,0,0.0,7,99
2024-05-06,SKU0032,101,197.0,7,99
2024-05-13,SKU0032,0,0.0,7,99
2024-05-20,SKU0032,0,0.0,7,99
2024-05-27,SKU0032,211,134.0,7,99
2024-06-03,SKU0032,123,0.0,7,99
2024-06-10,SKU0032,25,0.0,7,99
2024-06-17,SKU0032,169,151.0,7,99
2024-06-24,SKU0032,62,0.0,7,99
2024-07-01,SKU0032,0,0.0,7,99
2024-07-08,SKU0032,204,196.0,7,99
2024-07-15,SKU0032,236,189.0,7,99
2024-07-22,SKU0032,121,0.0,7,99
2024-07-29,SKU0032,22,0.0,7,99
2024-08-05,SKU0032,205,136.0,7,99
2024-08-12,SKU0032,120,0.0,7,99
2024-08-19,SKU0032,151,124.0,7,99
2024-08-26,SKU0032,59,0.0,7,99
2024-09-02,SKU0032,178,185.0,7,99
2024-09-09,SKU0032,249,153.0,7,99
2024-09-16,SKU0032,158,0.0,7,99
2024-09-23,SKU0032,52,0.0,7,99
2024-09-30,SKU0032,108,188.0,7,99
2024-10-07,SKU0032,102,139.0,7,99
2024-10-14,SKU0032,9,0.0,7,99
2024-10-21,SKU0032,84,192.0,7,99
2024-10-28,SKU0032,183,125.0,7,99
2024-11-04,SKU0032,187,134.0,7,99
2024-11-11,SKU0032,214,169.0,7,99
2024-11-18,SKU0032,106,0.0,7,99
2024-11-25,SKU0032,6,0.0,7,99
2024-12-02,SKU0032,0,0.0,7,99
2024-12-09,SKU0032,0,0.0,7,99
2024-12-16,SKU0032,0,0.0,7,99
2024-12-23,SKU0032,117,190.0,7,99
2024-12-30,SKU0032,169,175.0,7,99
2025-01-06,SKU0032,61,0.0,7,99
2025-01-13,SKU0032,77,119.0,7,99
2025-01-20,SKU0032,187,134.0,7,99
2025-01-27,SKU0032,245,148.0,7,99
2025-02-03,SKU0032,154,0.0,7,99
2025-02-10,SKU0032,56,0.0,7,99
2025-02-17,SKU0032,136,153.0,7,99
2025-02-24,SKU0032,256,196.0,7,99
2025-03-03,SKU0032,167,0.0,7,99
2025-03-10,SKU0032,61,0.0,7,99
2025-03-17,SKU0032,83,127.0,7,99
2025-03-24,SKU0032,132,159.0,7,99
2025-03-31,SKU0032,27,0.0,7,99
2025-04-07,SKU0032,204,186.0,7,99
2025-04-14,SKU0032,102,0.0,7,99
2025-04-21,SKU0032,0,0.0,7,99
2025-04-28,SKU0032,172,156.0,7,99
2025-05-05,SKU0032,266,137.0,7,99
2025-05-12,SKU0032,161,0.0,7,99
2025-05-19,SKU0032,61,0.0,7,99
2025-05-26,SKU0032,120,125.0,7,99
2025-06-02,SKU0032,118,179.0,7,99
2025-06-09,SKU0032,106,134.0,7,99
2025-06-16,SKU0032,158,145.0,7,99
2025-06-23,SKU0032,75,0.0,7,99
2025-06-30,SKU0032,175,141.0,7,99
2025-07-07,SKU0032,99,0.0,7,99
2025-07-14,SKU0032,86,193.0,7,99
2025-07-21,SKU0032,146,170.0,7,99
2025-07-28,SKU0032,44,0.0,7,99
2025-08-04,SKU0032,98,186.0,7,99
2025-08-11,SKU0032,0,0.0,7,99
2025-08-18,SKU0032,0,0.0,7,99
2025-08-25,SKU0032,103,157.0,7,99
2025-09-01,SKU0032,174,145.0,7,99
2025-09-08,SKU0032,71,0.0,7,99
2025-09-15,SKU0032,100,123.0,7,99
2025-09-22,SKU0032,14,0.0,7,99
2025-09-29,SKU0032,79,166.0,7,99
2025-10-06,SKU0032,135,123.0,7,99
2025-10-13,SKU0032,156,149.0,7,99
2025-10-20,SKU0032,189,124.0,7,99
2025-10-27,SKU0032,84,0.0,7,99
2025-11-03,SKU0032,0,0.0,7,99
2025-11-10,SKU0032,0,0.0,7,99
2025-11-17,SKU0032,156,182.0,7,99
2025-11-24,SKU0032,58,0.0,7,99
2025-12-01,SKU0032,77,131.0,7,99
2025-12-08,SKU0032,198,195.0,7,99
2025-12-15,SKU0032,256,,7,99
2025-12-22,SKU0032,164,0.0,7,99
2025-12-29,SKU0032,211,195.0,7,99
2024-01-01,SKU0033,105,0.0,14,43
2024-01-08,SKU0033,87,0.0,14,43
2024-01-15,SKU0033,64,0.0,14,43
2024-01-22,SKU0033,45,0.0,14,43
2024-01-29,SKU0033,66,66.0,14,43
2024-02-05,SKU0033,47,0.0,14,43
2024-02-12,SKU0033,55,52.0,14,43
2024-02-19,SKU0033,30,0.0,14,43
2024-02-26,SKU0033,28,50.0,14,43
2024-03-04,SKU0033,9,0.0,14,43
2024-03-11,SKU0033,0,0.0,14,43
2024-03-18,SKU0033,0,0.0,14,43
2024-03-25,SKU0033,14,46.0,14,43
2024-04-01,SKU0033,22,61.0,14,43
2024-04-08,SKU0033,9,0.0,14,43
2024-04-15,SKU0033,32,48.0,14,43
2024-04-22,SKU0033,19,0.0,14,43
2024-04-29,SKU0033,39,61.0,14,43
2024-05-06,SKU0033,24,0.0,14,43
2024-05-13,SKU0033,5,0.0,14,43
2024-05-20,SKU0033,28,70.0,14,43
2024-05-27,SKU0033,11,0.0,14,43
2024-06-03,SKU0033,0,0.0,14,43
2024-06-10,SKU0033,39,66.0,14,43
2024-06-17,SKU0033,23,0.0,14,43
2024-06-24,SKU0033,39,50.0,14,43
2024-07-01,SKU0033,60,44.0,14,43
2024-07-08,SKU0033,57,68.0,14,43
2024-07-15,SKU0033,40,0.0,14,43
2024-07-22,SKU0033,27,0.0,14,43
2024-07-29,SKU0033,12,0.0,14,43
2024-08-05,SKU0033,36,72.0,14,43
2024-08-12,SKU0033,55,60.0,14,43
2024-08-19,SKU0033,61,67.0,14,43
2024-08-26,SKU0033,37,0.0,14,43
2024-09-02,SKU0033,42,51.0,14,43
2024-09-09,SKU0033,24,0.0,14,43
2024-09-16,SKU0033,36,48.0,14,43
2024-09-23,SKU0033,12,0.0,14,43
2024-09-30,SKU0033,0,0.0,14,43
2024-10-07,SKU0033,31,67.0,14,43
2024-10-14,SKU0033,39,67.0,14,43
2024-10-21,SKU0033,26,0.0,14,43
2024-10-28,SKU0033,40,67.0,14,43
2024-11-04,SKU0033,57,61.0,14,43
2024-11-11,SKU0033,41,0.0,14,43
2024-11-18,SKU0033,32,46.0,14,43
2024-11-25,SKU0033,44,56.0,14,43
2024-12-02,SKU0033,49,52.0,14,43
2024-12-09,SKU0033,63,54.0,14,43
2024-12-16,SKU0033,51,0.0,14,43
2024-12-23,SKU0033,58,45.0,14,43
2024-12-30,SKU0033,56,58.0,14,43
2025-01-06,SKU0033,35,0.0,14,43
2025-01-13,SKU0033,19,0.0,14,43
2025-01-20,SKU0033,36,66.0,14,43
2025-01-27,SKU0033,53,58.0,14,43
2025-02-03,SKU0033,64,55.0,14,43
2025-02-10,SKU0033,59,,14,43
2025-02-17,SKU0033,43,0.0,14,43
2025-02-24,SKU0033,24,0.0,14,43
2025-03-03,SKU0033,34,62.0,14,43
2025-03-10,SKU0033,41,72.0,14,43
2025-03-17,SKU0033,24,0.0,14,43
2025-03-24,SKU0033,20,67.0,14,43
2025-03-31,SKU0033,38,71.0,14,43
2025-04-07,SKU0033,19,0.0,14,43
2025-04-14,SKU0033,32,44.0,14,43
2025-04-21,SKU0033,51,51.0,14,43
2025-04-28,SKU0033,28,0.0,14,43
2025-05-05,SKU0033,37,47.0,14,43
2025-05-12,SKU0033,58,65.0,14,43
2025-05-19,SKU0033,41,0.0,14,43
2025-05-26,SKU0033,21,0.0,14,43
2025-06-02,SKU0033,25,70.0,14,43
2025-06-09,SKU0033,51,51.0,14,43
2025-06-16,SKU0033,54,66.0,14,43
2025-06-23,SKU0033,68,44.0,14,43
2025-06-30,SKU0033,45,0.0,14,43
2025-07-07,SKU0033,58,55.0,14,43
2025-07-14,SKU0033,47,0.0,14,43
2025-07-21,SKU0033,29,0.0,14,43
2025-07-28,SKU0033,33,71.0,14,43
2025-08-04,SKU0033,39,50.0,14,43
2025-08-11,SKU0033,28,0.0,14,43
2025-08-18,SKU0033,23,71.0,14,43
2025-08-25,SKU0033,26,49.0,14,43
2025-09-01,SKU0033,21,,14,43
2025-09-08,SKU0033,20,45.0,14,43
2025-09-15,SKU0033,24,47.0,14,43
2025-09-22,SKU0033,20,73.0,14,43
2025-09-29,SKU0033,38,62.0,14,43
2025-10-06,SKU0033,45,61.0,14,43
2025-10-13,SKU0033,61,47.0,14,43
2025-10-20,SKU0033,43,0.0,14,43
2025-10-27,SKU0033,25,0.0,14,43
2025-11-03,SKU0033,29,45.0,14,43
2025-11-10,SKU0033,39,59.0,14,43
2025-11-17,SKU0033,53,63.0,14,43
2025-11-24,SKU0033,48,0.0,14,43
2025-12-01,SKU0033,62,60.0,14,43
2025-12-08,SKU0033,47,0.0,14,43
2025-12-15,SKU0033,53,65.0,14,43
2025-12-22,SKU0033,50,55.0,14,43
2025-12-29,SKU0033,36,0.0,14,43
2024-01-01,SKU0034,517,365.0,14,320
2024-01-08,SKU0034,360,0.0,14,320
2024-01-15,SKU0034,514,547.0,14,320
2024-01-22,SKU0034,381,0.0,14,320
2024-01-29,SKU0034,448,567.0,14,320
2024-02-05,SKU0034,592,472.0,14,320
2024-02-12,SKU0034,440,0.0,14,320
2024-02-19,SKU0034,469,395.0,14,320
2024-02-26,SKU0034,326,0.0,14,320
2024-03-04,SKU0034,373,395.0,14,320
2024-03-11,SKU0034,362,451.0,14,320
2024-03-18,SKU0034,236,0.0,14,320
2024-03-25,SKU0034,213,514.0,14,320
2024-04-01,SKU0034,280,,14,320
2024-04-08,SKU0034,138,0.0,14,320
2024-04-15,SKU0034,106,350.0,14,320
2024-04-22,SKU0034,0,0.0,14,320
2024-04-29,SKU0034,0,0.0,14,320
2024-05-06,SKU0034,139,443.0,14,320
2024-05-13,SKU0034,0,0.0,14,320
2024-05-20,SKU0034,0,0.0,14,320
2024-05-27,SKU0034,0,0.0,14,320
2024-06-03,SKU0034,0,0.0,14,320
2024-06-10,SKU0034,155,561.0,14,320
2024-06-17,SKU0034,216,435.0,14,320
2024-06-24,SKU0034,84,0.0,14,320
2024-07-01,SKU0034,225,417.0,14,320
2024-07-08,SKU0034,83,0.0,14,320
2024-07-15,SKU0034,0,0.0,14,320
2024-07-22,SKU0034,174,380.0,14,320
2024-07-29,SKU0034,31,0.0,14,320
2024-08-05,SKU0034,0,0.0,14,320
2024-08-12,SKU0034,169,524.0,14,320
2024-08-19,SKU0034,240,476.0,14,320
2024-08-26,SKU0034,109,0.0,14,320
2024-09-02,SKU0034,0,0.0,14,320
2024-09-09,SKU0034,294,561.0,14,320
2024-09-16,SKU0034,307,516.0,14,320
2024-09-23,SKU0034,167,0.0,14,320
2024-09-30,SKU0034,26,0.0,14,320
2024-10-07,SKU0034,0,0.0,14,320
2024-10-14,SKU0034,0,0.0,14,320
2024-10-21,SKU0034,129,526.0,14,320
2024-10-28,SKU0034,254,443.0,14,320
2024-11-04,SKU0034,258,542.0,14,320
2024-11-11,SKU0034,281,566.0,14,320
2024-11-18,SKU0034,388,548.0,14,320
2024-11-25,SKU0034,524,483.0,14,320
2024-12-02,SKU0034,395,0.0,14,320
2024-12-09,SKU0034,387,458.0,14,320
2024-12-16,SKU0034,501,455.0,14,320
2024-12-23,SKU0034,355,0.0,14,320
2024-12-30,SKU0034,196,0.0,14,320
2025-01-06,SKU0034,55,0.0,14,320
2025-01-13,SKU0034,176,561.0,14,320
2025-01-20,SKU0034,23,0.0,14,320
2025-01-27,SKU0034,260,417.0,14,320
2025-02-03,SKU0034,125,0.0,14,320
2025-02-10,SKU0034,238,523.0,14,320
2025-02-17,SKU0034,211,392.0,14,320
2025-02-24,SKU0034,332,444.0,14,320
2025-03-03,SKU0034,444,574.0,14,320
2025-03-10,SKU0034,544,512.0,14,320
2025-03-17,SKU0034,396,0.0,14,320
2025-03-24,SKU0034,512,396.0,14,320
2025-03-31,SKU0034,372,0.0,14,320
2025-04-07,SKU0034,227,0.0,14,320
2025-04-14,SKU0034,372,475.0,14,320
2025-04-21,SKU0034,218,0.0,14,320
2025-04-28,SKU0034,67,0.0,14,320
2025-05-05,SKU0034,271,462.0,14,320
2025-05-12,SKU0034,302,491.0,14,320
2025-05-19,SKU0034,152,0.0,14,320
2025-05-26,SKU0034,277,349.0,14,320
2025-06-02,SKU0034,347,511.0,14,320
2025-06-09,SKU0034,359,390.0,14,320
2025-06-16,SKU0034,475,506.0,14,320
2025-06-23,SKU0034,348,0.0,14,320
2025-06-30,SKU0034,390,510.0,14,320
2025-07-07,SKU0034,240,0.0,14,320
2025-07-14,SKU0034,246,461.0,14,320
2025-07-21,SKU0034,294,360.0,14,320
2025-07-28,SKU0034,152,0.0,14,320
2025-08-04,SKU0034,251,550.0,14,320
2025-08-11,SKU0034,408,408.0,14,320
2025-08-18,SKU0034,444,465.0,14,320
2025-08-25,SKU0034,590,360.0,14,320
2025-09-01,SKU0034,451,0.0,14,320
2025-09-08,SKU0034,331,0.0,14,320
2025-09-15,SKU0034,327,385.0,14,320
2025-09-22,SKU0034,181,0.0,14,320
2025-09-29,SKU0034,306,403.0,14,320
2025-10-06,SKU0034,160,0.0,14,320
2025-10-13,SKU0034,230,478.0,14,320
2025-10-20,SKU0034,106,0.0,14,320
2025-10-27,SKU0034,278,362.0,14,320
2025-11-03,SKU0034,135,0.0,14,320
2025-11-10,SKU0034,0,0.0,14,320
2025-11-17,SKU0034,0,0.0,14,320
2025-11-24,SKU0034,306,495.0,14,320
2025-12-01,SKU0034,319,416.0,14,320
2025-12-08,SKU0034,158,0.0,14,320
2025-12-15,SKU0034,0,0.0,14,320
2025-12-22,SKU0034,294,395.0,14,320
2025-12-29,SKU0034,167,0.0,14,320
2024-08-19,SKU0035,53,0.0,10,119
2024-08-26,SKU0035,62,168.0,10,119
2024-09-02,SKU0035,0,0.0,10,119
2024-09-09,SKU0035,0,0.0,10,119
2024-09-16,SKU0035,129,129.0,10,119
2024-09-23,SKU0035,56,0.0,10,119
2024-09-30,SKU0035,0,,10,119
2024-10-07,SKU0035,65,172.0,10,119
2024-10-14,SKU0035,156,135.0,10,119
2024-10-21,SKU0035,97,0.0,10,119
2024-10-28,SKU0035,139,207.0,10,119
2024-11-04,SKU0035,175,211.0,10,119
2024-11-11,SKU0035,166,166.0,10,119
2024-11-18,SKU0035,87,0.0,10,119
2024-11-25,SKU0035,77,128.0,10,119
2024-12-02,SKU0035,0,0.0,10,119
2024-12-09,SKU0035,66,147.0,10,119
2024-12-16,SKU0035,154,188.0,10,119
2024-12-23,SKU0035,215,130.0,10,119
2024-12-30,SKU0035,160,0.0,10,119
2025-01-06,SKU0035,222,205.0,10,119
2025-01-13,SKU0035,161,0.0,10,119
2025-01-20,SKU0035,203,133.0,10,119
2025-01-27,SKU0035,122,0.0,10,119
2025-02-03,SKU0035,138,208.0,10,119
2025-02-10,SKU0035,153,166.0,10,119
2025-02-17,SKU0035,171,153.0,10,119
2025-02-24,SKU0035,99,0.0,10,119
2025-03-03,SKU0035,168,147.0,10,119
2025-03-10,SKU0035,182,142.0,10,119
2025-03-17,SKU0035,168,185.0,10,119
2025-03-24,SKU0035,230,187.0,10,119
2025-03-31,SKU0035,154,0.0,10,119
2025-04-07,SKU0035,166,177.0,10,119
2025-04-14,SKU0035,161,140.0,10,119
2025-04-21,SKU0035,216,184.0,10,119
2025-04-28,SKU0035,146,0.0,10,119
2025-05-05,SKU0035,79,0.0,10,119
2025-05-12,SKU0035,132,137.0,10,119
2025-05-19,SKU0035,144,166.0,10,119
2025-05-26,SKU0035,189,142.0,10,119
2025-06-02,SKU0035,126,0.0,10,119
2025-06-09,SKU0035,43,0.0,10,119
2025-06-16,SKU0035,0,0.0,10,119
2025-06-23,SKU0035,86,151.0,10,119
2025-06-30,SKU0035,7,0.0,10,119
2025-07-07,SKU0035,122,173.0,10,119
2025-07-14,SKU0035,145,205.0,10,119
2025-07-21,SKU0035,69,0.0,10,119
2025-07-28,SKU0035,121,128.0,10,119
2025-08-04,SKU0035,112,157.0,10,119
2025-08-11,SKU0035,46,0.0,10,119
2025-08-18,SKU0035,105,143.0,10,119
2025-08-25,SKU0035,162,145.0,10,119
2025-09-01,SKU0035,170,138.0,10,119
2025-09-08,SKU0035,87,0.0,10,119
2025-09-15,SKU0035,3,0.0,10,119
2025-09-22,SKU0035,0,0.0,10,119
2025-09-29,SKU0035,0,0.0,10,119
2025-10-06,SKU0035,0,0.0,10,119
2025-10-13,SKU0035,0,0.0,10,119
2025-10-20,SKU0035,138,209.0,10,119
2025-10-27,SKU0035,124,159.0,10,119
2025-11-03,SKU0035,48,0.0,10,119
2025-11-10,SKU0035,0,0.0,10,119
2025-11-17,SKU0035,0,0.0,10,119
2025-11-24,SKU0035,0,0.0,10,119
2025-12-01,SKU0035,122,144.0,10,119
2025-12-08,SKU0035,187,183.0,10,119
2025-12-15,SKU0035,258,127.0,10,119
2025-12-22,SKU0035,192,0.0,10,119
2025-12-29,SKU0035,123,0.0,10,119
2024-01-01,SKU0036,201,0.0,10,54
2024-01-08,SKU0036,165,0.0,10,54
2024-01-15,SKU0036,135,0.0,10,54
2024-01-22,SKU0036,99,0.0,10,54
2024-01-29,SKU0036,71,0.0,10,54
2024-02-05,SKU0036,110,86.0,10,54
2024-02-12,SKU0036,76,0.0,10,54
2024-02-19,SKU0036,41,0.0,10,54
2024-02-26,SKU0036,54,,10,54
2024-03-04,SKU0036,61,72.0,10,54
2024-03-11,SKU0036,15,0.0,10,54
2024-03-18,SKU0036,0,0.0,10,54
2024-03-25,SKU0036,0,0.0,10,54
2024-04-01,SKU0036,0,0.0,10,54
2024-04-08,SKU0036,0,0.0,10,54
2024-04-15,SKU0036,0,0.0,10,54
2024-04-22,SKU0036,0,0.0,10,54
2024-04-29,SKU0036,48,88.0,10,54
2024-05-06,SKU0036,4,0.0,10,54
2024-05-13,SKU0036,75,82.0,10,54
2024-05-20,SKU0036,36,0.0,10,54
2024-05-27,SKU0036,0,0.0,10,54
2024-06-03,SKU0036,59,76.0,10,54
2024-06-10,SKU0036,70,88.0,10,54
2024-06-17,SKU0036,29,0.0,10,54
2024-06-24,SKU0036,0,0.0,10,54
2024-07-01,SKU0036,37,99.0,10,54
2024-07-08,SKU0036,4,0.0,10,54
2024-07-15,SKU0036,61,83.0,10,54
2024-07-22,SKU0036,82,91.0,10,54
2024-07-29,SKU0036,49,0.0,10,54
2024-08-05,SKU0036,39,76.0,10,54
2024-08-12,SKU0036,52,82.0,10,54
2024-08-19,SKU0036,10,0.0,10,54
2024-08-26,SKU0036,0,0.0,10,54
2024-09-02,SKU0036,66,85.0,10,54
2024-09-09,SKU0036,101,66.0,10,54
2024-09-16,SKU0036,57,0.0,10,54
2024-09-23,SKU0036,72,80.0,10,54
2024-09-30,SKU0036,86,70.0,10,54
2024-10-07,SKU0036,109,74.0,10,54
2024-10-14,SKU0036,72,0.0,10,54
2024-10-21,SKU0036,35,0.0,10,54
2024-10-28,SKU0036,69,100.0,10,54
2024-11-04,SKU0036,95,74.0,10,54
2024-11-11,SKU0036,67,0.0,10,54
2024-11-18,SKU0036,78,100.0,10,54
2024-11-25,SKU0036,38,0.0,10,54
2024-12-02,SKU0036,59,85.0,10,54
2024-12-09,SKU0036,56,74.0,10,54
2024-12-16,SKU0036,18,0.0,10,54
2024-12-23,SKU0036,42,70.0,10,54
2024-12-30,SKU0036,66,88.0,10,54
2025-01-06,SKU0036,34,0.0,10,54
2025-01-13,SKU0036,8,0.0,10,54
2025-01-20,SKU0036,66,62.0,10,54
2025-01-27,SKU0036,81,75.0,10,54
2025-02-03,SKU0036,87,88.0,10,54
2025-02-10,SKU0036,85,95.0,10,54
2025-02-17,SKU0036,119,81.0,10,54
2025-02-24,SKU0036,86,0.0,10,54
2025-03-03,SKU0036,48,0.0,10,54
2025-03-10,SKU0036,79,85.0,10,54
2025-03-17,SKU0036,75,98.0,10,54
2025-03-24,SKU0036,87,101.0,10,54
2025-03-31,SKU0036,52,0.0,10,54
2025-04-07,SKU0036,74,88.0,10,54
2025-04-14,SKU0036,38,0.0,10,54
2025-04-21,SKU0036,29,88.0,10,54
2025-04-28,SKU0036,0,0.0,10,54
2025-05-05,SKU0036,0,0.0,10,54
2025-05-12,SKU0036,0,0.0,10,54
2025-05-19,SKU0036,0,0.0,10,54
2025-05-26,SKU0036,55,87.0,10,54
2025-06-02,SKU0036,16,0.0,10,54
2025-06-09,SKU0036,0,0.0,10,54
2025-06-16,SKU0036,50,94.0,10,54
2025-06-23,SKU0036,85,80.0,10,54
2025-06-30,SKU0036,49,0.0,10,54
2025-07-07,SKU0036,40,85.0,10,54
2025-07-14,SKU0036,7,0.0,10,54
2025-07-21,SKU0036,68,72.0,10,54
2025-07-28,SKU0036,79,102.0,10,54
2025-08-04,SKU0036,93,99.0,10,54
2025-08-11,SKU0036,65,0.0,10,54
2025-08-18,SKU0036,29,0.0,10,54
2025-08-25,SKU0036,4,0.0,10,54
2025-09-01,SKU0036,28,84.0,10,54
2025-09-08,SKU0036,0,0.0,10,54
2025-09-15,SKU0036,42,70.0,10,54
2025-09-22,SKU0036,40,73.0,10,54
2025-09-29,SKU0036,1,0.0,10,54
2025-10-06,SKU0036,0,0.0,10,54
2025-10-13,SKU0036,51,69.0,10,54
2025-10-20,SKU0036,69,65.0,10,54
2025-10-27,SKU0036,68,98.0,10,54
2025-11-03,SKU0036,73,90.0,10,54
2025-11-10,SKU0036,36,0.0,10,54
2025-11-17,SKU0036,60,81.0,10,54
2025-11-24,SKU0036,19,0.0,10,54
2025-12-01,SKU0036,0,0.0,10,54
2025-12-08,SKU0036,53,84.0,10,54
2025-12-15,SKU0036,82,89.0,10,54
2025-12-22,SKU0036,119,90.0,10,54
2025-12-29,SKU0036,79,0.0,10,54
2024-01-01,SKU0037,659,0.0,14,199
2024-01-08,SKU0037,574,0.0,14,199
2024-01-15,SKU0037,472,0.0,14,199
2024-01-22,SKU0037,369,0.0,14,199
2024-01-29,SKU0037,275,0.0,14,199
2024-02-05,SKU0037,186,0.0,14,199
2024-02-12,SKU0037,242,288.0,14,199
2024-02-19,SKU0037,256,336.0,14,199
2024-02-26,SKU0037,176,0.0,14,199
2024-03-04,SKU0037,165,344.0,14,199
2024-03-11,SKU0037,223,232.0,14,199
2024-03-18,SKU0037,136,0.0,14,199
2024-03-25,SKU0037,27,0.0,14,199
2024-04-01,SKU0037,168,353.0,14,199
2024-04-08,SKU0037,90,0.0,14,199
2024-04-15,SKU0037,0,0.0,14,199
2024-04-22,SKU0037,174,276.0,14,199
2024-04-29,SKU0037,232,235.0,14,199
2024-05-06,SKU0037,317,337.0,14,199
2024-05-13,SKU0037,236,0.0,14,199
2024-05-20,SKU0037,155,0.0,14,199
2024-05-27,SKU0037,60,0.0,14,199
2024-06-03,SKU0037,72,348.0,14,199
2024-06-10,SKU0037,100,226.0,14,199
2024-06-17,SKU0037,23,0.0,14,199
2024-06-24,SKU0037,112,295.0,14,199
2024-07-01,SKU0037,159,302.0,14,199
2024-07-08,SKU0037,59,0.0,14,199
2024-07-15,SKU0037,175,308.0,14,199
2024-07-22,SKU0037,197,242.0,14,199
2024-07-29,SKU0037,107,0.0,14,199
2024-08-05,SKU0037,152,225.0,14,199
2024-08-12,SKU0037,57,0.0,14,199
2024-08-19,SKU0037,0,0.0,14,199
2024-08-26,SKU0037,0,0.0,14,199
2024-09-02,SKU0037,185,295.0,14,199
2024-09-09,SKU0037,93,0.0,14,199
2024-09-16,SKU0037,100,304.0,14,199
2024-09-23,SKU0037,2,0.0,14,199
2024-09-30,SKU0037,153,326.0,14,199
2024-10-07,SKU0037,153,294.0,14,199
2024-10-14,SKU0037,199,359.0,14,199
2024-10-21,SKU0037,269,247.0,14,199
2024-10-28,SKU0037,344,341.0,14,199
2024-11-04,SKU0037,247,0.0,14,199
2024-11-11,SKU0037,150,0.0,14,199
2024-11-18,SKU0037,243,238.0,14,199
2024-11-25,SKU0037,265,284.0,14,199
2024-12-02,SKU0037,262,302.0,14,199
2024-12-09,SKU0037,293,320.0,14,199
2024-12-16,SKU0037,212,0.0,14,199
2024-12-23,SKU0037,253,323.0,14,199
2024-12-30,SKU0037,253,359.0,14,199
2025-01-06,SKU0037,155,0.0,14,199
2025-01-13,SKU0037,51,0.0,14,199
2025-01-20,SKU0037,0,0.0,14,199
2025-01-27,SKU0037,0,0.0,14,199
2025-02-03,SKU0037,141,299.0,14,199
2025-02-10,SKU0037,61,,14,199
2025-02-17,SKU0037,188,313.0,14,199
2025-02-24,SKU0037,108,0.0,14,199
2025-03-03,SKU0037,29,0.0,14,199
2025-03-10,SKU0037,0,0.0,14,199
2025-03-17,SKU0037,79,310.0,14,199
2025-03-24,SKU0037,0,0.0,14,199
2025-03-31,SKU0037,67,295.0,14,199
2025-04-07,SKU0037,165,,14,199
2025-04-14,SKU0037,176,273.0,14,199
2025-04-21,SKU0037,81,0.0,14,199
2025-04-28,SKU0037,0,0.0,14,199
2025-05-05,SKU0037,109,273.0,14,199
2025-05-12,SKU0037,15,0.0,14,199
2025-05-19,SKU0037,0,0.0,14,199
2025-05-26,SKU0037,165,304.0,14,199
2025-06-02,SKU0037,200,278.0,14,199
2025-06-09,SKU0037,111,0.0,14,199
2025-06-16,SKU0037,7,0.0,14,199
2025-06-23,SKU0037,0,0.0,14,199
2025-06-30,SKU0037,85,319.0,14,199
2025-07-07,SKU0037,0,0.0,14,199
2025-07-14,SKU0037,174,320.0,14,199
2025-07-21,SKU0037,234,281.0,14,199
2025-07-28,SKU0037,309,333.0,14,199
2025-08-04,SKU0037,223,0.0,14,199
2025-08-11,SKU0037,306,309.0,14,199
2025-08-18,SKU0037,202,0.0,14,199
2025-08-25,SKU0037,215,320.0,14,199
2025-09-01,SKU0037,230,338.0,14,199
2025-09-08,SKU0037,128,0.0,14,199
2025-09-15,SKU0037,120,313.0,14,199
2025-09-22,SKU0037,32,0.0,14,199
2025-09-29,SKU0037,0,0.0,14,199
2025-10-06,SKU0037,112,288.0,14,199
2025-10-13,SKU0037,31,0.0,14,199
2025-10-20,SKU0037,0,0.0,14,199
2025-10-27,SKU0037,194,364.0,14,199
2025-11-03,SKU0037,186,228.0,14,199
2025-11-10,SKU0037,170,247.0,14,199
2025-11-17,SKU0037,66,0.0,14,199
2025-11-24,SKU0037,145,317.0,14,199
2025-12-01,SKU0037,177,289.0,14,199
2025-12-08,SKU0037,90,0.0,14,199
2025-12-15,SKU0037,0,0.0,14,199
2025-12-22,SKU0037,133,351.0,14,199
2025-12-29,SKU0037,34,0.0,14,199
2024-01-01,SKU0038,256,0.0,7,135
2024-01-08,SKU0038,152,0.0,7,135
2024-01-15,SKU0038,27,0.0,7,135
2024-01-22,SKU0038,0,0.0,7,135
2024-01-29,SKU0038,240,226.0,7,135
2024-02-05,SKU0038,262,186.0,7,135
2024-02-12,SKU0038,144,0.0,7,135
2024-02-19,SKU0038,34,0.0,7,135
2024-02-26,SKU0038,0,0.0,7,135
2024-03-04,SKU0038,236,208.0,7,135
2024-03-11,SKU0038,348,182.0,7,135
2024-03-18,SKU0038,244,0.0,7,135
2024-03-25,SKU0038,219,169.0,7,135
2024-04-01,SKU0038,204,167.0,7,135
2024-04-08,SKU0038,207,161.0,7,135
2024-04-15,SKU0038,190,199.0,7,135
2024-04-22,SKU0038,177,207.0,7,135
2024-04-29,SKU0038,319,156.0,7,135
2024-05-06,SKU0038,204,0.0,7,135
2024-05-13,SKU0038,66,0.0,7,135
2024-05-20,SKU0038,0,0.0,7,135
2024-05-27,SKU0038,0,0.0,7,135
2024-06-03,SKU0038,249,148.0,7,135
2024-06-10,SKU0038,144,0.0,7,135
2024-06-17,SKU0038,15,0.0,7,135
2024-06-24,SKU0038,150,162.0,7,135
2024-07-01,SKU0038,112,160.0,7,135
2024-07-08,SKU0038,139,227.0,7,135
2024-07-15,SKU0038,3,0.0,7,135
2024-07-22,SKU0038,0,0.0,7,135
2024-07-29,SKU0038,89,198.0,7,135
2024-08-05,SKU0038,0,0.0,7,135
2024-08-12,SKU0038,187,229.0,7,135
2024-08-19,SKU0038,312,180.0,7,135
2024-08-26,SKU0038,195,0.0,7,135
2024-09-02,SKU0038,69,0.0,7,135
2024-09-09,SKU0038,95,238.0,7,135
2024-09-16,SKU0038,112,173.0,7,135
2024-09-23,SKU0038,0,0.0,7,135
2024-09-30,SKU0038,140,211.0,7,135
2024-10-07,SKU0038,22,0.0,7,135
2024-10-14,SKU0038,188,145.0,7,135
2024-10-21,SKU0038,82,0.0,7,135
2024-10-28,SKU0038,233,238.0,7,135
2024-11-04,SKU0038,99,0.0,7,135
2024-11-11,SKU0038,174,229.0,7,135
2024-11-18,SKU0038,186,218.0,7,135
2024-11-25,SKU0038,56,0.0,7,135
2024-12-02,SKU0038,0,0.0,7,135
2024-12-09,SKU0038,195,197.0,7,135
2024-12-16,SKU0038,239,235.0,7,135
2024-12-23,SKU0038,275,189.0,7,135
2024-12-30,SKU0038,171,0.0,7,135
2025-01-06,SKU0038,49,0.0,7,135
2025-01-13,SKU0038,201,223.0,7,135
2025-01-20,SKU0038,96,0.0,7,135
2025-01-27,SKU0038,0,0.0,7,135
2025-02-03,SKU0038,0,0.0,7,135
2025-02-10,SKU0038,155,189.0,7,135
2025-02-17,SKU0038,30,0.0,7,135
2025-02-24,SKU0038,254,195.0,7,135
2025-03-03,SKU0038,224,163.0,7,135
2025-03-10,SKU0038,311,162.0,7,135
2025-03-17,SKU0038,175,0.0,7,135
2025-03-24,SKU0038,55,0.0,7,135
2025-03-31,SKU0038,0,0.0,7,135
2025-04-07,SKU0038,146,200.0,7,135
2025-04-14,SKU0038,14,0.0,7,135
2025-04-21,SKU0038,242,232.0,7,135
2025-04-28,SKU0038,263,165.0,7,135
2025-05-05,SKU0038,154,0.0,7,135
2025-05-12,SKU0038,29,0.0,7,135
2025-05-19,SKU0038,0,0.0,7,135
2025-05-26,SKU0038,0,0.0,7,135
2025-06-02,SKU0038,0,0.0,7,135
2025-06-09,SKU0038,90,194.0,7,135
2025-06-16,SKU0038,193,165.0,7,135
2025-06-23,SKU0038,253,191.0,7,135
2025-06-30,SKU0038,318,156.0,7,135
2025-07-07,SKU0038,188,0.0,7,135
2025-07-14,SKU0038,150,162.0,7,135
2025-07-21,SKU0038,233,217.0,7,135
2025-07-28,SKU0038,259,215.0,7,135
2025-08-04,SKU0038,135,0.0,7,135
2025-08-11,SKU0038,220,212.0,7,135
2025-08-18,SKU0038,114,0.0,7,135
2025-08-25,SKU0038,172,183.0,7,135
2025-09-01,SKU0038,221,145.0,7,135
2025-09-08,SKU0038,106,0.0,7,135
2025-09-15,SKU0038,255,153.0,7,135
2025-09-22,SKU0038,158,0.0,7,135
2025-09-29,SKU0038,255,225.0,7,135
2025-10-06,SKU0038,131,0.0,7,135
2025-10-13,SKU0038,186,163.0,7,135
2025-10-20,SKU0038,242,185.0,7,135
2025-10-27,SKU0038,306,208.0,7,135
2025-11-03,SKU0038,198,0.0,7,135
2025-11-10,SKU0038,217,203.0,7,135
2025-11-17,SKU0038,101,0.0,7,135
2025-11-24,SKU0038,0,0.0,7,135
2025-12-01,SKU0038,225,158.0,7,135
2025-12-08,SKU0038,238,196.0,7,135
2025-12-15,SKU0038,145,0.0,7,135
2025-12-22,SKU0038,210,194.0,7,135
2025-12-29,SKU0038,325,188.0,7,135
2024-01-01,SKU0039,423,0.0,7,125
2024-01-08,SKU0039,309,0.0,7,125
2024-01-15,SKU0039,191,0.0,7,125
2024-01-22,SKU0039,77,0.0,7,125
2024-01-29,SKU0039,161,141.0,7,125
2024-02-05,SKU0039,154,151.0,7,125
2024-02-12,SKU0039,46,0.0,7,125
2024-02-19,SKU0039,192,186.0,7,125
2024-02-26,SKU0039,178,208.0,7,125
2024-03-04,SKU0039,60,0.0,7,125
2024-03-11,SKU0039,0,0.0,7,125
2024-03-18,SKU0039,152,188.0,7,125
2024-03-25,SKU0039,54,0.0,7,125
2024-04-01,SKU0039,180,193.0,7,125
2024-04-08,SKU0039,253,158.0,7,125
2024-04-15,SKU0039,141,0.0,7,125
2024-04-22,SKU0039,284,170.0,7,125
2024-04-29,SKU0039,192,0.0,7,125
2024-05-06,SKU0039,272,153.0,7,125
2024-05-13,SKU0039,148,0.0,7,125
2024-05-20,SKU0039,280,188.0,7,125
2024-05-27,SKU0039,161,0.0,7,125
2024-06-03,SKU0039,188,172.0,7,125
2024-06-10,SKU0039,64,0.0,7,125
2024-06-17,SKU0039,191,160.0,7,125
2024-06-24,SKU0039,185,222.0,7,125
2024-07-01,SKU0039,171,137.0,7,125
2024-07-08,SKU0039,142,190.0,7,125
2024-07-15,SKU0039,26,0.0,7,125
2024-07-22,SKU0039,140,168.0,7,125
2024-07-29,SKU0039,188,,7,125
2024-08-05,SKU0039,59,0.0,7,125
2024-08-12,SKU0039,166,152.0,7,125
2024-08-19,SKU0039,48,0.0,7,125
2024-08-26,SKU0039,0,0.0,7,125
2024-09-02,SKU0039,0,0.0,7,125
2024-09-09,SKU0039,229,190.0,7,125
2024-09-16,SKU0039,115,0.0,7,125
2024-09-23,SKU0039,208,140.0,7,125
2024-09-30,SKU0039,339,153.0,7,125
2024-10-07,SKU0039,227,0.0,7,125
2024-10-14,SKU0039,130,0.0,7,125
2024-10-21,SKU0039,15,0.0,7,125
2024-10-28,SKU0039,0,0.0,7,125
2024-11-04,SKU0039,168,202.0,7,125
2024-11-11,SKU0039,205,196.0,7,125
2024-11-18,SKU0039,82,0.0,7,125
2024-11-25,SKU0039,156,149.0,7,125
2024-12-02,SKU0039,251,201.0,7,125
2024-12-09,SKU0039,136,0.0,7,125
2024-12-16,SKU0039,139,172.0,7,125
2024-12-23,SKU0039,32,0.0,7,125
2024-12-30,SKU0039,181,202.0,7,125
2025-01-06,SKU0039,265,199.0,7,125
2025-01-13,SKU0039,157,0.0,7,125
2025-01-20,SKU0039,247,184.0,7,125
2025-01-27,SKU0039,135,0.0,7,125
2025-02-03,SKU0039,203,190.0,7,125
2025-02-10,SKU0039,189,171.0,7,125
2025-02-17,SKU0039,216,220.0,7,125
2025-02-24,SKU0039,290,148.0,7,125
2025-03-03,SKU0039,188,0.0,7,125
2025-03-10,SKU0039,82,0.0,7,125
2025-03-17,SKU0039,166,202.0,7,125
2025-03-24,SKU0039,305,143.0,7,125
2025-03-31,SKU0039,181,0.0,7,125
2025-04-07,SKU0039,181,222.0,7,125
2025-04-14,SKU0039,77,0.0,7,125
2025-04-21,SKU0039,83,186.0,7,125
2025-04-28,SKU0039,115,164.0,7,125
2025-05-05,SKU0039,14,0.0,7,125
2025-05-12,SKU0039,208,183.0,7,125
2025-05-19,SKU0039,113,0.0,7,125
2025-05-26,SKU0039,0,0.0,7,125
2025-06-02,SKU0039,104,190.0,7,125
2025-06-09,SKU0039,149,192.0,7,125
2025-06-16,SKU0039,22,0.0,7,125
2025-06-23,SKU0039,226,147.0,7,125
2025-06-30,SKU0039,109,0.0,7,125
2025-07-07,SKU0039,14,0.0,7,125
2025-07-14,SKU0039,154,172.0,7,125
2025-07-21,SKU0039,270,183.0,7,125
2025-07-28,SKU0039,153,0.0,7,125
2025-08-04,SKU0039,262,152.0,7,125
2025-08-11,SKU0039,156,0.0,7,125
2025-08-18,SKU0039,53,0.0,7,125
2025-08-25,SKU0039,0,0.0,7,125
2025-09-01,SKU0039,185,146.0,7,125
2025-09-08,SKU0039,302,135.0,7,125
2025-09-15,SKU0039,194,0.0,7,125
2025-09-22,SKU0039,248,189.0,7,125
2025-09-29,SKU0039,133,0.0,7,125
2025-10-06,SKU0039,6,0.0,7,125
2025-10-13,SKU0039,84,196.0,7,125
2025-10-20,SKU0039,0,0.0,7,125
2025-10-27,SKU0039,0,0.0,7,125
2025-11-03,SKU0039,0,0.0,7,125
2025-11-10,SKU0039,0,0.0,7,125
2025-11-17,SKU0039,0,0.0,7,125
2025-11-24,SKU0039,200,218.0,7,125
2025-12-01,SKU0039,94,0.0,7,125
2025-12-08,SKU0039,99,217.0,7,125
2025-12-15,SKU0039,3,0.0,7,125
2025-12-22,SKU0039,233,176.0,7,125
2025-12-29,SKU0039,127,0.0,7,125
2025-11-10,SKU0040,586,0.0,21,407
2025-11-17,SKU0040,448,0.0,21,407
2025-11-24,SKU0040,444,623.0,21,407
2025-12-01,SKU0040,317,0.0,21,407
2025-12-08,SKU0040,197,0.0,21,407
2025-12-15,SKU0040,66,0.0,21,407
2025-12-22,SKU0040,0,0.0,21,407
2025-12-29,SKU0040,113,591.0,21,407
2024-01-01,SKU0041,359,0.0,21,245
2024-01-08,SKU0041,300,0.0,21,245
2024-01-15,SKU0041,221,0.0,21,245
2024-01-22,SKU0041,279,336.0,21,245
2024-01-29,SKU0041,262,282.0,21,245
2024-02-05,SKU0041,253,342.0,21,245
2024-02-12,SKU0041,293,268.0,21,245
2024-02-19,SKU0041,232,0.0,21,245
2024-02-26,SKU0041,164,0.0,21,245
2024-03-04,SKU0041,160,229.0,21,245
2024-03-11,SKU0041,190,292.0,21,245
2024-03-18,SKU0041,120,0.0,21,245
2024-03-25,SKU0041,138,296.0,21,245
2024-04-01,SKU0041,79,0.0,21,245
2024-04-08,SKU0041,23,0.0,21,245
2024-04-15,SKU0041,107,339.0,21,245
2024-04-22,SKU0041,50,0.0,21,245
2024-04-29,SKU0041,0,0.0,21,245
2024-05-06,SKU0041,0,0.0,21,245
2024-05-13,SKU0041,0,0.0,21,245
2024-05-20,SKU0041,0,0.0,21,245
2024-05-27,SKU0041,0,0.0,21,245
2024-06-03,SKU0041,94,274.0,21,245
2024-06-10,SKU0041,25,0.0,21,245
2024-06-17,SKU0041,103,316.0,21,245
2024-06-24,SKU0041,39,0.0,21,245
2024-07-01,SKU0041,106,281.0,21,245
2024-07-08,SKU0041,153,217.0,21,245
2024-07-15,SKU0041,172,222.0,21,245
2024-07-22,SKU0041,138,285.0,21,245
2024-07-29,SKU0041,81,0.0,21,245
2024-08-05,SKU0041,147,291.0,21,245
2024-08-12,SKU0041,148,296.0,21,245
2024-08-19,SKU0041,221,270.0,21,245
2024-08-26,SKU0041,258,324.0,21,245
2024-09-02,SKU0041,241,347.0,21,245
2024-09-09,SKU0041,303,290.0,21,245
2024-09-16,SKU0041,336,345.0,21,245
2024-09-23,SKU0041,274,0.0,21,245
2024-09-30,SKU0041,208,0.0,21,245
2024-10-07,SKU0041,144,0.0,21,245
2024-10-14,SKU0041,203,219.0,21,245
2024-10-21,SKU0041,234,260.0,21,245
2024-10-28,SKU0041,192,0.0,21,245
2024-11-04,SKU0041,217,255.0,21,245
2024-11-11,SKU0041,158,0.0,21,245
2024-11-18,SKU0041,100,0.0,21,245
2024-11-25,SKU0041,156,317.0,21,245
2024-12-02,SKU0041,81,0.0,21,245
2024-12-09,SKU0041,37,0.0,21,245
2024-12-16,SKU0041,0,0.0,21,245
2024-12-23,SKU0041,0,0.0,21,245
2024-12-30,SKU0041,0,0.0,21,245
2025-01-06,SKU0041,66,284.0,21,245
2025-01-13,SKU0041,85,283.0,21,245
2025-01-20,SKU0041,6,0.0,21,245
2025-01-27,SKU0041,98,259.0,21,245
2025-02-03,SKU0041,44,0.0,21,245
2025-02-10,SKU0041,44,337.0,21,245
2025-02-17,SKU0041,73,294.0,21,245
2025-02-24,SKU0041,8,0.0,21,245
2025-03-03,SKU0041,74,276.0,21,245
2025-03-10,SKU0041,127,234.0,21,245
2025-03-17,SKU0041,57,0.0,21,245
2025-03-24,SKU0041,7,0.0,21,245
2025-03-31,SKU0041,53,252.0,21,245
2025-04-07,SKU0041,76,300.0,21,245
2025-04-14,SKU0041,16,0.0,21,245
2025-04-21,SKU0041,101,236.0,21,245
2025-04-28,SKU0041,91,245.0,21,245
2025-05-05,SKU0041,28,0.0,21,245
2025-05-12,SKU0041,117,345.0,21,245
2025-05-19,SKU0041,62,0.0,21,245
2025-05-26,SKU0041,0,0.0,21,245
2025-06-02,SKU0041,0,0.0,21,245
2025-06-09,SKU0041,0,0.0,21,245
2025-06-16,SKU0041,0,0.0,21,245
2025-06-23,SKU0041,0,0.0,21,245
2025-06-30,SKU0041,0,0.0,21,245
2025-07-07,SKU0041,0,0.0,21,245
2025-07-14,SKU0041,67,239.0,21,245
2025-07-21,SKU0041,59,228.0,21,245
2025-07-28,SKU0041,127,289.0,21,245
2025-08-04,SKU0041,150,345.0,21,245
2025-08-11,SKU0041,76,0.0,21,245
2025-08-18,SKU0041,91,270.0,21,245
2025-08-25,SKU0041,130,319.0,21,245
2025-09-01,SKU0041,80,0.0,21,245
2025-09-08,SKU0041,21,0.0,21,245
2025-09-15,SKU0041,66,325.0,21,245
2025-09-22,SKU0041,56,298.0,21,245
2025-09-29,SKU0041,64,320.0,21,245
2025-10-06,SKU0041,3,0.0,21,245
2025-10-13,SKU0041,0,0.0,21,245
2025-10-20,SKU0041,0,0.0,21,245
2025-10-27,SKU0041,124,250.0,21,245
2025-11-03,SKU0041,71,0.0,21,245
2025-11-10,SKU0041,66,229.0,21,245
2025-11-17,SKU0041,121,348.0,21,245
2025-11-24,SKU0041,106,310.0,21,245
2025-12-01,SKU0041,162,262.0,21,245
2025-12-08,SKU0041,110,0.0,21,245
2025-12-15,SKU0041,195,258.0,21,245
2025-12-22,SKU0041,139,0.0,21,245
2025-12-29,SKU0041,69,0.0,21,245
2024-01-01,SKU0042,53,0.0,14,236
2024-01-08,SKU0042,184,348.0,14,236
2024-01-15,SKU0042,220,371.0,14,236
2024-01-22,SKU0042,122,0.0,14,236
2024-01-29,SKU0042,159,303.0,14,236
2024-02-05,SKU0042,172,329.0,14,236
2024-02-12,SKU0042,71,0.0,14,236
2024-02-19,SKU0042,187,308.0,14,236
2024-02-26,SKU0042,302,289.0,14,236
2024-03-04,SKU0042,210,0.0,14,236
2024-03-11,SKU0042,193,382.0,14,236
2024-03-18,SKU0042,103,0.0,14,236
2024-03-25,SKU0042,202,374.0,14,236
2024-04-01,SKU0042,101,0.0,14,236
2024-04-08,SKU0042,82,313.0,14,236
2024-04-15,SKU0042,170,369.0,14,236
2024-04-22,SKU0042,165,254.0,14,236
2024-04-29,SKU0042,254,389.0,14,236
2024-05-06,SKU0042,259,349.0,14,236
2024-05-13,SKU0042,167,0.0,14,236
2024-05-20,SKU0042,56,0.0,14,236
2024-05-27,SKU0042,127,260.0,14,236
2024-06-03,SKU0042,206,250.0,14,236
2024-06-10,SKU0042,240,384.0,14,236
2024-06-17,SKU0042,136,0.0,14,236
2024-06-24,SKU0042,27,0.0,14,236
2024-07-01,SKU0042,0,0.0,14,236
2024-07-08,SKU0042,0,0.0,14,236
2024-07-15,SKU0042,126,372.0,14,236
2024-07-22,SKU0042,19,,14,236
2024-07-29,SKU0042,0,0.0,14,236
2024-08-05,SKU0042,100,351.0,14,236
2024-08-12,SKU0042,4,0.0,14,236
2024-08-19,SKU0042,164,382.0,14,236
2024-08-26,SKU0042,77,0.0,14,236
2024-09-02,SKU0042,95,246.0,14,236
2024-09-09,SKU0042,211,287.0,14,236
2024-09-16,SKU0042,114,0.0,14,236
2024-09-23,SKU0042,22,0.0,14,236
2024-09-30,SKU0042,0,0.0,14,236
2024-10-07,SKU0042,80,388.0,14,236
2024-10-14,SKU0042,155,309.0,14,236
2024-10-21,SKU0042,196,378.0,14,236
2024-10-28,SKU0042,107,0.0,14,236
2024-11-04,SKU0042,177,384.0,14,236
2024-11-11,SKU0042,227,258.0,14,236
2024-11-18,SKU0042,133,0.0,14,236
2024-11-25,SKU0042,116,384.0,14,236
2024-12-02,SKU0042,24,0.0,14,236
2024-12-09,SKU0042,106,283.0,14,236
2024-12-16,SKU0042,175,271.0,14,236
2024-12-23,SKU0042,194,294.0,14,236
2024-12-30,SKU0042,104,0.0,14,236
2025-01-06,SKU0042,13,0.0,14,236
2025-01-13,SKU0042,0,0.0,14,236
2025-01-20,SKU0042,0,0.0,14,236
2025-01-27,SKU0042,0,0.0,14,236
2025-02-03,SKU0042,0,0.0,14,236
2025-02-10,SKU0042,0,0.0,14,236
2025-02-17,SKU0042,0,0.0,14,236
2025-02-24,SKU0042,0,0.0,14,236
2025-03-03,SKU0042,143,331.0,14,236
2025-03-10,SKU0042,46,0.0,14,236
2025-03-17,SKU0042,122,328.0,14,236
2025-03-24,SKU0042,206,371.0,14,236
2025-03-31,SKU0042,117,0.0,14,236
2025-04-07,SKU0042,21,0.0,14,236
2025-04-14,SKU0042,0,,14,236
2025-04-21,SKU0042,0,0.0,14,236
2025-04-28,SKU0042,0,0.0,14,236
2025-05-05,SKU0042,106,371.0,14,236
2025-05-12,SKU0042,215,319.0,14,236
2025-05-19,SKU0042,112,0.0,14,236
2025-05-26,SKU0042,209,284.0,14,236
2025-06-02,SKU0042,235,312.0,14,236
2025-06-09,SKU0042,139,0.0,14,236
2025-06-16,SKU0042,37,0.0,14,236
2025-06-23,SKU0042,166,405.0,14,236
2025-06-30,SKU0042,229,368.0,14,236
2025-07-07,SKU0042,130,0.0,14,236
2025-07-14,SKU0042,157,267.0,14,236
2025-07-21,SKU0042,173,381.0,14,236
2025-07-28,SKU0042,68,0.0,14,236
2025-08-04,SKU0042,0,0.0,14,236
2025-08-11,SKU0042,107,375.0,14,236
2025-08-18,SKU0042,96,263.0,14,236
2025-08-25,SKU0042,0,0.0,14,236
2025-09-01,SKU0042,171,383.0,14,236
2025-09-08,SKU0042,246,246.0,14,236
2025-09-15,SKU0042,151,0.0,14,236
2025-09-22,SKU0042,50,0.0,14,236
2025-09-29,SKU0042,195,351.0,14,236
2025-10-06,SKU0042,305,390.0,14,236
2025-10-13,SKU0042,311,338.0,14,236
2025-10-20,SKU0042,382,278.0,14,236
2025-10-27,SKU0042,277,0.0,14,236
2025-11-03,SKU0042,178,0.0,14,236
2025-11-10,SKU0042,263,321.0,14,236
2025-11-17,SKU0042,345,393.0,14,236
2025-11-24,SKU0042,244,0.0,14,236
2025-12-01,SKU0042,271,301.0,14,236
2025-12-08,SKU0042,272,320.0,14,236
2025-12-15,SKU0042,347,260.0,14,236
2025-12-22,SKU0042,243,0.0,14,236
2025-12-29,SKU0042,286,255.0,14,236
2024-01-01,SKU0043,50,0.0,7,13
2024-01-08,SKU0043,40,0.0,7,13
2024-01-15,SKU0043,29,0.0,7,13
2024-01-22,SKU0043,18,0.0,7,13
2024-01-29,SKU0043,5,0.0,7,13
2024-02-05,SKU0043,0,0.0,7,13
2024-02-12,SKU0043,0,0.0,7,13
2024-02-19,SKU0043,0,0.0,7,13
2024-02-26,SKU0043,9,17.0,7,13
2024-03-04,SKU0043,2,0.0,7,13
2024-03-11,SKU0043,22,13.0,7,13
2024-03-18,SKU0043,20,20.0,7,13
2024-03-25,SKU0043,17,16.0,7,13
2024-04-01,SKU0043,8,0.0,7,13
2024-04-08,SKU0043,18,16.0,7,13
2024-04-15,SKU0043,10,0.0,7,13
2024-04-22,SKU0043,0,0.0,7,13
2024-04-29,SKU0043,0,0.0,7,13
2024-05-06,SKU0043,8,16.0,7,13
2024-05-13,SKU0043,17,17.0,7,13
2024-05-20,SKU0043,6,0.0,7,13
2024-05-27,SKU0043,15,19.0,7,13
2024-06-03,SKU0043,12,15.0,7,13
2024-06-10,SKU0043,13,15.0,7,13
2024-06-17,SKU0043,15,18.0,7,13
2024-06-24,SKU0043,0,0.0,7,13
2024-07-01,SKU0043,12,14.0,7,13
2024-07-08,SKU0043,5,0.0,7,13
2024-07-15,SKU0043,16,13.0,7,13
2024-07-22,SKU0043,22,18.0,7,13
2024-07-29,SKU0043,18,0.0,7,13
2024-08-05,SKU0043,7,,7,13
2024-08-12,SKU0043,21,13.0,7,13
2024-08-19,SKU0043,10,0.0,7,13
2024-08-26,SKU0043,5,0.0,7,13
2024-09-02,SKU0043,0,0.0,7,13
2024-09-09,SKU0043,0,0.0,7,13
2024-09-16,SKU0043,21,18.0,7,13
2024-09-23,SKU0043,15,0.0,7,13
2024-09-30,SKU0043,19,15.0,7,13
2024-10-07,SKU0043,20,21.0,7,13
2024-10-14,SKU0043,23,18.0,7,13
2024-10-21,SKU0043,11,0.0,7,13
2024-10-28,SKU0043,2,0.0,7,13
2024-11-04,SKU0043,0,0.0,7,13
2024-11-11,SKU0043,0,0.0,7,13
2024-11-18,SKU0043,0,,7,13
2024-11-25,SKU0043,13,18.0,7,13
2024-12-02,SKU0043,17,16.0,7,13
2024-12-09,SKU0043,26,16.0,7,13
2024-12-16,SKU0043,16,0.0,7,13
2024-12-23,SKU0043,24,18.0,7,13
2024-12-30,SKU0043,16,0.0,7,13
2025-01-06,SKU0043,8,0.0,7,13
2025-01-13,SKU0043,0,0.0,7,13
2025-01-20,SKU0043,18,13.0,7,13
2025-01-27,SKU0043,29,21.0,7,13
2025-02-03,SKU0043,20,0.0,7,13
2025-02-10,SKU0043,13,0.0,7,13
2025-02-17,SKU0043,21,16.0,7,13
2025-02-24,SKU0043,15,15.0,7,13
2025-03-03,SKU0043,20,19.0,7,13
2025-03-10,SKU0043,29,16.0,7,13
2025-03-17,SKU0043,18,0.0,7,13
2025-03-24,SKU0043,8,0.0,7,13
2025-03-31,SKU0043,0,0.0,7,13
2025-04-07,SKU0043,14,16.0,7,13
2025-04-14,SKU0043,10,20.0,7,13
2025-04-21,SKU0043,0,0.0,7,13
2025-04-28,SKU0043,0,0.0,7,13
2025-05-05,SKU0043,0,0.0,7,13
2025-05-12,SKU0043,22,20.0,7,13
2025-05-19,SKU0043,11,0.0,7,13
2025-05-26,SKU0043,22,17.0,7,13
2025-06-02,SKU0043,13,0.0,7,13
2025-06-09,SKU0043,0,0.0,7,13
2025-06-16,SKU0043,0,0.0,7,13
2025-06-23,SKU0043,13,17.0,7,13
2025-06-30,SKU0043,1,0.0,7,13
2025-07-07,SKU0043,0,0.0,7,13
2025-07-14,SKU0043,0,0.0,7,13
2025-07-21,SKU0043,0,0.0,7,13
2025-07-28,SKU0043,20,16.0,7,13
2025-08-04,SKU0043,6,0.0,7,13
2025-08-11,SKU0043,9,13.0,7,13
2025-08-18,SKU0043,18,15.0,7,13
2025-08-25,SKU0043,25,21.0,7,13
2025-09-01,SKU0043,22,16.0,7,13
2025-09-08,SKU0043,14,0.0,7,13
2025-09-15,SKU0043,15,14.0,7,13
2025-09-22,SKU0043,24,19.0,7,13
2025-09-29,SKU0043,13,0.0,7,13
2025-10-06,SKU0043,25,17.0,7,13
2025-10-13,SKU0043,15,0.0,7,13
2025-10-20,SKU0043,16,14.0,7,13
2025-10-27,SKU0043,6,0.0,7,13
2025-11-03,SKU0043,19,21.0,7,13
2025-11-10,SKU0043,30,18.0,7,13
2025-11-17,SKU0043,21,0.0,7,13
2025-11-24,SKU0043,30,21.0,7,13
2025-12-01,SKU0043,21,0.0,7,13
2025-12-08,SKU0043,15,0.0,7,13
2025-12-15,SKU0043,19,15.0,7,13
2025-12-22,SKU0043,13,19.0,7,13
2025-12-29,SKU0043,19,15.0,7,13
2024-01-01,SKU0044,355,246.0,14,245
2024-01-08,SKU0044,264,0.0,14,245
2024-01-15,SKU0044,313,329.0,14,245
2024-01-22,SKU0044,360,280.0,14,245
2024-01-29,SKU0044,269,,14,245
2024-02-05,SKU0044,190,0.0,14,245
2024-02-12,SKU0044,99,0.0,14,245
2024-02-19,SKU0044,157,343.0,14,245
2024-02-26,SKU0044,252,327.0,14,245
2024-03-04,SKU0044,162,0.0,14,245
2024-03-11,SKU0044,80,0.0,14,245
2024-03-18,SKU0044,0,0.0,14,245
2024-03-25,SKU0044,0,0.0,14,245
2024-04-01,SKU0044,85,310.0,14,245
2024-04-08,SKU0044,0,0.0,14,245
2024-04-15,SKU0044,180,286.0,14,245
2024-04-22,SKU0044,258,250.0,14,245
2024-04-29,SKU0044,169,0.0,14,245
2024-05-06,SKU0044,198,268.0,14,245
2024-05-13,SKU0044,105,0.0,14,245
2024-05-20,SKU0044,21,0.0,14,245
2024-05-27,SKU0044,163,246.0,14,245
2024-06-03,SKU0044,269,221.0,14,245
2024-06-10,SKU0044,263,283.0,14,245
2024-06-17,SKU0044,344,215.0,14,245
2024-06-24,SKU0044,253,0.0,14,245
2024-07-01,SKU0044,275,247.0,14,245
2024-07-08,SKU0044,280,325.0,14,245
2024-07-15,SKU0044,184,0.0,14,245
2024-07-22,SKU0044,186,316.0,14,245
2024-07-29,SKU0044,92,0.0,14,245
2024-08-05,SKU0044,0,0.0,14,245
2024-08-12,SKU0044,174,345.0,14,245
2024-08-19,SKU0044,242,241.0,14,245
2024-08-26,SKU0044,335,265.0,14,245
2024-09-02,SKU0044,238,0.0,14,245
2024-09-09,SKU0044,264,232.0,14,245
2024-09-16,SKU0044,344,314.0,14,245
2024-09-23,SKU0044,269,0.0,14,245
2024-09-30,SKU0044,173,0.0,14,245
2024-10-07,SKU0044,184,219.0,14,245
2024-10-14,SKU0044,193,220.0,14,245
2024-10-21,SKU0044,268,270.0,14,245
2024-10-28,SKU0044,190,0.0,14,245
2024-11-04,SKU0044,103,0.0,14,245
2024-11-11,SKU0044,22,0.0,14,245
2024-11-18,SKU0044,154,323.0,14,245
2024-11-25,SKU0044,67,0.0,14,245
2024-12-02,SKU0044,111,300.0,14,245
2024-12-09,SKU0044,2,0.0,14,245
2024-12-16,SKU0044,0,0.0,14,245
2024-12-23,SKU0044,0,0.0,14,245
2024-12-30,SKU0044,134,263.0,14,245
2025-01-06,SKU0044,35,0.0,14,245
2025-01-13,SKU0044,0,0.0,14,245
2025-01-20,SKU0044,140,222.0,14,245
2025-01-27,SKU0044,52,0.0,14,245
2025-02-03,SKU0044,0,0.0,14,245
2025-02-10,SKU0044,81,317.0,14,245
2025-02-17,SKU0044,83,254.0,14,245
2025-02-24,SKU0044,135,272.0,14,245
2025-03-03,SKU0044,51,0.0,14,245
2025-03-10,SKU0044,0,0.0,14,245
2025-03-17,SKU0044,0,0.0,14,245
2025-03-24,SKU0044,80,243.0,14,245
2025-03-31,SKU0044,0,0.0,14,245
2025-04-07,SKU0044,0,0.0,14,245
2025-04-14,SKU0044,85,292.0,14,245
2025-04-21,SKU0044,0,0.0,14,245
2025-04-28,SKU0044,150,288.0,14,245
2025-05-05,SKU0044,72,0.0,14,245
2025-05-12,SKU0044,0,0.0,14,245
2025-05-19,SKU0044,115,251.0,14,245
2025-05-26,SKU0044,145,286.0,14,245
2025-06-02,SKU0044,146,255.0,14,245
2025-06-09,SKU0044,57,0.0,14,245
2025-06-16,SKU0044,0,0.0,14,245
2025-06-23,SKU0044,0,0.0,14,245
2025-06-30,SKU0044,0,0.0,14,245
2025-07-07,SKU0044,162,333.0,14,245
2025-07-14,SKU0044,231,218.0,14,245
2025-07-21,SKU0044,149,0.0,14,245
2025-07-28,SKU0044,238,256.0,14,245
2025-08-04,SKU0044,225,260.0,14,245
2025-08-11,SKU0044,282,223.0,14,245
2025-08-18,SKU0044,196,0.0,14,245
2025-08-25,SKU0044,212,296.0,14,245
2025-09-01,SKU0044,178,352.0,14,245
2025-09-08,SKU0044,254,314.0,14,245
2025-09-15,SKU0044,255,259.0,14,245
2025-09-22,SKU0044,295,287.0,14,245
2025-09-29,SKU0044,397,221.0,14,245
2025-10-06,SKU0044,298,0.0,14,245
2025-10-13,SKU0044,302,238.0,14,245
2025-10-20,SKU0044,208,0.0,14,245
2025-10-27,SKU0044,107,0.0,14,245
2025-11-03,SKU0044,200,304.0,14,245
2025-11-10,SKU0044,116,0.0,14,245
2025-11-17,SKU0044,23,0.0,14,245
2025-11-24,SKU0044,130,345.0,14,245
2025-12-01,SKU0044,40,0.0,14,245
2025-12-08,SKU0044,165,284.0,14,245
2025-12-15,SKU0044,55,0.0,14,245
2025-12-22,SKU0044,0,0.0,14,245
2025-12-29,SKU0044,172,251.0,14,245
2025-07-07,SKU0045,975,0.0,14,384
2025-07-14,SKU0045,824,0.0,14,384
2025-07-21,SKU0045,683,0.0,14,384
2025-07-28,SKU0045,521,0.0,14,384
2025-08-04,SKU0045,621,604.0,14,384
2025-08-11,SKU0045,451,0.0,14,384
2025-08-18,SKU0045,301,0.0,14,384
2025-08-25,SKU0045,140,0.0,14,384
2025-09-01,SKU0045,157,579.0,14,384
2025-09-08,SKU0045,344,609.0,14,384
2025-09-15,SKU0045,314,554.0,14,384
2025-09-22,SKU0045,159,0.0,14,384
2025-09-29,SKU0045,0,0.0,14,384
2025-10-06,SKU0045,0,0.0,14,384
2025-10-13,SKU0045,301,557.0,14,384
2025-10-20,SKU0045,128,0.0,14,384
2025-10-27,SKU0045,215,596.0,14,384
2025-11-03,SKU0045,230,608.0,14,384
2025-11-10,SKU0045,228,503.0,14,384
2025-11-17,SKU0045,236,374.0,14,384
2025-11-24,SKU0045,73,0.0,14,384
2025-12-01,SKU0045,133,496.0,14,384
2025-12-08,SKU0045,0,0.0,14,384
2025-12-15,SKU0045,274,553.0,14,384
2025-12-22,SKU0045,292,596.0,14,384
2025-12-29,SKU0045,339,400.0,14,384
2024-01-01,SKU0046,852,0.0,10,228
2024-01-08,SKU0046,701,0.0,10,228
2024-01-15,SKU0046,565,0.0,10,228
2024-01-22,SKU0046,402,0.0,10,228
2024-01-29,SKU0046,214,0.0,10,228
2024-02-05,SKU0046,56,0.0,10,228
2024-02-12,SKU0046,220,351.0,10,228
2024-02-19,SKU0046,382,405.0,10,228
2024-02-26,SKU0046,531,405.0,10,228
2024-03-04,SKU0046,373,0.0,10,228
2024-03-11,SKU0046,233,0.0,10,228
2024-03-18,SKU0046,84,0.0,10,228
2024-03-25,SKU0046,0,0.0,10,228
2024-04-01,SKU0046,0,0.0,10,228
2024-04-08,SKU0046,0,0.0,10,228
2024-04-15,SKU0046,0,0.0,10,228
2024-04-22,SKU0046,189,285.0,10,228
2024-04-29,SKU0046,42,0.0,10,228
2024-05-06,SKU0046,0,0.0,10,228
2024-05-13,SKU0046,128,391.0,10,228
2024-05-20,SKU0046,321,347.0,10,228
2024-05-27,SKU0046,175,0.0,10,228
2024-06-03,SKU0046,215,,10,228
2024-06-10,SKU0046,258,335.0,10,228
2024-06-17,SKU0046,88,0.0,10,228
2024-06-24,SKU0046,0,0.0,10,228
2024-07-01,SKU0046,0,0.0,10,228
2024-07-08,SKU0046,0,,10,228
2024-07-15,SKU0046,178,352.0,10,228
2024-07-22,SKU0046,182,418.0,10,228
2024-07-29,SKU0046,276,411.0,10,228
2024-08-05,SKU0046,113,0.0,10,228
2024-08-12,SKU0046,168,318.0,10,228
2024-08-19,SKU0046,253,373.0,10,228
2024-08-26,SKU0046,382,432.0,10,228
2024-09-02,SKU0046,228,0.0,10,228
2024-09-09,SKU0046,265,336.0,10,228
2024-09-16,SKU0046,106,0.0,10,228
2024-09-23,SKU0046,311,359.0,10,228
2024-09-30,SKU0046,413,277.0,10,228
2024-10-07,SKU0046,254,0.0,10,228
2024-10-14,SKU0046,403,297.0,10,228
2024-10-21,SKU0046,256,0.0,10,228
2024-10-28,SKU0046,113,0.0,10,228
2024-11-04,SKU0046,130,,10,228
2024-11-11,SKU0046,0,0.0,10,228
2024-11-18,SKU0046,128,315.0,10,228
2024-11-25,SKU0046,286,408.0,10,228
2024-12-02,SKU0046,242,321.0,10,228
2024-12-09,SKU0046,344,296.0,10,228
2024-12-16,SKU0046,191,0.0,10,228
2024-12-23,SKU0046,365,291.0,10,228
2024-12-30,SKU0046,236,0.0,10,228
2025-01-06,SKU0046,102,0.0,10,228
2025-01-13,SKU0046,271,310.0,10,228
2025-01-20,SKU0046,287,390.0,10,228
2025-01-27,SKU0046,315,365.0,10,228
2025-02-03,SKU0046,333,329.0,10,228
2025-02-10,SKU0046,407,306.0,10,228
2025-02-17,SKU0046,253,0.0,10,228
2025-02-24,SKU0046,295,322.0,10,228
2025-03-03,SKU0046,244,413.0,10,228
2025-03-10,SKU0046,335,363.0,10,228
2025-03-17,SKU0046,168,0.0,10,228
2025-03-24,SKU0046,0,0.0,10,228
2025-03-31,SKU0046,208,404.0,10,228
2025-04-07,SKU0046,59,0.0,10,228
2025-04-14,SKU0046,114,341.0,10,228
2025-04-21,SKU0046,0,0.0,10,228
2025-04-28,SKU0046,142,305.0,10,228
2025-05-05,SKU0046,0,0.0,10,228
2025-05-12,SKU0046,230,409.0,10,228
2025-05-19,SKU0046,78,0.0,10,228
2025-05-26,SKU0046,270,389.0,10,228
2025-06-02,SKU0046,256,365.0,10,228
2025-06-09,SKU0046,414,279.0,10,228
2025-06-16,SKU0046,258,0.0,10,228
2025-06-23,SKU0046,391,348.0,10,228
2025-06-30,SKU0046,244,0.0,10,228
2025-07-07,SKU0046,362,319.0,10,228
2025-07-14,SKU0046,235,0.0,10,228
2025-07-21,SKU0046,349,358.0,10,228
2025-07-28,SKU0046,212,0.0,10,228
2025-08-04,SKU0046,227,413.0,10,228
2025-08-11,SKU0046,373,303.0,10,228
2025-08-18,SKU0046,446,266.0,10,228
2025-08-25,SKU0046,300,0.0,10,228
2025-09-01,SKU0046,115,,10,228
2025-09-08,SKU0046,0,0.0,10,228
2025-09-15,SKU0046,0,0.0,10,228
2025-09-22,SKU0046,185,439.0,10,228
2025-09-29,SKU0046,39,0.0,10,228
2025-10-06,SKU0046,218,401.0,10,228
2025-10-13,SKU0046,95,0.0,10,228
2025-10-20,SKU0046,248,351.0,10,228
2025-10-27,SKU0046,89,0.0,10,228
2025-11-03,SKU0046,0,0.0,10,228
2025-11-10,SKU0046,189,427.0,10,228
2025-11-17,SKU0046,166,342.0,10,228
2025-11-24,SKU0046,167,430.0,10,228
2025-12-01,SKU0046,4,0.0,10,228
2025-12-08,SKU0046,156,401.0,10,228
2025-12-15,SKU0046,10,0.0,10,228
2025-12-22,SKU0046,195,383.0,10,228
2025-12-29,SKU0046,356,382.0,10,228
2024-01-01,SKU0047,1110,0.0,7,199
2024-01-08,SKU0047,948,0.0,7,199
2024-01-15,SKU0047,775,0.0,7,199
2024-01-22,SKU0047,611,0.0,7,199
2024-01-29,SKU0047,435,0.0,7,199
2024-02-05,SKU0047,263,0.0,7,199
2024-02-12,SKU0047,436,339.0,7,199
2024-02-19,SKU0047,279,0.0,7,199
2024-02-26,SKU0047,360,255.0,7,199
2024-03-04,SKU0047,357,223.0,7,199
2024-03-11,SKU0047,386,269.0,7,199
2024-03-18,SKU0047,209,0.0,7,199
2024-03-25,SKU0047,37,0.0,7,199
2024-04-01,SKU0047,123,303.0,7,199
2024-04-08,SKU0047,345,296.0,7,199
2024-04-15,SKU0047,347,,7,199
2024-04-22,SKU0047,170,0.0,7,199
2024-04-29,SKU0047,214,336.0,7,199
2024-05-06,SKU0047,11,0.0,7,199
2024-05-13,SKU0047,0,0.0,7,199
2024-05-20,SKU0047,285,260.0,7,199
2024-05-27,SKU0047,276,311.0,7,199
2024-06-03,SKU0047,379,343.0,7,199
2024-06-10,SKU0047,206,0.0,7,199
2024-06-17,SKU0047,182,333.0,7,199
2024-06-24,SKU0047,342,231.0,7,199
2024-07-01,SKU0047,180,0.0,7,199
2024-07-08,SKU0047,346,317.0,7,199
2024-07-15,SKU0047,414,307.0,7,199
2024-07-22,SKU0047,247,0.0,7,199
2024-07-29,SKU0047,74,0.0,7,199
2024-08-05,SKU0047,0,0.0,7,199
2024-08-12,SKU0047,127,296.0,7,199
2024-08-19,SKU0047,0,0.0,7,199
2024-08-26,SKU0047,0,0.0,7,199
2024-09-02,SKU0047,0,0.0,7,199
2024-09-09,SKU0047,259,,7,199
2024-09-16,SKU0047,77,0.0,7,199
2024-09-23,SKU0047,0,0.0,7,199
2024-09-30,SKU0047,312,261.0,7,199
2024-10-07,SKU0047,136,0.0,7,199
2024-10-14,SKU0047,0,0.0,7,199
2024-10-21,SKU0047,198,236.0,7,199
2024-10-28,SKU0047,159,244.0,7,199
2024-11-04,SKU0047,0,0.0,7,199
2024-11-11,SKU0047,293,210.0,7,199
2024-11-18,SKU0047,120,0.0,7,199
2024-11-25,SKU0047,221,233.0,7,199
2024-12-02,SKU0047,70,0.0,7,199
2024-12-09,SKU0047,0,0.0,7,199
2024-12-16,SKU0047,0,,7,199
2024-12-23,SKU0047,136,327.0,7,199
2024-12-30,SKU0047,0,0.0,7,199
2025-01-06,SKU0047,0,0.0,7,199
2025-01-13,SKU0047,0,0.0,7,199
2025-01-20,SKU0047,262,320.0,7,199
2025-01-27,SKU0047,386,302.0,7,199
2025-02-03,SKU0047,218,0.0,7,199
2025-02-10,SKU0047,46,0.0,7,199
2025-02-17,SKU0047,210,255.0,7,199
2025-02-24,SKU0047,34,0.0,7,199
2025-03-03,SKU0047,279,307.0,7,199
2025-03-10,SKU0047,123,0.0,7,199
2025-03-17,SKU0047,362,212.0,7,199
2025-03-24,SKU0047,333,326.0,7,199
2025-03-31,SKU0047,463,278.0,7,199
2025-04-07,SKU0047,276,0.0,7,199
2025-04-14,SKU0047,399,,7,199
2025-04-21,SKU0047,224,0.0,7,199
2025-04-28,SKU0047,46,0.0,7,199
2025-05-05,SKU0047,0,0.0,7,199
2025-05-12,SKU0047,302,266.0,7,199
2025-05-19,SKU0047,149,0.0,7,199
2025-05-26,SKU0047,367,236.0,7,199
2025-06-02,SKU0047,209,0.0,7,199
2025-06-09,SKU0047,43,0.0,7,199
2025-06-16,SKU0047,0,0.0,7,199
2025-06-23,SKU0047,161,255.0,7,199
2025-06-30,SKU0047,0,0.0,7,199
2025-07-07,SKU0047,188,256.0,7,199
2025-07-14,SKU0047,335,235.0,7,199
2025-07-21,SKU0047,276,328.0,7,199
2025-07-28,SKU0047,129,0.0,7,199
2025-08-04,SKU0047,237,339.0,7,199
2025-08-11,SKU0047,372,293.0,7,199
2025-08-18,SKU0047,212,0.0,7,199
2025-08-25,SKU0047,381,326.0,7,199
2025-09-01,SKU0047,185,0.0,7,199
2025-09-08,SKU0047,14,0.0,7,199
2025-09-15,SKU0047,0,0.0,7,199
2025-09-22,SKU0047,348,283.0,7,199
2025-09-29,SKU0047,329,283.0,7,199
2025-10-06,SKU0047,304,221.0,7,199
2025-10-13,SKU0047,422,263.0,7,199
2025-10-20,SKU0047,248,0.0,7,199
2025-10-27,SKU0047,300,296.0,7,199
2025-11-03,SKU0047,263,289.0,7,199
2025-11-10,SKU0047,409,233.0,7,199
2025-11-17,SKU0047,226,0.0,7,199
2025-11-24,SKU0047,51,0.0,7,199
2025-12-01,SKU0047,0,0.0,7,199
2025-12-08,SKU0047,255,342.0,7,199
2025-12-15,SKU0047,110,0.0,7,199
2025-12-22,SKU0047,0,0.0,7,199
2025-12-29,SKU0047,0,0.0,7,199
2024-01-01,SKU0048,133,0.0,7,152
2024-01-08,SKU0048,0,0.0,7,152
2024-01-15,SKU0048,0,0.0,7,152
2024-01-22,SKU0048,0,0.0,7,152
2024-01-29,SKU0048,0,0.0,7,152
2024-02-05,SKU0048,235,179.0,7,152
2024-02-12,SKU0048,282,221.0,7,152
2024-02-19,SKU0048,152,0.0,7,152
2024-02-26,SKU0048,265,255.0,7,152
2024-03-04,SKU0048,99,0.0,7,152
2024-03-11,SKU0048,165,196.0,7,152
2024-03-18,SKU0048,242,219.0,7,152
2024-03-25,SKU0048,233,197.0,7,152
2024-04-01,SKU0048,80,0.0,7,152
2024-04-08,SKU0048,259,254.0,7,152
2024-04-15,SKU0048,320,190.0,7,152
2024-04-22,SKU0048,182,0.0,7,152
2024-04-29,SKU0048,29,0.0,7,152
2024-05-06,SKU0048,135,246.0,7,152
2024-05-13,SKU0048,283,259.0,7,152
2024-05-20,SKU0048,330,171.0,7,152
2024-05-27,SKU0048,197,0.0,7,152
2024-06-03,SKU0048,345,274.0,7,152
2024-06-10,SKU0048,207,,7,152
2024-06-17,SKU0048,328,208.0,7,152
2024-06-24,SKU0048,155,0.0,7,152
2024-07-01,SKU0048,132,188.0,7,152
2024-07-08,SKU0048,6,0.0,7,152
2024-07-15,SKU0048,266,258.0,7,152
2024-07-22,SKU0048,288,173.0,7,152
2024-07-29,SKU0048,183,0.0,7,152
2024-08-05,SKU0048,205,252.0,7,152
2024-08-12,SKU0048,69,0.0,7,152
2024-08-19,SKU0048,147,262.0,7,152
2024-08-26,SKU0048,260,194.0,7,152
2024-09-02,SKU0048,114,0.0,7,152
2024-09-09,SKU0048,258,233.0,7,152
2024-09-16,SKU0048,385,190.0,7,152
2024-09-23,SKU0048,232,0.0,7,152
2024-09-30,SKU0048,100,,7,152
2024-10-07,SKU0048,217,224.0,7,152
2024-10-14,SKU0048,73,0.0,7,152
2024-10-21,SKU0048,0,0.0,7,152
2024-10-28,SKU0048,262,197.0,7,152
2024-11-04,SKU0048,391,180.0,7,152
2024-11-11,SKU0048,267,0.0,7,152
2024-11-18,SKU0048,274,193.0,7,152
2024-11-25,SKU0048,413,171.0,7,152
2024-12-02,SKU0048,268,0.0,7,152
2024-12-09,SKU0048,404,216.0,7,152
2024-12-16,SKU0048,272,0.0,7,152
2024-12-23,SKU0048,251,172.0,7,152
2024-12-30,SKU0048,86,0.0,7,152
2025-01-06,SKU0048,0,0.0,7,152
2025-01-13,SKU0048,0,0.0,7,152
2025-01-20,SKU0048,178,225.0,7,152
2025-01-27,SKU0048,169,208.0,7,152
2025-02-03,SKU0048,241,236.0,7,152
2025-02-10,SKU0048,335,198.0,7,152
2025-02-17,SKU0048,180,0.0,7,152
2025-02-24,SKU0048,168,195.0,7,152
2025-03-03,SKU0048,271,185.0,7,152
2025-03-10,SKU0048,395,222.0,7,152
2025-03-17,SKU0048,269,,7,152
2025-03-24,SKU0048,141,0.0,7,152
2025-03-31,SKU0048,19,0.0,7,152
2025-04-07,SKU0048,132,238.0,7,152
2025-04-14,SKU0048,191,234.0,7,152
2025-04-21,SKU0048,86,0.0,7,152
2025-04-28,SKU0048,0,0.0,7,152
2025-05-05,SKU0048,198,183.0,7,152
2025-05-12,SKU0048,332,259.0,7,152
2025-05-19,SKU0048,196,0.0,7,152
2025-05-26,SKU0048,186,214.0,7,152
2025-06-02,SKU0048,62,0.0,7,152
2025-06-09,SKU0048,132,206.0,7,152
2025-06-16,SKU0048,142,187.0,7,152
2025-06-23,SKU0048,0,0.0,7,152
2025-06-30,SKU0048,140,186.0,7,152
2025-07-07,SKU0048,2,0.0,7,152
2025-07-14,SKU0048,207,168.0,7,152
2025-07-21,SKU0048,268,228.0,7,152
2025-07-28,SKU0048,150,0.0,7,152
2025-08-04,SKU0048,5,0.0,7,152
2025-08-11,SKU0048,187,172.0,7,152
2025-08-18,SKU0048,144,193.0,7,152
2025-08-25,SKU0048,131,265.0,7,152
2025-09-01,SKU0048,274,,7,152
2025-09-08,SKU0048,123,0.0,7,152
2025-09-15,SKU0048,0,0.0,7,152
2025-09-22,SKU0048,247,248.0,7,152
2025-09-29,SKU0048,124,0.0,7,152
2025-10-06,SKU0048,0,0.0,7,152
2025-10-13,SKU0048,262,173.0,7,152
2025-10-20,SKU0048,405,197.0,7,152
2025-10-27,SKU0048,274,0.0,7,152
2025-11-03,SKU0048,148,0.0,7,152
2025-11-10,SKU0048,271,171.0,7,152
2025-11-17,SKU0048,355,201.0,7,152
2025-11-24,SKU0048,209,0.0,7,152
2025-12-01,SKU0048,288,221.0,7,152
2025-12-08,SKU0048,149,0.0,7,152
2025-12-15,SKU0048,135,244.0,7,152
2025-12-22,SKU0048,0,0.0,7,152
2025-12-29,SKU0048,122,205.0,7,152
2024-01-01,SKU0049,777,0.0,10,178
2024-01-08,SKU0049,640,0.0,10,178
2024-01-15,SKU0049,513,0.0,10,178
2024-01-22,SKU0049,393,0.0,10,178
2024-01-29,SKU0049,262,0.0,10,178
2024-02-05,SKU0049,360,225.0,10,178
2024-02-12,SKU0049,249,0.0,10,178
2024-02-19,SKU0049,146,0.0,10,178
2024-02-26,SKU0049,36,0.0,10,178
2024-03-04,SKU0049,200,306.0,10,178
2024-03-11,SKU0049,77,0.0,10,178
2024-03-18,SKU0049,0,0.0,10,178
2024-03-25,SKU0049,258,268.0,10,178
2024-04-01,SKU0049,405,258.0,10,178
2024-04-08,SKU0049,299,0.0,10,178
2024-04-15,SKU0049,351,337.0,10,178
2024-04-22,SKU0049,231,0.0,10,178
2024-04-29,SKU0049,212,285.0,10,178
2024-05-06,SKU0049,334,220.0,10,178
2024-05-13,SKU0049,218,0.0,10,178
2024-05-20,SKU0049,89,0.0,10,178
2024-05-27,SKU0049,0,0.0,10,178
2024-06-03,SKU0049,169,315.0,10,178
2024-06-10,SKU0049,146,344.0,10,178
2024-06-17,SKU0049,287,320.0,10,178
2024-06-24,SKU0049,195,0.0,10,178
2024-07-01,SKU0049,324,306.0,10,178
2024-07-08,SKU0049,191,0.0,10,178
2024-07-15,SKU0049,162,334.0,10,178
2024-07-22,SKU0049,46,0.0,10,178
2024-07-29,SKU0049,125,211.0,10,178
2024-08-05,SKU0049,118,313.0,10,178
2024-08-12,SKU0049,169,346.0,10,178
2024-08-19,SKU0049,206,240.0,10,178
2024-08-26,SKU0049,61,,10,178
2024-09-02,SKU0049,259,288.0,10,178
2024-09-09,SKU0049,317,261.0,10,178
2024-09-16,SKU0049,202,0.0,10,178
2024-09-23,SKU0049,185,215.0,10,178
2024-09-30,SKU0049,336,344.0,10,178
2024-10-07,SKU0049,219,0.0,10,178
2024-10-14,SKU0049,211,261.0,10,178
2024-10-21,SKU0049,98,0.0,10,178
2024-10-28,SKU0049,0,0.0,10,178
2024-11-04,SKU0049,0,0.0,10,178
2024-11-11,SKU0049,0,0.0,10,178
2024-11-18,SKU0049,110,327.0,10,178
2024-11-25,SKU0049,0,0.0,10,178
2024-12-02,SKU0049,170,338.0,10,178
2024-12-09,SKU0049,50,0.0,10,178
2024-12-16,SKU0049,0,0.0,10,178
2024-12-23,SKU0049,169,232.0,10,178
2024-12-30,SKU0049,280,304.0,10,178
2025-01-06,SKU0049,268,335.0,10,178
2025-01-13,SKU0049,162,0.0,10,178
2025-01-20,SKU0049,200,232.0,10,178
2025-01-27,SKU0049,209,252.0,10,178
2025-02-03,SKU0049,82,0.0,10,178
2025-02-10,SKU0049,168,248.0,10,178
2025-02-17,SKU0049,50,0.0,10,178
2025-02-24,SKU0049,126,339.0,10,178
2025-03-03,SKU0049,225,233.0,10,178
2025-03-10,SKU0049,200,,10,178
2025-03-17,SKU0049,277,272.0,10,178
2025-03-24,SKU0049,293,290.0,10,178
2025-03-31,SKU0049,167,0.0,10,178
2025-04-07,SKU0049,227,298.0,10,178
2025-04-14,SKU0049,282,289.0,10,178
2025-04-21,SKU0049,398,226.0,10,178
2025-04-28,SKU0049,263,0.0,10,178
2025-05-05,SKU0049,150,0.0,10,178
2025-05-12,SKU0049,149,235.0,10,178
2025-05-19,SKU0049,286,283.0,10,178
2025-05-26,SKU0049,402,277.0,10,178
2025-06-02,SKU0049,279,0.0,10,178
2025-06-09,SKU0049,414,250.0,10,178
2025-06-16,SKU0049,294,0.0,10,178
2025-06-23,SKU0049,164,0.0,10,178
2025-06-30,SKU0049,217,232.0,10,178
2025-07-07,SKU0049,99,0.0,10,178
2025-07-14,SKU0049,0,0.0,10,178
2025-07-21,SKU0049,183,295.0,10,178
2025-07-28,SKU0049,32,0.0,10,178
2025-08-04,SKU0049,0,0.0,10,178
2025-08-11,SKU0049,158,306.0,10,178
2025-08-18,SKU0049,34,0.0,10,178
2025-08-25,SKU0049,102,293.0,10,178
2025-09-01,SKU0049,231,333.0,10,178
2025-09-08,SKU0049,206,254.0,10,178
2025-09-15,SKU0049,98,0.0,10,178
2025-09-22,SKU0049,0,0.0,10,178
2025-09-29,SKU0049,251,283.0,10,178
2025-10-06,SKU0049,350,317.0,10,178
2025-10-13,SKU0049,242,0.0,10,178
2025-10-20,SKU0049,321,309.0,10,178
2025-10-27,SKU0049,230,0.0,10,178
2025-11-03,SKU0049,131,0.0,10,178
2025-11-10,SKU0049,144,,10,178
2025-11-17,SKU0049,18,,10,178
2025-11-24,SKU0049,0,0.0,10,178
2025-12-01,SKU0049,0,0.0,10,178
2025-12-08,SKU0049,0,0.0,10,178
2025-12-15,SKU0049,0,0.0,10,178
2025-12-22,SKU0049,0,0.0,10,178
2025-12-29,SKU0049,0,0.0,10,178
2024-01-01,SKU0050,866,0.0,14,287
2024-01-08,SKU0050,741,0.0,14,287
2024-01-15,SKU0050,634,0.0,14,287
2024-01-22,SKU0050,505,0.0,14,287
2024-01-29,SKU0050,389,0.0,14,287
2024-02-05,SKU0050,255,0.0,14,287
2024-02-12,SKU0050,157,0.0,14,287
2024-02-19,SKU0050,192,328.0,14,287
2024-02-26,SKU0050,260,351.0,14,287
2024-03-04,SKU0050,149,0.0,14,287
2024-03-11,SKU0050,237,452.0,14,287
2024-03-18,SKU0050,322,346.0,14,287
2024-03-25,SKU0050,347,368.0,14,287
2024-04-01,SKU0050,363,377.0,14,287
2024-04-08,SKU0050,376,390.0,14,287
2024-04-15,SKU0050,266,0.0,14,287
2024-04-22,SKU0050,155,0.0,14,287
2024-04-29,SKU0050,44,0.0,14,287
2024-05-06,SKU0050,96,421.0,14,287
2024-05-13,SKU0050,179,341.0,14,287
2024-05-20,SKU0050,162,385.0,14,287
2024-05-27,SKU0050,192,379.0,14,287
2024-06-03,SKU0050,55,0.0,14,287
2024-06-10,SKU0050,0,0.0,14,287
2024-06-17,SKU0050,178,288.0,14,287
2024-06-24,SKU0050,79,0.0,14,287
2024-07-01,SKU0050,0,0.0,14,287
2024-07-08,SKU0050,0,0.0,14,287
2024-07-15,SKU0050,199,,14,287
2024-07-22,SKU0050,238,399.0,14,287
2024-07-29,SKU0050,244,435.0,14,287
2024-08-05,SKU0050,122,0.0,14,287
2024-08-12,SKU0050,116,384.0,14,287
2024-08-19,SKU0050,137,291.0,14,287
2024-08-26,SKU0050,228,352.0,14,287
2024-09-02,SKU0050,345,328.0,14,287
2024-09-09,SKU0050,474,435.0,14,287
2024-09-16,SKU0050,365,,14,287
2024-09-23,SKU0050,401,297.0,14,287
2024-09-30,SKU0050,294,,14,287
2024-10-07,SKU0050,174,0.0,14,287
2024-10-14,SKU0050,206,326.0,14,287
2024-10-21,SKU0050,215,427.0,14,287
2024-10-28,SKU0050,102,0.0,14,287
2024-11-04,SKU0050,0,0.0,14,287
2024-11-11,SKU0050,0,0.0,14,287
2024-11-18,SKU0050,94,340.0,14,287
2024-11-25,SKU0050,144,347.0,14,287
2024-12-02,SKU0050,162,376.0,14,287
2024-12-09,SKU0050,47,0.0,14,287
2024-12-16,SKU0050,0,0.0,14,287
2024-12-23,SKU0050,175,454.0,14,287
2024-12-30,SKU0050,60,0.0,14,287
2025-01-06,SKU0050,0,0.0,14,287
2025-01-13,SKU0050,101,278.0,14,287
2025-01-20,SKU0050,162,417.0,14,287
2025-01-27,SKU0050,49,0.0,14,287
2025-02-03,SKU0050,0,0.0,14,287
2025-02-10,SKU0050,0,0.0,14,287
2025-02-17,SKU0050,217,423.0,14,287
2025-02-24,SKU0050,124,0.0,14,287
2025-03-03,SKU0050,209,345.0,14,287
2025-03-10,SKU0050,73,0.0,14,287
2025-03-17,SKU0050,244,337.0,14,287
2025-03-24,SKU0050,117,0.0,14,287
2025-03-31,SKU0050,174,339.0,14,287
2025-04-07,SKU0050,233,416.0,14,287
2025-04-14,SKU0050,125,0.0,14,287
2025-04-21,SKU0050,20,0.0,14,287
2025-04-28,SKU0050,119,354.0,14,287
2025-05-05,SKU0050,87,298.0,14,287
2025-05-12,SKU0050,0,0.0,14,287
2025-05-19,SKU0050,223,375.0,14,287
2025-05-26,SKU0050,341,404.0,14,287
2025-06-02,SKU0050,409,408.0,14,287
2025-06-09,SKU0050,310,0.0,14,287
2025-06-16,SKU0050,326,288.0,14,287
2025-06-23,SKU0050,221,0.0,14,287
2025-06-30,SKU0050,316,318.0,14,287
2025-07-07,SKU0050,294,325.0,14,287
2025-07-14,SKU0050,341,315.0,14,287
2025-07-21,SKU0050,230,0.0,14,287
2025-07-28,SKU0050,232,389.0,14,287
2025-08-04,SKU0050,255,359.0,14,287
2025-08-11,SKU0050,347,424.0,14,287
2025-08-18,SKU0050,343,300.0,14,287
2025-08-25,SKU0050,366,439.0,14,287
2025-09-01,SKU0050,352,308.0,14,287
2025-09-08,SKU0050,376,334.0,14,287
2025-09-15,SKU0050,404,320.0,14,287
2025-09-22,SKU0050,514,388.0,14,287
2025-09-29,SKU0050,385,0.0,14,287
2025-10-06,SKU0050,370,297.0,14,287
2025-10-13,SKU0050,481,416.0,14,287
2025-10-20,SKU0050,373,0.0,14,287
2025-10-27,SKU0050,261,0.0,14,287
2025-11-03,SKU0050,278,421.0,14,287
2025-11-10,SKU0050,167,0.0,14,287
2025-11-17,SKU0050,51,0.0,14,287
2025-11-24,SKU0050,126,397.0,14,287
2025-12-01,SKU0050,178,283.0,14,287
2025-12-08,SKU0050,87,0.0,14,287
2025-12-15,SKU0050,0,0.0,14,287
2025-12-22,SKU0050,0,0.0,14,287
2025-12-29,SKU0050,236,329.0,14,287
2024-01-01,SKU0051,392,404.0,14,323
2024-01-08,SKU0051,277,0.0,14,323
2024-01-15,SKU0051,159,0.0,14,323
2024-01-22,SKU0051,40,0.0,14,323
2024-01-29,SKU0051,0,0.0,14,323
2024-02-05,SKU0051,0,0.0,14,323
2024-02-12,SKU0051,0,0.0,14,323
2024-02-19,SKU0051,0,0.0,14,323
2024-02-26,SKU0051,204,432.0,14,323
2024-03-04,SKU0051,310,325.0,14,323
2024-03-11,SKU0051,315,289.0,14,323
2024-03-18,SKU0051,306,470.0,14,323
2024-03-25,SKU0051,326,432.0,14,323
2024-04-01,SKU0051,213,0.0,14,323
2024-04-08,SKU0051,87,0.0,14,323
2024-04-15,SKU0051,113,397.0,14,323
2024-04-22,SKU0051,0,0.0,14,323
2024-04-29,SKU0051,0,0.0,14,323
2024-05-06,SKU0051,0,0.0,14,323
2024-05-13,SKU0051,108,429.0,14,323
2024-05-20,SKU0051,0,,14,323
2024-05-27,SKU0051,228,421.0,14,323
2024-06-03,SKU0051,115,0.0,14,323
2024-06-10,SKU0051,12,0.0,14,323
2024-06-17,SKU0051,176,444.0,14,323
2024-06-24,SKU0051,54,0.0,14,323
2024-07-01,SKU0051,0,0.0,14,323
2024-07-08,SKU0051,0,0.0,14,323
2024-07-15,SKU0051,0,0.0,14,323
2024-07-22,SKU0051,138,425.0,14,323
2024-07-29,SKU0051,15,0.0,14,323
2024-08-05,SKU0051,199,341.0,14,323
2024-08-12,SKU0051,259,410.0,14,323
2024-08-19,SKU0051,258,465.0,14,323
2024-08-26,SKU0051,143,0.0,14,323
2024-09-02,SKU0051,288,456.0,14,323
2024-09-09,SKU0051,170,0.0,14,323
2024-09-16,SKU0051,53,0.0,14,323
2024-09-23,SKU0051,248,296.0,14,323
2024-09-30,SKU0051,383,410.0,14,323
2024-10-07,SKU0051,477,286.0,14,323
2024-10-14,SKU0051,348,0.0,14,323
2024-10-21,SKU0051,255,0.0,14,323
2024-10-28,SKU0051,135,0.0,14,323
2024-11-04,SKU0051,104,423.0,14,323
2024-11-11,SKU0051,207,427.0,14,323
2024-11-18,SKU0051,93,0.0,14,323
2024-11-25,SKU0051,188,305.0,14,323
2024-12-02,SKU0051,269,302.0,14,323
2024-12-09,SKU0051,352,325.0,14,323
2024-12-16,SKU0051,386,461.0,14,323
2024-12-23,SKU0051,429,359.0,14,323
2024-12-30,SKU0051,304,0.0,14,323
2025-01-06,SKU0051,331,425.0,14,323
2025-01-13,SKU0051,466,368.0,14,323
2025-01-20,SKU0051,328,0.0,14,323
2025-01-27,SKU0051,208,0.0,14,323
2025-02-03,SKU0051,86,0.0,14,323
2025-02-10,SKU0051,0,0.0,14,323
2025-02-17,SKU0051,0,0.0,14,323
2025-02-24,SKU0051,224,372.0,14,323
2025-03-03,SKU0051,243,284.0,14,323
2025-03-10,SKU0051,298,408.0,14,323
2025-03-17,SKU0051,369,427.0,14,323
2025-03-24,SKU0051,253,0.0,14,323
2025-03-31,SKU0051,140,0.0,14,323
2025-04-07,SKU0051,120,446.0,14,323
2025-04-14,SKU0051,121,458.0,14,323
2025-04-21,SKU0051,110,317.0,14,323
2025-04-28,SKU0051,121,399.0,14,323
2025-05-05,SKU0051,0,0.0,14,323
2025-05-12,SKU0051,119,345.0,14,323
2025-05-19,SKU0051,171,393.0,14,323
2025-05-26,SKU0051,257,463.0,14,323
2025-06-02,SKU0051,271,382.0,14,323
2025-06-09,SKU0051,154,0.0,14,323
2025-06-16,SKU0051,57,0.0,14,323
2025-06-23,SKU0051,0,0.0,14,323
2025-06-30,SKU0051,178,347.0,14,323
2025-07-07,SKU0051,156,428.0,14,323
2025-07-14,SKU0051,211,346.0,14,323
2025-07-21,SKU0051,242,422.0,14,323
2025-07-28,SKU0051,138,0.0,14,323
2025-08-04,SKU0051,26,0.0,14,323
2025-08-11,SKU0051,0,0.0,14,323
2025-08-18,SKU0051,196,417.0,14,323
2025-08-25,SKU0051,89,0.0,14,323
2025-09-01,SKU0051,98,286.0,14,323
2025-09-08,SKU0051,0,0.0,14,323
2025-09-15,SKU0051,202,448.0,14,323
2025-09-22,SKU0051,78,0.0,14,323
2025-09-29,SKU0051,0,0.0,14,323
2025-10-06,SKU0051,121,323.0,14,323
2025-10-13,SKU0051,161,369.0,14,323
2025-10-20,SKU0051,217,308.0,14,323
2025-10-27,SKU0051,96,0.0,14,323
2025-11-03,SKU0051,113,295.0,14,323
2025-11-10,SKU0051,207,311.0,14,323
2025-11-17,SKU0051,318,303.0,14,323
2025-11-24,SKU0051,445,460.0,14,323
2025-12-01,SKU0051,327,0.0,14,323
2025-12-08,SKU0051,411,330.0,14,323
2025-12-15,SKU0051,509,425.0,14,323
2025-12-22,SKU0051,391,0.0,14,323
2025-12-29,SKU0051,277,0.0,14,323
2025-06-09,SKU0052,602,0.0,10,176
2025-06-16,SKU0052,512,0.0,10,176
2025-06-23,SKU0052,405,0.0,10,176
2025-06-30,SKU0052,296,0.0,10,176
2025-07-07,SKU0052,192,0.0,10,176
2025-07-14,SKU0052,83,0.0,10,176
2025-07-21,SKU0052,0,0.0,10,176
2025-07-28,SKU0052,138,192.0,10,176
2025-08-04,SKU0052,104,228.0,10,176
2025-08-11,SKU0052,200,277.0,10,176
2025-08-18,SKU0052,290,215.0,10,176
2025-08-25,SKU0052,192,0.0,10,176
2025-09-01,SKU0052,164,263.0,10,176
2025-09-08,SKU0052,264,257.0,10,176
2025-09-15,SKU0052,169,0.0,10,176
2025-09-22,SKU0052,76,0.0,10,176
2025-09-29,SKU0052,114,226.0,10,176
2025-10-06,SKU0052,193,189.0,10,176
2025-10-13,SKU0052,287,211.0,10,176
2025-10-20,SKU0052,185,0.0,10,176
2025-10-27,SKU0052,85,0.0,10,176
2025-11-03,SKU0052,0,0.0,10,176
2025-11-10,SKU0052,206,210.0,10,176
2025-11-17,SKU0052,117,0.0,10,176
2025-11-24,SKU0052,150,191.0,10,176
2025-12-01,SKU0052,130,273.0,10,176
2025-12-08,SKU0052,132,186.0,10,176
2025-12-15,SKU0052,41,0.0,10,176
2025-12-22,SKU0052,0,0.0,10,176
2025-12-29,SKU0052,120,245.0,10,176
2024-01-01,SKU0053,226,558.0,30,575
2024-01-08,SKU0053,222,467.0,30,575
2024-01-15,SKU0053,313,569.0,30,575
2024-01-22,SKU0053,227,0.0,30,575
2024-01-29,SKU0053,240,477.0,30,575
2024-02-05,SKU0053,313,718.0,30,575
2024-02-12,SKU0053,324,695.0,30,575
2024-02-19,SKU0053,356,656.0,30,575
2024-02-26,SKU0053,407,471.0,30,575
2024-03-04,SKU0053,500,708.0,30,575
2024-03-11,SKU0053,408,0.0,30,575
2024-03-18,SKU0053,313,0.0,30,575
2024-03-25,SKU0053,219,0.0,30,575
2024-04-01,SKU0053,127,0.0,30,575
2024-04-08,SKU0053,118,657.0,30,575
2024-04-15,SKU0053,144,645.0,30,575
2024-04-22,SKU0053,48,0.0,30,575
2024-04-29,SKU0053,85,567.0,30,575
2024-05-06,SKU0053,167,716.0,30,575
2024-05-13,SKU0053,245,,30,575
2024-05-20,SKU0053,293,764.0,30,575
2024-05-27,SKU0053,367,652.0,30,575
2024-06-03,SKU0053,455,479.0,30,575
2024-06-10,SKU0053,367,0.0,30,575
2024-06-17,SKU0053,283,0.0,30,575
2024-06-24,SKU0053,192,0.0,30,575
2024-07-01,SKU0053,184,748.0,30,575
2024-07-08,SKU0053,195,554.0,30,575
2024-07-15,SKU0053,187,713.0,30,575
2024-07-22,SKU0053,187,506.0,30,575
2024-07-29,SKU0053,192,639.0,30,575
2024-08-05,SKU0053,210,554.0,30,575
2024-08-12,SKU0053,109,0.0,30,575
2024-08-19,SKU0053,101,556.0,30,575
2024-08-26,SKU0053,0,0.0,30,575
2024-09-02,SKU0053,176,563.0,30,575
2024-09-09,SKU0053,242,625.0,30,575
2024-09-16,SKU0053,315,539.0,30,575
2024-09-23,SKU0053,377,508.0,30,575
2024-09-30,SKU0053,420,505.0,30,575
2024-10-07,SKU0053,393,573.0,30,575
2024-10-14,SKU0053,316,0.0,30,575
2024-10-21,SKU0053,233,0.0,30,575
2024-10-28,SKU0053,284,565.0,30,575
2024-11-04,SKU0053,295,503.0,30,575
2024-11-11,SKU0053,271,596.0,30,575
2024-11-18,SKU0053,327,670.0,30,575
2024-11-25,SKU0053,355,550.0,30,575
2024-12-02,SKU0053,358,656.0,30,575
2024-12-09,SKU0053,378,486.0,30,575
2024-12-16,SKU0053,299,0.0,30,575
2024-12-23,SKU0053,354,554.0,30,575
2024-12-30,SKU0053,479,680.0,30,575
2025-01-06,SKU0053,505,717.0,30,575
2025-01-13,SKU0053,539,686.0,30,575
2025-01-20,SKU0053,448,0.0,30,575
2025-01-27,SKU0053,513,503.0,30,575
2025-02-03,SKU0053,552,757.0,30,575
2025-02-10,SKU0053,525,,30,575
2025-02-17,SKU0053,570,621.0,30,575
2025-02-24,SKU0053,487,0.0,30,575
2025-03-03,SKU0053,370,0.0,30,575
2025-03-10,SKU0053,476,639.0,30,575
2025-03-17,SKU0053,523,639.0,30,575
2025-03-24,SKU0053,546,513.0,30,575
2025-03-31,SKU0053,570,769.0,30,575
2025-04-07,SKU0053,577,740.0,30,575
2025-04-14,SKU0053,488,0.0,30,575
2025-04-21,SKU0053,562,745.0,30,575
2025-04-28,SKU0053,562,541.0,30,575
2025-05-05,SKU0053,607,644.0,30,575
2025-05-12,SKU0053,525,0.0,30,575
2025-05-19,SKU0053,513,694.0,30,575
2025-05-26,SKU0053,619,511.0,30,575
2025-06-02,SKU0053,547,0.0,30,575
2025-06-09,SKU0053,560,635.0,30,575
2025-06-16,SKU0053,607,686.0,30,575
2025-06-23,SKU0053,643,675.0,30,575
2025-06-30,SKU0053,682,740.0,30,575
2025-07-07,SKU0053,595,0.0,30,575
2025-07-14,SKU0053,591,518.0,30,575
2025-07-21,SKU0053,598,538.0,30,575
2025-07-28,SKU0053,682,493.0,30,575
2025-08-04,SKU0053,597,0.0,30,575
2025-08-11,SKU0053,620,741.0,30,575
2025-08-18,SKU0053,604,653.0,30,575
2025-08-25,SKU0053,642,481.0,30,575
2025-09-01,SKU0053,557,0.0,30,575
2025-09-08,SKU0053,680,629.0,30,575
2025-09-15,SKU0053,598,0.0,30,575
2025-09-22,SKU0053,646,638.0,30,575
2025-09-29,SKU0053,721,643.0,30,575
2025-10-06,SKU0053,621,0.0,30,575
2025-10-13,SKU0053,532,0.0,30,575
2025-10-20,SKU0053,449,0.0,30,575
2025-10-27,SKU0053,525,743.0,30,575
2025-11-03,SKU0053,449,0.0,30,575
2025-11-10,SKU0053,357,0.0,30,575
2025-11-17,SKU0053,270,0.0,30,575
2025-11-24,SKU0053,363,707.0,30,575
2025-12-01,SKU0053,269,0.0,30,575
2025-12-08,SKU0053,172,0.0,30,575
2025-12-15,SKU0053,237,744.0,30,575
2025-12-22,SKU0053,228,604.0,30,575
2025-12-29,SKU0053,316,528.0,30,575
2024-01-01,SKU0054,102,0.0,14,133
2024-01-08,SKU0054,60,0.0,14,133
2024-01-15,SKU0054,14,0.0,14,133
2024-01-22,SKU0054,0,0.0,14,133
2024-01-29,SKU0054,0,0.0,14,133
2024-02-05,SKU0054,94,137.0,14,133
2024-02-12,SKU0054,45,0.0,14,133
2024-02-19,SKU0054,0,0.0,14,133
2024-02-26,SKU0054,45,136.0,14,133
2024-03-04,SKU0054,91,142.0,14,133
2024-03-11,SKU0054,92,142.0,14,133
2024-03-18,SKU0054,108,120.0,14,133
2024-03-25,SKU0054,114,116.0,14,133
2024-04-01,SKU0054,121,158.0,14,133
2024-04-08,SKU0054,111,128.0,14,133
2024-04-15,SKU0054,116,143.0,14,133
2024-04-22,SKU0054,60,0.0,14,133
2024-04-29,SKU0054,1,0.0,14,133
2024-05-06,SKU0054,0,0.0,14,133
2024-05-13,SKU0054,32,112.0,14,133
2024-05-20,SKU0054,56,110.0,14,133
2024-05-27,SKU0054,50,134.0,14,133
2024-06-03,SKU0054,102,150.0,14,133
2024-06-10,SKU0054,121,113.0,14,133
2024-06-17,SKU0054,144,171.0,14,133
2024-06-24,SKU0054,101,0.0,14,133
2024-07-01,SKU0054,53,0.0,14,133
2024-07-08,SKU0054,90,124.0,14,133
2024-07-15,SKU0054,132,157.0,14,133
2024-07-22,SKU0054,119,175.0,14,133
2024-07-29,SKU0054,169,174.0,14,133
2024-08-05,SKU0054,126,0.0,14,133
2024-08-12,SKU0054,146,122.0,14,133
2024-08-19,SKU0054,103,0.0,14,133
2024-08-26,SKU0054,64,0.0,14,133
2024-09-02,SKU0054,82,143.0,14,133
2024-09-09,SKU0054,126,164.0,14,133
2024-09-16,SKU0054,173,179.0,14,133
2024-09-23,SKU0054,137,0.0,14,133
2024-09-30,SKU0054,94,0.0,14,133
2024-10-07,SKU0054,121,175.0,14,133
2024-10-14,SKU0054,126,155.0,14,133
2024-10-21,SKU0054,146,136.0,14,133
2024-10-28,SKU0054,112,0.0,14,133
2024-11-04,SKU0054,117,152.0,14,133
2024-11-11,SKU0054,81,0.0,14,133
2024-11-18,SKU0054,117,150.0,14,133
2024-11-25,SKU0054,138,164.0,14,133
2024-12-02,SKU0054,83,0.0,14,133
2024-12-09,SKU0054,126,131.0,14,133
2024-12-16,SKU0054,174,158.0,14,133
2024-12-23,SKU0054,119,0.0,14,133
2024-12-30,SKU0054,155,170.0,14,133
2025-01-06,SKU0054,121,0.0,14,133
2025-01-13,SKU0054,79,0.0,14,133
2025-01-20,SKU0054,27,0.0,14,133
2025-01-27,SKU0054,0,0.0,14,133
2025-02-03,SKU0054,0,0.0,14,133
2025-02-10,SKU0054,95,146.0,14,133
2025-02-17,SKU0054,124,152.0,14,133
2025-02-24,SKU0054,131,127.0,14,133
2025-03-03,SKU0054,79,0.0,14,133
2025-03-10,SKU0054,29,0.0,14,133
2025-03-17,SKU0054,0,0.0,14,133
2025-03-24,SKU0054,42,162.0,14,133
2025-03-31,SKU0054,1,0.0,14,133
2025-04-07,SKU0054,76,115.0,14,133
2025-04-14,SKU0054,78,139.0,14,133
2025-04-21,SKU0054,126,151.0,14,133
2025-04-28,SKU0054,129,121.0,14,133
2025-05-05,SKU0054,87,0.0,14,133
2025-05-12,SKU0054,42,0.0,14,133
2025-05-19,SKU0054,45,136.0,14,133
2025-05-26,SKU0054,80,146.0,14,133
2025-06-02,SKU0054,27,0.0,14,133
2025-06-09,SKU0054,0,0.0,14,133
2025-06-16,SKU0054,0,,14,133
2025-06-23,SKU0054,39,123.0,14,133
2025-06-30,SKU0054,80,175.0,14,133
2025-07-07,SKU0054,62,152.0,14,133
2025-07-14,SKU0054,78,112.0,14,133
2025-07-21,SKU0054,38,0.0,14,133
2025-07-28,SKU0054,8,0.0,14,133
2025-08-04,SKU0054,69,151.0,14,133
2025-08-11,SKU0054,51,175.0,14,133
2025-08-18,SKU0054,2,0.0,14,133
2025-08-25,SKU0054,47,153.0,14,133
2025-09-01,SKU0054,83,119.0,14,133
2025-09-08,SKU0054,42,0.0,14,133
2025-09-15,SKU0054,9,0.0,14,133
2025-09-22,SKU0054,38,137.0,14,133
2025-09-29,SKU0054,1,,14,133
2025-10-06,SKU0054,0,0.0,14,133
2025-10-13,SKU0054,0,0.0,14,133
2025-10-20,SKU0054,0,0.0,14,133
2025-10-27,SKU0054,41,172.0,14,133
2025-11-03,SKU0054,78,126.0,14,133
2025-11-10,SKU0054,121,128.0,14,133
2025-11-17,SKU0054,78,,14,133
2025-11-24,SKU0054,84,134.0,14,133
2025-12-01,SKU0054,101,158.0,14,133
2025-12-08,SKU0054,163,141.0,14,133
2025-12-15,SKU0054,129,0.0,14,133
2025-12-22,SKU0054,84,0.0,14,133
2025-12-29,SKU0054,39,0.0,14,133
2024-01-01,SKU0055,438,0.0,21,307
2024-01-08,SKU0055,358,0.0,21,307
2024-01-15,SKU0055,414,334.0,21,307
2024-01-22,SKU0055,329,0.0,21,307
2024-01-29,SKU0055,262,0.0,21,307
2024-02-05,SKU0055,259,453.0,21,307
2024-02-12,SKU0055,255,421.0,21,307
2024-02-19,SKU0055,179,0.0,21,307
2024-02-26,SKU0055,156,436.0,21,307
2024-03-04,SKU0055,146,360.0,21,307
2024-03-11,SKU0055,197,411.0,21,307
2024-03-18,SKU0055,124,0.0,21,307
2024-03-25,SKU0055,112,441.0,21,307
2024-04-01,SKU0055,43,0.0,21,307
2024-04-08,SKU0055,0,0.0,21,307
2024-04-15,SKU0055,152,334.0,21,307
2024-04-22,SKU0055,78,0.0,21,307
2024-04-29,SKU0055,142,419.0,21,307
2024-05-06,SKU0055,65,0.0,21,307
2024-05-13,SKU0055,1,0.0,21,307
2024-05-20,SKU0055,123,350.0,21,307
2024-05-27,SKU0055,32,0.0,21,307
2024-06-03,SKU0055,109,281.0,21,307
2024-06-10,SKU0055,21,0.0,21,307
2024-06-17,SKU0055,118,307.0,21,307
2024-06-24,SKU0055,64,0.0,21,307
2024-07-01,SKU0055,57,353.0,21,307
2024-07-08,SKU0055,0,0.0,21,307
2024-07-15,SKU0055,97,396.0,21,307
2024-07-22,SKU0055,128,433.0,21,307
2024-07-29,SKU0055,56,0.0,21,307
2024-08-05,SKU0055,56,348.0,21,307
2024-08-12,SKU0055,69,451.0,21,307
2024-08-19,SKU0055,131,359.0,21,307
2024-08-26,SKU0055,56,0.0,21,307
2024-09-02,SKU0055,0,0.0,21,307
2024-09-09,SKU0055,0,0.0,21,307
2024-09-16,SKU0055,0,0.0,21,307
2024-09-23,SKU0055,100,399.0,21,307
2024-09-30,SKU0055,26,0.0,21,307
2024-10-07,SKU0055,57,331.0,21,307
2024-10-14,SKU0055,122,390.0,21,307
2024-10-21,SKU0055,205,425.0,21,307
2024-10-28,SKU0055,127,0.0,21,307
2024-11-04,SKU0055,163,347.0,21,307
2024-11-11,SKU0055,89,0.0,21,307
2024-11-18,SKU0055,9,0.0,21,307
2024-11-25,SKU0055,0,0.0,21,307
2024-12-02,SKU0055,132,317.0,21,307
2024-12-09,SKU0055,208,354.0,21,307
2024-12-16,SKU0055,295,,21,307
2024-12-23,SKU0055,385,376.0,21,307
2024-12-30,SKU0055,307,0.0,21,307
2025-01-06,SKU0055,306,417.0,21,307
2025-01-13,SKU0055,335,331.0,21,307
2025-01-20,SKU0055,320,399.0,21,307
2025-01-27,SKU0055,241,0.0,21,307
2025-02-03,SKU0055,235,340.0,21,307
2025-02-10,SKU0055,220,328.0,21,307
2025-02-17,SKU0055,209,,21,307
2025-02-24,SKU0055,128,,21,307
2025-03-03,SKU0055,47,0.0,21,307
2025-03-10,SKU0055,127,302.0,21,307
2025-03-17,SKU0055,62,0.0,21,307
2025-03-24,SKU0055,133,276.0,21,307
2025-03-31,SKU0055,70,0.0,21,307
2025-04-07,SKU0055,2,0.0,21,307
2025-04-14,SKU0055,0,0.0,21,307
2025-04-21,SKU0055,0,0.0,21,307
2025-04-28,SKU0055,111,371.0,21,307
2025-05-05,SKU0055,44,0.0,21,307
2025-05-12,SKU0055,0,0.0,21,307
2025-05-19,SKU0055,71,371.0,21,307
2025-05-26,SKU0055,0,0.0,21,307
2025-06-02,SKU0055,112,294.0,21,307
2025-06-09,SKU0055,187,287.0,21,307
2025-06-16,SKU0055,130,0.0,21,307
2025-06-23,SKU0055,36,0.0,21,307
2025-06-30,SKU0055,0,0.0,21,307
2025-07-07,SKU0055,61,445.0,21,307
2025-07-14,SKU0055,101,377.0,21,307
2025-07-21,SKU0055,112,315.0,21,307
2025-07-28,SKU0055,98,427.0,21,307
2025-08-04,SKU0055,138,366.0,21,307
2025-08-11,SKU0055,226,288.0,21,307
2025-08-18,SKU0055,241,355.0,21,307
2025-08-25,SKU0055,274,299.0,21,307
2025-09-01,SKU0055,258,434.0,21,307
2025-09-08,SKU0055,240,380.0,21,307
2025-09-15,SKU0055,218,343.0,21,307
2025-09-22,SKU0055,264,447.0,21,307
2025-09-29,SKU0055,242,443.0,21,307
2025-10-06,SKU0055,173,0.0,21,307
2025-10-13,SKU0055,186,383.0,21,307
2025-10-20,SKU0055,95,0.0,21,307
2025-10-27,SKU0055,19,0.0,21,307
2025-11-03,SKU0055,0,0.0,21,307
2025-11-10,SKU0055,130,360.0,21,307
2025-11-17,SKU0055,128,376.0,21,307
2025-11-24,SKU0055,127,357.0,21,307
2025-12-01,SKU0055,139,456.0,21,307
2025-12-08,SKU0055,155,448.0,21,307
2025-12-15,SKU0055,224,440.0,21,307
2025-12-22,SKU0055,272,381.0,21,307
2025-12-29,SKU0055,192,0.0,21,307
2024-01-01,SKU0056,300,0.0,7,49
2024-01-08,SKU0056,255,0.0,7,49
2024-01-15,SKU0056,215,0.0,7,49
2024-01-22,SKU0056,169,0.0,7,49
2024-01-29,SKU0056,132,0.0,7,49
2024-02-05,SKU0056,88,0.0,7,49
2024-02-12,SKU0056,40,0.0,7,49
2024-02-19,SKU0056,70,88.0,7,49
2024-02-26,SKU0056,97,,7,49
2024-03-04,SKU0056,47,0.0,7,49
2024-03-11,SKU0056,94,85.0,7,49
2024-03-18,SKU0056,49,0.0,7,49
2024-03-25,SKU0056,2,0.0,7,49
2024-04-01,SKU0056,0,0.0,7,49
2024-04-08,SKU0056,63,61.0,7,49
2024-04-15,SKU0056,62,74.0,7,49
2024-04-22,SKU0056,24,0.0,7,49
2024-04-29,SKU0056,85,70.0,7,49
2024-05-06,SKU0056,106,73.0,7,49
2024-05-13,SKU0056,55,0.0,7,49
2024-05-20,SKU0056,4,0.0,7,49
2024-05-27,SKU0056,71,73.0,7,49
2024-06-03,SKU0056,28,0.0,7,49
2024-06-10,SKU0056,93,56.0,7,49
2024-06-17,SKU0056,84,74.0,7,49
2024-06-24,SKU0056,121,62.0,7,49
2024-07-01,SKU0056,77,0.0,7,49
2024-07-08,SKU0056,32,0.0,7,49
2024-07-15,SKU0056,0,0.0,7,49
2024-07-22,SKU0056,0,0.0,7,49
2024-07-29,SKU0056,0,0.0,7,49
2024-08-05,SKU0056,87,65.0,7,49
2024-08-12,SKU0056,44,0.0,7,49
2024-08-19,SKU0056,4,0.0,7,49
2024-08-26,SKU0056,91,81.0,7,49
2024-09-02,SKU0056,60,0.0,7,49
2024-09-09,SKU0056,51,57.0,7,49
2024-09-16,SKU0056,96,71.0,7,49
2024-09-23,SKU0056,59,0.0,7,49
2024-09-30,SKU0056,62,71.0,7,49
2024-10-07,SKU0056,85,59.0,7,49
2024-10-14,SKU0056,44,0.0,7,49
2024-10-21,SKU0056,93,56.0,7,49
2024-10-28,SKU0056,115,72.0,7,49
2024-11-04,SKU0056,80,0.0,7,49
2024-11-11,SKU0056,96,54.0,7,49
2024-11-18,SKU0056,50,0.0,7,49
2024-11-25,SKU0056,78,87.0,7,49
2024-12-02,SKU0056,95,80.0,7,49
2024-12-09,SKU0056,59,0.0,7,49
2024-12-16,SKU0056,11,0.0,7,49
2024-12-23,SKU0056,0,0.0,7,49
2024-12-30,SKU0056,0,0.0,7,49
2025-01-06,SKU0056,63,56.0,7,49
2025-01-13,SKU0056,25,0.0,7,49
2025-01-20,SKU0056,77,74.0,7,49
2025-01-27,SKU0056,95,60.0,7,49
2025-02-03,SKU0056,125,77.0,7,49
2025-02-10,SKU0056,74,0.0,7,49
2025-02-17,SKU0056,109,81.0,7,49
2025-02-24,SKU0056,59,0.0,7,49
2025-03-03,SKU0056,54,66.0,7,49
2025-03-10,SKU0056,21,0.0,7,49
2025-03-17,SKU0056,0,0.0,7,49
2025-03-24,SKU0056,69,86.0,7,49
2025-03-31,SKU0056,106,54.0,7,49
2025-04-07,SKU0056,63,0.0,7,49
2025-04-14,SKU0056,10,0.0,7,49
2025-04-21,SKU0056,40,82.0,7,49
2025-04-28,SKU0056,67,75.0,7,49
2025-05-05,SKU0056,98,72.0,7,49
2025-05-12,SKU0056,62,0.0,7,49
2025-05-19,SKU0056,23,0.0,7,49
2025-05-26,SKU0056,0,0.0,7,49
2025-06-02,SKU0056,0,0.0,7,49
2025-06-09,SKU0056,86,66.0,7,49
2025-06-16,SKU0056,37,0.0,7,49
2025-06-23,SKU0056,51,56.0,7,49
2025-06-30,SKU0056,0,0.0,7,49
2025-07-07,SKU0056,84,73.0,7,49
2025-07-14,SKU0056,33,0.0,7,49
2025-07-21,SKU0056,0,0.0,7,49
2025-07-28,SKU0056,61,72.0,7,49
2025-08-04,SKU0056,95,88.0,7,49
2025-08-11,SKU0056,49,0.0,7,49
2025-08-18,SKU0056,98,86.0,7,49
2025-08-25,SKU0056,119,64.0,7,49
2025-09-01,SKU0056,69,0.0,7,49
2025-09-08,SKU0056,15,0.0,7,49
2025-09-15,SKU0056,55,63.0,7,49
2025-09-22,SKU0056,63,67.0,7,49
2025-09-29,SKU0056,16,0.0,7,49
2025-10-06,SKU0056,55,58.0,7,49
2025-10-13,SKU0056,58,67.0,7,49
2025-10-20,SKU0056,45,80.0,7,49
2025-10-27,SKU0056,0,0.0,7,49
2025-11-03,SKU0056,90,77.0,7,49
2025-11-10,SKU0056,125,55.0,7,49
2025-11-17,SKU0056,72,0.0,7,49
2025-11-24,SKU0056,23,0.0,7,49
2025-12-01,SKU0056,0,0.0,7,49
2025-12-08,SKU0056,39,59.0,7,49
2025-12-15,SKU0056,68,61.0,7,49
2025-12-22,SKU0056,25,0.0,7,49
2025-12-29,SKU0056,66,75.0,7,49
2024-01-01,SKU0057,542,0.0,21,690
2024-01-08,SKU0057,365,0.0,21,690
2024-01-15,SKU0057,404,941.0,21,690
2024-01-22,SKU0057,584,849.0,21,690
2024-01-29,SKU0057,418,0.0,21,690
2024-02-05,SKU0057,254,0.0,21,690
2024-02-12,SKU0057,55,0.0,21,690
2024-02-19,SKU0057,0,0.0,21,690
2024-02-26,SKU0057,0,0.0,21,690
2024-03-04,SKU0057,277,956.0,21,690
2024-03-04,SKU0057,277,956.0,21,690
2024-03-11,SKU0057,111,0.0,21,690
2024-03-18,SKU0057,178,962.0,21,690
2024-03-25,SKU0057,0,0.0,21,690
2024-04-01,SKU0057,161,944.0,21,690
2024-04-08,SKU0057,0,0.0,21,690
2024-04-15,SKU0057,0,0.0,21,690
2024-04-22,SKU0057,0,0.0,21,690
2024-04-29,SKU0057,313,1026.0,21,690
2024-05-06,SKU0057,349,715.0,21,690
2024-05-13,SKU0057,158,0.0,21,690
2024-05-20,SKU0057,236,816.0,21,690
2024-05-27,SKU0057,93,0.0,21,690
2024-06-03,SKU0057,150,749.0,21,690
2024-06-10,SKU0057,333,975.0,21,690
2024-06-17,SKU0057,154,0.0,21,690
2024-06-24,SKU0057,229,941.0,21,690
2024-07-01,SKU0057,206,669.0,21,690
2024-07-08,SKU0057,176,757.0,21,690
2024-07-15,SKU0057,0,0.0,21,690
2024-07-22,SKU0057,171,734.0,21,690
2024-07-29,SKU0057,291,644.0,21,690
2024-08-05,SKU0057,410,799.0,21,690
2024-08-12,SKU0057,373,670.0,21,690
2024-08-19,SKU0057,372,948.0,21,690
2024-08-26,SKU0057,208,0.0,21,690
2024-09-02,SKU0057,207,674.0,21,690
2024-09-09,SKU0057,268,816.0,21,690
2024-09-16,SKU0057,451,666.0,21,690
2024-09-23,SKU0057,614,984.0,21,690
2024-09-30,SKU0057,442,0.0,21,690
2024-10-07,SKU0057,263,0.0,21,690
2024-10-14,SKU0057,93,0.0,21,690
2024-10-21,SKU0057,0,0.0,21,690
2024-10-28,SKU0057,178,828.0,21,690
2024-11-04,SKU0057,273,646.0,21,690
2024-11-11,SKU0057,471,753.0,21,690
2024-11-18,SKU0057,534,903.0,21,690
2024-11-25,SKU0057,349,0.0,21,690
2024-12-02,SKU0057,173,0.0,21,690
2024-12-09,SKU0057,213,1000.0,21,690
2024-12-16,SKU0057,163,917.0,21,690
2024-12-23,SKU0057,275,653.0,21,690
2024-12-30,SKU0057,414,901.0,21,690
2025-01-06,SKU0057,236,0.0,21,690
2025-01-13,SKU0057,325,765.0,21,690
2025-01-20,SKU0057,168,0.0,21,690
2025-01-27,SKU0057,340,1034.0,21,690
2025-02-03,SKU0057,523,976.0,21,690
2025-02-10,SKU0057,352,,21,690
2025-02-17,SKU0057,167,0.0,21,690
2025-02-24,SKU0057,161,924.0,21,690
2025-03-03,SKU0057,0,0.0,21,690
2025-03-10,SKU0057,363,872.0,21,690
2025-03-17,SKU0057,566,941.0,21,690
2025-03-24,SKU0057,503,671.0,21,690
2025-03-31,SKU0057,700,811.0,21,690
2025-04-07,SKU0057,527,0.0,21,690
2025-04-14,SKU0057,561,912.0,21,690
2025-04-21,SKU0057,755,768.0,21,690
2025-04-28,SKU0057,904,644.0,21,690
2025-05-05,SKU0057,706,0.0,21,690
2025-05-12,SKU0057,534,0.0,21,690
2025-05-19,SKU0057,600,685.0,21,690
2025-05-26,SKU0057,602,874.0,21,690
2025-06-02,SKU0057,433,0.0,21,690
2025-06-09,SKU0057,256,0.0,21,690
2025-06-16,SKU0057,414,742.0,21,690
2025-06-23,SKU0057,368,794.0,21,690
2025-06-30,SKU0057,198,0.0,21,690
2025-07-07,SKU0057,23,0.0,21,690
2025-07-14,SKU0057,0,0.0,21,690
2025-07-21,SKU0057,0,0.0,21,690
2025-07-28,SKU0057,223,1039.0,21,690
2025-08-04,SKU0057,173,962.0,21,690
2025-08-11,SKU0057,365,764.0,21,690
2025-08-18,SKU0057,373,665.0,21,690
2025-08-25,SKU0057,217,0.0,21,690
2025-09-01,SKU0057,35,0.0,21,690
2025-09-08,SKU0057,158,800.0,21,690
2025-09-15,SKU0057,225,765.0,21,690
2025-09-22,SKU0057,362,673.0,21,690
2025-09-29,SKU0057,336,967.0,21,690
2025-10-06,SKU0057,426,991.0,21,690
2025-10-13,SKU0057,524,977.0,21,690
2025-10-20,SKU0057,343,,21,690
2025-10-27,SKU0057,307,804.0,21,690
2025-11-03,SKU0057,433,1025.0,21,690
2025-11-10,SKU0057,257,0.0,21,690
2025-11-17,SKU0057,74,0.0,21,690
2025-11-24,SKU0057,272,697.0,21,690
2025-12-01,SKU0057,104,0.0,21,690
2025-12-08,SKU0057,0,0.0,21,690
2025-12-15,SKU0057,336,802.0,21,690
2025-12-22,SKU0057,447,742.0,21,690
2025-12-29,SKU0057,530,637.0,21,690
2024-01-01,SKU0058,38,0.0,14,129
2024-01-08,SKU0058,92,191.0,14,129
2024-01-15,SKU0058,124,202.0,14,129
2024-01-22,SKU0058,154,156.0,14,129
2024-01-29,SKU0058,178,204.0,14,129
2024-02-05,SKU0058,123,0.0,14,129
2024-02-12,SKU0058,115,176.0,14,129
2024-02-19,SKU0058,104,195.0,14,129
2024-02-26,SKU0058,144,209.0,14,129
2024-03-04,SKU0058,164,157.0,14,129
2024-03-11,SKU0058,111,0.0,14,129
2024-03-18,SKU0058,112,196.0,14,129
2024-03-25,SKU0058,75,0.0,14,129
2024-04-01,SKU0058,124,208.0,14,129
2024-04-08,SKU0058,150,162.0,14,129
2024-04-15,SKU0058,85,0.0,14,129
2024-04-22,SKU0058,30,0.0,14,129
2024-04-29,SKU0058,0,0.0,14,129
2024-05-06,SKU0058,45,153.0,14,129
2024-05-13,SKU0058,104,136.0,14,129
2024-05-20,SKU0058,102,188.0,14,129
2024-05-27,SKU0058,153,143.0,14,129
2024-06-03,SKU0058,149,151.0,14,129
2024-06-10,SKU0058,157,144.0,14,129
2024-06-17,SKU0058,168,177.0,14,129
2024-06-24,SKU0058,118,,14,129
2024-07-01,SKU0058,178,137.0,14,129
2024-07-08,SKU0058,133,0.0,14,129
2024-07-15,SKU0058,76,0.0,14,129
2024-07-22,SKU0058,118,203.0,14,129
2024-07-29,SKU0058,59,0.0,14,129
2024-08-05,SKU0058,7,0.0,14,129
2024-08-12,SKU0058,44,145.0,14,129
2024-08-19,SKU0058,116,198.0,14,129
2024-08-26,SKU0058,104,175.0,14,129
2024-09-02,SKU0058,100,170.0,14,129
2024-09-09,SKU0058,57,0.0,14,129
2024-09-16,SKU0058,96,182.0,14,129
2024-09-23,SKU0058,144,147.0,14,129
2024-09-30,SKU0058,169,136.0,14,129
2024-10-07,SKU0058,193,146.0,14,129
2024-10-14,SKU0058,146,0.0,14,129
2024-10-21,SKU0058,151,213.0,14,129
2024-10-28,SKU0058,89,0.0,14,129
2024-11-04,SKU0058,148,196.0,14,129
2024-11-11,SKU0058,144,134.0,14,129
2024-11-18,SKU0058,90,0.0,14,129
2024-11-25,SKU0058,104,157.0,14,129
2024-12-02,SKU0058,32,0.0,14,129
2024-12-09,SKU0058,82,171.0,14,129
2024-12-16,SKU0058,29,0.0,14,129
2024-12-23,SKU0058,0,0.0,14,129
2024-12-30,SKU0058,0,0.0,14,129
2025-01-06,SKU0058,104,180.0,14,129
2025-01-13,SKU0058,58,0.0,14,129
2025-01-20,SKU0058,0,0.0,14,129
2025-01-27,SKU0058,0,0.0,14,129
2025-02-03,SKU0058,109,203.0,14,129
2025-02-10,SKU0058,138,130.0,14,129
2025-02-17,SKU0058,94,0.0,14,129
2025-02-24,SKU0058,149,183.0,14,129
2025-03-03,SKU0058,136,151.0,14,129
2025-03-10,SKU0058,87,0.0,14,129
2025-03-17,SKU0058,34,0.0,14,129
2025-03-24,SKU0058,78,176.0,14,129
2025-03-31,SKU0058,99,158.0,14,129
2025-04-07,SKU0058,157,171.0,14,129
2025-04-14,SKU0058,109,0.0,14,129
2025-04-21,SKU0058,174,168.0,14,129
2025-04-28,SKU0058,169,,14,129
2025-05-05,SKU0058,112,0.0,14,129
2025-05-12,SKU0058,153,163.0,14,129
2025-05-19,SKU0058,199,196.0,14,129
2025-05-26,SKU0058,141,0.0,14,129
2025-06-02,SKU0058,135,203.0,14,129
2025-06-09,SKU0058,81,0.0,14,129
2025-06-16,SKU0058,26,0.0,14,129
2025-06-23,SKU0058,58,197.0,14,129
2025-06-30,SKU0058,0,0.0,14,129
2025-07-07,SKU0058,0,0.0,14,129
2025-07-14,SKU0058,112,173.0,14,129
2025-07-21,SKU0058,62,0.0,14,129
2025-07-28,SKU0058,43,205.0,14,129
2025-08-04,SKU0058,48,146.0,14,129
2025-08-11,SKU0058,75,152.0,14,129
2025-08-18,SKU0058,137,134.0,14,129
2025-08-25,SKU0058,80,0.0,14,129
2025-09-01,SKU0058,18,0.0,14,129
2025-09-08,SKU0058,111,133.0,14,129
2025-09-15,SKU0058,102,205.0,14,129
2025-09-22,SKU0058,99,184.0,14,129
2025-09-29,SKU0058,32,0.0,14,129
2025-10-06,SKU0058,107,207.0,14,129
2025-10-13,SKU0058,53,0.0,14,129
2025-10-20,SKU0058,0,0.0,14,129
2025-10-27,SKU0058,43,158.0,14,129
2025-11-03,SKU0058,0,0.0,14,129
2025-11-10,SKU0058,0,0.0,14,129
2025-11-17,SKU0058,39,130.0,14,129
2025-11-24,SKU0058,104,173.0,14,129
2025-12-01,SKU0058,151,137.0,14,129
2025-12-08,SKU0058,90,,14,129
2025-12-15,SKU0058,140,188.0,14,129
2025-12-22,SKU0058,134,209.0,14,129
2025-12-29,SKU0058,80,0.0,14,129
2024-01-01,SKU0059,340,0.0,21,303
2024-01-08,SKU0059,360,556.0,21,303
2024-01-15,SKU0059,378,402.0,21,303
2024-01-22,SKU0059,293,0.0,21,303
2024-01-29,SKU0059,197,0.0,21,303
2024-02-05,SKU0059,239,382.0,21,303
2024-02-12,SKU0059,295,571.0,21,303
2024-02-19,SKU0059,279,436.0,21,303
2024-02-26,SKU0059,357,396.0,21,303
2024-03-04,SKU0059,244,0.0,21,303
2024-03-11,SKU0059,146,0.0,21,303
2024-03-18,SKU0059,217,467.0,21,303
2024-03-25,SKU0059,298,419.0,21,303
2024-04-01,SKU0059,280,411.0,21,303
2024-04-08,SKU0059,319,452.0,21,303
2024-04-15,SKU0059,340,376.0,21,303
2024-04-22,SKU0059,237,0.0,21,303
2024-04-29,SKU0059,322,524.0,21,303
2024-05-06,SKU0059,325,433.0,21,303
2024-05-13,SKU0059,435,434.0,21,303
2024-05-20,SKU0059,328,0.0,21,303
2024-05-27,SKU0059,214,0.0,21,303
2024-06-03,SKU0059,129,0.0,21,303
2024-06-10,SKU0059,177,380.0,21,303
2024-06-17,SKU0059,229,559.0,21,303
2024-06-24,SKU0059,285,441.0,21,303
2024-07-01,SKU0059,356,472.0,21,303
2024-07-08,SKU0059,258,0.0,21,303
2024-07-15,SKU0059,231,580.0,21,303
2024-07-22,SKU0059,336,500.0,21,303
2024-07-29,SKU0059,242,0.0,21,303
2024-08-05,SKU0059,235,535.0,21,303
2024-08-12,SKU0059,266,529.0,21,303
2024-08-19,SKU0059,179,0.0,21,303
2024-08-26,SKU0059,277,566.0,21,303
2024-09-02,SKU0059,163,0.0,21,303
2024-09-09,SKU0059,142,531.0,21,303
2024-09-16,SKU0059,40,0.0,21,303
2024-09-23,SKU0059,0,0.0,21,303
2024-09-30,SKU0059,157,495.0,21,303
2024-10-07,SKU0059,157,471.0,21,303
2024-10-14,SKU0059,141,498.0,21,303
2024-10-21,SKU0059,32,0.0,21,303
2024-10-28,SKU0059,146,359.0,21,303
2024-11-04,SKU0059,131,511.0,21,303
2024-11-11,SKU0059,27,0.0,21,303
2024-11-18,SKU0059,81,384.0,21,303
2024-11-25,SKU0059,121,566.0,21,303
2024-12-02,SKU0059,114,423.0,21,303
2024-12-09,SKU0059,17,0.0,21,303
2024-12-16,SKU0059,91,502.0,21,303
2024-12-23,SKU0059,0,0.0,21,303
2024-12-30,SKU0059,0,0.0,21,303
2025-01-06,SKU0059,180,400.0,21,303
2025-01-13,SKU0059,160,538.0,21,303
2025-01-20,SKU0059,201,450.0,21,303
2025-01-27,SKU0059,83,0.0,21,303
2025-02-03,SKU0059,0,0.0,21,303
2025-02-10,SKU0059,99,476.0,21,303
2025-02-17,SKU0059,13,0.0,21,303
2025-02-24,SKU0059,0,0.0,21,303
2025-03-03,SKU0059,201,373.0,21,303
2025-03-10,SKU0059,123,0.0,21,303
2025-03-17,SKU0059,154,364.0,21,303
2025-03-24,SKU0059,240,368.0,21,303
2025-03-31,SKU0059,346,533.0,21,303
2025-04-07,SKU0059,232,0.0,21,303
2025-04-14,SKU0059,288,527.0,21,303
2025-04-21,SKU0059,288,436.0,21,303
2025-04-28,SKU0059,191,0.0,21,303
2025-05-05,SKU0059,102,0.0,21,303
2025-05-12,SKU0059,180,389.0,21,303
2025-05-19,SKU0059,79,0.0,21,303
2025-05-26,SKU0059,0,0.0,21,303
2025-06-02,SKU0059,0,0.0,21,303
2025-06-09,SKU0059,122,572.0,21,303
2025-06-16,SKU0059,205,430.0,21,303
2025-06-23,SKU0059,264,,21,303
2025-06-30,SKU0059,156,,21,303
2025-07-07,SKU0059,224,506.0,21,303
2025-07-14,SKU0059,255,381.0,21,303
2025-07-21,SKU0059,248,586.0,21,303
2025-07-28,SKU0059,149,0.0,21,303
2025-08-04,SKU0059,179,547.0,21,303
2025-08-11,SKU0059,288,471.0,21,303
2025-08-18,SKU0059,192,0.0,21,303
2025-08-25,SKU0059,320,543.0,21,303
2025-09-01,SKU0059,216,0.0,21,303
2025-09-08,SKU0059,247,540.0,21,303
2025-09-15,SKU0059,142,0.0,21,303
2025-09-22,SKU0059,132,442.0,21,303
2025-09-29,SKU0059,237,437.0,21,303
2025-10-06,SKU0059,141,0.0,21,303
2025-10-13,SKU0059,41,0.0,21,303
2025-10-20,SKU0059,0,0.0,21,303
2025-10-27,SKU0059,198,474.0,21,303
2025-11-03,SKU0059,110,0.0,21,303
2025-11-10,SKU0059,28,0.0,21,303
2025-11-17,SKU0059,78,439.0,21,303
2025-11-24,SKU0059,75,443.0,21,303
2025-12-01,SKU0059,163,374.0,21,303
2025-12-08,SKU0059,150,586.0,21,303
2025-12-15,SKU0059,229,421.0,21,303
2025-12-22,SKU0059,195,,21,303
2025-12-29,SKU0059,269,529.0,21,303
2024-01-01,SKU0060,512,0.0,7,223
2024-01-08,SKU0060,365,0.0,7,223
2024-01-15,SKU0060,507,212.0,7,223
2024-01-22,SKU0060,376,0.0,7,223
2024-01-29,SKU0060,231,0.0,7,223
2024-02-05,SKU0060,96,0.0,7,223
2024-02-12,SKU0060,230,196.0,7,223
2024-02-19,SKU0060,77,0.0,7,223
2024-02-26,SKU0060,229,258.0,7,223
2024-03-04,SKU0060,66,0.0,7,223
2024-03-11,SKU0060,269,209.0,7,223
2024-03-18,SKU0060,288,191.0,7,223
2024-03-25,SKU0060,146,0.0,7,223
2024-04-01,SKU0060,231,200.0,7,223
2024-04-08,SKU0060,344,270.0,7,223
2024-04-15,SKU0060,502,218.0,7,223
2024-04-22,SKU0060,362,0.0,7,223
2024-04-29,SKU0060,459,240.0,7,223
2024-05-06,SKU0060,317,0.0,7,223
2024-05-13,SKU0060,366,246.0,7,223
2024-05-20,SKU0060,422,194.0,7,223
2024-05-27,SKU0060,267,0.0,7,223
2024-06-03,SKU0060,122,0.0,7,223
2024-06-10,SKU0060,279,222.0,7,223
2024-06-17,SKU0060,300,188.0,7,223
2024-06-24,SKU0060,333,255.0,7,223
2024-07-01,SKU0060,175,0.0,7,223
2024-07-08,SKU0060,28,0.0,7,223
2024-07-15,SKU0060,0,0.0,7,223
2024-07-22,SKU0060,0,0.0,7,223
2024-07-29,SKU0060,0,0.0,7,223
2024-08-05,SKU0060,240,215.0,7,223
2024-08-12,SKU0060,382,272.0,7,223
2024-08-19,SKU0060,399,297.0,7,223
2024-08-26,SKU0060,227,0.0,7,223
2024-09-02,SKU0060,262,256.0,7,223
2024-09-09,SKU0060,94,0.0,7,223
2024-09-16,SKU0060,158,247.0,7,223
2024-09-23,SKU0060,6,0.0,7,223
2024-09-30,SKU0060,0,0.0,7,223
2024-10-07,SKU0060,0,0.0,7,223
2024-10-14,SKU0060,294,188.0,7,223
2024-10-21,SKU0060,363,280.0,7,223
2024-10-28,SKU0060,475,251.0,7,223
2024-11-04,SKU0060,343,,7,223
2024-11-11,SKU0060,488,273.0,7,223
2024-11-18,SKU0060,345,0.0,7,223
2024-11-25,SKU0060,428,215.0,7,223
2024-12-02,SKU0060,271,0.0,7,223
2024-12-09,SKU0060,327,242.0,7,223
2024-12-16,SKU0060,266,277.0,7,223
2024-12-23,SKU0060,119,0.0,7,223
2024-12-30,SKU0060,295,276.0,7,223
2025-01-06,SKU0060,146,0.0,7,223
2025-01-13,SKU0060,159,273.0,7,223
2025-01-20,SKU0060,0,0.0,7,223
2025-01-27,SKU0060,0,0.0,7,223
2025-02-03,SKU0060,168,252.0,7,223
2025-02-10,SKU0060,198,272.0,7,223
2025-02-17,SKU0060,178,190.0,7,223
2025-02-24,SKU0060,196,232.0,7,223
2025-03-03,SKU0060,181,265.0,7,223
2025-03-10,SKU0060,332,191.0,7,223
2025-03-17,SKU0060,380,292.0,7,223
2025-03-24,SKU0060,236,0.0,7,223
2025-03-31,SKU0060,397,,7,223
2025-04-07,SKU0060,236,0.0,7,223
2025-04-14,SKU0060,331,223.0,7,223
2025-04-21,SKU0060,184,0.0,7,223
2025-04-28,SKU0060,30,0.0,7,223
2025-05-05,SKU0060,146,269.0,7,223
2025-05-12,SKU0060,198,281.0,7,223
2025-05-19,SKU0060,192,201.0,7,223
2025-05-26,SKU0060,52,0.0,7,223
2025-06-02,SKU0060,204,202.0,7,223
2025-06-09,SKU0060,270,250.0,7,223
2025-06-16,SKU0060,104,0.0,7,223
2025-06-23,SKU0060,0,0.0,7,223
2025-06-30,SKU0060,0,0.0,7,223
2025-07-07,SKU0060,205,288.0,7,223
2025-07-14,SKU0060,59,0.0,7,223
2025-07-21,SKU0060,0,0.0,7,223
2025-07-28,SKU0060,121,230.0,7,223
2025-08-04,SKU0060,224,289.0,7,223
2025-08-11,SKU0060,258,267.0,7,223
2025-08-18,SKU0060,122,0.0,7,223
2025-08-25,SKU0060,0,0.0,7,223
2025-09-01,SKU0060,0,0.0,7,223
2025-09-08,SKU0060,0,0.0,7,223
2025-09-15,SKU0060,0,0.0,7,223
2025-09-22,SKU0060,0,0.0,7,223
2025-09-29,SKU0060,319,203.0,7,223
2025-10-06,SKU0060,167,0.0,7,223
2025-10-13,SKU0060,159,204.0,7,223
2025-10-20,SKU0060,285,215.0,7,223
2025-10-27,SKU0060,268,222.0,7,223
2025-11-03,SKU0060,386,200.0,7,223
2025-11-10,SKU0060,363,277.0,7,223
2025-11-17,SKU0060,208,0.0,7,223
2025-11-24,SKU0060,43,0.0,7,223
2025-12-01,SKU0060,0,0.0,7,223
2025-12-08,SKU0060,268,194.0,7,223
2025-12-15,SKU0060,117,0.0,7,223
2025-12-22,SKU0060,313,208.0,7,223
2025-12-29,SKU0060,360,281.0,7,223
2024-01-01,SKU0061,388,271.0,14,218
2024-01-08,SKU0061,305,0.0,14,218
2024-01-15,SKU0061,212,0.0,14,218
2024-01-22,SKU0061,268,317.0,14,218
2024-01-29,SKU0061,179,0.0,14,218
2024-02-05,SKU0061,86,0.0,14,218
2024-02-12,SKU0061,108,227.0,14,218
2024-02-19,SKU0061,83,221.0,14,218
2024-02-26,SKU0061,135,271.0,14,218
2024-03-04,SKU0061,64,0.0,14,218
2024-03-11,SKU0061,0,0.0,14,218
2024-03-18,SKU0061,148,301.0,14,218
2024-03-25,SKU0061,171,229.0,14,218
2024-04-01,SKU0061,232,364.0,14,218
2024-04-08,SKU0061,244,283.0,14,218
2024-04-15,SKU0061,341,278.0,14,218
2024-04-22,SKU0061,249,0.0,14,218
2024-04-29,SKU0061,153,0.0,14,218
2024-05-06,SKU0061,59,0.0,14,218
2024-05-13,SKU0061,107,274.0,14,218
2024-05-20,SKU0061,189,296.0,14,218
2024-05-27,SKU0061,249,322.0,14,218
2024-06-03,SKU0061,268,296.0,14,218
2024-06-10,SKU0061,184,0.0,14,218
2024-06-17,SKU0061,153,333.0,14,218
2024-06-24,SKU0061,133,223.0,14,218
2024-07-01,SKU0061,135,309.0,14,218
2024-07-08,SKU0061,43,0.0,14,218
2024-07-15,SKU0061,0,0.0,14,218
2024-07-22,SKU0061,0,0.0,14,218
2024-07-29,SKU0061,0,0.0,14,218
2024-08-05,SKU0061,0,0.0,14,218
2024-08-12,SKU0061,0,0.0,14,218
2024-08-19,SKU0061,154,363.0,14,218
2024-08-26,SKU0061,223,358.0,14,218
2024-09-02,SKU0061,134,0.0,14,218
2024-09-09,SKU0061,203,347.0,14,218
2024-09-16,SKU0061,299,234.0,14,218
2024-09-23,SKU0061,368,322.0,14,218
2024-09-30,SKU0061,295,0.0,14,218
2024-10-07,SKU0061,214,0.0,14,218
2024-10-14,SKU0061,139,0.0,14,218
2024-10-21,SKU0061,44,0.0,14,218
2024-10-28,SKU0061,0,0.0,14,218
2024-11-04,SKU0061,176,246.0,14,218
2024-11-11,SKU0061,173,,14,218
2024-11-18,SKU0061,270,289.0,14,218
2024-11-25,SKU0061,259,355.0,14,218
2024-12-02,SKU0061,161,0.0,14,218
2024-12-09,SKU0061,77,0.0,14,218
2024-12-16,SKU0061,170,328.0,14,218
2024-12-23,SKU0061,66,0.0,14,218
2024-12-30,SKU0061,0,0.0,14,218
2025-01-06,SKU0061,164,232.0,14,218
2025-01-13,SKU0061,66,0.0,14,218
2025-01-20,SKU0061,168,349.0,14,218
2025-01-27,SKU0061,89,0.0,14,218
2025-02-03,SKU0061,124,233.0,14,218
2025-02-10,SKU0061,122,324.0,14,218
2025-02-17,SKU0061,170,313.0,14,218
2025-02-24,SKU0061,215,302.0,14,218
2025-03-03,SKU0061,271,289.0,14,218
2025-03-10,SKU0061,281,330.0,14,218
2025-03-17,SKU0061,196,0.0,14,218
2025-03-24,SKU0061,267,239.0,14,218
2025-03-31,SKU0061,257,248.0,14,218
2025-04-07,SKU0061,159,0.0,14,218
2025-04-14,SKU0061,75,0.0,14,218
2025-04-21,SKU0061,174,362.0,14,218
2025-04-28,SKU0061,81,0.0,14,218
2025-05-05,SKU0061,2,0.0,14,218
2025-05-12,SKU0061,105,324.0,14,218
2025-05-19,SKU0061,14,0.0,14,218
2025-05-26,SKU0061,0,0.0,14,218
2025-06-02,SKU0061,152,229.0,14,218
2025-06-09,SKU0061,67,0.0,14,218
2025-06-16,SKU0061,66,359.0,14,218
2025-06-23,SKU0061,102,236.0,14,218
2025-06-30,SKU0061,201,354.0,14,218
2025-07-07,SKU0061,201,318.0,14,218
2025-07-14,SKU0061,253,308.0,14,218
2025-07-21,SKU0061,157,0.0,14,218
2025-07-28,SKU0061,238,231.0,14,218
2025-08-04,SKU0061,150,0.0,14,218
2025-08-11,SKU0061,186,,14,218
2025-08-18,SKU0061,240,251.0,14,218
2025-08-25,SKU0061,283,255.0,14,218
2025-09-01,SKU0061,323,247.0,14,218
2025-09-08,SKU0061,227,0.0,14,218
2025-09-15,SKU0061,320,294.0,14,218
2025-09-22,SKU0061,228,0.0,14,218
2025-09-29,SKU0061,144,0.0,14,218
2025-10-06,SKU0061,52,0.0,14,218
2025-10-13,SKU0061,0,0.0,14,218
2025-10-20,SKU0061,0,0.0,14,218
2025-10-27,SKU0061,0,0.0,14,218
2025-11-03,SKU0061,106,348.0,14,218
2025-11-10,SKU0061,19,0.0,14,218
2025-11-17,SKU0061,71,286.0,14,218
2025-11-24,SKU0061,0,0.0,14,218
2025-12-01,SKU0061,133,312.0,14,218
2025-12-08,SKU0061,110,259.0,14,218
2025-12-15,SKU0061,173,301.0,14,218
2025-12-22,SKU0061,76,0.0,14,218
2025-12-29,SKU0061,169,270.0,14,218
2024-01-01,SKU0062,279,0.0,30,307
2024-01-08,SKU0062,203,0.0,30,307
2024-01-15,SKU0062,258,487.0,30,307
2024-01-22,SKU0062,309,589.0,30,307
2024-01-29,SKU0062,362,434.0,30,307
2024-02-05,SKU0062,402,496.0,30,307
2024-02-12,SKU0062,318,0.0,30,307
2024-02-19,SKU0062,252,0.0,30,307
2024-02-26,SKU0062,271,395.0,30,307
2024-03-04,SKU0062,298,537.0,30,307
2024-03-11,SKU0062,325,549.0,30,307
2024-03-18,SKU0062,357,579.0,30,307
2024-03-25,SKU0062,302,0.0,30,307
2024-04-01,SKU0062,334,375.0,30,307
2024-04-08,SKU0062,252,0.0,30,307
2024-04-15,SKU0062,182,0.0,30,307
2024-04-22,SKU0062,111,0.0,30,307
2024-04-29,SKU0062,31,0.0,30,307
2024-05-06,SKU0062,0,0.0,30,307
2024-05-13,SKU0062,0,0.0,30,307
2024-05-20,SKU0062,0,0.0,30,307
2024-05-27,SKU0062,105,462.0,30,307
2024-06-03,SKU0062,147,561.0,30,307
2024-06-10,SKU0062,202,563.0,30,307
2024-06-17,SKU0062,135,0.0,30,307
2024-06-24,SKU0062,193,599.0,30,307
2024-07-01,SKU0062,139,0.0,30,307
2024-07-08,SKU0062,135,,30,307
2024-07-15,SKU0062,73,0.0,30,307
2024-07-22,SKU0062,99,467.0,30,307
2024-07-29,SKU0062,69,,30,307
2024-08-05,SKU0062,68,484.0,30,307
2024-08-12,SKU0062,70,431.0,30,307
2024-08-19,SKU0062,127,,30,307
2024-08-26,SKU0062,54,0.0,30,307
2024-09-02,SKU0062,96,443.0,30,307
2024-09-09,SKU0062,74,377.0,30,307
2024-09-16,SKU0062,119,589.0,30,307
2024-09-23,SKU0062,111,534.0,30,307
2024-09-30,SKU0062,47,0.0,30,307
2024-10-07,SKU0062,0,0.0,30,307
2024-10-14,SKU0062,67,,30,307
2024-10-21,SKU0062,3,0.0,30,307
2024-10-28,SKU0062,0,0.0,30,307
2024-11-04,SKU0062,0,0.0,30,307
2024-11-11,SKU0062,82,385.0,30,307
2024-11-18,SKU0062,27,0.0,30,307
2024-11-25,SKU0062,0,0.0,30,307
2024-12-02,SKU0062,53,400.0,30,307
2024-12-09,SKU0062,0,0.0,30,307
2024-12-16,SKU0062,89,551.0,30,307
2024-12-23,SKU0062,81,509.0,30,307
2024-12-30,SKU0062,5,0.0,30,307
2025-01-06,SKU0062,86,440.0,30,307
2025-01-13,SKU0062,158,363.0,30,307
2025-01-20,SKU0062,84,0.0,30,307
2025-01-27,SKU0062,2,0.0,30,307
2025-02-03,SKU0062,132,503.0,30,307
2025-02-10,SKU0062,156,467.0,30,307
2025-02-17,SKU0062,145,403.0,30,307
2025-02-24,SKU0062,62,0.0,30,307
2025-03-03,SKU0062,140,397.0,30,307
2025-03-10,SKU0062,68,0.0,30,307
2025-03-17,SKU0062,9,0.0,30,307
2025-03-24,SKU0062,73,456.0,30,307
2025-03-31,SKU0062,141,588.0,30,307
2025-04-07,SKU0062,70,0.0,30,307
2025-04-14,SKU0062,88,522.0,30,307
2025-04-21,SKU0062,110,597.0,30,307
2025-04-28,SKU0062,156,380.0,30,307
2025-05-05,SKU0062,86,0.0,30,307
2025-05-12,SKU0062,21,0.0,30,307
2025-05-19,SKU0062,0,0.0,30,307
2025-05-26,SKU0062,83,486.0,30,307
2025-06-02,SKU0062,17,0.0,30,307
2025-06-09,SKU0062,81,544.0,30,307
2025-06-16,SKU0062,66,421.0,30,307
2025-06-23,SKU0062,78,414.0,30,307
2025-06-30,SKU0062,150,463.0,30,307
2025-07-07,SKU0062,163,482.0,30,307
2025-07-14,SKU0062,94,0.0,30,307
2025-07-21,SKU0062,30,0.0,30,307
2025-07-28,SKU0062,0,0.0,30,307
2025-08-04,SKU0062,82,479.0,30,307
2025-08-11,SKU0062,91,418.0,30,307
2025-08-18,SKU0062,99,484.0,30,307
2025-08-25,SKU0062,24,0.0,30,307
2025-09-01,SKU0062,0,0.0,30,307
2025-09-08,SKU0062,121,443.0,30,307
2025-09-15,SKU0062,54,0.0,30,307
2025-09-22,SKU0062,0,,30,307
2025-09-29,SKU0062,77,582.0,30,307
2025-10-06,SKU0062,128,,30,307
2025-10-13,SKU0062,63,0.0,30,307
2025-10-20,SKU0062,63,433.0,30,307
2025-10-27,SKU0062,136,416.0,30,307
2025-11-03,SKU0062,196,537.0,30,307
2025-11-10,SKU0062,288,451.0,30,307
2025-11-17,SKU0062,293,573.0,30,307
2025-11-24,SKU0062,207,0.0,30,307
2025-12-01,SKU0062,238,472.0,30,307
2025-12-08,SKU0062,243,435.0,30,307
2025-12-15,SKU0062,240,598.0,30,307
2025-12-22,SKU0062,172,0.0,30,307
2025-12-29,SKU0062,148,559.0,30,307
2024-04-22,SKU0063,366,317.0,14,206
2024-04-29,SKU0063,281,0.0,14,206
2024-05-06,SKU0063,357,287.0,14,206
2024-05-13,SKU0063,274,0.0,14,206
2024-05-20,SKU0063,272,239.0,14,206
2024-05-27,SKU0063,263,310.0,14,206
2024-06-03,SKU0063,303,293.0,14,206
2024-06-10,SKU0063,211,0.0,14,206
2024-06-17,SKU0063,128,0.0,14,206
2024-06-24,SKU0063,113,330.0,14,206
2024-07-01,SKU0063,118,313.0,14,206
2024-07-08,SKU0063,191,220.0,14,206
2024-07-15,SKU0063,260,,14,206
2024-07-22,SKU0063,279,332.0,14,206
2024-07-29,SKU0063,203,0.0,14,206
2024-08-05,SKU0063,271,222.0,14,206
2024-08-12,SKU0063,247,315.0,14,206
2024-08-19,SKU0063,303,289.0,14,206
2024-08-26,SKU0063,218,0.0,14,206
2024-09-02,SKU0063,240,278.0,14,206
2024-09-09,SKU0063,318,299.0,14,206
2024-09-16,SKU0063,244,0.0,14,206
2024-09-23,SKU0063,341,273.0,14,206
2024-09-30,SKU0063,254,0.0,14,206
2024-10-07,SKU0063,328,239.0,14,206
2024-10-14,SKU0063,261,0.0,14,206
2024-10-21,SKU0063,175,0.0,14,206
2024-10-28,SKU0063,152,285.0,14,206
2024-11-04,SKU0063,155,330.0,14,206
2024-11-11,SKU0063,80,0.0,14,206
2024-11-18,SKU0063,135,331.0,14,206
2024-11-25,SKU0063,167,256.0,14,206
2024-12-02,SKU0063,135,319.0,14,206
2024-12-09,SKU0063,200,207.0,14,206
2024-12-16,SKU0063,111,0.0,14,206
2024-12-23,SKU0063,133,293.0,14,206
2024-12-30,SKU0063,144,284.0,14,206
2025-01-06,SKU0063,177,209.0,14,206
2025-01-13,SKU0063,170,252.0,14,206
2025-01-20,SKU0063,101,0.0,14,206
2025-01-27,SKU0063,117,262.0,14,206
2025-02-03,SKU0063,184,321.0,14,206
2025-02-10,SKU0063,161,330.0,14,206
2025-02-17,SKU0063,207,318.0,14,206
2025-02-24,SKU0063,229,216.0,14,206
2025-03-03,SKU0063,308,226.0,14,206
2025-03-10,SKU0063,206,0.0,14,206
2025-03-17,SKU0063,158,310.0,14,206
2025-03-24,SKU0063,217,289.0,14,206
2025-03-31,SKU0063,239,317.0,14,206
2025-04-07,SKU0063,159,0.0,14,206
2025-04-14,SKU0063,179,260.0,14,206
2025-04-21,SKU0063,143,315.0,14,206
2025-04-28,SKU0063,218,269.0,14,206
2025-05-05,SKU0063,224,305.0,14,206
2025-05-12,SKU0063,201,236.0,14,206
2025-05-19,SKU0063,295,324.0,14,206
2025-05-26,SKU0063,217,0.0,14,206
2025-06-02,SKU0063,293,272.0,14,206
2025-06-09,SKU0063,217,0.0,14,206
2025-06-16,SKU0063,135,0.0,14,206
2025-06-23,SKU0063,153,255.0,14,206
2025-06-30,SKU0063,74,0.0,14,206
2025-07-07,SKU0063,81,329.0,14,206
2025-07-14,SKU0063,157,295.0,14,206
2025-07-21,SKU0063,158,266.0,14,206
2025-07-28,SKU0063,84,0.0,14,206
2025-08-04,SKU0063,0,0.0,14,206
2025-08-11,SKU0063,0,0.0,14,206
2025-08-18,SKU0063,168,303.0,14,206
2025-08-25,SKU0063,261,262.0,14,206
2025-09-01,SKU0063,325,254.0,14,206
2025-09-08,SKU0063,254,0.0,14,206
2025-09-15,SKU0063,282,333.0,14,206
2025-09-22,SKU0063,196,0.0,14,206
2025-09-29,SKU0063,118,0.0,14,206
2025-10-06,SKU0063,44,0.0,14,206
2025-10-13,SKU0063,0,0.0,14,206
2025-10-20,SKU0063,110,268.0,14,206
2025-10-27,SKU0063,197,297.0,14,206
2025-11-03,SKU0063,197,215.0,14,206
2025-11-10,SKU0063,186,283.0,14,206
2025-11-17,SKU0063,92,0.0,14,206
2025-11-24,SKU0063,0,0.0,14,206
2025-12-01,SKU0063,0,0.0,14,206
2025-12-08,SKU0063,145,278.0,14,206
2025-12-15,SKU0063,175,307.0,14,206
2025-12-22,SKU0063,87,0.0,14,206
2025-12-29,SKU0063,7,0.0,14,206
2024-01-01,SKU0064,43,0.0,30,473
2024-01-08,SKU0064,131,553.0,30,473
2024-01-15,SKU0064,73,0.0,30,473
2024-01-22,SKU0064,159,574.0,30,473
2024-01-29,SKU0064,89,0.0,30,473
2024-02-05,SKU0064,80,668.0,30,473
2024-02-12,SKU0064,17,0.0,30,473
2024-02-19,SKU0064,0,0.0,30,473
2024-02-26,SKU0064,0,0.0,30,473
2024-03-04,SKU0064,75,644.0,30,473
2024-03-11,SKU0064,101,486.0,30,473
2024-03-18,SKU0064,133,517.0,30,473
2024-03-25,SKU0064,208,645.0,30,473
2024-04-01,SKU0064,143,0.0,30,473
2024-04-08,SKU0064,64,0.0,30,473
2024-04-15,SKU0064,74,598.0,30,473
2024-04-22,SKU0064,0,0.0,30,473
2024-04-29,SKU0064,0,0.0,30,473
2024-05-06,SKU0064,151,456.0,30,473
2024-05-13,SKU0064,170,678.0,30,473
2024-05-20,SKU0064,170,669.0,30,473
2024-05-27,SKU0064,217,569.0,30,473
2024-06-03,SKU0064,134,0.0,30,473
2024-06-10,SKU0064,52,0.0,30,473
2024-06-17,SKU0064,95,495.0,30,473
2024-06-24,SKU0064,5,0.0,30,473
2024-07-01,SKU0064,0,0.0,30,473
2024-07-08,SKU0064,83,455.0,30,473
2024-07-15,SKU0064,1,0.0,30,473
2024-07-22,SKU0064,80,632.0,30,473
2024-07-29,SKU0064,0,0.0,30,473
2024-08-05,SKU0064,0,,30,473
2024-08-12,SKU0064,0,0.0,30,473
2024-08-19,SKU0064,93,659.0,30,473
2024-08-26,SKU0064,139,567.0,30,473
2024-09-02,SKU0064,166,588.0,30,473
2024-09-09,SKU0064,89,0.0,30,473
2024-09-16,SKU0064,180,623.0,30,473
2024-09-23,SKU0064,222,428.0,30,473
2024-09-30,SKU0064,265,581.0,30,473
2024-10-07,SKU0064,323,540.0,30,473
2024-10-14,SKU0064,261,0.0,30,473
2024-10-21,SKU0064,186,0.0,30,473
2024-10-28,SKU0064,98,0.0,30,473
2024-11-04,SKU0064,28,0.0,30,473
2024-11-11,SKU0064,164,422.0,30,473
2024-11-18,SKU0064,70,0.0,30,473
2024-11-25,SKU0064,60,653.0,30,473
2024-12-02,SKU0064,0,0.0,30,473
2024-12-09,SKU0064,110,649.0,30,473
2024-12-16,SKU0064,111,515.0,30,473
2024-12-23,SKU0064,37,0.0,30,473
2024-12-30,SKU0064,107,451.0,30,473
2025-01-06,SKU0064,22,0.0,30,473
2025-01-13,SKU0064,111,646.0,30,473
2025-01-20,SKU0064,39,0.0,30,473
2025-01-27,SKU0064,0,0.0,30,473
2025-02-03,SKU0064,172,575.0,30,473
2025-02-10,SKU0064,259,514.0,30,473
2025-02-17,SKU0064,296,485.0,30,473
2025-02-24,SKU0064,335,521.0,30,473
2025-03-03,SKU0064,250,0.0,30,473
2025-03-10,SKU0064,328,666.0,30,473
2025-03-17,SKU0064,264,0.0,30,473
2025-03-24,SKU0064,179,0.0,30,473
2025-03-31,SKU0064,121,0.0,30,473
2025-04-07,SKU0064,39,0.0,30,473
2025-04-14,SKU0064,64,435.0,30,473
2025-04-21,SKU0064,78,538.0,30,473
2025-04-28,SKU0064,130,439.0,30,473
2025-05-05,SKU0064,56,0.0,30,473
2025-05-12,SKU0064,84,533.0,30,473
2025-05-19,SKU0064,104,541.0,30,473
2025-05-26,SKU0064,21,0.0,30,473
2025-06-02,SKU0064,133,571.0,30,473
2025-06-09,SKU0064,37,0.0,30,473
2025-06-16,SKU0064,0,0.0,30,473
2025-06-23,SKU0064,167,686.0,30,473
2025-06-30,SKU0064,175,498.0,30,473
2025-07-07,SKU0064,168,484.0,30,473
2025-07-14,SKU0064,82,0.0,30,473
2025-07-21,SKU0064,156,689.0,30,473
2025-07-28,SKU0064,250,640.0,30,473
2025-08-04,SKU0064,334,602.0,30,473
2025-08-11,SKU0064,252,0.0,30,473
2025-08-18,SKU0064,325,604.0,30,473
2025-08-25,SKU0064,399,419.0,30,473
2025-09-01,SKU0064,462,489.0,30,473
2025-09-08,SKU0064,547,555.0,30,473
2025-09-15,SKU0064,464,0.0,30,473
2025-09-22,SKU0064,493,628.0,30,473
2025-09-29,SKU0064,408,0.0,30,473
2025-10-06,SKU0064,399,653.0,30,473
2025-10-13,SKU0064,317,0.0,30,473
2025-10-20,SKU0064,302,595.0,30,473
2025-10-27,SKU0064,337,475.0,30,473
2025-11-03,SKU0064,243,0.0,30,473
2025-11-10,SKU0064,332,655.0,30,473
2025-11-17,SKU0064,248,0.0,30,473
2025-11-24,SKU0064,156,0.0,30,473
2025-12-01,SKU0064,132,438.0,30,473
2025-12-08,SKU0064,174,485.0,30,473
2025-12-15,SKU0064,214,472.0,30,473
2025-12-22,SKU0064,244,542.0,30,473
2025-12-29,SKU0064,269,693.0,30,473
2024-01-01,SKU0065,399,0.0,10,310
2024-01-08,SKU0065,580,453.0,10,310
2024-01-15,SKU0065,415,0.0,10,310
2024-01-22,SKU0065,233,0.0,10,310
2024-01-29,SKU0065,36,0.0,10,310
2024-02-05,SKU0065,260,,10,310
2024-02-12,SKU0065,74,0.0,10,310
2024-02-19,SKU0065,307,468.0,10,310
2024-02-26,SKU0065,386,434.0,10,310
2024-03-04,SKU0065,212,0.0,10,310
2024-03-11,SKU0065,36,0.0,10,310
2024-03-18,SKU0065,293,362.0,10,310
2024-03-25,SKU0065,118,0.0,10,310
2024-04-01,SKU0065,0,0.0,10,310
2024-04-08,SKU0065,160,470.0,10,310
2024-04-15,SKU0065,0,0.0,10,310
2024-04-22,SKU0065,285,459.0,10,310
2024-04-29,SKU0065,407,395.0,10,310
2024-05-06,SKU0065,444,421.0,10,310
2024-05-13,SKU0065,444,465.0,10,310
2024-05-20,SKU0065,423,470.0,10,310
2024-05-27,SKU0065,541,311.0,10,310
2024-06-03,SKU0065,389,0.0,10,310
2024-06-10,SKU0065,218,0.0,10,310
2024-06-17,SKU0065,225,316.0,10,310
2024-06-24,SKU0065,351,449.0,10,310
2024-07-01,SKU0065,539,478.0,10,310
2024-07-08,SKU0065,353,0.0,10,310
2024-07-15,SKU0065,507,387.0,10,310
2024-07-22,SKU0065,351,0.0,10,310
2024-07-29,SKU0065,347,329.0,10,310
2024-08-05,SKU0065,162,0.0,10,310
2024-08-12,SKU0065,322,340.0,10,310
2024-08-19,SKU0065,298,297.0,10,310
2024-08-26,SKU0065,121,0.0,10,310
2024-09-02,SKU0065,331,386.0,10,310
2024-09-09,SKU0065,518,301.0,10,310
2024-09-16,SKU0065,305,0.0,10,310
2024-09-23,SKU0065,483,439.0,10,310
2024-09-30,SKU0065,618,362.0,10,310
2024-10-07,SKU0065,440,0.0,10,310
2024-10-14,SKU0065,585,458.0,10,310
2024-10-21,SKU0065,413,0.0,10,310
2024-10-28,SKU0065,414,465.0,10,310
2024-11-04,SKU0065,517,436.0,10,310
2024-11-11,SKU0065,346,0.0,10,310
2024-11-18,SKU0065,188,0.0,10,310
2024-11-25,SKU0065,4,0.0,10,310
2024-12-02,SKU0065,0,0.0,10,310
2024-12-09,SKU0065,0,0.0,10,310
2024-12-16,SKU0065,310,427.0,10,310
2024-12-23,SKU0065,471,411.0,10,310
2024-12-30,SKU0065,494,343.0,10,310
2025-01-06,SKU0065,312,0.0,10,310
2025-01-13,SKU0065,447,372.0,10,310
2025-01-20,SKU0065,581,,10,310
2025-01-27,SKU0065,402,0.0,10,310
2025-02-03,SKU0065,556,482.0,10,310
2025-02-10,SKU0065,384,0.0,10,310
2025-02-17,SKU0065,400,306.0,10,310
2025-02-24,SKU0065,231,0.0,10,310
2025-03-03,SKU0065,413,331.0,10,310
2025-03-10,SKU0065,604,461.0,10,310
2025-03-17,SKU0065,438,0.0,10,310
2025-03-24,SKU0065,497,317.0,10,310
2025-03-31,SKU0065,331,0.0,10,310
2025-04-07,SKU0065,417,385.0,10,310
2025-04-14,SKU0065,442,330.0,10,310
2025-04-21,SKU0065,414,465.0,10,310
2025-04-28,SKU0065,225,0.0,10,310
2025-05-05,SKU0065,29,0.0,10,310
2025-05-12,SKU0065,358,448.0,10,310
2025-05-19,SKU0065,429,415.0,10,310
2025-05-26,SKU0065,607,299.0,10,310
2025-06-02,SKU0065,419,0.0,10,310
2025-06-09,SKU0065,240,0.0,10,310
2025-06-16,SKU0065,267,427.0,10,310
2025-06-23,SKU0065,440,321.0,10,310
2025-06-30,SKU0065,270,0.0,10,310
2025-07-07,SKU0065,109,0.0,10,310
2025-07-14,SKU0065,154,438.0,10,310
2025-07-21,SKU0065,0,0.0,10,310
2025-07-28,SKU0065,0,0.0,10,310
2025-08-04,SKU0065,312,476.0,10,310
2025-08-11,SKU0065,166,0.0,10,310
2025-08-18,SKU0065,0,,10,310
2025-08-25,SKU0065,320,338.0,10,310
2025-09-01,SKU0065,478,325.0,10,310
2025-09-08,SKU0065,309,0.0,10,310
2025-09-15,SKU0065,133,0.0,10,310
2025-09-22,SKU0065,136,423.0,10,310
2025-09-29,SKU0065,0,0.0,10,310
2025-10-06,SKU0065,0,0.0,10,310
2025-10-13,SKU0065,0,0.0,10,310
2025-10-20,SKU0065,0,0.0,10,310
2025-10-27,SKU0065,244,474.0,10,310
2025-11-03,SKU0065,72,0.0,10,310
2025-11-10,SKU0065,0,0.0,10,310
2025-11-17,SKU0065,0,0.0,10,310
2025-11-24,SKU0065,0,0.0,10,310
2025-12-01,SKU0065,153,456.0,10,310
2025-12-08,SKU0065,0,0.0,10,310
2025-12-15,SKU0065,0,0.0,10,310
2025-12-22,SKU0065,229,320.0,10,310
2025-12-29,SKU0065,65,0.0,10,310
2024-01-01,SKU0066,692,0.0,10,192
2024-01-08,SKU0066,587,0.0,10,192
2024-01-15,SKU0066,483,0.0,10,192
2024-01-22,SKU0066,374,0.0,10,192
2024-01-29,SKU0066,254,0.0,10,192
2024-02-05,SKU0066,247,214.0,10,192
2024-02-12,SKU0066,248,211.0,10,192
2024-02-19,SKU0066,297,187.0,10,192
2024-02-26,SKU0066,380,276.0,10,192
2024-03-04,SKU0066,267,0.0,10,192
2024-03-11,SKU0066,302,268.0,10,192
2024-03-18,SKU0066,201,0.0,10,192
2024-03-25,SKU0066,196,218.0,10,192
2024-04-01,SKU0066,223,201.0,10,192
2024-04-08,SKU0066,135,0.0,10,192
2024-04-15,SKU0066,145,,10,192
2024-04-22,SKU0066,39,0.0,10,192
2024-04-29,SKU0066,114,278.0,10,192
2024-05-06,SKU0066,40,0.0,10,192
2024-05-13,SKU0066,0,0.0,10,192
2024-05-20,SKU0066,112,189.0,10,192
2024-05-27,SKU0066,151,244.0,10,192
2024-06-03,SKU0066,180,183.0,10,192
2024-06-10,SKU0066,297,220.0,10,192
2024-06-17,SKU0066,194,0.0,10,192
2024-06-24,SKU0066,270,291.0,10,192
2024-07-01,SKU0066,257,291.0,10,192
2024-07-08,SKU0066,262,271.0,10,192
2024-07-15,SKU0066,311,215.0,10,192
2024-07-22,SKU0066,197,0.0,10,192
2024-07-29,SKU0066,235,208.0,10,192
2024-08-05,SKU0066,254,264.0,10,192
2024-08-12,SKU0066,323,192.0,10,192
2024-08-19,SKU0066,230,0.0,10,192
2024-08-26,SKU0066,137,0.0,10,192
2024-09-02,SKU0066,33,0.0,10,192
2024-09-09,SKU0066,115,,10,192
2024-09-16,SKU0066,205,271.0,10,192
2024-09-23,SKU0066,117,0.0,10,192
2024-09-30,SKU0066,23,0.0,10,192
2024-10-07,SKU0066,0,0.0,10,192
2024-10-14,SKU0066,0,0.0,10,192
2024-10-21,SKU0066,0,0.0,10,192
2024-10-28,SKU0066,189,199.0,10,192
2024-11-04,SKU0066,209,227.0,10,192
2024-11-11,SKU0066,194,272.0,10,192
2024-11-18,SKU0066,89,0.0,10,192
2024-11-25,SKU0066,119,193.0,10,192
2024-12-02,SKU0066,41,0.0,10,192
2024-12-09,SKU0066,103,272.0,10,192
2024-12-16,SKU0066,156,253.0,10,192
2024-12-23,SKU0066,267,291.0,10,192
2024-12-30,SKU0066,361,183.0,10,192
2025-01-06,SKU0066,236,0.0,10,192
2025-01-13,SKU0066,260,292.0,10,192
2025-01-20,SKU0066,159,0.0,10,192
2025-01-27,SKU0066,58,0.0,10,192
2025-02-03,SKU0066,0,0.0,10,192
2025-02-10,SKU0066,0,0.0,10,192
2025-02-17,SKU0066,146,292.0,10,192
2025-02-24,SKU0066,132,266.0,10,192
2025-03-03,SKU0066,206,274.0,10,192
2025-03-10,SKU0066,111,0.0,10,192
2025-03-17,SKU0066,16,0.0,10,192
2025-03-24,SKU0066,121,262.0,10,192
2025-03-31,SKU0066,196,223.0,10,192
2025-04-07,SKU0066,80,0.0,10,192
2025-04-14,SKU0066,0,0.0,10,192
2025-04-21,SKU0066,144,258.0,10,192
2025-04-28,SKU0066,241,226.0,10,192
2025-05-05,SKU0066,214,180.0,10,192
2025-05-12,SKU0066,284,197.0,10,192
2025-05-19,SKU0066,284,290.0,10,192
2025-05-26,SKU0066,175,0.0,10,192
2025-06-02,SKU0066,168,214.0,10,192
2025-06-09,SKU0066,186,273.0,10,192
2025-06-16,SKU0066,70,0.0,10,192
2025-06-23,SKU0066,152,278.0,10,192
2025-06-30,SKU0066,218,196.0,10,192
2025-07-07,SKU0066,112,0.0,10,192
2025-07-14,SKU0066,10,0.0,10,192
2025-07-21,SKU0066,92,243.0,10,192
2025-07-28,SKU0066,1,0.0,10,192
2025-08-04,SKU0066,213,207.0,10,192
2025-08-11,SKU0066,274,245.0,10,192
2025-08-18,SKU0066,401,298.0,10,192
2025-08-25,SKU0066,297,0.0,10,192
2025-09-01,SKU0066,186,,10,192
2025-09-08,SKU0066,248,244.0,10,192
2025-09-15,SKU0066,150,0.0,10,192
2025-09-22,SKU0066,233,194.0,10,192
2025-09-29,SKU0066,129,0.0,10,192
2025-10-06,SKU0066,226,212.0,10,192
2025-10-13,SKU0066,215,285.0,10,192
2025-10-20,SKU0066,113,0.0,10,192
2025-10-27,SKU0066,149,179.0,10,192
2025-11-03,SKU0066,46,0.0,10,192
2025-11-10,SKU0066,0,0.0,10,192
2025-11-17,SKU0066,203,195.0,10,192
2025-11-24,SKU0066,243,191.0,10,192
2025-12-01,SKU0066,333,198.0,10,192
2025-12-08,SKU0066,244,0.0,10,192
2025-12-15,SKU0066,283,279.0,10,192
2025-12-22,SKU0066,184,0.0,10,192
2025-12-29,SKU0066,70,0.0,10,192
2024-01-01,SKU0067,1135,0.0,7,167
2024-01-08,SKU0067,995,0.0,7,167
2024-01-15,SKU0067,810,0.0,7,167
2024-01-22,SKU0067,639,0.0,7,167
2024-01-29,SKU0067,493,0.0,7,167
2024-02-05,SKU0067,341,0.0,7,167
2024-02-12,SKU0067,167,0.0,7,167
2024-02-19,SKU0067,202,241.0,7,167
2024-02-26,SKU0067,212,225.0,7,167
2024-03-04,SKU0067,193,194.0,7,167
2024-03-11,SKU0067,386,273.0,7,167
2024-03-18,SKU0067,232,0.0,7,167
2024-03-25,SKU0067,373,224.0,7,167
2024-04-01,SKU0067,234,0.0,7,167
2024-04-08,SKU0067,398,294.0,7,167
2024-04-15,SKU0067,228,0.0,7,167
2024-04-22,SKU0067,302,285.0,7,167
2024-04-29,SKU0067,273,273.0,7,167
2024-05-06,SKU0067,128,0.0,7,167
2024-05-13,SKU0067,0,0.0,7,167
2024-05-20,SKU0067,335,313.0,7,167
2024-05-27,SKU0067,188,0.0,7,167
2024-06-03,SKU0067,351,208.0,7,167
2024-06-10,SKU0067,186,0.0,7,167
2024-06-17,SKU0067,349,289.0,7,167
2024-06-24,SKU0067,183,0.0,7,167
2024-07-01,SKU0067,315,249.0,7,167
2024-07-08,SKU0067,169,0.0,7,167
2024-07-15,SKU0067,138,295.0,7,167
2024-07-22,SKU0067,0,0.0,7,167
2024-07-29,SKU0067,130,,7,167
2024-08-05,SKU0067,0,0.0,7,167
2024-08-12,SKU0067,193,307.0,7,167
2024-08-19,SKU0067,198,303.0,7,167
2024-08-26,SKU0067,204,199.0,7,167
2024-09-02,SKU0067,39,0.0,7,167
2024-09-09,SKU0067,0,0.0,7,167
2024-09-16,SKU0067,265,248.0,7,167
2024-09-23,SKU0067,120,0.0,7,167
2024-09-30,SKU0067,245,,7,167
2024-10-07,SKU0067,85,0.0,7,167
2024-10-14,SKU0067,194,302.0,7,167
2024-10-21,SKU0067,22,0.0,7,167
2024-10-28,SKU0067,302,230.0,7,167
2024-11-04,SKU0067,331,294.0,7,167
2024-11-11,SKU0067,432,243.0,7,167
2024-11-18,SKU0067,281,0.0,7,167
2024-11-25,SKU0067,159,0.0,7,167
2024-12-02,SKU0067,207,221.0,7,167
2024-12-09,SKU0067,61,0.0,7,167
2024-12-16,SKU0067,0,0.0,7,167
2024-12-23,SKU0067,235,219.0,7,167
2024-12-30,SKU0067,321,247.0,7,167
2025-01-06,SKU0067,157,0.0,7,167
2025-01-13,SKU0067,119,243.0,7,167
2025-01-20,SKU0067,262,279.0,7,167
2025-01-27,SKU0067,117,0.0,7,167
2025-02-03,SKU0067,266,252.0,7,167
2025-02-10,SKU0067,348,215.0,7,167
2025-02-17,SKU0067,192,0.0,7,167
2025-02-24,SKU0067,356,209.0,7,167
2025-03-03,SKU0067,212,0.0,7,167
2025-03-10,SKU0067,380,257.0,7,167
2025-03-17,SKU0067,224,0.0,7,167
2025-03-24,SKU0067,352,219.0,7,167
2025-03-31,SKU0067,173,0.0,7,167
2025-04-07,SKU0067,165,220.0,7,167
2025-04-14,SKU0067,181,248.0,7,167
2025-04-21,SKU0067,295,206.0,7,167
2025-04-28,SKU0067,151,0.0,7,167
2025-05-05,SKU0067,2,0.0,7,167
2025-05-12,SKU0067,0,0.0,7,167
2025-05-19,SKU0067,275,235.0,7,167
2025-05-26,SKU0067,401,218.0,7,167
2025-06-02,SKU0067,259,0.0,7,167
2025-06-09,SKU0067,114,0.0,7,167
2025-06-16,SKU0067,266,240.0,7,167
2025-06-23,SKU0067,316,243.0,7,167
2025-06-30,SKU0067,427,267.0,7,167
2025-07-07,SKU0067,260,0.0,7,167
2025-07-14,SKU0067,311,194.0,7,167
2025-07-21,SKU0067,273,284.0,7,167
2025-07-28,SKU0067,404,222.0,7,167
2025-08-04,SKU0067,261,0.0,7,167
2025-08-11,SKU0067,270,268.0,7,167
2025-08-18,SKU0067,335,243.0,7,167
2025-08-25,SKU0067,169,0.0,7,167
2025-09-01,SKU0067,322,241.0,7,167
2025-09-08,SKU0067,191,0.0,7,167
2025-09-15,SKU0067,304,239.0,7,167
2025-09-22,SKU0067,458,271.0,7,167
2025-09-29,SKU0067,305,0.0,7,167
2025-10-06,SKU0067,307,265.0,7,167
2025-10-13,SKU0067,150,0.0,7,167
2025-10-20,SKU0067,0,0.0,7,167
2025-10-27,SKU0067,0,0.0,7,167
2025-11-03,SKU0067,253,199.0,7,167
2025-11-10,SKU0067,407,280.0,7,167
2025-11-17,SKU0067,264,0.0,7,167
2025-11-24,SKU0067,102,0.0,7,167
2025-12-01,SKU0067,0,0.0,7,167
2025-12-08,SKU0067,286,253.0,7,167
2025-12-15,SKU0067,106,0.0,7,167
2025-12-22,SKU0067,0,0.0,7,167
2025-12-29,SKU0067,323,262.0,7,167
2024-01-01,SKU0068,286,0.0,10,150
2024-01-08,SKU0068,214,0.0,10,150
2024-01-15,SKU0068,128,0.0,10,150
2024-01-22,SKU0068,60,0.0,10,150
2024-01-29,SKU0068,0,0.0,10,150
2024-02-05,SKU0068,0,0.0,10,150
2024-02-12,SKU0068,86,157.0,10,150
2024-02-19,SKU0068,17,0.0,10,150
2024-02-26,SKU0068,64,130.0,10,150
2024-03-04,SKU0068,81,165.0,10,150
2024-03-11,SKU0068,90,157.0,10,150
2024-03-18,SKU0068,10,0.0,10,150
2024-03-25,SKU0068,0,0.0,10,150
2024-04-01,SKU0068,140,166.0,10,150
2024-04-08,SKU0068,120,181.0,10,150
2024-04-15,SKU0068,116,163.0,10,150
2024-04-22,SKU0068,129,130.0,10,150
2024-04-29,SKU0068,145,209.0,10,150
2024-05-06,SKU0068,192,137.0,10,150
2024-05-13,SKU0068,121,0.0,10,150
2024-05-20,SKU0068,58,0.0,10,150
2024-05-27,SKU0068,0,0.0,10,150
2024-06-03,SKU0068,147,159.0,10,150
2024-06-10,SKU0068,221,140.0,10,150
2024-06-17,SKU0068,150,0.0,10,150
2024-06-24,SKU0068,211,168.0,10,150
2024-07-01,SKU0068,231,203.0,10,150
2024-07-08,SKU0068,151,0.0,10,150
2024-07-15,SKU0068,90,0.0,10,150
2024-07-22,SKU0068,133,156.0,10,150
2024-07-29,SKU0068,54,0.0,10,150
2024-08-05,SKU0068,93,168.0,10,150
2024-08-12,SKU0068,96,157.0,10,150
2024-08-19,SKU0068,148,159.0,10,150
2024-08-26,SKU0068,229,183.0,10,150
2024-09-02,SKU0068,152,0.0,10,150
2024-09-09,SKU0068,81,0.0,10,150
2024-09-16,SKU0068,168,159.0,10,150
2024-09-23,SKU0068,209,207.0,10,150
2024-09-30,SKU0068,127,0.0,10,150
2024-10-07,SKU0068,45,0.0,10,150
2024-10-14,SKU0068,140,178.0,10,150
2024-10-21,SKU0068,137,163.0,10,150
2024-10-28,SKU0068,192,174.0,10,150
2024-11-04,SKU0068,126,0.0,10,150
2024-11-11,SKU0068,145,180.0,10,150
2024-11-18,SKU0068,141,192.0,10,150
2024-11-25,SKU0068,63,0.0,10,150
2024-12-02,SKU0068,0,0.0,10,150
2024-12-09,SKU0068,127,128.0,10,150
2024-12-16,SKU0068,149,188.0,10,150
2024-12-23,SKU0068,209,151.0,10,150
2024-12-30,SKU0068,282,154.0,10,150
2025-01-06,SKU0068,223,0.0,10,150
2025-01-13,SKU0068,161,0.0,10,150
2025-01-20,SKU0068,197,184.0,10,150
2025-01-27,SKU0068,117,0.0,10,150
2025-02-03,SKU0068,92,153.0,10,150
2025-02-10,SKU0068,23,0.0,10,150
2025-02-17,SKU0068,97,202.0,10,150
2025-02-24,SKU0068,83,192.0,10,150
2025-03-03,SKU0068,89,177.0,10,150
2025-03-10,SKU0068,23,0.0,10,150
2025-03-17,SKU0068,0,0.0,10,150
2025-03-24,SKU0068,55,134.0,10,150
2025-03-31,SKU0068,127,129.0,10,150
2025-04-07,SKU0068,107,199.0,10,150
2025-04-14,SKU0068,33,0.0,10,150
2025-04-21,SKU0068,95,208.0,10,150
2025-04-28,SKU0068,72,142.0,10,150
2025-05-05,SKU0068,67,169.0,10,150
2025-05-12,SKU0068,135,167.0,10,150
2025-05-19,SKU0068,191,154.0,10,150
2025-05-26,SKU0068,266,143.0,10,150
2025-06-02,SKU0068,193,0.0,10,150
2025-06-09,SKU0068,271,206.0,10,150
2025-06-16,SKU0068,203,0.0,10,150
2025-06-23,SKU0068,201,176.0,10,150
2025-06-30,SKU0068,126,0.0,10,150
2025-07-07,SKU0068,136,169.0,10,150
2025-07-14,SKU0068,137,193.0,10,150
2025-07-21,SKU0068,56,0.0,10,150
2025-07-28,SKU0068,0,0.0,10,150
2025-08-04,SKU0068,70,182.0,10,150
2025-08-11,SKU0068,61,143.0,10,150
2025-08-18,SKU0068,0,0.0,10,150
2025-08-25,SKU0068,156,177.0,10,150
2025-09-01,SKU0068,85,0.0,10,150
2025-09-08,SKU0068,19,0.0,10,150
2025-09-15,SKU0068,0,0.0,10,150
2025-09-22,SKU0068,106,182.0,10,150
2025-09-29,SKU0068,183,193.0,10,150
2025-10-06,SKU0068,254,140.0,10,150
2025-10-13,SKU0068,185,0.0,10,150
2025-10-20,SKU0068,170,198.0,10,150
2025-10-27,SKU0068,104,0.0,10,150
2025-11-03,SKU0068,135,192.0,10,150
2025-11-10,SKU0068,50,0.0,10,150
2025-11-17,SKU0068,119,174.0,10,150
2025-11-24,SKU0068,190,,10,150
2025-12-01,SKU0068,107,0.0,10,150
2025-12-08,SKU0068,36,0.0,10,150
2025-12-15,SKU0068,113,161.0,10,150
2025-12-22,SKU0068,137,160.0,10,150
2025-12-29,SKU0068,202,170.0,10,150
2024-01-01,SKU0069,369,0.0,14,260
2024-01-08,SKU0069,286,0.0,14,260
2024-01-15,SKU0069,173,0.0,14,260
2024-01-22,SKU0069,91,0.0,14,260
2024-01-29,SKU0069,86,349.0,14,260
2024-02-05,SKU0069,77,331.0,14,260
2024-02-12,SKU0069,0,0.0,14,260
2024-02-19,SKU0069,0,0.0,14,260
2024-02-26,SKU0069,0,0.0,14,260
2024-03-04,SKU0069,176,268.0,14,260
2024-03-11,SKU0069,196,278.0,14,260
2024-03-18,SKU0069,264,219.0,14,260
2024-03-25,SKU0069,324,241.0,14,260
2024-04-01,SKU0069,416,222.0,14,260
2024-04-08,SKU0069,338,0.0,14,260
2024-04-15,SKU0069,425,225.0,14,260
2024-04-22,SKU0069,341,0.0,14,260
2024-04-29,SKU0069,262,0.0,14,260
2024-05-06,SKU0069,321,276.0,14,260
2024-05-13,SKU0069,317,255.0,14,260
2024-05-20,SKU0069,384,290.0,14,260
2024-05-27,SKU0069,306,0.0,14,260
2024-06-03,SKU0069,327,322.0,14,260
2024-06-10,SKU0069,382,267.0,14,260
2024-06-17,SKU0069,298,0.0,14,260
2024-06-24,SKU0069,227,0.0,14,260
2024-07-01,SKU0069,270,300.0,14,260
2024-07-08,SKU0069,289,335.0,14,260
2024-07-15,SKU0069,360,273.0,14,260
2024-07-22,SKU0069,291,0.0,14,260
2024-07-29,SKU0069,306,330.0,14,260
2024-08-05,SKU0069,400,265.0,14,260
2024-08-12,SKU0069,320,0.0,14,260
2024-08-19,SKU0069,226,0.0,14,260
2024-08-26,SKU0069,300,280.0,14,260
2024-09-02,SKU0069,346,280.0,14,260
2024-09-09,SKU0069,258,0.0,14,260
2024-09-16,SKU0069,322,319.0,14,260
2024-09-23,SKU0069,378,234.0,14,260
2024-09-30,SKU0069,301,0.0,14,260
2024-10-07,SKU0069,210,0.0,14,260
2024-10-14,SKU0069,232,303.0,14,260
2024-10-21,SKU0069,326,244.0,14,260
2024-10-28,SKU0069,315,238.0,14,260
2024-11-04,SKU0069,401,356.0,14,260
2024-11-11,SKU0069,300,0.0,14,260
2024-11-18,SKU0069,383,219.0,14,260
2024-11-25,SKU0069,281,0.0,14,260
2024-12-02,SKU0069,335,245.0,14,260
2024-12-09,SKU0069,250,0.0,14,260
2024-12-16,SKU0069,320,275.0,14,260
2024-12-23,SKU0069,315,298.0,14,260
2024-12-30,SKU0069,228,0.0,14,260
2025-01-06,SKU0069,311,318.0,14,260
2025-01-13,SKU0069,381,352.0,14,260
2025-01-20,SKU0069,291,0.0,14,260
2025-01-27,SKU0069,192,0.0,14,260
2025-02-03,SKU0069,93,0.0,14,260
2025-02-10,SKU0069,166,280.0,14,260
2025-02-17,SKU0069,240,310.0,14,260
2025-02-24,SKU0069,304,309.0,14,260
2025-03-03,SKU0069,314,299.0,14,260
2025-03-10,SKU0069,331,285.0,14,260
2025-03-17,SKU0069,237,0.0,14,260
2025-03-24,SKU0069,150,,14,260
2025-03-31,SKU0069,190,339.0,14,260
2025-04-07,SKU0069,175,301.0,14,260
2025-04-14,SKU0069,78,0.0,14,260
2025-04-21,SKU0069,0,0.0,14,260
2025-04-28,SKU0069,147,231.0,14,260
2025-05-05,SKU0069,204,351.0,14,260
2025-05-12,SKU0069,114,0.0,14,260
2025-05-19,SKU0069,86,227.0,14,260
2025-05-26,SKU0069,79,260.0,14,260
2025-06-02,SKU0069,0,0.0,14,260
2025-06-09,SKU0069,0,0.0,14,260
2025-06-16,SKU0069,0,0.0,14,260
2025-06-23,SKU0069,154,246.0,14,260
2025-06-30,SKU0069,225,292.0,14,260
2025-07-07,SKU0069,249,289.0,14,260
2025-07-14,SKU0069,148,0.0,14,260
2025-07-21,SKU0069,142,359.0,14,260
2025-07-28,SKU0069,112,267.0,14,260
2025-08-04,SKU0069,89,303.0,14,260
2025-08-11,SKU0069,105,305.0,14,260
2025-08-18,SKU0069,1,0.0,14,260
2025-08-25,SKU0069,122,223.0,14,260
2025-09-01,SKU0069,31,0.0,14,260
2025-09-08,SKU0069,92,339.0,14,260
2025-09-15,SKU0069,9,0.0,14,260
2025-09-22,SKU0069,191,273.0,14,260
2025-09-29,SKU0069,105,0.0,14,260
2025-10-06,SKU0069,21,0.0,14,260
2025-10-13,SKU0069,0,0.0,14,260
2025-10-20,SKU0069,0,0.0,14,260
2025-10-27,SKU0069,0,0.0,14,260
2025-11-03,SKU0069,152,295.0,14,260
2025-11-10,SKU0069,205,283.0,14,260
2025-11-17,SKU0069,292,310.0,14,260
2025-11-24,SKU0069,359,293.0,14,260
2025-12-01,SKU0069,262,0.0,14,260
2025-12-08,SKU0069,166,0.0,14,260
2025-12-15,SKU0069,199,312.0,14,260
2025-12-22,SKU0069,118,0.0,14,260
2025-12-29,SKU0069,153,231.0,14,260
2024-01-01,SKU0070,337,0.0,14,118
2024-01-08,SKU0070,285,0.0,14,118
2024-01-15,SKU0070,234,0.0,14,118
2024-01-22,SKU0070,176,0.0,14,118
2024-01-29,SKU0070,222,191.0,14,118
2024-02-05,SKU0070,157,0.0,14,118
2024-02-12,SKU0070,187,231.0,14,118
2024-02-19,SKU0070,132,0.0,14,118
2024-02-26,SKU0070,87,0.0,14,118
2024-03-04,SKU0070,93,214.0,14,118
2024-03-11,SKU0070,48,0.0,14,118
2024-03-18,SKU0070,91,227.0,14,118
2024-03-25,SKU0070,33,0.0,14,118
2024-04-01,SKU0070,0,,14,118
2024-04-08,SKU0070,70,206.0,14,118
2024-04-15,SKU0070,124,200.0,14,118
2024-04-22,SKU0070,177,207.0,14,118
2024-04-29,SKU0070,170,175.0,14,118
2024-05-06,SKU0070,214,158.0,14,118
2024-05-13,SKU0070,143,0.0,14,118
2024-05-20,SKU0070,182,166.0,14,118
2024-05-27,SKU0070,119,0.0,14,118
2024-06-03,SKU0070,111,160.0,14,118
2024-06-10,SKU0070,55,,14,118
2024-06-17,SKU0070,95,206.0,14,118
2024-06-24,SKU0070,105,169.0,14,118
2024-07-01,SKU0070,46,0.0,14,118
2024-07-08,SKU0070,93,181.0,14,118
2024-07-15,SKU0070,43,0.0,14,118
2024-07-22,SKU0070,79,139.0,14,118
2024-07-29,SKU0070,109,212.0,14,118
2024-08-05,SKU0070,53,0.0,14,118
2024-08-12,SKU0070,56,181.0,14,118
2024-08-19,SKU0070,82,207.0,14,118
2024-08-26,SKU0070,94,161.0,14,118
2024-09-02,SKU0070,119,198.0,14,118
2024-09-09,SKU0070,76,0.0,14,118
2024-09-16,SKU0070,32,0.0,14,118
2024-09-23,SKU0070,49,199.0,14,118
2024-09-30,SKU0070,90,186.0,14,118
2024-10-07,SKU0070,128,184.0,14,118
2024-10-14,SKU0070,136,221.0,14,118
2024-10-21,SKU0070,125,143.0,14,118
2024-10-28,SKU0070,68,0.0,14,118
2024-11-04,SKU0070,83,221.0,14,118
2024-11-11,SKU0070,97,164.0,14,118
2024-11-18,SKU0070,161,143.0,14,118
2024-11-25,SKU0070,175,204.0,14,118
2024-12-02,SKU0070,162,189.0,14,118
2024-12-09,SKU0070,104,0.0,14,118
2024-12-16,SKU0070,121,223.0,14,118
2024-12-23,SKU0070,87,167.0,14,118
2024-12-30,SKU0070,146,141.0,14,118
2025-01-06,SKU0070,172,208.0,14,118
2025-01-13,SKU0070,226,193.0,14,118
2025-01-20,SKU0070,168,0.0,14,118
2025-01-27,SKU0070,120,0.0,14,118
2025-02-03,SKU0070,122,200.0,14,118
2025-02-10,SKU0070,140,203.0,14,118
2025-02-17,SKU0070,73,0.0,14,118
2025-02-24,SKU0070,16,0.0,14,118
2025-03-03,SKU0070,0,0.0,14,118
2025-03-10,SKU0070,51,,14,118
2025-03-17,SKU0070,46,184.0,14,118
2025-03-24,SKU0070,55,227.0,14,118
2025-03-31,SKU0070,94,214.0,14,118
2025-04-07,SKU0070,134,179.0,14,118
2025-04-14,SKU0070,174,202.0,14,118
2025-04-21,SKU0070,222,164.0,14,118
2025-04-28,SKU0070,164,0.0,14,118
2025-05-05,SKU0070,203,205.0,14,118
2025-05-12,SKU0070,153,0.0,14,118
2025-05-19,SKU0070,102,0.0,14,118
2025-05-26,SKU0070,36,0.0,14,118
2025-06-02,SKU0070,49,222.0,14,118
2025-06-09,SKU0070,89,143.0,14,118
2025-06-16,SKU0070,39,0.0,14,118
2025-06-23,SKU0070,0,0.0,14,118
2025-06-30,SKU0070,0,0.0,14,118
2025-07-07,SKU0070,0,0.0,14,118
2025-07-14,SKU0070,100,210.0,14,118
2025-07-21,SKU0070,76,190.0,14,118
2025-07-28,SKU0070,134,149.0,14,118
2025-08-04,SKU0070,72,0.0,14,118
2025-08-11,SKU0070,18,0.0,14,118
2025-08-18,SKU0070,0,0.0,14,118
2025-08-25,SKU0070,90,149.0,14,118
2025-09-01,SKU0070,31,0.0,14,118
2025-09-08,SKU0070,0,,14,118
2025-09-15,SKU0070,101,156.0,14,118
2025-09-22,SKU0070,105,201.0,14,118
2025-09-29,SKU0070,45,0.0,14,118
2025-10-06,SKU0070,72,172.0,14,118
2025-10-13,SKU0070,23,0.0,14,118
2025-10-20,SKU0070,90,141.0,14,118
2025-10-27,SKU0070,97,160.0,14,118
2025-11-03,SKU0070,129,168.0,14,118
2025-11-10,SKU0070,179,183.0,14,118
2025-11-17,SKU0070,212,168.0,14,118
2025-11-24,SKU0070,156,0.0,14,118
2025-12-01,SKU0070,172,145.0,14,118
2025-12-08,SKU0070,176,221.0,14,118
2025-12-15,SKU0070,128,0.0,14,118
2025-12-22,SKU0070,133,208.0,14,118
2025-12-29,SKU0070,139,175.0,14,118
2025-01-13,SKU0071,455,0.0,7,184
2025-01-20,SKU0071,357,0.0,7,184
2025-01-27,SKU0071,234,0.0,7,184
2025-02-03,SKU0071,313,151.0,7,184
2025-02-10,SKU0071,187,0.0,7,184
2025-02-17,SKU0071,56,0.0,7,184
2025-02-24,SKU0071,195,177.0,7,184
2025-03-03,SKU0071,259,202.0,7,184
2025-03-10,SKU0071,275,227.0,7,184
2025-03-17,SKU0071,381,170.0,7,184
2025-03-24,SKU0071,271,0.0,7,184
2025-03-31,SKU0071,306,238.0,7,184
2025-04-07,SKU0071,430,155.0,7,184
2025-04-14,SKU0071,298,0.0,7,184
2025-04-21,SKU0071,383,216.0,7,184
2025-04-28,SKU0071,246,0.0,7,184
2025-05-05,SKU0071,124,0.0,7,184
2025-05-12,SKU0071,225,244.0,7,184
2025-05-19,SKU0071,109,0.0,7,184
2025-05-26,SKU0071,0,0.0,7,184
2025-06-02,SKU0071,209,173.0,7,184
2025-06-09,SKU0071,292,239.0,7,184
2025-06-16,SKU0071,183,0.0,7,184
2025-06-23,SKU0071,62,0.0,7,184
2025-06-30,SKU0071,167,237.0,7,184
2025-07-07,SKU0071,36,0.0,7,184
2025-07-14,SKU0071,245,158.0,7,184
2025-07-21,SKU0071,241,181.0,7,184
2025-07-28,SKU0071,115,0.0,7,184
2025-08-04,SKU0071,0,0.0,7,184
2025-08-11,SKU0071,130,172.0,7,184
2025-08-18,SKU0071,1,0.0,7,184
2025-08-25,SKU0071,253,189.0,7,184
2025-09-01,SKU0071,367,174.0,7,184
2025-09-08,SKU0071,251,0.0,7,184
2025-09-15,SKU0071,333,224.0,7,184
2025-09-22,SKU0071,209,0.0,7,184
2025-09-29,SKU0071,86,0.0,7,184
2025-10-06,SKU0071,0,0.0,7,184
2025-10-13,SKU0071,243,217.0,7,184
2025-10-20,SKU0071,267,211.0,7,184
2025-10-27,SKU0071,316,219.0,7,184
2025-11-03,SKU0071,193,0.0,7,184
2025-11-10,SKU0071,169,177.0,7,184
2025-11-17,SKU0071,36,0.0,7,184
2025-11-24,SKU0071,160,219.0,7,184
2025-12-01,SKU0071,232,178.0,7,184
2025-12-08,SKU0071,307,226.0,7,184
2025-12-15,SKU0071,185,0.0,7,184
2025-12-22,SKU0071,227,152.0,7,184
2025-12-29,SKU0071,253,159.0,7,184
2024-01-01,SKU0072,523,0.0,10,347
2024-01-08,SKU0072,365,0.0,10,347
2024-01-15,SKU0072,183,0.0,10,347
2024-01-22,SKU0072,342,368.0,10,347
2024-01-29,SKU0072,170,0.0,10,347
2024-02-05,SKU0072,0,0.0,10,347
2024-02-12,SKU0072,0,0.0,10,347
2024-02-19,SKU0072,311,467.0,10,347
2024-02-26,SKU0072,434,381.0,10,347
2024-03-04,SKU0072,519,341.0,10,347
2024-03-11,SKU0072,646,375.0,10,347
2024-03-18,SKU0072,468,0.0,10,347
2024-03-25,SKU0072,303,0.0,10,347
2024-04-01,SKU0072,342,348.0,10,347
2024-04-08,SKU0072,171,0.0,10,347
2024-04-15,SKU0072,166,422.0,10,347
2024-04-22,SKU0072,132,421.0,10,347
2024-04-29,SKU0072,190,471.0,10,347
2024-05-06,SKU0072,0,0.0,10,347
2024-05-13,SKU0072,0,0.0,10,347
2024-05-20,SKU0072,270,328.0,10,347
2024-05-27,SKU0072,84,,10,347
2024-06-03,SKU0072,0,0.0,10,347
2024-06-10,SKU0072,257,473.0,10,347
2024-06-17,SKU0072,280,440.0,10,347
2024-06-24,SKU0072,107,,10,347
2024-07-01,SKU0072,0,0.0,10,347
2024-07-08,SKU0072,274,329.0,10,347
2024-07-15,SKU0072,94,0.0,10,347
2024-07-22,SKU0072,0,0.0,10,347
2024-07-29,SKU0072,368,455.0,10,347
2024-08-05,SKU0072,555,300.0,10,347
2024-08-12,SKU0072,384,0.0,10,347
2024-08-19,SKU0072,481,376.0,10,347
2024-08-26,SKU0072,299,0.0,10,347
2024-09-02,SKU0072,106,0.0,10,347
2024-09-09,SKU0072,327,456.0,10,347
2024-09-16,SKU0072,306,,10,347
2024-09-23,SKU0072,483,416.0,10,347
2024-09-30,SKU0072,574,,10,347
2024-10-07,SKU0072,404,0.0,10,347
2024-10-14,SKU0072,246,0.0,10,347
2024-10-21,SKU0072,79,,10,347
2024-10-28,SKU0072,370,479.0,10,347
2024-11-04,SKU0072,395,332.0,10,347
2024-11-11,SKU0072,210,0.0,10,347
2024-11-18,SKU0072,45,0.0,10,347
2024-11-25,SKU0072,240,381.0,10,347
2024-12-02,SKU0072,391,467.0,10,347
2024-12-09,SKU0072,537,380.0,10,347
2024-12-16,SKU0072,348,0.0,10,347
2024-12-23,SKU0072,385,452.0,10,347
2024-12-30,SKU0072,425,382.0,10,347
2025-01-06,SKU0072,449,421.0,10,347
2025-01-13,SKU0072,567,326.0,10,347
2025-01-20,SKU0072,401,0.0,10,347
2025-01-27,SKU0072,242,0.0,10,347
2025-02-03,SKU0072,329,490.0,10,347
2025-02-10,SKU0072,295,350.0,10,347
2025-02-17,SKU0072,259,324.0,10,347
2025-02-24,SKU0072,98,0.0,10,347
2025-03-03,SKU0072,238,448.0,10,347
2025-03-10,SKU0072,292,427.0,10,347
2025-03-17,SKU0072,299,327.0,10,347
2025-03-24,SKU0072,323,444.0,10,347
2025-03-31,SKU0072,298,412.0,10,347
2025-04-07,SKU0072,265,482.0,10,347
2025-04-14,SKU0072,274,300.0,10,347
2025-04-21,SKU0072,86,0.0,10,347
2025-04-28,SKU0072,0,0.0,10,347
2025-05-05,SKU0072,241,420.0,10,347
2025-05-12,SKU0072,265,326.0,10,347
2025-05-19,SKU0072,89,0.0,10,347
2025-05-26,SKU0072,351,413.0,10,347
2025-06-02,SKU0072,169,0.0,10,347
2025-06-09,SKU0072,0,0.0,10,347
2025-06-16,SKU0072,0,0.0,10,347
2025-06-23,SKU0072,237,331.0,10,347
2025-06-30,SKU0072,315,342.0,10,347
2025-07-07,SKU0072,469,351.0,10,347
2025-07-14,SKU0072,497,475.0,10,347
2025-07-21,SKU0072,455,308.0,10,347
2025-07-28,SKU0072,588,428.0,10,347
2025-08-04,SKU0072,422,0.0,10,347
2025-08-11,SKU0072,256,,10,347
2025-08-18,SKU0072,69,0.0,10,347
2025-08-25,SKU0072,211,483.0,10,347
2025-09-01,SKU0072,47,0.0,10,347
2025-09-08,SKU0072,0,0.0,10,347
2025-09-15,SKU0072,0,0.0,10,347
2025-09-22,SKU0072,0,0.0,10,347
2025-09-29,SKU0072,223,409.0,10,347
2025-10-06,SKU0072,315,483.0,10,347
2025-10-13,SKU0072,397,325.0,10,347
2025-10-20,SKU0072,372,,10,347
2025-10-27,SKU0072,212,0.0,10,347
2025-11-03,SKU0072,260,369.0,10,347
2025-11-10,SKU0072,296,433.0,10,347
2025-11-17,SKU0072,113,0.0,10,347
2025-11-24,SKU0072,237,347.0,10,347
2025-12-01,SKU0072,56,0.0,10,347
2025-12-08,SKU0072,0,0.0,10,347
2025-12-15,SKU0072,0,0.0,10,347
2025-12-22,SKU0072,215,486.0,10,347
2025-12-29,SKU0072,404,371.0,10,347
2024-01-01,SKU0073,355,0.0,10,250
2024-01-08,SKU0073,353,395.0,10,250
2024-01-15,SKU0073,220,0.0,10,250
2024-01-22,SKU0073,281,266.0,10,250
2024-01-29,SKU0073,143,0.0,10,250
2024-02-05,SKU0073,167,388.0,10,250
2024-02-12,SKU0073,28,0.0,10,250
2024-02-19,SKU0073,0,0.0,10,250
2024-02-26,SKU0073,174,359.0,10,250
2024-03-04,SKU0073,241,319.0,10,250
2024-03-11,SKU0073,76,0.0,10,250
2024-03-18,SKU0073,0,0.0,10,250
2024-03-25,SKU0073,251,365.0,10,250
2024-04-01,SKU0073,310,413.0,10,250
2024-04-08,SKU0073,164,0.0,10,250
2024-04-15,SKU0073,19,0.0,10,250
2024-04-22,SKU0073,235,,10,250
2024-04-29,SKU0073,394,342.0,10,250
2024-05-06,SKU0073,364,292.0,10,250
2024-05-13,SKU0073,223,0.0,10,250
2024-05-20,SKU0073,372,374.0,10,250
2024-05-27,SKU0073,476,383.0,10,250
2024-06-03,SKU0073,318,0.0,10,250
2024-06-10,SKU0073,500,296.0,10,250
2024-06-17,SKU0073,353,0.0,10,250
2024-06-24,SKU0073,329,421.0,10,250
2024-07-01,SKU0073,180,0.0,10,250
2024-07-08,SKU0073,29,0.0,10,250
2024-07-15,SKU0073,0,0.0,10,250
2024-07-22,SKU0073,281,400.0,10,250
2024-07-29,SKU0073,267,266.0,10,250
2024-08-05,SKU0073,400,330.0,10,250
2024-08-12,SKU0073,258,0.0,10,250
2024-08-19,SKU0073,249,388.0,10,250
2024-08-26,SKU0073,411,363.0,10,250
2024-09-02,SKU0073,280,0.0,10,250
2024-09-09,SKU0073,365,259.0,10,250
2024-09-16,SKU0073,213,0.0,10,250
2024-09-23,SKU0073,203,270.0,10,250
2024-09-30,SKU0073,224,355.0,10,250
2024-10-07,SKU0073,239,301.0,10,250
2024-10-14,SKU0073,321,363.0,10,250
2024-10-21,SKU0073,432,411.0,10,250
2024-10-28,SKU0073,275,0.0,10,250
2024-11-04,SKU0073,381,371.0,10,250
2024-11-11,SKU0073,530,364.0,10,250
2024-11-18,SKU0073,382,0.0,10,250
2024-11-25,SKU0073,502,265.0,10,250
2024-12-02,SKU0073,369,0.0,10,250
2024-12-09,SKU0073,209,0.0,10,250
2024-12-16,SKU0073,51,0.0,10,250
2024-12-23,SKU0073,0,0.0,10,250
2024-12-30,SKU0073,0,0.0,10,250
2025-01-06,SKU0073,252,353.0,10,250
2025-01-13,SKU0073,267,305.0,10,250
2025-01-20,SKU0073,382,362.0,10,250
2025-01-27,SKU0073,234,0.0,10,250
2025-02-03,SKU0073,280,263.0,10,250
2025-02-10,SKU0073,129,0.0,10,250
2025-02-17,SKU0073,1,0.0,10,250
2025-02-24,SKU0073,0,0.0,10,250
2025-03-03,SKU0073,274,405.0,10,250
2025-03-10,SKU0073,233,358.0,10,250
2025-03-17,SKU0073,104,0.0,10,250
2025-03-24,SKU0073,277,307.0,10,250
2025-03-31,SKU0073,142,0.0,10,250
2025-04-07,SKU0073,0,0.0,10,250
2025-04-14,SKU0073,0,0.0,10,250
2025-04-21,SKU0073,0,0.0,10,250
2025-04-28,SKU0073,163,374.0,10,250
2025-05-05,SKU0073,284,368.0,10,250
2025-05-12,SKU0073,158,0.0,10,250
2025-05-19,SKU0073,116,372.0,10,250
2025-05-26,SKU0073,0,0.0,10,250
2025-06-02,SKU0073,0,0.0,10,250
2025-06-09,SKU0073,0,0.0,10,250
2025-06-16,SKU0073,213,404.0,10,250
2025-06-23,SKU0073,346,355.0,10,250
2025-06-30,SKU0073,475,273.0,10,250
2025-07-07,SKU0073,337,0.0,10,250
2025-07-14,SKU0073,505,367.0,10,250
2025-07-21,SKU0073,354,0.0,10,250
2025-07-28,SKU0073,488,328.0,10,250
2025-08-04,SKU0073,352,0.0,10,250
2025-08-11,SKU0073,205,0.0,10,250
2025-08-18,SKU0073,300,299.0,10,250
2025-08-25,SKU0073,325,351.0,10,250
2025-09-01,SKU0073,422,313.0,10,250
2025-09-08,SKU0073,291,0.0,10,250
2025-09-15,SKU0073,294,294.0,10,250
2025-09-22,SKU0073,275,347.0,10,250
2025-09-29,SKU0073,114,0.0,10,250
2025-10-06,SKU0073,0,0.0,10,250
2025-10-13,SKU0073,0,0.0,10,250
2025-10-20,SKU0073,0,0.0,10,250
2025-10-27,SKU0073,317,332.0,10,250
2025-11-03,SKU0073,451,330.0,10,250
2025-11-10,SKU0073,309,0.0,10,250
2025-11-17,SKU0073,158,0.0,10,250
2025-11-24,SKU0073,273,260.0,10,250
2025-12-01,SKU0073,128,0.0,10,250
2025-12-08,SKU0073,0,0.0,10,250
2025-12-15,SKU0073,0,0.0,10,250
2025-12-22,SKU0073,201,320.0,10,250
2025-12-29,SKU0073,52,0.0,10,250
2024-01-01,SKU0074,143,0.0,21,63
2024-01-08,SKU0074,117,0.0,21,63
2024-01-15,SKU0074,99,0.0,21,63
2024-01-22,SKU0074,86,0.0,21,63
2024-01-29,SKU0074,64,0.0,21,63
2024-02-05,SKU0074,39,0.0,21,63
2024-02-12,SKU0074,12,0.0,21,63
2024-02-19,SKU0074,0,0.0,21,63
2024-02-26,SKU0074,29,86.0,21,63
2024-03-04,SKU0074,32,78.0,21,63
2024-03-11,SKU0074,7,0.0,21,63
2024-03-18,SKU0074,39,115.0,21,63
2024-03-25,SKU0074,32,117.0,21,63
2024-04-01,SKU0074,59,93.0,21,63
2024-04-08,SKU0074,56,108.0,21,63
2024-04-15,SKU0074,40,0.0,21,63
2024-04-22,SKU0074,57,74.0,21,63
2024-04-29,SKU0074,76,79.0,21,63
2024-05-06,SKU0074,57,0.0,21,63
2024-05-13,SKU0074,36,0.0,21,63
2024-05-20,SKU0074,59,93.0,21,63
2024-05-27,SKU0074,56,88.0,21,63
2024-06-03,SKU0074,49,121.0,21,63
2024-06-10,SKU0074,21,0.0,21,63
2024-06-17,SKU0074,0,0.0,21,63
2024-06-24,SKU0074,0,0.0,21,63
2024-07-01,SKU0074,0,0.0,21,63
2024-07-08,SKU0074,0,0.0,21,63
2024-07-15,SKU0074,0,0.0,21,63
2024-07-22,SKU0074,0,0.0,21,63
2024-07-29,SKU0074,38,102.0,21,63
2024-08-05,SKU0074,46,90.0,21,63
2024-08-12,SKU0074,70,82.0,21,63
2024-08-19,SKU0074,72,111.0,21,63
2024-08-26,SKU0074,89,103.0,21,63
2024-09-02,SKU0074,72,0.0,21,63
2024-09-09,SKU0074,94,109.0,21,63
2024-09-16,SKU0074,69,0.0,21,63
2024-09-23,SKU0074,64,78.0,21,63
2024-09-30,SKU0074,65,106.0,21,63
2024-10-07,SKU0074,60,121.0,21,63
2024-10-14,SKU0074,41,0.0,21,63
2024-10-21,SKU0074,44,118.0,21,63
2024-10-28,SKU0074,61,121.0,21,63
2024-11-04,SKU0074,32,0.0,21,63
2024-11-11,SKU0074,17,0.0,21,63
2024-11-18,SKU0074,0,0.0,21,63
2024-11-25,SKU0074,41,96.0,21,63
2024-12-02,SKU0074,56,74.0,21,63
2024-12-09,SKU0074,40,0.0,21,63
2024-12-16,SKU0074,15,0.0,21,63
2024-12-23,SKU0074,39,94.0,21,63
2024-12-30,SKU0074,62,105.0,21,63
2025-01-06,SKU0074,43,0.0,21,63
2025-01-13,SKU0074,18,0.0,21,63
2025-01-20,SKU0074,19,91.0,21,63
2025-01-27,SKU0074,36,74.0,21,63
2025-02-03,SKU0074,64,86.0,21,63
2025-02-10,SKU0074,48,0.0,21,63
2025-02-17,SKU0074,69,99.0,21,63
2025-02-24,SKU0074,46,0.0,21,63
2025-03-03,SKU0074,25,0.0,21,63
2025-03-10,SKU0074,6,0.0,21,63
2025-03-17,SKU0074,33,104.0,21,63
2025-03-24,SKU0074,8,0.0,21,63
2025-03-31,SKU0074,0,0.0,21,63
2025-04-07,SKU0074,0,0.0,21,63
2025-04-14,SKU0074,0,0.0,21,63
2025-04-21,SKU0074,0,0.0,21,63
2025-04-28,SKU0074,0,0.0,21,63
2025-05-05,SKU0074,0,0.0,21,63
2025-05-12,SKU0074,0,0.0,21,63
2025-05-19,SKU0074,0,0.0,21,63
2025-05-26,SKU0074,16,95.0,21,63
2025-06-02,SKU0074,25,84.0,21,63
2025-06-09,SKU0074,7,0.0,21,63
2025-06-16,SKU0074,21,106.0,21,63
2025-06-23,SKU0074,27,105.0,21,63
2025-06-30,SKU0074,31,110.0,21,63
2025-07-07,SKU0074,28,102.0,21,63
2025-07-14,SKU0074,37,107.0,21,63
2025-07-21,SKU0074,26,81.0,21,63
2025-07-28,SKU0074,11,0.0,21,63
2025-08-04,SKU0074,27,76.0,21,63
2025-08-11,SKU0074,22,97.0,21,63
2025-08-18,SKU0074,6,0.0,21,63
2025-08-25,SKU0074,38,74.0,21,63
2025-09-01,SKU0074,51,76.0,21,63
2025-09-08,SKU0074,77,102.0,21,63
2025-09-15,SKU0074,82,76.0,21,63
2025-09-22,SKU0074,57,0.0,21,63
2025-09-29,SKU0074,62,105.0,21,63
2025-10-06,SKU0074,45,0.0,21,63
2025-10-13,SKU0074,68,112.0,21,63
2025-10-20,SKU0074,89,88.0,21,63
2025-10-27,SKU0074,75,0.0,21,63
2025-11-03,SKU0074,87,90.0,21,63
2025-11-10,SKU0074,68,0.0,21,63
2025-11-17,SKU0074,78,77.0,21,63
2025-11-24,SKU0074,93,88.0,21,63
2025-12-01,SKU0074,78,0.0,21,63
2025-12-08,SKU0074,94,79.0,21,63
2025-12-15,SKU0074,78,0.0,21,63
2025-12-22,SKU0074,82,93.0,21,63
2025-12-29,SKU0074,83,97.0,21,63
2024-01-01,SKU0075,135,238.0,30,230
2024-01-08,SKU0075,87,0.0,30,230
2024-01-15,SKU0075,30,0.0,30,230
2024-01-22,SKU0075,0,0.0,30,230
2024-01-29,SKU0075,88,380.0,30,230
2024-02-05,SKU0075,137,,30,230
2024-02-12,SKU0075,133,332.0,30,230
2024-02-19,SKU0075,133,342.0,30,230
2024-02-26,SKU0075,129,391.0,30,230
2024-03-04,SKU0075,74,0.0,30,230
2024-03-11,SKU0075,85,339.0,30,230
2024-03-18,SKU0075,80,258.0,30,230
2024-03-25,SKU0075,42,0.0,30,230
2024-04-01,SKU0075,0,0.0,30,230
2024-04-08,SKU0075,46,237.0,30,230
2024-04-15,SKU0075,3,0.0,30,230
2024-04-22,SKU0075,60,288.0,30,230
2024-04-29,SKU0075,32,0.0,30,230
2024-05-06,SKU0075,35,393.0,30,230
2024-05-13,SKU0075,65,267.0,30,230
2024-05-20,SKU0075,5,0.0,30,230
2024-05-27,SKU0075,0,0.0,30,230
2024-06-03,SKU0075,46,376.0,30,230
2024-06-10,SKU0075,83,337.0,30,230
2024-06-17,SKU0075,34,0.0,30,230
2024-06-24,SKU0075,49,289.0,30,230
2024-07-01,SKU0075,60,314.0,30,230
2024-07-08,SKU0075,66,339.0,30,230
2024-07-15,SKU0075,9,0.0,30,230
2024-07-22,SKU0075,92,358.0,30,230
2024-07-29,SKU0075,136,249.0,30,230
2024-08-05,SKU0075,160,272.0,30,230
2024-08-12,SKU0075,185,354.0,30,230
2024-08-19,SKU0075,199,260.0,30,230
2024-08-26,SKU0075,197,324.0,30,230
2024-09-02,SKU0075,146,0.0,30,230
2024-09-09,SKU0075,91,0.0,30,230
2024-09-16,SKU0075,51,0.0,30,230
2024-09-23,SKU0075,6,0.0,30,230
2024-09-30,SKU0075,0,0.0,30,230
2024-10-07,SKU0075,90,392.0,30,230
2024-10-14,SKU0075,111,368.0,30,230
2024-10-21,SKU0075,62,0.0,30,230
2024-10-28,SKU0075,21,0.0,30,230
2024-11-04,SKU0075,0,0.0,30,230
2024-11-11,SKU0075,90,249.0,30,230
2024-11-18,SKU0075,97,304.0,30,230
2024-11-25,SKU0075,48,0.0,30,230
2024-12-02,SKU0075,74,244.0,30,230
2024-12-09,SKU0075,34,0.0,30,230
2024-12-16,SKU0075,38,268.0,30,230
2024-12-23,SKU0075,0,0.0,30,230
2024-12-30,SKU0075,40,321.0,30,230
2025-01-06,SKU0075,65,289.0,30,230
2025-01-13,SKU0075,52,256.0,30,230
2025-01-20,SKU0075,60,317.0,30,230
2025-01-27,SKU0075,5,0.0,30,230
2025-02-03,SKU0075,77,278.0,30,230
2025-02-10,SKU0075,24,0.0,30,230
2025-02-17,SKU0075,75,274.0,30,230
2025-02-24,SKU0075,24,0.0,30,230
2025-03-03,SKU0075,0,0.0,30,230
2025-03-10,SKU0075,66,263.0,30,230
2025-03-17,SKU0075,26,0.0,30,230
2025-03-24,SKU0075,90,265.0,30,230
2025-03-31,SKU0075,107,327.0,30,230
2025-04-07,SKU0075,146,362.0,30,230
2025-04-14,SKU0075,194,355.0,30,230
2025-04-21,SKU0075,149,0.0,30,230
2025-04-28,SKU0075,135,335.0,30,230
2025-05-05,SKU0075,158,381.0,30,230
2025-05-12,SKU0075,147,300.0,30,230
2025-05-19,SKU0075,183,363.0,30,230
2025-05-26,SKU0075,141,0.0,30,230
2025-06-02,SKU0075,123,340.0,30,230
2025-06-09,SKU0075,81,0.0,30,230
2025-06-16,SKU0075,35,0.0,30,230
2025-06-23,SKU0075,53,372.0,30,230
2025-06-30,SKU0075,69,386.0,30,230
2025-07-07,SKU0075,66,331.0,30,230
2025-07-14,SKU0075,98,284.0,30,230
2025-07-21,SKU0075,49,0.0,30,230
2025-07-28,SKU0075,1,0.0,30,230
2025-08-04,SKU0075,71,248.0,30,230
2025-08-11,SKU0075,96,360.0,30,230
2025-08-18,SKU0075,79,339.0,30,230
2025-08-25,SKU0075,78,360.0,30,230
2025-09-01,SKU0075,43,0.0,30,230
2025-09-08,SKU0075,2,0.0,30,230
2025-09-15,SKU0075,0,0.0,30,230
2025-09-22,SKU0075,62,350.0,30,230
2025-09-29,SKU0075,93,321.0,30,230
2025-10-06,SKU0075,42,0.0,30,230
2025-10-13,SKU0075,41,355.0,30,230
2025-10-20,SKU0075,33,302.0,30,230
2025-10-27,SKU0075,61,249.0,30,230
2025-11-03,SKU0075,10,0.0,30,230
2025-11-10,SKU0075,60,333.0,30,230
2025-11-17,SKU0075,16,0.0,30,230
2025-11-24,SKU0075,0,0.0,30,230
2025-12-01,SKU0075,0,0.0,30,230
2025-12-08,SKU0075,0,0.0,30,230
2025-12-15,SKU0075,57,281.0,30,230
2025-12-22,SKU0075,21,0.0,30,230
2025-12-29,SKU0075,40,246.0,30,230
2024-01-01,SKU0076,258,0.0,7,95
2024-01-08,SKU0076,180,,7,95
2024-01-15,SKU0076,103,0.0,7,95
2024-01-22,SKU0076,147,148.0,7,95
2024-01-29,SKU0076,182,158.0,7,95
2024-02-05,SKU0076,97,0.0,7,95
2024-02-12,SKU0076,84,167.0,7,95
2024-02-19,SKU0076,0,0.0,7,95
2024-02-26,SKU0076,131,108.0,7,95
2024-03-04,SKU0076,188,113.0,7,95
2024-03-11,SKU0076,98,0.0,7,95
2024-03-18,SKU0076,120,159.0,7,95
2024-03-25,SKU0076,120,149.0,7,95
2024-04-01,SKU0076,217,115.0,7,95
2024-04-08,SKU0076,133,0.0,7,95
2024-04-15,SKU0076,110,143.0,7,95
2024-04-22,SKU0076,28,0.0,7,95
2024-04-29,SKU0076,97,142.0,7,95
2024-05-06,SKU0076,150,108.0,7,95
2024-05-13,SKU0076,192,,7,95
2024-05-20,SKU0076,105,0.0,7,95
2024-05-27,SKU0076,40,0.0,7,95
2024-06-03,SKU0076,0,0.0,7,95
2024-06-10,SKU0076,119,151.0,7,95
2024-06-17,SKU0076,179,166.0,7,95
2024-06-24,SKU0076,99,0.0,7,95
2024-07-01,SKU0076,26,0.0,7,95
2024-07-08,SKU0076,76,157.0,7,95
2024-07-15,SKU0076,0,0.0,7,95
2024-07-22,SKU0076,0,0.0,7,95
2024-07-29,SKU0076,152,165.0,7,95
2024-08-05,SKU0076,204,164.0,7,95
2024-08-12,SKU0076,116,0.0,7,95
2024-08-19,SKU0076,115,106.0,7,95
2024-08-26,SKU0076,164,115.0,7,95
2024-09-02,SKU0076,72,0.0,7,95
2024-09-09,SKU0076,0,0.0,7,95
2024-09-16,SKU0076,79,141.0,7,95
2024-09-23,SKU0076,120,157.0,7,95
2024-09-30,SKU0076,145,163.0,7,95
2024-10-07,SKU0076,64,0.0,7,95
2024-10-14,SKU0076,109,160.0,7,95
2024-10-21,SKU0076,194,142.0,7,95
2024-10-28,SKU0076,103,0.0,7,95
2024-11-04,SKU0076,15,0.0,7,95
2024-11-11,SKU0076,78,139.0,7,95
2024-11-18,SKU0076,162,101.0,7,95
2024-11-25,SKU0076,78,0.0,7,95
2024-12-02,SKU0076,107,142.0,7,95
2024-12-09,SKU0076,158,129.0,7,95
2024-12-16,SKU0076,158,168.0,7,95
2024-12-23,SKU0076,84,0.0,7,95
2024-12-30,SKU0076,116,152.0,7,95
2025-01-06,SKU0076,50,0.0,7,95
2025-01-13,SKU0076,92,148.0,7,95
2025-01-20,SKU0076,14,0.0,7,95
2025-01-27,SKU0076,166,103.0,7,95
2025-02-03,SKU0076,240,108.0,7,95
2025-02-10,SKU0076,150,0.0,7,95
2025-02-17,SKU0076,154,112.0,7,95
2025-02-24,SKU0076,181,166.0,7,95
2025-03-03,SKU0076,232,165.0,7,95
2025-03-10,SKU0076,155,0.0,7,95
2025-03-17,SKU0076,81,0.0,7,95
2025-03-24,SKU0076,0,0.0,7,95
2025-03-31,SKU0076,135,106.0,7,95
2025-04-07,SKU0076,185,138.0,7,95
2025-04-14,SKU0076,117,0.0,7,95
2025-04-21,SKU0076,181,163.0,7,95
2025-04-28,SKU0076,105,0.0,7,95
2025-05-05,SKU0076,145,155.0,7,95
2025-05-12,SKU0076,184,141.0,7,95
2025-05-19,SKU0076,100,0.0,7,95
2025-05-26,SKU0076,18,0.0,7,95
2025-06-02,SKU0076,0,0.0,7,95
2025-06-09,SKU0076,0,0.0,7,95
2025-06-16,SKU0076,0,0.0,7,95
2025-06-23,SKU0076,113,165.0,7,95
2025-06-30,SKU0076,126,106.0,7,95
2025-07-07,SKU0076,41,0.0,7,95
2025-07-14,SKU0076,66,125.0,7,95
2025-07-21,SKU0076,159,108.0,7,95
2025-07-28,SKU0076,167,160.0,7,95
2025-08-04,SKU0076,73,0.0,7,95
2025-08-11,SKU0076,0,0.0,7,95
2025-08-18,SKU0076,0,0.0,7,95
2025-08-25,SKU0076,125,104.0,7,95
2025-09-01,SKU0076,191,149.0,7,95
2025-09-08,SKU0076,112,0.0,7,95
2025-09-15,SKU0076,154,119.0,7,95
2025-09-22,SKU0076,142,157.0,7,95
2025-09-29,SKU0076,59,0.0,7,95
2025-10-06,SKU0076,0,0.0,7,95
2025-10-13,SKU0076,0,0.0,7,95
2025-10-20,SKU0076,0,0.0,7,95
2025-10-27,SKU0076,0,0.0,7,95
2025-11-03,SKU0076,132,143.0,7,95
2025-11-10,SKU0076,204,103.0,7,95
2025-11-17,SKU0076,123,0.0,7,95
2025-11-24,SKU0076,35,0.0,7,95
2025-12-01,SKU0076,0,0.0,7,95
2025-12-08,SKU0076,0,0.0,7,95
2025-12-15,SKU0076,104,148.0,7,95
2025-12-22,SKU0076,195,160.0,7,95
2025-12-29,SKU0076,96,0.0,7,95
2024-01-01,SKU0077,794,0.0,21,400
2024-01-08,SKU0077,675,0.0,21,400
2024-01-15,SKU0077,569,0.0,21,400
2024-01-22,SKU0077,465,0.0,21,400
2024-01-29,SKU0077,569,407.0,21,400
2024-02-05,SKU0077,461,0.0,21,400
2024-02-12,SKU0077,352,0.0,21,400
2024-02-19,SKU0077,447,564.0,21,400
2024-02-26,SKU0077,336,0.0,21,400
2024-03-04,SKU0077,424,522.0,21,400
2024-03-11,SKU0077,313,0.0,21,400
2024-03-18,SKU0077,337,473.0,21,400
2024-03-25,SKU0077,389,611.0,21,400
2024-04-01,SKU0077,406,498.0,21,400
2024-04-08,SKU0077,306,0.0,21,400
2024-04-15,SKU0077,348,646.0,21,400
2024-04-22,SKU0077,430,624.0,21,400
2024-04-29,SKU0077,332,0.0,21,400
2024-05-06,SKU0077,417,413.0,21,400
2024-05-13,SKU0077,291,0.0,21,400
2024-05-20,SKU0077,383,592.0,21,400
2024-05-27,SKU0077,508,,21,400
2024-06-03,SKU0077,585,502.0,21,400
2024-06-10,SKU0077,466,0.0,21,400
2024-06-17,SKU0077,540,525.0,21,400
2024-06-24,SKU0077,436,0.0,21,400
2024-07-01,SKU0077,473,516.0,21,400
2024-07-08,SKU0077,504,431.0,21,400
2024-07-15,SKU0077,606,403.0,21,400
2024-07-22,SKU0077,502,,21,400
2024-07-29,SKU0077,532,500.0,21,400
2024-08-05,SKU0077,408,0.0,21,400
2024-08-12,SKU0077,303,0.0,21,400
2024-08-19,SKU0077,199,0.0,21,400
2024-08-26,SKU0077,206,517.0,21,400
2024-09-02,SKU0077,212,500.0,21,400
2024-09-09,SKU0077,197,410.0,21,400
2024-09-16,SKU0077,72,0.0,21,400
2024-09-23,SKU0077,107,565.0,21,400
2024-09-30,SKU0077,168,416.0,21,400
2024-10-07,SKU0077,182,571.0,21,400
2024-10-14,SKU0077,82,0.0,21,400
2024-10-21,SKU0077,0,0.0,21,400
2024-10-28,SKU0077,126,478.0,21,400
2024-11-04,SKU0077,30,0.0,21,400
2024-11-11,SKU0077,153,460.0,21,400
2024-11-18,SKU0077,241,460.0,21,400
2024-11-25,SKU0077,347,468.0,21,400
2024-12-02,SKU0077,254,0.0,21,400
2024-12-09,SKU0077,139,0.0,21,400
2024-12-16,SKU0077,16,0.0,21,400
2024-12-23,SKU0077,0,0.0,21,400
2024-12-30,SKU0077,207,615.0,21,400
2025-01-06,SKU0077,99,0.0,21,400
2025-01-13,SKU0077,83,488.0,21,400
2025-01-20,SKU0077,97,567.0,21,400
2025-01-27,SKU0077,13,0.0,21,400
2025-02-03,SKU0077,0,0.0,21,400
2025-02-10,SKU0077,133,518.0,21,400
2025-02-17,SKU0077,125,574.0,21,400
2025-02-24,SKU0077,180,394.0,21,400
2025-03-03,SKU0077,203,460.0,21,400
2025-03-03,SKU0077,203,460.0,21,400
2025-03-10,SKU0077,226,499.0,21,400
2025-03-17,SKU0077,318,466.0,21,400
2025-03-24,SKU0077,314,649.0,21,400
2025-03-31,SKU0077,378,502.0,21,400
2025-04-07,SKU0077,431,473.0,21,400
2025-04-14,SKU0077,384,497.0,21,400
2025-04-21,SKU0077,276,0.0,21,400
2025-04-28,SKU0077,306,400.0,21,400
2025-05-05,SKU0077,338,546.0,21,400
2025-05-12,SKU0077,230,0.0,21,400
2025-05-19,SKU0077,124,0.0,21,400
2025-05-26,SKU0077,24,0.0,21,400
2025-06-02,SKU0077,0,0.0,21,400
2025-06-09,SKU0077,131,555.0,21,400
2025-06-16,SKU0077,176,393.0,21,400
2025-06-23,SKU0077,68,0.0,21,400
2025-06-30,SKU0077,0,0.0,21,400
2025-07-07,SKU0077,232,490.0,21,400
2025-07-14,SKU0077,345,524.0,21,400
2025-07-21,SKU0077,260,0.0,21,400
2025-07-28,SKU0077,293,602.0,21,400
2025-08-04,SKU0077,355,414.0,21,400
2025-08-11,SKU0077,463,597.0,21,400
2025-08-18,SKU0077,583,550.0,21,400
2025-08-25,SKU0077,475,0.0,21,400
2025-09-01,SKU0077,517,636.0,21,400
2025-09-08,SKU0077,408,0.0,21,400
2025-09-15,SKU0077,295,0.0,21,400
2025-09-22,SKU0077,194,0.0,21,400
2025-09-29,SKU0077,90,0.0,21,400
2025-10-06,SKU0077,0,0.0,21,400
2025-10-13,SKU0077,188,556.0,21,400
2025-10-20,SKU0077,163,,21,400
2025-10-27,SKU0077,64,0.0,21,400
2025-11-03,SKU0077,0,0.0,21,400
2025-11-10,SKU0077,229,465.0,21,400
2025-11-17,SKU0077,314,500.0,21,400
2025-11-24,SKU0077,291,610.0,21,400
2025-12-01,SKU0077,354,515.0,21,400
2025-12-08,SKU0077,475,483.0,21,400
2025-12-15,SKU0077,546,520.0,21,400
2025-12-22,SKU0077,445,0.0,21,400
2025-12-29,SKU0077,514,479.0,21,400
2024-01-01,SKU0078,320,0.0,14,405
2024-01-08,SKU0078,159,0.0,14,405
2024-01-15,SKU0078,262,540.0,14,405
2024-01-22,SKU0078,99,0.0,14,405
2024-01-29,SKU0078,0,0.0,14,405
2024-02-05,SKU0078,140,400.0,14,405
2024-02-12,SKU0078,163,583.0,14,405
2024-02-19,SKU0078,3,0.0,14,405
2024-02-26,SKU0078,263,469.0,14,405
2024-03-04,SKU0078,403,523.0,14,405
2024-03-11,SKU0078,218,0.0,14,405
2024-03-18,SKU0078,56,0.0,14,405
2024-03-25,SKU0078,143,638.0,14,405
2024-04-01,SKU0078,264,645.0,14,405
2024-04-08,SKU0078,123,0.0,14,405
2024-04-15,SKU0078,127,481.0,14,405
2024-04-22,SKU0078,248,498.0,14,405
2024-04-29,SKU0078,76,0.0,14,405
2024-05-06,SKU0078,264,411.0,14,405
2024-05-13,SKU0078,390,427.0,14,405
2024-05-20,SKU0078,229,0.0,14,405
2024-05-27,SKU0078,312,404.0,14,405
2024-06-03,SKU0078,160,0.0,14,405
2024-06-10,SKU0078,228,600.0,14,405
2024-06-17,SKU0078,68,0.0,14,405
2024-06-24,SKU0078,0,0.0,14,405
2024-07-01,SKU0078,316,620.0,14,405
2024-07-08,SKU0078,469,,14,405
2024-07-15,SKU0078,302,0.0,14,405
2024-07-22,SKU0078,271,443.0,14,405
2024-07-29,SKU0078,304,625.0,14,405
2024-08-05,SKU0078,257,496.0,14,405
2024-08-12,SKU0078,93,0.0,14,405
2024-08-19,SKU0078,260,628.0,14,405
2024-08-26,SKU0078,219,571.0,14,405
2024-09-02,SKU0078,248,419.0,14,405
2024-09-09,SKU0078,78,0.0,14,405
2024-09-16,SKU0078,0,0.0,14,405
2024-09-23,SKU0078,339,397.0,14,405
2024-09-30,SKU0078,392,655.0,14,405
2024-10-07,SKU0078,553,606.0,14,405
2024-10-14,SKU0078,375,0.0,14,405
2024-10-21,SKU0078,422,632.0,14,405
2024-10-28,SKU0078,238,0.0,14,405
2024-11-04,SKU0078,75,0.0,14,405
2024-11-11,SKU0078,242,605.0,14,405
2024-11-18,SKU0078,220,493.0,14,405
2024-11-25,SKU0078,55,0.0,14,405
2024-12-02,SKU0078,261,524.0,14,405
2024-12-09,SKU0078,77,0.0,14,405
2024-12-16,SKU0078,213,606.0,14,405
2024-12-23,SKU0078,347,504.0,14,405
2024-12-30,SKU0078,214,0.0,14,405
2025-01-06,SKU0078,250,539.0,14,405
2025-01-13,SKU0078,225,432.0,14,405
2025-01-20,SKU0078,351,475.0,14,405
2025-01-27,SKU0078,414,449.0,14,405
2025-02-03,SKU0078,461,592.0,14,405
2025-02-10,SKU0078,303,0.0,14,405
2025-02-17,SKU0078,145,0.0,14,405
2025-02-24,SKU0078,226,560.0,14,405
2025-03-03,SKU0078,280,480.0,14,405
2025-03-10,SKU0078,112,0.0,14,405
2025-03-17,SKU0078,301,644.0,14,405
2025-03-24,SKU0078,352,536.0,14,405
2025-03-31,SKU0078,173,0.0,14,405
2025-04-07,SKU0078,22,0.0,14,405
2025-04-14,SKU0078,345,470.0,14,405
2025-04-21,SKU0078,515,413.0,14,405
2025-04-28,SKU0078,624,541.0,14,405
2025-05-05,SKU0078,475,0.0,14,405
2025-05-12,SKU0078,311,0.0,14,405
2025-05-19,SKU0078,163,0.0,14,405
2025-05-26,SKU0078,4,0.0,14,405
2025-06-02,SKU0078,0,0.0,14,405
2025-06-09,SKU0078,164,595.0,14,405
2025-06-16,SKU0078,122,562.0,14,405
2025-06-23,SKU0078,327,479.0,14,405
2025-06-30,SKU0078,335,576.0,14,405
2025-07-07,SKU0078,316,423.0,14,405
2025-07-14,SKU0078,357,568.0,14,405
2025-07-21,SKU0078,471,493.0,14,405
2025-07-28,SKU0078,328,0.0,14,405
2025-08-04,SKU0078,423,601.0,14,405
2025-08-11,SKU0078,585,592.0,14,405
2025-08-18,SKU0078,701,468.0,14,405
2025-08-25,SKU0078,538,0.0,14,405
2025-09-01,SKU0078,384,0.0,14,405
2025-09-08,SKU0078,522,401.0,14,405
2025-09-15,SKU0078,349,0.0,14,405
2025-09-22,SKU0078,163,0.0,14,405
2025-09-29,SKU0078,155,544.0,14,405
2025-10-06,SKU0078,8,0.0,14,405
2025-10-13,SKU0078,327,581.0,14,405
2025-10-20,SKU0078,144,0.0,14,405
2025-10-27,SKU0078,0,0.0,14,405
2025-11-03,SKU0078,198,523.0,14,405
2025-11-10,SKU0078,28,0.0,14,405
2025-11-17,SKU0078,236,577.0,14,405
2025-11-24,SKU0078,62,0.0,14,405
2025-12-01,SKU0078,0,0.0,14,405
2025-12-08,SKU0078,0,0.0,14,405
2025-12-15,SKU0078,349,465.0,14,405
2025-12-22,SKU0078,185,0.0,14,405
2025-12-29,SKU0078,284,492.0,14,405
2024-01-01,SKU0079,206,0.0,14,98
2024-01-08,SKU0079,164,0.0,14,98
2024-01-15,SKU0079,121,0.0,14,98
2024-01-22,SKU0079,167,143.0,14,98
2024-01-29,SKU0079,127,0.0,14,98
2024-02-05,SKU0079,87,0.0,14,98
2024-02-12,SKU0079,109,124.0,14,98
2024-02-19,SKU0079,105,130.0,14,98
2024-02-26,SKU0079,110,127.0,14,98
2024-03-04,SKU0079,80,0.0,14,98
2024-03-11,SKU0079,90,133.0,14,98
2024-03-18,SKU0079,88,125.0,14,98
2024-03-25,SKU0079,59,0.0,14,98
2024-04-01,SKU0079,47,94.0,14,98
2024-04-08,SKU0079,89,140.0,14,98
2024-04-15,SKU0079,89,133.0,14,98
2024-04-22,SKU0079,104,98.0,14,98
2024-04-29,SKU0079,96,131.0,14,98
2024-05-06,SKU0079,135,139.0,14,98
2024-05-13,SKU0079,98,0.0,14,98
2024-05-20,SKU0079,108,119.0,14,98
2024-05-27,SKU0079,66,0.0,14,98
2024-06-03,SKU0079,57,91.0,14,98
2024-06-10,SKU0079,66,117.0,14,98
2024-06-17,SKU0079,24,0.0,14,98
2024-06-24,SKU0079,53,103.0,14,98
2024-07-01,SKU0079,17,0.0,14,98
2024-07-08,SKU0079,40,111.0,14,98
2024-07-15,SKU0079,34,146.0,14,98
2024-07-22,SKU0079,49,99.0,14,98
2024-07-29,SKU0079,54,89.0,14,98
2024-08-05,SKU0079,76,,14,98
2024-08-12,SKU0079,84,115.0,14,98
2024-08-19,SKU0079,55,0.0,14,98
2024-08-26,SKU0079,72,141.0,14,98
2024-09-02,SKU0079,89,137.0,14,98
2024-09-09,SKU0079,68,114.0,14,98
2024-09-16,SKU0079,104,93.0,14,98
2024-09-23,SKU0079,77,0.0,14,98
2024-09-30,SKU0079,41,0.0,14,98
2024-10-07,SKU0079,3,0.0,14,98
2024-10-14,SKU0079,47,137.0,14,98
2024-10-21,SKU0079,50,136.0,14,98
2024-10-28,SKU0079,39,121.0,14,98
2024-11-04,SKU0079,57,116.0,14,98
2024-11-11,SKU0079,60,132.0,14,98
2024-11-18,SKU0079,102,120.0,14,98
2024-11-25,SKU0079,125,116.0,14,98
2024-12-02,SKU0079,126,105.0,14,98
2024-12-09,SKU0079,100,0.0,14,98
2024-12-16,SKU0079,116,138.0,14,98
2024-12-23,SKU0079,153,113.0,14,98
2024-12-30,SKU0079,107,0.0,14,98
2025-01-06,SKU0079,97,140.0,14,98
2025-01-13,SKU0079,53,0.0,14,98
2025-01-20,SKU0079,95,107.0,14,98
2025-01-27,SKU0079,101,97.0,14,98
2025-02-03,SKU0079,100,122.0,14,98
2025-02-10,SKU0079,66,0.0,14,98
2025-02-17,SKU0079,82,127.0,14,98
2025-02-24,SKU0079,90,93.0,14,98
2025-03-03,SKU0079,115,127.0,14,98
2025-03-10,SKU0079,120,145.0,14,98
2025-03-17,SKU0079,79,0.0,14,98
2025-03-24,SKU0079,91,136.0,14,98
2025-03-31,SKU0079,95,139.0,14,98
2025-04-07,SKU0079,84,135.0,14,98
2025-04-14,SKU0079,110,138.0,14,98
2025-04-21,SKU0079,68,0.0,14,98
2025-04-28,SKU0079,67,107.0,14,98
2025-05-05,SKU0079,77,110.0,14,98
2025-05-12,SKU0079,42,0.0,14,98
2025-05-19,SKU0079,82,109.0,14,98
2025-05-26,SKU0079,83,120.0,14,98
2025-06-02,SKU0079,57,0.0,14,98
2025-06-09,SKU0079,10,0.0,14,98
2025-06-16,SKU0079,41,118.0,14,98
2025-06-23,SKU0079,84,130.0,14,98
2025-06-30,SKU0079,122,145.0,14,98
2025-07-07,SKU0079,87,0.0,14,98
2025-07-14,SKU0079,99,114.0,14,98
2025-07-21,SKU0079,145,116.0,14,98
2025-07-28,SKU0079,114,0.0,14,98
2025-08-04,SKU0079,137,104.0,14,98
2025-08-11,SKU0079,102,0.0,14,98
2025-08-18,SKU0079,63,0.0,14,98
2025-08-25,SKU0079,72,115.0,14,98
2025-09-01,SKU0079,85,105.0,14,98
2025-09-08,SKU0079,44,0.0,14,98
2025-09-15,SKU0079,73,105.0,14,98
2025-09-22,SKU0079,102,94.0,14,98
2025-09-29,SKU0079,68,0.0,14,98
2025-10-06,SKU0079,32,0.0,14,98
2025-10-13,SKU0079,56,100.0,14,98
2025-10-20,SKU0079,16,0.0,14,98
2025-10-27,SKU0079,70,125.0,14,98
2025-11-03,SKU0079,46,0.0,14,98
2025-11-10,SKU0079,30,137.0,14,98
2025-11-17,SKU0079,0,0.0,14,98
2025-11-24,SKU0079,57,89.0,14,98
2025-12-01,SKU0079,16,0.0,14,98
2025-12-08,SKU0079,33,123.0,14,98
2025-12-15,SKU0079,0,0.0,14,98
2025-12-22,SKU0079,68,132.0,14,98
2025-12-29,SKU0079,28,0.0,14,98
2024-01-01,SKU0080,104,0.0,10,39
2024-01-08,SKU0080,66,0.0,10,39
2024-01-15,SKU0080,34,0.0,10,39
2024-01-22,SKU0080,27,,10,39
2024-01-29,SKU0080,1,0.0,10,39
2024-02-05,SKU0080,55,52.0,10,39
2024-02-12,SKU0080,72,73.0,10,39
2024-02-19,SKU0080,45,0.0,10,39
2024-02-26,SKU0080,15,0.0,10,39
2024-03-04,SKU0080,57,56.0,10,39
2024-03-11,SKU0080,28,0.0,10,39
2024-03-18,SKU0080,8,0.0,10,39
2024-03-25,SKU0080,0,0.0,10,39
2024-04-01,SKU0080,27,54.0,10,39
2024-04-08,SKU0080,9,0.0,10,39
2024-04-15,SKU0080,0,0.0,10,39
2024-04-22,SKU0080,49,47.0,10,39
2024-04-29,SKU0080,69,71.0,10,39
2024-05-06,SKU0080,50,0.0,10,39
2024-05-13,SKU0080,49,57.0,10,39
2024-05-20,SKU0080,18,0.0,10,39
2024-05-27,SKU0080,0,0.0,10,39
2024-06-03,SKU0080,27,75.0,10,39
2024-06-10,SKU0080,44,54.0,10,39
2024-06-17,SKU0080,60,47.0,10,39
2024-06-24,SKU0080,68,48.0,10,39
2024-07-01,SKU0080,49,0.0,10,39
2024-07-08,SKU0080,35,49.0,10,39
2024-07-15,SKU0080,11,0.0,10,39
2024-07-22,SKU0080,28,66.0,10,39
2024-07-29,SKU0080,31,61.0,10,39
2024-08-05,SKU0080,13,0.0,10,39
2024-08-12,SKU0080,20,47.0,10,39
2024-08-19,SKU0080,34,49.0,10,39
2024-08-26,SKU0080,3,0.0,10,39
2024-09-02,SKU0080,40,,10,39
2024-09-09,SKU0080,16,0.0,10,39
2024-09-16,SKU0080,20,72.0,10,39
2024-09-23,SKU0080,46,58.0,10,39
2024-09-30,SKU0080,28,0.0,10,39
2024-10-07,SKU0080,47,53.0,10,39
2024-10-14,SKU0080,21,0.0,10,39
2024-10-21,SKU0080,0,0.0,10,39
2024-10-28,SKU0080,0,0.0,10,39
2024-11-04,SKU0080,29,75.0,10,39
2024-11-11,SKU0080,28,74.0,10,39
2024-11-18,SKU0080,23,57.0,10,39
2024-11-25,SKU0080,49,54.0,10,39
2024-12-02,SKU0080,76,74.0,10,39
2024-12-09,SKU0080,47,0.0,10,39
2024-12-16,SKU0080,22,0.0,10,39
2024-12-23,SKU0080,0,0.0,10,39
2024-12-30,SKU0080,44,60.0,10,39
2025-01-06,SKU0080,18,0.0,10,39
2025-01-13,SKU0080,0,0.0,10,39
2025-01-20,SKU0080,0,0.0,10,39
2025-01-27,SKU0080,34,68.0,10,39
2025-02-03,SKU0080,36,67.0,10,39
2025-02-10,SKU0080,33,74.0,10,39
2025-02-17,SKU0080,39,73.0,10,39
2025-02-24,SKU0080,61,56.0,10,39
2025-03-03,SKU0080,73,74.0,10,39
2025-03-10,SKU0080,50,0.0,10,39
2025-03-17,SKU0080,16,0.0,10,39
2025-03-24,SKU0080,34,69.0,10,39
2025-03-31,SKU0080,0,0.0,10,39
2025-04-07,SKU0080,42,63.0,10,39
2025-04-14,SKU0080,64,75.0,10,39
2025-04-21,SKU0080,74,75.0,10,39
2025-04-28,SKU0080,53,0.0,10,39
2025-05-05,SKU0080,74,65.0,10,39
2025-05-12,SKU0080,38,0.0,10,39
2025-05-19,SKU0080,14,0.0,10,39
2025-05-26,SKU0080,49,50.0,10,39
2025-06-02,SKU0080,17,0.0,10,39
2025-06-09,SKU0080,0,0.0,10,39
2025-06-16,SKU0080,29,65.0,10,39
2025-06-23,SKU0080,0,0.0,10,39
2025-06-30,SKU0080,39,66.0,10,39
2025-07-07,SKU0080,45,52.0,10,39
2025-07-14,SKU0080,19,0.0,10,39
2025-07-21,SKU0080,4,0.0,10,39
2025-07-28,SKU0080,0,0.0,10,39
2025-08-04,SKU0080,45,68.0,10,39
2025-08-11,SKU0080,64,54.0,10,39
2025-08-18,SKU0080,40,0.0,10,39
2025-08-25,SKU0080,39,70.0,10,39
2025-09-01,SKU0080,15,0.0,10,39
2025-09-08,SKU0080,0,0.0,10,39
2025-09-15,SKU0080,0,,10,39
2025-09-22,SKU0080,43,73.0,10,39
2025-09-29,SKU0080,14,0.0,10,39
2025-10-06,SKU0080,43,66.0,10,39
2025-10-13,SKU0080,76,47.0,10,39
2025-10-20,SKU0080,44,0.0,10,39
2025-10-27,SKU0080,33,48.0,10,39
2025-11-03,SKU0080,48,73.0,10,39
2025-11-10,SKU0080,56,56.0,10,39
2025-11-17,SKU0080,72,57.0,10,39
2025-11-24,SKU0080,51,0.0,10,39
2025-12-01,SKU0080,73,59.0,10,39
2025-12-08,SKU0080,71,48.0,10,39
2025-12-15,SKU0080,50,0.0,10,39
2025-12-22,SKU0080,24,,10,39
2025-12-29,SKU0080,0,0.0,10,39
2024-01-01,SKU0081,155,0.0,10,323
2024-01-08,SKU0081,0,0.0,10,323
2024-01-15,SKU0081,160,393.0,10,323
2024-01-22,SKU0081,132,328.0,10,323
2024-01-29,SKU0081,146,301.0,10,323
2024-02-05,SKU0081,325,444.0,10,323
2024-02-12,SKU0081,188,0.0,10,323
2024-02-19,SKU0081,6,0.0,10,323
2024-02-26,SKU0081,0,0.0,10,323
2024-03-04,SKU0081,224,470.0,10,323
2024-03-11,SKU0081,254,463.0,10,323
2024-03-18,SKU0081,75,0.0,10,323
2024-03-25,SKU0081,276,357.0,10,323
2024-04-01,SKU0081,104,0.0,10,323
2024-04-08,SKU0081,0,0.0,10,323
2024-04-15,SKU0081,0,0.0,10,323
2024-04-22,SKU0081,147,332.0,10,323
2024-04-29,SKU0081,0,0.0,10,323
2024-05-06,SKU0081,244,305.0,10,323
2024-05-13,SKU0081,273,415.0,10,323
2024-05-20,SKU0081,342,303.0,10,323
2024-05-27,SKU0081,187,0.0,10,323
2024-06-03,SKU0081,352,299.0,10,323
2024-06-10,SKU0081,480,403.0,10,323
2024-06-17,SKU0081,440,361.0,10,323
2024-06-24,SKU0081,504,406.0,10,323
2024-07-01,SKU0081,333,0.0,10,323
2024-07-08,SKU0081,452,400.0,10,323
2024-07-15,SKU0081,268,0.0,10,323
2024-07-22,SKU0081,285,317.0,10,323
2024-07-29,SKU0081,142,0.0,10,323
2024-08-05,SKU0081,0,0.0,10,323
2024-08-12,SKU0081,350,290.0,10,323
2024-08-19,SKU0081,490,418.0,10,323
2024-08-26,SKU0081,322,0.0,10,323
2024-09-02,SKU0081,141,0.0,10,323
2024-09-09,SKU0081,0,0.0,10,323
2024-09-16,SKU0081,0,0.0,10,323
2024-09-23,SKU0081,0,0.0,10,323
2024-09-30,SKU0081,0,0.0,10,323
2024-10-07,SKU0081,0,0.0,10,323
2024-10-14,SKU0081,0,0.0,10,323
2024-10-21,SKU0081,0,0.0,10,323
2024-10-28,SKU0081,166,366.0,10,323
2024-11-04,SKU0081,0,0.0,10,323
2024-11-11,SKU0081,207,445.0,10,323
2024-11-18,SKU0081,276,461.0,10,323
2024-11-25,SKU0081,274,364.0,10,323
2024-12-02,SKU0081,376,298.0,10,323
2024-12-09,SKU0081,425,339.0,10,323
2024-12-16,SKU0081,516,457.0,10,323
2024-12-23,SKU0081,359,0.0,10,323
2024-12-30,SKU0081,470,428.0,10,323
2025-01-06,SKU0081,614,350.0,10,323
2025-01-13,SKU0081,424,0.0,10,323
2025-01-20,SKU0081,447,465.0,10,323
2025-01-27,SKU0081,600,444.0,10,323
2025-02-03,SKU0081,451,0.0,10,323
2025-02-10,SKU0081,287,0.0,10,323
2025-02-17,SKU0081,308,465.0,10,323
2025-02-24,SKU0081,141,0.0,10,323
2025-03-03,SKU0081,277,401.0,10,323
2025-03-10,SKU0081,120,0.0,10,323
2025-03-17,SKU0081,0,0.0,10,323
2025-03-24,SKU0081,0,0.0,10,323
2025-03-31,SKU0081,0,0.0,10,323
2025-04-07,SKU0081,0,0.0,10,323
2025-04-14,SKU0081,305,466.0,10,323
2025-04-21,SKU0081,142,0.0,10,323
2025-04-28,SKU0081,0,0.0,10,323
2025-05-05,SKU0081,274,435.0,10,323
2025-05-12,SKU0081,259,403.0,10,323
2025-05-19,SKU0081,400,354.0,10,323
2025-05-26,SKU0081,431,284.0,10,323
2025-06-02,SKU0081,258,0.0,10,323
2025-06-09,SKU0081,204,292.0,10,323
2025-06-16,SKU0081,383,334.0,10,323
2025-06-23,SKU0081,236,0.0,10,323
2025-06-30,SKU0081,47,0.0,10,323
2025-07-07,SKU0081,184,337.0,10,323
2025-07-14,SKU0081,15,0.0,10,323
2025-07-21,SKU0081,208,442.0,10,323
2025-07-28,SKU0081,180,354.0,10,323
2025-08-04,SKU0081,19,0.0,10,323
2025-08-11,SKU0081,0,0.0,10,323
2025-08-18,SKU0081,0,0.0,10,323
2025-08-25,SKU0081,322,362.0,10,323
2025-09-01,SKU0081,298,426.0,10,323
2025-09-08,SKU0081,359,361.0,10,323
2025-09-15,SKU0081,547,426.0,10,323
2025-09-22,SKU0081,383,0.0,10,323
2025-09-29,SKU0081,557,399.0,10,323
2025-10-06,SKU0081,388,0.0,10,323
2025-10-13,SKU0081,363,311.0,10,323
2025-10-20,SKU0081,188,0.0,10,323
2025-10-27,SKU0081,25,0.0,10,323
2025-11-03,SKU0081,223,434.0,10,323
2025-11-10,SKU0081,305,458.0,10,323
2025-11-17,SKU0081,347,402.0,10,323
2025-11-24,SKU0081,301,313.0,10,323
2025-12-01,SKU0081,155,0.0,10,323
2025-12-08,SKU0081,128,400.0,10,323
2025-12-15,SKU0081,238,302.0,10,323
2025-12-22,SKU0081,63,0.0,10,323
2025-12-29,SKU0081,334,328.0,10,323
2024-01-01,SKU0082,255,293.0,21,216
2024-01-08,SKU0082,289,282.0,21,216
2024-01-15,SKU0082,231,0.0,21,216
2024-01-22,SKU0082,252,192.0,21,216
2024-01-29,SKU0082,205,0.0,21,216
2024-02-05,SKU0082,154,0.0,21,216
2024-02-12,SKU0082,195,292.0,21,216
2024-02-19,SKU0082,212,217.0,21,216
2024-02-26,SKU0082,171,0.0,21,216
2024-03-04,SKU0082,216,196.0,21,216
2024-03-11,SKU0082,260,299.0,21,216
2024-03-18,SKU0082,219,0.0,21,216
2024-03-25,SKU0082,182,0.0,21,216
2024-04-01,SKU0082,214,248.0,21,216
2024-04-08,SKU0082,203,192.0,21,216
2024-04-15,SKU0082,143,0.0,21,216
2024-04-22,SKU0082,208,251.0,21,216
2024-04-29,SKU0082,213,,21,216
2024-05-06,SKU0082,252,256.0,21,216
2024-05-13,SKU0082,243,263.0,21,216
2024-05-20,SKU0082,236,205.0,21,216
2024-05-27,SKU0082,184,0.0,21,216
2024-06-03,SKU0082,179,250.0,21,216
2024-06-10,SKU0082,227,212.0,21,216
2024-06-17,SKU0082,268,237.0,21,216
2024-06-24,SKU0082,216,0.0,21,216
2024-07-01,SKU0082,198,290.0,21,216
2024-07-08,SKU0082,252,262.0,21,216
2024-07-15,SKU0082,196,0.0,21,216
2024-07-22,SKU0082,224,314.0,21,216
2024-07-29,SKU0082,236,239.0,21,216
2024-08-05,SKU0082,186,0.0,21,216
2024-08-12,SKU0082,200,272.0,21,216
2024-08-19,SKU0082,226,265.0,21,216
2024-08-26,SKU0082,240,192.0,21,216
2024-09-02,SKU0082,290,221.0,21,216
2024-09-09,SKU0082,231,0.0,21,216
2024-09-16,SKU0082,243,263.0,21,216
2024-09-23,SKU0082,281,234.0,21,216
2024-09-30,SKU0082,218,0.0,21,216
2024-10-07,SKU0082,177,0.0,21,216
2024-10-14,SKU0082,190,222.0,21,216
2024-10-21,SKU0082,196,196.0,21,216
2024-10-28,SKU0082,192,230.0,21,216
2024-11-04,SKU0082,237,208.0,21,216
2024-11-11,SKU0082,273,245.0,21,216
2024-11-18,SKU0082,233,0.0,21,216
2024-11-25,SKU0082,236,288.0,21,216
2024-12-02,SKU0082,240,216.0,21,216
2024-12-09,SKU0082,186,0.0,21,216
2024-12-16,SKU0082,240,198.0,21,216
2024-12-23,SKU0082,250,191.0,21,216
2024-12-30,SKU0082,262,274.0,21,216
2025-01-06,SKU0082,204,0.0,21,216
2025-01-13,SKU0082,226,275.0,21,216
2025-01-20,SKU0082,186,0.0,21,216
2025-01-27,SKU0082,121,0.0,21,216
2025-02-03,SKU0082,173,280.0,21,216
2025-02-10,SKU0082,119,0.0,21,216
2025-02-17,SKU0082,103,210.0,21,216
2025-02-24,SKU0082,125,253.0,21,216
2025-03-03,SKU0082,158,277.0,21,216
2025-03-10,SKU0082,176,258.0,21,216
2025-03-17,SKU0082,232,301.0,21,216
2025-03-24,SKU0082,171,0.0,21,216
2025-03-31,SKU0082,149,,21,216
2025-04-07,SKU0082,77,0.0,21,216
2025-04-14,SKU0082,100,267.0,21,216
2025-04-21,SKU0082,135,197.0,21,216
2025-04-28,SKU0082,90,0.0,21,216
2025-05-05,SKU0082,33,0.0,21,216
2025-05-12,SKU0082,97,229.0,21,216
2025-05-19,SKU0082,103,255.0,21,216
2025-05-26,SKU0082,133,279.0,21,216
2025-06-02,SKU0082,153,223.0,21,216
2025-06-09,SKU0082,98,0.0,21,216
2025-06-16,SKU0082,126,306.0,21,216
2025-06-23,SKU0082,158,233.0,21,216
2025-06-30,SKU0082,143,254.0,21,216
2025-07-07,SKU0082,133,207.0,21,216
2025-07-14,SKU0082,136,271.0,21,216
2025-07-21,SKU0082,146,,21,216
2025-07-28,SKU0082,129,199.0,21,216
2025-08-04,SKU0082,135,283.0,21,216
2025-08-11,SKU0082,80,0.0,21,216
2025-08-18,SKU0082,105,212.0,21,216
2025-08-25,SKU0082,99,243.0,21,216
2025-09-01,SKU0082,102,239.0,21,216
2025-09-08,SKU0082,49,0.0,21,216
2025-09-15,SKU0082,1,0.0,21,216
2025-09-22,SKU0082,85,191.0,21,216
2025-09-29,SKU0082,140,291.0,21,216
2025-10-06,SKU0082,90,0.0,21,216
2025-10-13,SKU0082,119,239.0,21,216
2025-10-20,SKU0082,71,0.0,21,216
2025-10-27,SKU0082,22,0.0,21,216
2025-11-03,SKU0082,67,277.0,21,216
2025-11-10,SKU0082,89,280.0,21,216
2025-11-17,SKU0082,106,302.0,21,216
2025-11-24,SKU0082,52,0.0,21,216
2025-12-01,SKU0082,57,267.0,21,216
2025-12-08,SKU0082,92,309.0,21,216
2025-12-15,SKU0082,93,,21,216
2025-12-22,SKU0082,44,0.0,21,216
2025-12-29,SKU0082,0,0.0,21,216
2024-01-01,SKU0083,288,0.0,7,106
2024-01-08,SKU0083,212,0.0,7,106
2024-01-15,SKU0083,149,0.0,7,106
2024-01-22,SKU0083,68,0.0,7,106
2024-01-29,SKU0083,64,110.0,7,106
2024-02-05,SKU0083,148,125.0,7,106
2024-02-12,SKU0083,76,0.0,7,106
2024-02-19,SKU0083,159,106.0,7,106
2024-02-26,SKU0083,234,153.0,7,106
2024-03-04,SKU0083,163,0.0,7,106
2024-03-11,SKU0083,211,148.0,7,106
2024-03-18,SKU0083,149,0.0,7,106
2024-03-25,SKU0083,74,0.0,7,106
2024-04-01,SKU0083,92,118.0,7,106
2024-04-08,SKU0083,130,126.0,7,106
2024-04-15,SKU0083,176,151.0,7,106
2024-04-22,SKU0083,247,115.0,7,106
2024-04-29,SKU0083,163,0.0,7,106
2024-05-06,SKU0083,73,0.0,7,106
2024-05-13,SKU0083,152,110.0,7,106
2024-05-20,SKU0083,75,0.0,7,106
2024-05-27,SKU0083,63,112.0,7,106
2024-06-03,SKU0083,0,0.0,7,106
2024-06-10,SKU0083,144,102.0,7,106
2024-06-17,SKU0083,64,0.0,7,106
2024-06-24,SKU0083,148,102.0,7,106
2024-07-01,SKU0083,172,106.0,7,106
2024-07-08,SKU0083,180,100.0,7,106
2024-07-15,SKU0083,108,0.0,7,106
2024-07-22,SKU0083,106,94.0,7,106
2024-07-29,SKU0083,86,148.0,7,106
2024-08-05,SKU0083,134,98.0,7,106
2024-08-12,SKU0083,53,0.0,7,106
2024-08-19,SKU0083,151,125.0,7,106
2024-08-26,SKU0083,183,,7,106
2024-09-02,SKU0083,100,0.0,7,106
2024-09-09,SKU0083,154,129.0,7,106
2024-09-16,SKU0083,182,109.0,7,106
2024-09-23,SKU0083,111,0.0,7,106
2024-09-30,SKU0083,20,0.0,7,106
2024-10-07,SKU0083,55,115.0,7,106
2024-10-14,SKU0083,0,0.0,7,106
2024-10-21,SKU0083,0,0.0,7,106
2024-10-28,SKU0083,0,0.0,7,106
2024-11-04,SKU0083,94,115.0,7,106
2024-11-11,SKU0083,12,0.0,7,106
2024-11-18,SKU0083,0,0.0,7,106
2024-11-25,SKU0083,82,104.0,7,106
2024-12-02,SKU0083,142,152.0,7,106
2024-12-09,SKU0083,154,100.0,7,106
2024-12-16,SKU0083,191,,7,106
2024-12-23,SKU0083,129,0.0,7,106
2024-12-30,SKU0083,62,0.0,7,106
2025-01-06,SKU0083,0,0.0,7,106
2025-01-13,SKU0083,62,95.0,7,106
2025-01-20,SKU0083,76,126.0,7,106
2025-01-27,SKU0083,145,99.0,7,106
2025-02-03,SKU0083,202,140.0,7,106
2025-02-10,SKU0083,123,0.0,7,106
2025-02-17,SKU0083,44,0.0,7,106
2025-02-24,SKU0083,84,102.0,7,106
2025-03-03,SKU0083,80,145.0,7,106
2025-03-10,SKU0083,58,142.0,7,106
2025-03-17,SKU0083,0,0.0,7,106
2025-03-24,SKU0083,70,97.0,7,106
2025-03-31,SKU0083,56,128.0,7,106
2025-04-07,SKU0083,0,0.0,7,106
2025-04-14,SKU0083,150,120.0,7,106
2025-04-21,SKU0083,178,115.0,7,106
2025-04-28,SKU0083,113,0.0,7,106
2025-05-05,SKU0083,31,0.0,7,106
2025-05-12,SKU0083,83,104.0,7,106
2025-05-19,SKU0083,11,0.0,7,106
2025-05-26,SKU0083,87,134.0,7,106
2025-06-02,SKU0083,136,98.0,7,106
2025-06-09,SKU0083,53,0.0,7,106
2025-06-16,SKU0083,118,113.0,7,106
2025-06-23,SKU0083,126,118.0,7,106
2025-06-30,SKU0083,145,114.0,7,106
2025-07-07,SKU0083,180,114.0,7,106
2025-07-14,SKU0083,102,0.0,7,106
2025-07-21,SKU0083,27,0.0,7,106
2025-07-28,SKU0083,0,0.0,7,106
2025-08-04,SKU0083,136,104.0,7,106
2025-08-11,SKU0083,186,126.0,7,106
2025-08-18,SKU0083,122,0.0,7,106
2025-08-25,SKU0083,179,104.0,7,106
2025-09-01,SKU0083,261,121.0,7,106
2025-09-08,SKU0083,186,0.0,7,106
2025-09-15,SKU0083,119,0.0,7,106
2025-09-22,SKU0083,101,130.0,7,106
2025-09-29,SKU0083,131,96.0,7,106
2025-10-06,SKU0083,57,0.0,7,106
2025-10-13,SKU0083,61,106.0,7,106
2025-10-20,SKU0083,85,128.0,7,106
2025-10-27,SKU0083,146,131.0,7,106
2025-11-03,SKU0083,77,0.0,7,106
2025-11-10,SKU0083,2,0.0,7,106
2025-11-17,SKU0083,109,117.0,7,106
2025-11-24,SKU0083,170,120.0,7,106
2025-12-01,SKU0083,229,153.0,7,106
2025-12-08,SKU0083,152,0.0,7,106
2025-12-15,SKU0083,88,0.0,7,106
2025-12-22,SKU0083,11,0.0,7,106
2025-12-29,SKU0083,132,94.0,7,106
2024-01-01,SKU0084,487,0.0,14,210
2024-01-08,SKU0084,404,0.0,14,210
2024-01-15,SKU0084,327,0.0,14,210
2024-01-22,SKU0084,235,0.0,14,210
2024-01-29,SKU0084,169,0.0,14,210
2024-02-05,SKU0084,163,224.0,14,210
2024-02-12,SKU0084,201,289.0,14,210
2024-02-19,SKU0084,110,0.0,14,210
2024-02-26,SKU0084,135,238.0,14,210
2024-03-04,SKU0084,51,0.0,14,210
2024-03-11,SKU0084,69,288.0,14,210
2024-03-18,SKU0084,151,222.0,14,210
2024-03-25,SKU0084,172,291.0,14,210
2024-04-01,SKU0084,189,278.0,14,210
2024-04-08,SKU0084,113,0.0,14,210
2024-04-15,SKU0084,101,297.0,14,210
2024-04-22,SKU0084,5,0.0,14,210
2024-04-29,SKU0084,0,0.0,14,210
2024-05-06,SKU0084,74,320.0,14,210
2024-05-13,SKU0084,0,,14,210
2024-05-20,SKU0084,0,0.0,14,210
2024-05-27,SKU0084,67,260.0,14,210
2024-06-03,SKU0084,126,233.0,14,210
2024-06-10,SKU0084,34,0.0,14,210
2024-06-17,SKU0084,164,248.0,14,210
2024-06-24,SKU0084,71,0.0,14,210
2024-07-01,SKU0084,0,0.0,14,210
2024-07-08,SKU0084,103,208.0,14,210
2024-07-15,SKU0084,136,266.0,14,210
2024-07-22,SKU0084,171,301.0,14,210
2024-07-29,SKU0084,165,303.0,14,210
2024-08-05,SKU0084,200,279.0,14,210
2024-08-12,SKU0084,120,0.0,14,210
2024-08-19,SKU0084,134,234.0,14,210
2024-08-26,SKU0084,35,0.0,14,210
2024-09-02,SKU0084,111,225.0,14,210
2024-09-09,SKU0084,181,214.0,14,210
2024-09-16,SKU0084,203,238.0,14,210
2024-09-23,SKU0084,128,0.0,14,210
2024-09-30,SKU0084,34,0.0,14,210
2024-10-07,SKU0084,0,0.0,14,210
2024-10-14,SKU0084,112,267.0,14,210
2024-10-21,SKU0084,21,0.0,14,210
2024-10-28,SKU0084,168,274.0,14,210
2024-11-04,SKU0084,96,0.0,14,210
2024-11-11,SKU0084,107,203.0,14,210
2024-11-18,SKU0084,40,0.0,14,210
2024-11-25,SKU0084,88,196.0,14,210
2024-12-02,SKU0084,74,207.0,14,210
2024-12-09,SKU0084,0,0.0,14,210
2024-12-16,SKU0084,132,262.0,14,210
2024-12-23,SKU0084,66,0.0,14,210
2024-12-30,SKU0084,96,316.0,14,210
2025-01-06,SKU0084,17,0.0,14,210
2025-01-13,SKU0084,0,0.0,14,210
2025-01-20,SKU0084,0,0.0,14,210
2025-01-27,SKU0084,140,231.0,14,210
2025-02-03,SKU0084,70,0.0,14,210
2025-02-10,SKU0084,0,0.0,14,210
2025-02-17,SKU0084,0,0.0,14,210
2025-02-24,SKU0084,137,220.0,14,210
2025-03-03,SKU0084,154,232.0,14,210
2025-03-10,SKU0084,188,256.0,14,210
2025-03-17,SKU0084,122,0.0,14,210
2025-03-24,SKU0084,177,282.0,14,210
2025-03-31,SKU0084,103,0.0,14,210
2025-04-07,SKU0084,20,0.0,14,210
2025-04-14,SKU0084,0,0.0,14,210
2025-04-21,SKU0084,167,,14,210
2025-04-28,SKU0084,66,0.0,14,210
2025-05-05,SKU0084,84,260.0,14,210
2025-05-12,SKU0084,148,256.0,14,210
2025-05-19,SKU0084,81,0.0,14,210
2025-05-26,SKU0084,78,234.0,14,210
2025-06-02,SKU0084,74,209.0,14,210
2025-06-09,SKU0084,178,303.0,14,210
2025-06-16,SKU0084,169,221.0,14,210
2025-06-23,SKU0084,171,260.0,14,210
2025-06-30,SKU0084,77,0.0,14,210
2025-07-07,SKU0084,0,0.0,14,210
2025-07-14,SKU0084,95,275.0,14,210
2025-07-21,SKU0084,30,0.0,14,210
2025-07-28,SKU0084,99,277.0,14,210
2025-08-04,SKU0084,167,303.0,14,210
2025-08-11,SKU0084,171,217.0,14,210
2025-08-18,SKU0084,171,303.0,14,210
2025-08-25,SKU0084,259,317.0,14,210
2025-09-01,SKU0084,172,0.0,14,210
2025-09-08,SKU0084,92,0.0,14,210
2025-09-15,SKU0084,82,252.0,14,210
2025-09-22,SKU0084,76,290.0,14,210
2025-09-29,SKU0084,5,0.0,14,210
2025-10-06,SKU0084,0,0.0,14,210
2025-10-13,SKU0084,0,0.0,14,210
2025-10-20,SKU0084,0,0.0,14,210
2025-10-27,SKU0084,125,245.0,14,210
2025-11-03,SKU0084,43,0.0,14,210
2025-11-10,SKU0084,0,0.0,14,210
2025-11-17,SKU0084,0,0.0,14,210
2025-11-24,SKU0084,0,0.0,14,210
2025-12-01,SKU0084,0,0.0,14,210
2025-12-08,SKU0084,0,0.0,14,210
2025-12-15,SKU0084,127,238.0,14,210
2025-12-22,SKU0084,58,0.0,14,210
2025-12-29,SKU0084,0,0.0,14,210
2025-07-07,SKU0085,92,0.0,14,58
2025-07-14,SKU0085,69,0.0,14,58
2025-07-21,SKU0085,65,69.0,14,58
2025-07-28,SKU0085,45,0.0,14,58
2025-08-04,SKU0085,66,68.0,14,58
2025-08-11,SKU0085,51,0.0,14,58
2025-08-18,SKU0085,79,47.0,14,58
2025-08-25,SKU0085,57,0.0,14,58
2025-09-01,SKU0085,68,69.0,14,58
2025-09-08,SKU0085,71,76.0,14,58
2025-09-15,SKU0085,47,0.0,14,58
2025-09-22,SKU0085,67,71.0,14,58
2025-09-29,SKU0085,67,50.0,14,58
2025-10-06,SKU0085,44,0.0,14,58
2025-10-13,SKU0085,50,68.0,14,58
2025-10-20,SKU0085,64,68.0,14,58
2025-10-27,SKU0085,33,,14,58
2025-11-03,SKU0085,5,0.0,14,58
2025-11-10,SKU0085,38,61.0,14,58
2025-11-17,SKU0085,28,48.0,14,58
2025-11-24,SKU0085,7,0.0,14,58
2025-12-01,SKU0085,0,0.0,14,58
2025-12-08,SKU0085,30,60.0,14,58
2025-12-15,SKU0085,42,70.0,14,58
2025-12-22,SKU0085,48,52.0,14,58
2025-12-29,SKU0085,54,77.0,14,58
2024-01-01,SKU0086,44,0.0,10,20
2024-01-08,SKU0086,39,0.0,10,20
2024-01-15,SKU0086,33,0.0,10,20
2024-01-22,SKU0086,22,0.0,10,20
2024-01-29,SKU0086,19,21.0,10,20
2024-02-05,SKU0086,10,0.0,10,20
2024-02-12,SKU0086,15,24.0,10,20
2024-02-19,SKU0086,6,0.0,10,20
2024-02-26,SKU0086,0,0.0,10,20
2024-03-04,SKU0086,24,26.0,10,20
2024-03-11,SKU0086,13,0.0,10,20
2024-03-18,SKU0086,17,28.0,10,20
2024-03-25,SKU0086,0,0.0,10,20
2024-04-01,SKU0086,24,,10,20
2024-04-08,SKU0086,11,0.0,10,20
2024-04-15,SKU0086,2,0.0,10,20
2024-04-22,SKU0086,22,26.0,10,20
2024-04-29,SKU0086,7,0.0,10,20
2024-05-06,SKU0086,18,29.0,10,20
2024-05-13,SKU0086,19,23.0,10,20
2024-05-20,SKU0086,19,26.0,10,20
2024-05-27,SKU0086,22,21.0,10,20
2024-06-03,SKU0086,6,0.0,10,20
2024-06-10,SKU0086,23,25.0,10,20
2024-06-17,SKU0086,22,21.0,10,20
2024-06-24,SKU0086,27,21.0,10,20
2024-07-01,SKU0086,23,23.0,10,20
2024-07-08,SKU0086,28,30.0,10,20
2024-07-15,SKU0086,28,,10,20
2024-07-22,SKU0086,35,27.0,10,20
2024-07-29,SKU0086,21,0.0,10,20
2024-08-05,SKU0086,30,28.0,10,20
2024-08-12,SKU0086,35,33.0,10,20
2024-08-19,SKU0086,23,0.0,10,20
2024-08-26,SKU0086,36,32.0,10,20
2024-09-02,SKU0086,20,0.0,10,20
2024-09-09,SKU0086,10,0.0,10,20
2024-09-16,SKU0086,0,0.0,10,20
2024-09-23,SKU0086,20,22.0,10,20
2024-09-30,SKU0086,8,0.0,10,20
2024-10-07,SKU0086,0,0.0,10,20
2024-10-14,SKU0086,0,0.0,10,20
2024-10-21,SKU0086,0,0.0,10,20
2024-10-28,SKU0086,0,0.0,10,20
2024-11-04,SKU0086,0,0.0,10,20
2024-11-11,SKU0086,10,22.0,10,20
2024-11-18,SKU0086,1,0.0,10,20
2024-11-25,SKU0086,12,32.0,10,20
2024-12-02,SKU0086,11,24.0,10,20
2024-12-09,SKU0086,10,21.0,10,20
2024-12-16,SKU0086,1,0.0,10,20
2024-12-23,SKU0086,17,25.0,10,20
2024-12-30,SKU0086,14,23.0,10,20
2025-01-06,SKU0086,7,0.0,10,20
2025-01-13,SKU0086,16,21.0,10,20
2025-01-20,SKU0086,24,33.0,10,20
2025-01-27,SKU0086,34,33.0,10,20
2025-02-03,SKU0086,28,21.0,10,20
2025-02-10,SKU0086,17,0.0,10,20
2025-02-17,SKU0086,6,0.0,10,20
2025-02-24,SKU0086,0,0.0,10,20
2025-03-03,SKU0086,0,0.0,10,20
2025-03-10,SKU0086,0,0.0,10,20
2025-03-17,SKU0086,0,0.0,10,20
2025-03-24,SKU0086,0,0.0,10,20
2025-03-31,SKU0086,0,0.0,10,20
2025-04-07,SKU0086,11,28.0,10,20
2025-04-14,SKU0086,19,23.0,10,20
2025-04-21,SKU0086,8,0.0,10,20
2025-04-28,SKU0086,11,30.0,10,20
2025-05-05,SKU0086,1,0.0,10,20
2025-05-12,SKU0086,16,30.0,10,20
2025-05-19,SKU0086,22,32.0,10,20
2025-05-26,SKU0086,28,21.0,10,20
2025-06-02,SKU0086,20,0.0,10,20
2025-06-09,SKU0086,8,0.0,10,20
2025-06-16,SKU0086,18,28.0,10,20
2025-06-23,SKU0086,27,23.0,10,20
2025-06-30,SKU0086,40,23.0,10,20
2025-07-07,SKU0086,32,0.0,10,20
2025-07-14,SKU0086,25,27.0,10,20
2025-07-21,SKU0086,19,0.0,10,20
2025-07-28,SKU0086,31,32.0,10,20
2025-08-04,SKU0086,22,0.0,10,20
2025-08-11,SKU0086,12,0.0,10,20
2025-08-18,SKU0086,3,0.0,10,20
2025-08-25,SKU0086,14,31.0,10,20
2025-09-01,SKU0086,0,0.0,10,20
2025-09-08,SKU0086,18,29.0,10,20
2025-09-15,SKU0086,26,29.0,10,20
2025-09-22,SKU0086,34,22.0,10,20
2025-09-29,SKU0086,21,0.0,10,20
2025-10-06,SKU0086,29,33.0,10,20
2025-10-13,SKU0086,21,0.0,10,20
2025-10-20,SKU0086,25,21.0,10,20
2025-10-27,SKU0086,36,28.0,10,20
2025-11-03,SKU0086,25,0.0,10,20
2025-11-10,SKU0086,32,22.0,10,20
2025-11-17,SKU0086,18,0.0,10,20
2025-11-24,SKU0086,7,0.0,10,20
2025-12-01,SKU0086,19,26.0,10,20
2025-12-08,SKU0086,8,0.0,10,20
2025-12-15,SKU0086,0,0.0,10,20
2025-12-22,SKU0086,20,33.0,10,20
2025-12-29,SKU0086,5,0.0,10,20
2024-01-01,SKU0087,441,0.0,21,293
2024-01-08,SKU0087,369,0.0,21,293
2024-01-15,SKU0087,299,0.0,21,293
2024-01-22,SKU0087,237,0.0,21,293
2024-01-29,SKU0087,251,306.0,21,293
2024-02-05,SKU0087,281,286.0,21,293
2024-02-12,SKU0087,293,395.0,21,293
2024-02-19,SKU0087,359,351.0,21,293
2024-02-26,SKU0087,358,297.0,21,293
2024-03-04,SKU0087,291,0.0,21,293
2024-03-11,SKU0087,350,333.0,21,293
2024-03-18,SKU0087,386,319.0,21,293
2024-03-25,SKU0087,312,0.0,21,293
2024-04-01,SKU0087,235,0.0,21,293
2024-04-08,SKU0087,243,412.0,21,293
2024-04-15,SKU0087,303,375.0,21,293
2024-04-22,SKU0087,313,368.0,21,293
2024-04-29,SKU0087,331,414.0,21,293
2024-05-06,SKU0087,362,397.0,21,293
2024-05-13,SKU0087,417,301.0,21,293
2024-05-20,SKU0087,351,0.0,21,293
2024-05-27,SKU0087,295,0.0,21,293
2024-06-03,SKU0087,213,0.0,21,293
2024-06-10,SKU0087,130,0.0,21,293
2024-06-17,SKU0087,167,382.0,21,293
2024-06-24,SKU0087,239,392.0,21,293
2024-07-01,SKU0087,270,409.0,21,293
2024-07-08,SKU0087,325,301.0,21,293
2024-07-15,SKU0087,380,297.0,21,293
2024-07-22,SKU0087,312,0.0,21,293
2024-07-29,SKU0087,237,0.0,21,293
2024-08-05,SKU0087,312,342.0,21,293
2024-08-12,SKU0087,250,0.0,21,293
2024-08-19,SKU0087,234,269.0,21,293
2024-08-26,SKU0087,167,0.0,21,293
2024-09-02,SKU0087,116,0.0,21,293
2024-09-09,SKU0087,181,359.0,21,293
2024-09-16,SKU0087,102,0.0,21,293
2024-09-23,SKU0087,199,302.0,21,293
2024-09-30,SKU0087,212,362.0,21,293
2024-10-07,SKU0087,212,278.0,21,293
2024-10-14,SKU0087,216,401.0,21,293
2024-10-21,SKU0087,145,0.0,21,293
2024-10-28,SKU0087,214,398.0,21,293
2024-11-04,SKU0087,144,0.0,21,293
2024-11-11,SKU0087,148,376.0,21,293
2024-11-18,SKU0087,88,0.0,21,293
2024-11-25,SKU0087,32,0.0,21,293
2024-12-02,SKU0087,0,0.0,21,293
2024-12-09,SKU0087,104,,21,293
2024-12-16,SKU0087,126,318.0,21,293
2024-12-23,SKU0087,55,0.0,21,293
2024-12-30,SKU0087,68,319.0,21,293
2025-01-06,SKU0087,129,384.0,21,293
2025-01-13,SKU0087,132,300.0,21,293
2025-01-20,SKU0087,47,0.0,21,293
2025-01-27,SKU0087,99,259.0,21,293
2025-02-03,SKU0087,35,0.0,21,293
2025-02-10,SKU0087,65,308.0,21,293
2025-02-17,SKU0087,118,262.0,21,293
2025-02-24,SKU0087,159,386.0,21,293
2025-03-03,SKU0087,230,400.0,21,293
2025-03-10,SKU0087,245,344.0,21,293
2025-03-17,SKU0087,241,344.0,21,293
2025-03-24,SKU0087,176,0.0,21,293
2025-03-31,SKU0087,112,0.0,21,293
2025-04-07,SKU0087,170,310.0,21,293
2025-04-14,SKU0087,166,343.0,21,293
2025-04-21,SKU0087,171,318.0,21,293
2025-04-28,SKU0087,113,0.0,21,293
2025-05-05,SKU0087,44,0.0,21,293
2025-05-12,SKU0087,89,376.0,21,293
2025-05-19,SKU0087,19,0.0,21,293
2025-05-26,SKU0087,66,305.0,21,293
2025-06-02,SKU0087,0,0.0,21,293
2025-06-09,SKU0087,0,0.0,21,293
2025-06-16,SKU0087,64,278.0,21,293
2025-06-23,SKU0087,0,0.0,21,293
2025-06-30,SKU0087,0,0.0,21,293
2025-07-07,SKU0087,0,,21,293
2025-07-14,SKU0087,104,312.0,21,293
2025-07-21,SKU0087,171,336.0,21,293
2025-07-28,SKU0087,107,,21,293
2025-08-04,SKU0087,36,0.0,21,293
2025-08-11,SKU0087,0,0.0,21,293
2025-08-18,SKU0087,0,0.0,21,293
2025-08-25,SKU0087,86,306.0,21,293
2025-09-01,SKU0087,152,412.0,21,293
2025-09-08,SKU0087,87,0.0,21,293
2025-09-15,SKU0087,107,268.0,21,293
2025-09-22,SKU0087,30,0.0,21,293
2025-09-29,SKU0087,58,294.0,21,293
2025-10-06,SKU0087,55,340.0,21,293
2025-10-13,SKU0087,83,273.0,21,293
2025-10-20,SKU0087,99,357.0,21,293
2025-10-27,SKU0087,106,267.0,21,293
2025-11-03,SKU0087,34,0.0,21,293
2025-11-10,SKU0087,73,259.0,21,293
2025-11-17,SKU0087,7,0.0,21,293
2025-11-24,SKU0087,105,266.0,21,293
2025-12-01,SKU0087,132,305.0,21,293
2025-12-08,SKU0087,160,286.0,21,293
2025-12-15,SKU0087,95,0.0,21,293
2025-12-22,SKU0087,87,370.0,21,293
2025-12-29,SKU0087,16,0.0,21,293
2024-01-01,SKU0088,148,0.0,14,76
2024-01-08,SKU0088,117,,14,76
2024-01-15,SKU0088,85,0.0,14,76
2024-01-22,SKU0088,49,0.0,14,76
2024-01-29,SKU0088,60,83.0,14,76
2024-02-05,SKU0088,97,112.0,14,76
2024-02-12,SKU0088,128,106.0,14,76
2024-02-19,SKU0088,105,0.0,14,76
2024-02-26,SKU0088,84,0.0,14,76
2024-03-04,SKU0088,84,93.0,14,76
2024-03-11,SKU0088,92,115.0,14,76
2024-03-18,SKU0088,60,0.0,14,76
2024-03-25,SKU0088,23,0.0,14,76
2024-04-01,SKU0088,0,0.0,14,76
2024-04-08,SKU0088,24,101.0,14,76
2024-04-15,SKU0088,55,88.0,14,76
2024-04-22,SKU0088,86,76.0,14,76
2024-04-29,SKU0088,87,99.0,14,76
2024-05-06,SKU0088,61,0.0,14,76
2024-05-13,SKU0088,30,0.0,14,76
2024-05-20,SKU0088,8,0.0,14,76
2024-05-27,SKU0088,49,70.0,14,76
2024-06-03,SKU0088,13,0.0,14,76
2024-06-10,SKU0088,44,95.0,14,76
2024-06-17,SKU0088,76,100.0,14,76
2024-06-24,SKU0088,55,0.0,14,76
2024-07-01,SKU0088,79,83.0,14,76
2024-07-08,SKU0088,85,102.0,14,76
2024-07-15,SKU0088,57,0.0,14,76
2024-07-22,SKU0088,34,0.0,14,76
2024-07-29,SKU0088,52,80.0,14,76
2024-08-05,SKU0088,21,0.0,14,76
2024-08-12,SKU0088,0,0.0,14,76
2024-08-19,SKU0088,47,92.0,14,76
2024-08-26,SKU0088,42,93.0,14,76
2024-09-02,SKU0088,43,113.0,14,76
2024-09-09,SKU0088,55,115.0,14,76
2024-09-16,SKU0088,69,85.0,14,76
2024-09-23,SKU0088,86,110.0,14,76
2024-09-30,SKU0088,43,0.0,14,76
2024-10-07,SKU0088,59,112.0,14,76
2024-10-14,SKU0088,72,85.0,14,76
2024-10-21,SKU0088,80,,14,76
2024-10-28,SKU0088,45,0.0,14,76
2024-11-04,SKU0088,48,94.0,14,76
2024-11-11,SKU0088,52,76.0,14,76
2024-11-18,SKU0088,50,95.0,14,76
2024-11-25,SKU0088,42,103.0,14,76
2024-12-02,SKU0088,76,106.0,14,76
2024-12-09,SKU0088,55,0.0,14,76
2024-12-16,SKU0088,58,103.0,14,76
2024-12-23,SKU0088,64,72.0,14,76
2024-12-30,SKU0088,36,0.0,14,76
2025-01-06,SKU0088,30,104.0,14,76
2025-01-13,SKU0088,44,92.0,14,76
2025-01-20,SKU0088,19,0.0,14,76
2025-01-27,SKU0088,0,0.0,14,76
2025-02-03,SKU0088,0,0.0,14,76
2025-02-10,SKU0088,0,0.0,14,76
2025-02-17,SKU0088,58,88.0,14,76
2025-02-24,SKU0088,42,0.0,14,76
2025-03-03,SKU0088,59,95.0,14,76
2025-03-10,SKU0088,61,77.0,14,76
2025-03-17,SKU0088,58,99.0,14,76
2025-03-24,SKU0088,24,0.0,14,76
2025-03-31,SKU0088,60,99.0,14,76
2025-04-07,SKU0088,32,0.0,14,76
2025-04-14,SKU0088,61,104.0,14,76
2025-04-21,SKU0088,38,0.0,14,76
2025-04-28,SKU0088,49,80.0,14,76
2025-05-05,SKU0088,59,98.0,14,76
2025-05-12,SKU0088,25,0.0,14,76
2025-05-19,SKU0088,0,0.0,14,76
2025-05-26,SKU0088,0,0.0,14,76
2025-06-02,SKU0088,0,,14,76
2025-06-09,SKU0088,0,0.0,14,76
2025-06-16,SKU0088,60,85.0,14,76
2025-06-23,SKU0088,34,0.0,14,76
2025-06-30,SKU0088,2,0.0,14,76
2025-07-07,SKU0088,0,0.0,14,76
2025-07-14,SKU0088,40,112.0,14,76
2025-07-21,SKU0088,79,76.0,14,76
2025-07-28,SKU0088,103,113.0,14,76
2025-08-04,SKU0088,117,97.0,14,76
2025-08-11,SKU0088,90,0.0,14,76
2025-08-18,SKU0088,64,0.0,14,76
2025-08-25,SKU0088,39,0.0,14,76
2025-09-01,SKU0088,70,81.0,14,76
2025-09-08,SKU0088,49,0.0,14,76
2025-09-15,SKU0088,9,0.0,14,76
2025-09-22,SKU0088,36,96.0,14,76
2025-09-29,SKU0088,0,0.0,14,76
2025-10-06,SKU0088,43,84.0,14,76
2025-10-13,SKU0088,47,104.0,14,76
2025-10-20,SKU0088,42,79.0,14,76
2025-10-27,SKU0088,60,105.0,14,76
2025-11-03,SKU0088,23,0.0,14,76
2025-11-10,SKU0088,0,0.0,14,76
2025-11-17,SKU0088,35,100.0,14,76
2025-11-24,SKU0088,12,0.0,14,76
2025-12-01,SKU0088,0,0.0,14,76
2025-12-08,SKU0088,59,98.0,14,76
2025-12-15,SKU0088,32,0.0,14,76
2025-12-22,SKU0088,25,81.0,14,76
2025-12-29,SKU0088,54,82.0,14,76
2025-03-10,SKU0089,641,0.0,10,162
2025-03-17,SKU0089,548,0.0,10,162
2025-03-24,SKU0089,440,0.0,10,162
2025-03-31,SKU0089,333,0.0,10,162
2025-04-07,SKU0089,228,0.0,10,162
2025-04-14,SKU0089,129,0.0,10,162
2025-04-21,SKU0089,163,183.0,10,162
2025-04-28,SKU0089,144,295.0,10,162
2025-05-05,SKU0089,219,203.0,10,162
2025-05-12,SKU0089,235,242.0,10,162
2025-05-19,SKU0089,122,0.0,10,162
2025-05-26,SKU0089,93,243.0,10,162
2025-06-02,SKU0089,152,180.0,10,162
2025-06-09,SKU0089,36,0.0,10,162
2025-06-16,SKU0089,179,246.0,10,162
2025-06-23,SKU0089,200,244.0,10,162
2025-06-30,SKU0089,193,184.0,10,162
2025-07-07,SKU0089,286,235.0,10,162
2025-07-14,SKU0089,379,292.0,10,162
2025-07-21,SKU0089,281,0.0,10,162
2025-07-28,SKU0089,163,0.0,10,162
2025-08-04,SKU0089,128,249.0,10,162
2025-08-11,SKU0089,164,280.0,10,162
2025-08-18,SKU0089,235,204.0,10,162
2025-08-25,SKU0089,366,228.0,10,162
2025-09-01,SKU0089,258,0.0,10,162
2025-09-08,SKU0089,167,0.0,10,162
2025-09-15,SKU0089,259,279.0,10,162
2025-09-22,SKU0089,164,0.0,10,162
2025-09-29,SKU0089,70,0.0,10,162
2025-10-06,SKU0089,210,287.0,10,162
2025-10-13,SKU0089,102,0.0,10,162
2025-10-20,SKU0089,216,186.0,10,162
2025-10-27,SKU0089,304,274.0,10,162
2025-11-03,SKU0089,198,0.0,10,162
2025-11-10,SKU0089,80,0.0,10,162
2025-11-17,SKU0089,0,0.0,10,162
2025-11-24,SKU0089,217,214.0,10,162
2025-12-01,SKU0089,108,0.0,10,162
2025-12-08,SKU0089,109,207.0,10,162
2025-12-15,SKU0089,137,216.0,10,162
2025-12-22,SKU0089,205,271.0,10,162
2025-12-29,SKU0089,122,0.0,10,162
2024-01-01,SKU0090,759,0.0,7,174
2024-01-08,SKU0090,605,0.0,7,174
2024-01-15,SKU0090,451,0.0,7,174
2024-01-22,SKU0090,290,0.0,7,174
2024-01-29,SKU0090,286,190.0,7,174
2024-02-05,SKU0090,274,229.0,7,174
2024-02-12,SKU0090,303,281.0,7,174
2024-02-19,SKU0090,140,0.0,7,174
2024-02-26,SKU0090,242,280.0,7,174
2024-03-04,SKU0090,346,260.0,7,174
2024-03-11,SKU0090,192,0.0,7,174
2024-03-18,SKU0090,47,0.0,7,174
2024-03-25,SKU0090,0,0.0,7,174
2024-04-01,SKU0090,329,203.0,7,174
2024-04-08,SKU0090,358,262.0,7,174
2024-04-15,SKU0090,180,0.0,7,174
2024-04-22,SKU0090,22,0.0,7,174
2024-04-29,SKU0090,0,0.0,7,174
2024-05-06,SKU0090,186,224.0,7,174
2024-05-13,SKU0090,174,242.0,7,174
2024-05-20,SKU0090,27,0.0,7,174
2024-05-27,SKU0090,0,,7,174
2024-06-03,SKU0090,0,0.0,7,174
2024-06-10,SKU0090,292,283.0,7,174
2024-06-17,SKU0090,450,211.0,7,174
2024-06-24,SKU0090,291,0.0,7,174
2024-07-01,SKU0090,439,204.0,7,174
2024-07-08,SKU0090,279,0.0,7,174
2024-07-15,SKU0090,129,0.0,7,174
2024-07-22,SKU0090,0,0.0,7,174
2024-07-29,SKU0090,119,271.0,7,174
2024-08-05,SKU0090,0,0.0,7,174
2024-08-12,SKU0090,298,284.0,7,174
2024-08-19,SKU0090,144,0.0,7,174
2024-08-26,SKU0090,117,187.0,7,174
2024-09-02,SKU0090,0,0.0,7,174
2024-09-09,SKU0090,126,289.0,7,174
2024-09-16,SKU0090,328,227.0,7,174
2024-09-23,SKU0090,175,0.0,7,174
2024-09-30,SKU0090,285,251.0,7,174
2024-10-07,SKU0090,149,0.0,7,174
2024-10-14,SKU0090,1,0.0,7,174
2024-10-21,SKU0090,178,208.0,7,174
2024-10-28,SKU0090,310,210.0,7,174
2024-11-04,SKU0090,163,0.0,7,174
2024-11-11,SKU0090,177,254.0,7,174
2024-11-18,SKU0090,29,0.0,7,174
2024-11-25,SKU0090,0,0.0,7,174
2024-12-02,SKU0090,231,282.0,7,174
2024-12-09,SKU0090,74,0.0,7,174
2024-12-16,SKU0090,0,0.0,7,174
2024-12-23,SKU0090,315,238.0,7,174
2024-12-30,SKU0090,385,269.0,7,174
2025-01-06,SKU0090,216,0.0,7,174
2025-01-13,SKU0090,395,275.0,7,174
2025-01-20,SKU0090,242,0.0,7,174
2025-01-27,SKU0090,62,0.0,7,174
2025-02-03,SKU0090,0,0.0,7,174
2025-02-10,SKU0090,322,200.0,7,174
2025-02-17,SKU0090,156,0.0,7,174
2025-02-17,SKU0090,156,0.0,7,174
2025-02-24,SKU0090,0,0.0,7,174
2025-03-03,SKU0090,233,302.0,7,174
2025-03-10,SKU0090,92,0.0,7,174
2025-03-17,SKU0090,0,0.0,7,174
2025-03-24,SKU0090,156,239.0,7,174
2025-03-31,SKU0090,160,203.0,7,174
2025-04-07,SKU0090,17,0.0,7,174
2025-04-14,SKU0090,0,,7,174
2025-04-21,SKU0090,120,,7,174
2025-04-28,SKU0090,225,233.0,7,174
2025-05-05,SKU0090,57,0.0,7,174
2025-05-12,SKU0090,0,0.0,7,174
2025-05-19,SKU0090,0,0.0,7,174
2025-05-26,SKU0090,200,296.0,7,174
2025-06-02,SKU0090,385,,7,174
2025-06-09,SKU0090,237,0.0,7,174
2025-06-16,SKU0090,86,0.0,7,174
2025-06-23,SKU0090,0,0.0,7,174
2025-06-30,SKU0090,143,300.0,7,174
2025-07-07,SKU0090,152,212.0,7,174
2025-07-14,SKU0090,5,0.0,7,174
2025-07-21,SKU0090,294,230.0,7,174
2025-07-28,SKU0090,375,296.0,7,174
2025-08-04,SKU0090,224,0.0,7,174
2025-08-11,SKU0090,61,0.0,7,174
2025-08-18,SKU0090,291,245.0,7,174
2025-08-25,SKU0090,155,0.0,7,174
2025-09-01,SKU0090,9,,7,174
2025-09-08,SKU0090,177,303.0,7,174
2025-09-15,SKU0090,23,0.0,7,174
2025-09-22,SKU0090,0,0.0,7,174
2025-09-29,SKU0090,320,255.0,7,174
2025-10-06,SKU0090,175,0.0,7,174
2025-10-13,SKU0090,213,272.0,7,174
2025-10-20,SKU0090,357,194.0,7,174
2025-10-27,SKU0090,220,0.0,7,174
2025-11-03,SKU0090,56,0.0,7,174
2025-11-10,SKU0090,197,295.0,7,174
2025-11-17,SKU0090,190,219.0,7,174
2025-11-24,SKU0090,33,0.0,7,174
2025-12-01,SKU0090,155,190.0,7,174
2025-12-08,SKU0090,123,218.0,7,174
2025-12-15,SKU0090,278,228.0,7,174
2025-12-22,SKU0090,342,306.0,7,174
2025-12-29,SKU0090,177,0.0,7,174
2024-01-01,SKU0091,1089,0.0,14,404
2024-01-08,SKU0091,931,0.0,14,404
2024-01-15,SKU0091,784,0.0,14,404
2024-01-22,SKU0091,606,0.0,14,404
2024-01-29,SKU0091,428,0.0,14,404
2024-02-05,SKU0091,494,478.0,14,404
2024-02-12,SKU0091,501,478.0,14,404
2024-02-19,SKU0091,592,543.0,14,404
2024-02-26,SKU0091,427,0.0,14,404
2024-03-04,SKU0091,544,393.0,14,404
2024-03-11,SKU0091,384,0.0,14,404
2024-03-18,SKU0091,235,0.0,14,404
2024-03-25,SKU0091,78,0.0,14,404
2024-04-01,SKU0091,305,463.0,14,404
2024-04-08,SKU0091,495,589.0,14,404
2024-04-15,SKU0091,342,0.0,14,404
2024-04-22,SKU0091,443,485.0,14,404
2024-04-29,SKU0091,286,0.0,14,404
2024-05-06,SKU0091,129,0.0,14,404
2024-05-13,SKU0091,201,463.0,14,404
2024-05-20,SKU0091,213,444.0,14,404
2024-05-27,SKU0091,306,385.0,14,404
2024-06-03,SKU0091,462,578.0,14,404
2024-06-10,SKU0091,300,0.0,14,404
2024-06-17,SKU0091,462,394.0,14,404
2024-06-24,SKU0091,428,631.0,14,404
2024-07-01,SKU0091,248,0.0,14,404
2024-07-08,SKU0091,216,434.0,14,404
2024-07-15,SKU0091,60,0.0,14,404
2024-07-22,SKU0091,246,382.0,14,404
2024-07-29,SKU0091,79,0.0,14,404
2024-08-05,SKU0091,123,609.0,14,404
2024-08-12,SKU0091,290,460.0,14,404
2024-08-19,SKU0091,402,422.0,14,404
2024-08-26,SKU0091,378,405.0,14,404
2024-09-02,SKU0091,378,623.0,14,404
2024-09-09,SKU0091,496,492.0,14,404
2024-09-16,SKU0091,514,597.0,14,404
2024-09-23,SKU0091,349,0.0,14,404
2024-09-30,SKU0091,495,446.0,14,404
2024-10-07,SKU0091,495,612.0,14,404
2024-10-14,SKU0091,325,0.0,14,404
2024-10-21,SKU0091,347,590.0,14,404
2024-10-28,SKU0091,490,,14,404
2024-11-04,SKU0091,477,471.0,14,404
2024-11-11,SKU0091,489,580.0,14,404
2024-11-18,SKU0091,494,530.0,14,404
2024-11-25,SKU0091,596,501.0,14,404
2024-12-02,SKU0091,440,0.0,14,404
2024-12-09,SKU0091,442,426.0,14,404
2024-12-16,SKU0091,405,401.0,14,404
2024-12-23,SKU0091,276,0.0,14,404
2024-12-30,SKU0091,108,0.0,14,404
2025-01-06,SKU0091,184,563.0,14,404
2025-01-13,SKU0091,179,432.0,14,404
2025-01-20,SKU0091,173,548.0,14,404
2025-01-27,SKU0091,19,0.0,14,404
2025-02-03,SKU0091,0,0.0,14,404
2025-02-10,SKU0091,0,0.0,14,404
2025-02-17,SKU0091,0,0.0,14,404
2025-02-24,SKU0091,153,511.0,14,404
2025-03-03,SKU0091,4,0.0,14,404
2025-03-10,SKU0091,245,435.0,14,404
2025-03-17,SKU0091,247,508.0,14,404
2025-03-24,SKU0091,410,594.0,14,404
2025-03-31,SKU0091,444,522.0,14,404
2025-04-07,SKU0091,585,461.0,14,404
2025-04-14,SKU0091,432,0.0,14,404
2025-04-21,SKU0091,486,411.0,14,404
2025-04-28,SKU0091,339,0.0,14,404
2025-05-05,SKU0091,381,588.0,14,404
2025-05-12,SKU0091,336,496.0,14,404
2025-05-19,SKU0091,356,461.0,14,404
2025-05-26,SKU0091,470,448.0,14,404
2025-06-02,SKU0091,332,0.0,14,404
2025-06-09,SKU0091,194,0.0,14,404
2025-06-16,SKU0091,38,0.0,14,404
2025-06-23,SKU0091,216,470.0,14,404
2025-06-30,SKU0091,63,0.0,14,404
2025-07-07,SKU0091,310,400.0,14,404
2025-07-14,SKU0091,131,0.0,14,404
2025-07-21,SKU0091,242,470.0,14,404
2025-07-28,SKU0091,417,492.0,14,404
2025-08-04,SKU0091,247,0.0,14,404
2025-08-11,SKU0091,411,482.0,14,404
2025-08-18,SKU0091,277,0.0,14,404
2025-08-25,SKU0091,318,604.0,14,404
2025-09-01,SKU0091,418,381.0,14,404
2025-09-08,SKU0091,242,0.0,14,404
2025-09-15,SKU0091,100,0.0,14,404
2025-09-22,SKU0091,0,0.0,14,404
2025-09-29,SKU0091,0,0.0,14,404
2025-10-06,SKU0091,262,554.0,14,404
2025-10-13,SKU0091,256,596.0,14,404
2025-10-20,SKU0091,387,450.0,14,404
2025-10-27,SKU0091,473,593.0,14,404
2025-11-03,SKU0091,347,0.0,14,404
2025-11-10,SKU0091,198,0.0,14,404
2025-11-17,SKU0091,257,567.0,14,404
2025-11-24,SKU0091,237,484.0,14,404
2025-12-01,SKU0091,324,505.0,14,404
2025-12-08,SKU0091,178,0.0,14,404
2025-12-15,SKU0091,3,0.0,14,404
2025-12-22,SKU0091,0,0.0,14,404
2025-12-29,SKU0091,168,469.0,14,404
2024-01-01,SKU0092,385,0.0,7,59
2024-01-08,SKU0092,337,0.0,7,59
2024-01-15,SKU0092,291,0.0,7,59
2024-01-22,SKU0092,244,0.0,7,59
2024-01-29,SKU0092,197,0.0,7,59
2024-02-05,SKU0092,143,0.0,7,59
2024-02-12,SKU0092,90,0.0,7,59
2024-02-19,SKU0092,28,0.0,7,59
2024-02-26,SKU0092,85,,7,59
2024-03-04,SKU0092,112,96.0,7,59
2024-03-11,SKU0092,151,67.0,7,59
2024-03-18,SKU0092,98,0.0,7,59
2024-03-25,SKU0092,143,93.0,7,59
2024-04-01,SKU0092,102,0.0,7,59
2024-04-08,SKU0092,44,0.0,7,59
2024-04-15,SKU0092,85,94.0,7,59
2024-04-22,SKU0092,47,0.0,7,59
2024-04-29,SKU0092,84,98.0,7,59
2024-05-06,SKU0092,96,90.0,7,59
2024-05-13,SKU0092,43,0.0,7,59
2024-05-20,SKU0092,76,94.0,7,59
2024-05-27,SKU0092,137,86.0,7,59
2024-06-03,SKU0092,76,0.0,7,59
2024-06-10,SKU0092,108,101.0,7,59
2024-06-17,SKU0092,50,0.0,7,59
2024-06-24,SKU0092,110,94.0,7,59
2024-07-01,SKU0092,64,0.0,7,59
2024-07-08,SKU0092,115,100.0,7,59
2024-07-15,SKU0092,55,0.0,7,59
2024-07-22,SKU0092,0,0.0,7,59
2024-07-29,SKU0092,108,104.0,7,59
2024-08-05,SKU0092,143,64.0,7,59
2024-08-12,SKU0092,82,0.0,7,59
2024-08-19,SKU0092,40,0.0,7,59
2024-08-26,SKU0092,0,0.0,7,59
2024-09-02,SKU0092,65,88.0,7,59
2024-09-09,SKU0092,82,104.0,7,59
2024-09-16,SKU0092,29,0.0,7,59
2024-09-23,SKU0092,75,85.0,7,59
2024-09-30,SKU0092,73,69.0,7,59
2024-10-07,SKU0092,137,85.0,7,59
2024-10-14,SKU0092,87,0.0,7,59
2024-10-21,SKU0092,16,0.0,7,59
2024-10-28,SKU0092,0,0.0,7,59
2024-11-04,SKU0092,0,0.0,7,59
2024-11-11,SKU0092,45,91.0,7,59
2024-11-18,SKU0092,0,0.0,7,59
2024-11-25,SKU0092,0,0.0,7,59
2024-12-02,SKU0092,65,92.0,7,59
2024-12-09,SKU0092,54,78.0,7,59
2024-12-16,SKU0092,0,0.0,7,59
2024-12-23,SKU0092,0,0.0,7,59
2024-12-30,SKU0092,0,0.0,7,59
2025-01-06,SKU0092,110,75.0,7,59
2025-01-13,SKU0092,69,0.0,7,59
2025-01-20,SKU0092,110,88.0,7,59
2025-01-27,SKU0092,65,0.0,7,59
2025-02-03,SKU0092,0,0.0,7,59
2025-02-10,SKU0092,0,0.0,7,59
2025-02-17,SKU0092,0,0.0,7,59
2025-02-24,SKU0092,45,79.0,7,59
2025-03-03,SKU0092,50,93.0,7,59
2025-03-10,SKU0092,41,79.0,7,59
2025-03-17,SKU0092,101,95.0,7,59
2025-03-24,SKU0092,131,100.0,7,59
2025-03-31,SKU0092,79,0.0,7,59
2025-04-07,SKU0092,88,78.0,7,59
2025-04-14,SKU0092,31,0.0,7,59
2025-04-21,SKU0092,97,63.0,7,59
2025-04-28,SKU0092,150,65.0,7,59
2025-05-05,SKU0092,91,0.0,7,59
2025-05-12,SKU0092,44,0.0,7,59
2025-05-19,SKU0092,41,100.0,7,59
2025-05-26,SKU0092,44,85.0,7,59
2025-06-02,SKU0092,86,104.0,7,59
2025-06-09,SKU0092,132,99.0,7,59
2025-06-16,SKU0092,70,0.0,7,59
2025-06-23,SKU0092,20,0.0,7,59
2025-06-30,SKU0092,0,0.0,7,59
2025-07-07,SKU0092,71,89.0,7,59
2025-07-14,SKU0092,21,0.0,7,59
2025-07-21,SKU0092,103,104.0,7,59
2025-07-28,SKU0092,57,0.0,7,59
2025-08-04,SKU0092,55,87.0,7,59
2025-08-11,SKU0092,46,,7,59
2025-08-18,SKU0092,0,0.0,7,59
2025-08-25,SKU0092,48,102.0,7,59
2025-09-01,SKU0092,88,90.0,7,59
2025-09-08,SKU0092,84,93.0,7,59
2025-09-15,SKU0092,24,0.0,7,59
2025-09-22,SKU0092,59,70.0,7,59
2025-09-29,SKU0092,79,77.0,7,59
2025-10-06,SKU0092,107,85.0,7,59
2025-10-13,SKU0092,99,83.0,7,59
2025-10-20,SKU0092,146,90.0,7,59
2025-10-27,SKU0092,93,0.0,7,59
2025-11-03,SKU0092,30,0.0,7,59
2025-11-10,SKU0092,76,82.0,7,59
2025-11-17,SKU0092,28,0.0,7,59
2025-11-24,SKU0092,52,66.0,7,59
2025-12-01,SKU0092,88,65.0,7,59
2025-12-08,SKU0092,112,71.0,7,59
2025-12-15,SKU0092,63,0.0,7,59
2025-12-22,SKU0092,110,77.0,7,59
2025-12-29,SKU0092,67,0.0,7,59
2024-01-01,SKU0093,493,0.0,7,109
2024-01-08,SKU0093,419,0.0,7,109
2024-01-15,SKU0093,328,0.0,7,109
2024-01-22,SKU0093,248,0.0,7,109
2024-01-29,SKU0093,168,0.0,7,109
2024-02-05,SKU0093,171,102.0,7,109
2024-02-12,SKU0093,220,142.0,7,109
2024-02-19,SKU0093,131,0.0,7,109
2024-02-26,SKU0093,32,0.0,7,109
2024-03-04,SKU0093,0,0.0,7,109
2024-03-11,SKU0093,153,112.0,7,109
2024-03-18,SKU0093,131,103.0,7,109
2024-03-25,SKU0093,58,0.0,7,109
2024-04-01,SKU0093,155,142.0,7,109
2024-04-08,SKU0093,201,121.0,7,109
2024-04-15,SKU0093,124,0.0,7,109
2024-04-22,SKU0093,152,123.0,7,109
2024-04-29,SKU0093,172,155.0,7,109
2024-05-06,SKU0093,181,140.0,7,109
2024-05-13,SKU0093,183,137.0,7,109
2024-05-20,SKU0093,107,0.0,7,109
2024-05-27,SKU0093,27,0.0,7,109
2024-06-03,SKU0093,71,129.0,7,109
2024-06-10,SKU0093,0,0.0,7,109
2024-06-17,SKU0093,175,102.0,7,109
2024-06-24,SKU0093,235,152.0,7,109
2024-07-01,SKU0093,160,0.0,7,109
2024-07-08,SKU0093,233,109.0,7,109
2024-07-15,SKU0093,158,0.0,7,109
2024-07-22,SKU0093,169,135.0,7,109
2024-07-29,SKU0093,177,119.0,7,109
2024-08-05,SKU0093,217,136.0,7,109
2024-08-12,SKU0093,138,0.0,7,109
2024-08-19,SKU0093,40,0.0,7,109
2024-08-26,SKU0093,101,114.0,7,109
2024-09-02,SKU0093,143,142.0,7,109
2024-09-09,SKU0093,61,0.0,7,109
2024-09-16,SKU0093,167,116.0,7,109
2024-09-23,SKU0093,156,165.0,7,109
2024-09-30,SKU0093,168,139.0,7,109
2024-10-07,SKU0093,167,151.0,7,109
2024-10-14,SKU0093,265,136.0,7,109
2024-10-21,SKU0093,178,0.0,7,109
2024-10-28,SKU0093,257,100.0,7,109
2024-11-04,SKU0093,201,0.0,7,109
2024-11-11,SKU0093,101,0.0,7,109
2024-11-18,SKU0093,23,0.0,7,109
2024-11-25,SKU0093,0,0.0,7,109
2024-12-02,SKU0093,67,127.0,7,109
2024-12-09,SKU0093,0,0.0,7,109
2024-12-16,SKU0093,110,113.0,7,109
2024-12-23,SKU0093,123,140.0,7,109
2024-12-30,SKU0093,192,150.0,7,109
2025-01-06,SKU0093,192,153.0,7,109
2025-01-13,SKU0093,191,133.0,7,109
2025-01-20,SKU0093,128,0.0,7,109
2025-01-27,SKU0093,168,117.0,7,109
2025-02-03,SKU0093,76,0.0,7,109
2025-02-10,SKU0093,10,0.0,7,109
2025-02-17,SKU0093,133,128.0,7,109
2025-02-24,SKU0093,125,154.0,7,109
2025-03-03,SKU0093,122,142.0,7,109
2025-03-10,SKU0093,47,0.0,7,109
2025-03-17,SKU0093,0,0.0,7,109
2025-03-24,SKU0093,128,144.0,7,109
2025-03-31,SKU0093,188,138.0,7,109
2025-04-07,SKU0093,111,0.0,7,109
2025-04-14,SKU0093,29,,7,109
2025-04-21,SKU0093,0,0.0,7,109
2025-04-28,SKU0093,0,0.0,7,109
2025-05-05,SKU0093,0,0.0,7,109
2025-05-12,SKU0093,96,141.0,7,109
2025-05-19,SKU0093,19,0.0,7,109
2025-05-26,SKU0093,0,0.0,7,109
2025-06-02,SKU0093,137,125.0,7,109
2025-06-09,SKU0093,50,0.0,7,109
2025-06-16,SKU0093,0,0.0,7,109
2025-06-23,SKU0093,85,146.0,7,109
2025-06-30,SKU0093,113,146.0,7,109
2025-07-07,SKU0093,170,115.0,7,109
2025-07-14,SKU0093,201,111.0,7,109
2025-07-21,SKU0093,122,0.0,7,109
2025-07-28,SKU0093,121,123.0,7,109
2025-08-04,SKU0093,48,0.0,7,109
2025-08-11,SKU0093,107,143.0,7,109
2025-08-18,SKU0093,33,0.0,7,109
2025-08-25,SKU0093,0,0.0,7,109
2025-09-01,SKU0093,0,0.0,7,109
2025-09-08,SKU0093,107,155.0,7,109
2025-09-15,SKU0093,135,158.0,7,109
2025-09-22,SKU0093,47,0.0,7,109
2025-09-29,SKU0093,0,0.0,7,109
2025-10-06,SKU0093,80,115.0,7,109
2025-10-13,SKU0093,171,122.0,7,109
2025-10-20,SKU0093,248,100.0,7,109
2025-10-27,SKU0093,173,0.0,7,109
2025-11-03,SKU0093,128,144.0,7,109
2025-11-10,SKU0093,141,157.0,7,109
2025-11-17,SKU0093,66,0.0,7,109
2025-11-24,SKU0093,85,134.0,7,109
2025-12-01,SKU0093,94,141.0,7,109
2025-12-08,SKU0093,137,131.0,7,109
2025-12-15,SKU0093,133,124.0,7,109
2025-12-22,SKU0093,132,133.0,7,109
2025-12-29,SKU0093,35,0.0,7,109
2024-01-01,SKU0094,357,0.0,10,94
2024-01-08,SKU0094,292,0.0,10,94
2024-01-15,SKU0094,231,0.0,10,94
2024-01-22,SKU0094,160,0.0,10,94
2024-01-29,SKU0094,104,0.0,10,94
2024-02-05,SKU0094,97,171.0,10,94
2024-02-12,SKU0094,40,0.0,10,94
2024-02-19,SKU0094,0,0.0,10,94
2024-02-26,SKU0094,82,155.0,10,94
2024-03-04,SKU0094,4,0.0,10,94
2024-03-11,SKU0094,136,146.0,10,94
2024-03-18,SKU0094,132,180.0,10,94
2024-03-25,SKU0094,147,112.0,10,94
2024-04-01,SKU0094,82,0.0,10,94
2024-04-08,SKU0094,24,0.0,10,94
2024-04-15,SKU0094,105,161.0,10,94
2024-04-22,SKU0094,44,0.0,10,94
2024-04-29,SKU0094,56,139.0,10,94
2024-05-06,SKU0094,53,173.0,10,94
2024-05-13,SKU0094,0,0.0,10,94
2024-05-20,SKU0094,0,0.0,10,94
2024-05-27,SKU0094,136,139.0,10,94
2024-06-03,SKU0094,218,,10,94
2024-06-10,SKU0094,144,0.0,10,94
2024-06-17,SKU0094,204,175.0,10,94
2024-06-24,SKU0094,134,0.0,10,94
2024-07-01,SKU0094,130,117.0,10,94
2024-07-08,SKU0094,164,139.0,10,94
2024-07-15,SKU0094,113,0.0,10,94
2024-07-22,SKU0094,48,0.0,10,94
2024-07-29,SKU0094,0,0.0,10,94
2024-08-05,SKU0094,116,165.0,10,94
2024-08-12,SKU0094,190,175.0,10,94
2024-08-19,SKU0094,143,0.0,10,94
2024-08-26,SKU0094,154,161.0,10,94
2024-09-02,SKU0094,94,0.0,10,94
2024-09-09,SKU0094,99,131.0,10,94
2024-09-16,SKU0094,80,173.0,10,94
2024-09-23,SKU0094,10,0.0,10,94
2024-09-30,SKU0094,89,124.0,10,94
2024-10-07,SKU0094,80,181.0,10,94
2024-10-14,SKU0094,53,123.0,10,94
2024-10-21,SKU0094,58,112.0,10,94
2024-10-28,SKU0094,90,160.0,10,94
2024-11-04,SKU0094,86,179.0,10,94
2024-11-11,SKU0094,14,0.0,10,94
2024-11-18,SKU0094,63,130.0,10,94
2024-11-25,SKU0094,119,139.0,10,94
2024-12-02,SKU0094,53,0.0,10,94
2024-12-09,SKU0094,0,0.0,10,94
2024-12-16,SKU0094,90,148.0,10,94
2024-12-23,SKU0094,34,0.0,10,94
2024-12-30,SKU0094,0,0.0,10,94
2025-01-06,SKU0094,126,173.0,10,94
2025-01-13,SKU0094,48,0.0,10,94
2025-01-20,SKU0094,87,180.0,10,94
2025-01-27,SKU0094,31,0.0,10,94
2025-02-03,SKU0094,72,139.0,10,94
2025-02-10,SKU0094,92,122.0,10,94
2025-02-17,SKU0094,101,120.0,10,94
2025-02-24,SKU0094,99,135.0,10,94
2025-03-03,SKU0094,34,0.0,10,94
2025-03-10,SKU0094,108,162.0,10,94
2025-03-17,SKU0094,43,0.0,10,94
2025-03-24,SKU0094,0,0.0,10,94
2025-03-31,SKU0094,0,0.0,10,94
2025-04-07,SKU0094,99,132.0,10,94
2025-04-14,SKU0094,164,169.0,10,94
2025-04-21,SKU0094,108,0.0,10,94
2025-04-28,SKU0094,36,0.0,10,94
2025-05-05,SKU0094,112,135.0,10,94
2025-05-12,SKU0094,101,172.0,10,94
2025-05-19,SKU0094,37,0.0,10,94
2025-05-26,SKU0094,122,145.0,10,94
2025-06-02,SKU0094,178,165.0,10,94
2025-06-09,SKU0094,129,0.0,10,94
2025-06-16,SKU0094,70,0.0,10,94
2025-06-23,SKU0094,0,0.0,10,94
2025-06-30,SKU0094,105,181.0,10,94
2025-07-07,SKU0094,176,137.0,10,94
2025-07-14,SKU0094,103,0.0,10,94
2025-07-21,SKU0094,106,160.0,10,94
2025-07-28,SKU0094,21,0.0,10,94
2025-08-04,SKU0094,0,0.0,10,94
2025-08-11,SKU0094,0,0.0,10,94
2025-08-18,SKU0094,115,156.0,10,94
2025-08-25,SKU0094,145,167.0,10,94
2025-09-01,SKU0094,169,159.0,10,94
2025-09-08,SKU0094,104,0.0,10,94
2025-09-15,SKU0094,144,134.0,10,94
2025-09-22,SKU0094,202,151.0,10,94
2025-09-29,SKU0094,140,0.0,10,94
2025-10-06,SKU0094,136,146.0,10,94
2025-10-13,SKU0094,199,165.0,10,94
2025-10-20,SKU0094,146,0.0,10,94
2025-10-27,SKU0094,196,,10,94
2025-11-03,SKU0094,129,0.0,10,94
2025-11-10,SKU0094,111,158.0,10,94
2025-11-17,SKU0094,185,178.0,10,94
2025-11-24,SKU0094,113,0.0,10,94
2025-12-01,SKU0094,145,127.0,10,94
2025-12-08,SKU0094,80,0.0,10,94
2025-12-15,SKU0094,160,158.0,10,94
2025-12-22,SKU0094,87,0.0,10,94
2025-12-29,SKU0094,20,0.0,10,94
2024-01-01,SKU0095,987,0.0,10,336
2024-01-08,SKU0095,792,0.0,10,336
2024-01-15,SKU0095,594,0.0,10,336
2024-01-22,SKU0095,423,0.0,10,336
2024-01-29,SKU0095,538,369.0,10,336
2024-02-05,SKU0095,364,0.0,10,336
2024-02-12,SKU0095,192,0.0,10,336
2024-02-19,SKU0095,217,465.0,10,336
2024-02-26,SKU0095,31,0.0,10,336
2024-03-04,SKU0095,0,0.0,10,336
2024-03-11,SKU0095,0,0.0,10,336
2024-03-18,SKU0095,305,481.0,10,336
2024-03-25,SKU0095,134,0.0,10,336
2024-04-01,SKU0095,0,0.0,10,336
2024-04-08,SKU0095,279,397.0,10,336
2024-04-15,SKU0095,354,,10,336
2024-04-22,SKU0095,179,0.0,10,336
2024-04-29,SKU0095,0,0.0,10,336
2024-05-06,SKU0095,0,0.0,10,336
2024-05-13,SKU0095,264,371.0,10,336
2024-05-20,SKU0095,396,346.0,10,336
2024-05-27,SKU0095,416,331.0,10,336
2024-06-03,SKU0095,598,367.0,10,336
2024-06-10,SKU0095,423,0.0,10,336
2024-06-17,SKU0095,506,336.0,10,336
2024-06-24,SKU0095,352,0.0,10,336
2024-07-01,SKU0095,369,455.0,10,336
2024-07-08,SKU0095,199,0.0,10,336
2024-07-15,SKU0095,21,0.0,10,336
2024-07-22,SKU0095,163,436.0,10,336
2024-07-29,SKU0095,0,0.0,10,336
2024-08-05,SKU0095,0,0.0,10,336
2024-08-12,SKU0095,143,339.0,10,336
2024-08-19,SKU0095,0,0.0,10,336
2024-08-26,SKU0095,0,0.0,10,336
2024-09-02,SKU0095,0,0.0,10,336
2024-09-09,SKU0095,307,373.0,10,336
2024-09-16,SKU0095,464,483.0,10,336
2024-09-23,SKU0095,287,0.0,10,336
2024-09-30,SKU0095,335,337.0,10,336
2024-10-07,SKU0095,362,318.0,10,336
2024-10-14,SKU0095,384,,10,336
2024-10-21,SKU0095,213,0.0,10,336
2024-10-28,SKU0095,347,305.0,10,336
2024-11-04,SKU0095,196,0.0,10,336
2024-11-11,SKU0095,283,397.0,10,336
2024-11-18,SKU0095,423,487.0,10,336
2024-11-25,SKU0095,551,305.0,10,336
2024-12-02,SKU0095,352,0.0,10,336
2024-12-09,SKU0095,484,442.0,10,336
2024-12-16,SKU0095,603,477.0,10,336
2024-12-23,SKU0095,443,0.0,10,336
2024-12-30,SKU0095,276,0.0,10,336
2025-01-06,SKU0095,85,0.0,10,336
2025-01-13,SKU0095,227,455.0,10,336
2025-01-20,SKU0095,33,0.0,10,336
2025-01-27,SKU0095,0,0.0,10,336
2025-02-03,SKU0095,0,0.0,10,336
2025-02-10,SKU0095,156,313.0,10,336
2025-02-17,SKU0095,0,0.0,10,336
2025-02-24,SKU0095,0,0.0,10,336
2025-03-03,SKU0095,0,0.0,10,336
2025-03-10,SKU0095,0,0.0,10,336
2025-03-17,SKU0095,135,397.0,10,336
2025-03-24,SKU0095,0,0.0,10,336
2025-03-31,SKU0095,137,343.0,10,336
2025-04-07,SKU0095,269,400.0,10,336
2025-04-14,SKU0095,346,302.0,10,336
2025-04-21,SKU0095,516,473.0,10,336
2025-04-28,SKU0095,340,0.0,10,336
2025-05-05,SKU0095,175,0.0,10,336
2025-05-12,SKU0095,305,403.0,10,336
2025-05-19,SKU0095,445,349.0,10,336
2025-05-26,SKU0095,487,376.0,10,336
2025-06-02,SKU0095,337,0.0,10,336
2025-06-09,SKU0095,486,479.0,10,336
2025-06-16,SKU0095,340,0.0,10,336
2025-06-23,SKU0095,161,0.0,10,336
2025-06-30,SKU0095,3,0.0,10,336
2025-07-07,SKU0095,341,423.0,10,336
2025-07-14,SKU0095,388,406.0,10,336
2025-07-21,SKU0095,573,427.0,10,336
2025-07-28,SKU0095,391,0.0,10,336
2025-08-04,SKU0095,206,0.0,10,336
2025-08-11,SKU0095,402,486.0,10,336
2025-08-18,SKU0095,476,420.0,10,336
2025-08-25,SKU0095,492,318.0,10,336
2025-09-01,SKU0095,633,460.0,10,336
2025-09-08,SKU0095,450,0.0,10,336
2025-09-15,SKU0095,630,429.0,10,336
2025-09-22,SKU0095,457,0.0,10,336
2025-09-29,SKU0095,247,0.0,10,336
2025-10-06,SKU0095,85,0.0,10,336
2025-10-13,SKU0095,326,315.0,10,336
2025-10-20,SKU0095,165,0.0,10,336
2025-10-27,SKU0095,0,0.0,10,336
2025-11-03,SKU0095,0,0.0,10,336
2025-11-10,SKU0095,127,368.0,10,336
2025-11-17,SKU0095,260,398.0,10,336
2025-11-24,SKU0095,394,425.0,10,336
2025-12-01,SKU0095,394,449.0,10,336
2025-12-08,SKU0095,225,0.0,10,336
2025-12-15,SKU0095,12,0.0,10,336
2025-12-22,SKU0095,260,426.0,10,336
2025-12-29,SKU0095,339,355.0,10,336
2025-05-05,SKU0096,315,0.0,10,151
2025-05-12,SKU0096,215,0.0,10,151
2025-05-19,SKU0096,292,222.0,10,151
2025-05-26,SKU0096,191,0.0,10,151
2025-06-02,SKU0096,266,177.0,10,151
2025-06-09,SKU0096,168,0.0,10,151
2025-06-16,SKU0096,202,287.0,10,151
2025-06-23,SKU0096,210,288.0,10,151
2025-06-30,SKU0096,213,248.0,10,151
2025-07-07,SKU0096,309,176.0,10,151
2025-07-14,SKU0096,193,0.0,10,151
2025-07-21,SKU0096,257,263.0,10,151
2025-07-28,SKU0096,151,0.0,10,151
2025-08-04,SKU0096,56,0.0,10,151
2025-08-11,SKU0096,0,0.0,10,151
2025-08-18,SKU0096,123,189.0,10,151
2025-08-25,SKU0096,229,228.0,10,151
2025-09-01,SKU0096,234,262.0,10,151
2025-09-08,SKU0096,135,0.0,10,151
2025-09-15,SKU0096,39,0.0,10,151
2025-09-22,SKU0096,84,209.0,10,151
2025-09-29,SKU0096,108,223.0,10,151
2025-10-06,SKU0096,83,267.0,10,151
2025-10-13,SKU0096,114,210.0,10,151
2025-10-20,SKU0096,99,259.0,10,151
2025-10-27,SKU0096,175,196.0,10,151
2025-11-03,SKU0096,228,211.0,10,151
2025-11-10,SKU0096,262,176.0,10,151
2025-11-17,SKU0096,162,0.0,10,151
2025-11-24,SKU0096,239,205.0,10,151
2025-12-01,SKU0096,230,199.0,10,151
2025-12-08,SKU0096,319,275.0,10,151
2025-12-15,SKU0096,223,0.0,10,151
2025-12-22,SKU0096,121,0.0,10,151
2025-12-29,SKU0096,144,201.0,10,151
2024-01-01,SKU0097,288,0.0,10,87
2024-01-08,SKU0097,244,0.0,10,87
2024-01-15,SKU0097,191,0.0,10,87
2024-01-22,SKU0097,141,0.0,10,87
2024-01-29,SKU0097,95,0.0,10,87
2024-02-05,SKU0097,123,95.0,10,87
2024-02-12,SKU0097,103,110.0,10,87
2024-02-19,SKU0097,49,0.0,10,87
2024-02-26,SKU0097,68,,10,87
2024-03-04,SKU0097,93,125.0,10,87
2024-03-11,SKU0097,91,153.0,10,87
2024-03-18,SKU0097,110,,10,87
2024-03-25,SKU0097,129,124.0,10,87
2024-04-01,SKU0097,74,0.0,10,87
2024-04-08,SKU0097,135,129.0,10,87
2024-04-15,SKU0097,75,0.0,10,87
2024-04-22,SKU0097,28,0.0,10,87
2024-04-29,SKU0097,112,121.0,10,87
2024-05-06,SKU0097,57,0.0,10,87
2024-05-13,SKU0097,64,137.0,10,87
2024-05-20,SKU0097,93,97.0,10,87
2024-05-27,SKU0097,45,0.0,10,87
2024-06-03,SKU0097,68,124.0,10,87
2024-06-10,SKU0097,121,96.0,10,87
2024-06-17,SKU0097,58,0.0,10,87
2024-06-24,SKU0097,97,132.0,10,87
2024-07-01,SKU0097,114,142.0,10,87
2024-07-08,SKU0097,137,104.0,10,87
2024-07-15,SKU0097,89,0.0,10,87
2024-07-22,SKU0097,29,0.0,10,87
2024-07-29,SKU0097,59,152.0,10,87
2024-08-05,SKU0097,10,0.0,10,87
2024-08-12,SKU0097,92,136.0,10,87
2024-08-19,SKU0097,136,133.0,10,87
2024-08-26,SKU0097,74,0.0,10,87
2024-09-02,SKU0097,121,102.0,10,87
2024-09-09,SKU0097,151,135.0,10,87
2024-09-16,SKU0097,100,0.0,10,87
2024-09-23,SKU0097,34,0.0,10,87
2024-09-30,SKU0097,115,105.0,10,87
2024-10-07,SKU0097,43,0.0,10,87
2024-10-14,SKU0097,0,0.0,10,87
2024-10-21,SKU0097,0,0.0,10,87
2024-10-28,SKU0097,71,123.0,10,87
2024-11-04,SKU0097,9,0.0,10,87
2024-11-11,SKU0097,39,105.0,10,87
2024-11-18,SKU0097,105,92.0,10,87
2024-11-25,SKU0097,160,132.0,10,87
2024-12-02,SKU0097,97,0.0,10,87
2024-12-09,SKU0097,113,134.0,10,87
2024-12-16,SKU0097,151,119.0,10,87
2024-12-23,SKU0097,103,0.0,10,87
2024-12-30,SKU0097,48,0.0,10,87
2025-01-06,SKU0097,0,0.0,10,87
2025-01-13,SKU0097,81,112.0,10,87
2025-01-20,SKU0097,127,113.0,10,87
2025-01-27,SKU0097,75,0.0,10,87
2025-02-03,SKU0097,18,0.0,10,87
2025-02-10,SKU0097,65,124.0,10,87
2025-02-17,SKU0097,116,111.0,10,87
2025-02-24,SKU0097,114,127.0,10,87
2025-03-03,SKU0097,134,152.0,10,87
2025-03-10,SKU0097,141,111.0,10,87
2025-03-17,SKU0097,91,0.0,10,87
2025-03-24,SKU0097,34,0.0,10,87
2025-03-31,SKU0097,0,,10,87
2025-04-07,SKU0097,85,104.0,10,87
2025-04-14,SKU0097,121,140.0,10,87
2025-04-21,SKU0097,164,125.0,10,87
2025-04-28,SKU0097,119,0.0,10,87
2025-05-05,SKU0097,58,0.0,10,87
2025-05-12,SKU0097,114,110.0,10,87
2025-05-19,SKU0097,53,0.0,10,87
2025-05-26,SKU0097,0,0.0,10,87
2025-06-02,SKU0097,61,110.0,10,87
2025-06-09,SKU0097,1,0.0,10,87
2025-06-16,SKU0097,74,128.0,10,87
2025-06-23,SKU0097,15,0.0,10,87
2025-06-30,SKU0097,101,124.0,10,87
2025-07-07,SKU0097,105,95.0,10,87
2025-07-14,SKU0097,118,132.0,10,87
2025-07-21,SKU0097,165,153.0,10,87
2025-07-28,SKU0097,122,0.0,10,87
2025-08-04,SKU0097,139,120.0,10,87
2025-08-11,SKU0097,95,0.0,10,87
2025-08-18,SKU0097,96,104.0,10,87
2025-08-25,SKU0097,108,110.0,10,87
2025-09-01,SKU0097,50,0.0,10,87
2025-09-08,SKU0097,0,0.0,10,87
2025-09-15,SKU0097,89,119.0,10,87
2025-09-22,SKU0097,135,146.0,10,87
2025-09-29,SKU0097,82,0.0,10,87
2025-10-06,SKU0097,35,0.0,10,87
2025-10-13,SKU0097,72,145.0,10,87
2025-10-20,SKU0097,68,151.0,10,87
2025-10-27,SKU0097,15,0.0,10,87
2025-11-03,SKU0097,57,124.0,10,87
2025-11-10,SKU0097,10,0.0,10,87
2025-11-17,SKU0097,68,130.0,10,87
2025-11-24,SKU0097,127,135.0,10,87
2025-12-01,SKU0097,111,125.0,10,87
2025-12-08,SKU0097,136,111.0,10,87
2025-12-15,SKU0097,87,0.0,10,87
2025-12-22,SKU0097,128,96.0,10,87
2025-12-29,SKU0097,67,0.0,10,87
2024-01-01,SKU0098,181,0.0,10,50
2024-01-08,SKU0098,144,0.0,10,50
2024-01-15,SKU0098,112,0.0,10,50
2024-01-22,SKU0098,81,0.0,10,50
2024-01-29,SKU0098,46,0.0,10,50
2024-02-05,SKU0098,20,0.0,10,50
2024-02-12,SKU0098,60,84.0,10,50
2024-02-19,SKU0098,86,73.0,10,50
2024-02-26,SKU0098,85,89.0,10,50
2024-03-04,SKU0098,51,0.0,10,50
2024-03-11,SKU0098,27,0.0,10,50
2024-03-18,SKU0098,68,95.0,10,50
2024-03-25,SKU0098,89,91.0,10,50
2024-04-01,SKU0098,49,0.0,10,50
2024-04-08,SKU0098,29,0.0,10,50
2024-04-15,SKU0098,0,0.0,10,50
2024-04-22,SKU0098,0,0.0,10,50
2024-04-29,SKU0098,0,0.0,10,50
2024-05-06,SKU0098,0,0.0,10,50
2024-05-13,SKU0098,61,90.0,10,50
2024-05-20,SKU0098,94,73.0,10,50
2024-05-27,SKU0098,59,0.0,10,50
2024-06-03,SKU0098,49,75.0,10,50
2024-06-10,SKU0098,17,0.0,10,50
2024-06-17,SKU0098,0,0.0,10,50
2024-06-24,SKU0098,0,0.0,10,50
2024-07-01,SKU0098,0,0.0,10,50
2024-07-08,SKU0098,42,89.0,10,50
2024-07-15,SKU0098,57,63.0,10,50
2024-07-22,SKU0098,92,90.0,10,50
2024-07-29,SKU0098,54,0.0,10,50
2024-08-05,SKU0098,59,93.0,10,50
2024-08-12,SKU0098,23,0.0,10,50
2024-08-19,SKU0098,0,0.0,10,50
2024-08-26,SKU0098,0,0.0,10,50
2024-09-02,SKU0098,0,0.0,10,50
2024-09-09,SKU0098,47,61.0,10,50
2024-09-16,SKU0098,16,0.0,10,50
2024-09-23,SKU0098,0,0.0,10,50
2024-09-30,SKU0098,0,0.0,10,50
2024-10-07,SKU0098,47,86.0,10,50
2024-10-14,SKU0098,59,72.0,10,50
2024-10-21,SKU0098,91,74.0,10,50
2024-10-28,SKU0098,52,0.0,10,50
2024-11-04,SKU0098,43,64.0,10,50
2024-11-11,SKU0098,54,83.0,10,50
2024-11-18,SKU0098,81,60.0,10,50
2024-11-25,SKU0098,108,82.0,10,50
2024-12-02,SKU0098,74,0.0,10,50
2024-12-09,SKU0098,39,0.0,10,50
2024-12-16,SKU0098,48,87.0,10,50
2024-12-23,SKU0098,36,86.0,10,50
2024-12-30,SKU0098,39,95.0,10,50
2025-01-06,SKU0098,7,0.0,10,50
2025-01-13,SKU0098,73,91.0,10,50
2025-01-20,SKU0098,66,63.0,10,50
2025-01-27,SKU0098,38,0.0,10,50
2025-02-03,SKU0098,62,77.0,10,50
2025-02-10,SKU0098,72,61.0,10,50
2025-02-17,SKU0098,75,98.0,10,50
2025-02-24,SKU0098,99,60.0,10,50
2025-03-03,SKU0098,58,0.0,10,50
2025-03-10,SKU0098,18,0.0,10,50
2025-03-17,SKU0098,29,,10,50
2025-03-24,SKU0098,57,63.0,10,50
2025-03-31,SKU0098,27,0.0,10,50
2025-04-07,SKU0098,65,85.0,10,50
2025-04-14,SKU0098,38,0.0,10,50
2025-04-21,SKU0098,11,0.0,10,50
2025-04-28,SKU0098,31,78.0,10,50
2025-05-05,SKU0098,54,59.0,10,50
2025-05-12,SKU0098,39,92.0,10,50
2025-05-19,SKU0098,3,0.0,10,50
2025-05-26,SKU0098,32,69.0,10,50
2025-06-02,SKU0098,55,80.0,10,50
2025-06-09,SKU0098,89,70.0,10,50
2025-06-16,SKU0098,50,0.0,10,50
2025-06-23,SKU0098,17,0.0,10,50
2025-06-30,SKU0098,36,87.0,10,50
2025-07-07,SKU0098,45,63.0,10,50
2025-07-14,SKU0098,48,96.0,10,50
2025-07-21,SKU0098,76,93.0,10,50
2025-07-28,SKU0098,88,77.0,10,50
2025-08-04,SKU0098,56,,10,50
2025-08-11,SKU0098,22,0.0,10,50
2025-08-18,SKU0098,52,91.0,10,50
2025-08-25,SKU0098,63,62.0,10,50
2025-09-01,SKU0098,19,0.0,10,50
2025-09-08,SKU0098,73,76.0,10,50
2025-09-15,SKU0098,39,0.0,10,50
2025-09-22,SKU0098,35,96.0,10,50
2025-09-29,SKU0098,58,65.0,10,50
2025-10-06,SKU0098,15,0.0,10,50
2025-10-13,SKU0098,62,,10,50
2025-10-20,SKU0098,80,61.0,10,50
2025-10-27,SKU0098,54,0.0,10,50
2025-11-03,SKU0098,75,63.0,10,50
2025-11-10,SKU0098,92,81.0,10,50
2025-11-17,SKU0098,53,0.0,10,50
2025-11-24,SKU0098,78,59.0,10,50
2025-12-01,SKU0098,84,65.0,10,50
2025-12-08,SKU0098,115,79.0,10,50
2025-12-15,SKU0098,63,0.0,10,50
2025-12-22,SKU0098,27,0.0,10,50
2025-12-29,SKU0098,63,88.0,10,50
2024-01-01,SKU0099,900,0.0,21,449
2024-01-08,SKU0099,779,0.0,21,449
2024-01-15,SKU0099,650,0.0,21,449
2024-01-22,SKU0099,536,0.0,21,449
2024-01-29,SKU0099,623,637.0,21,449
2024-02-05,SKU0099,504,0.0,21,449
2024-02-12,SKU0099,388,0.0,21,449
2024-02-19,SKU0099,275,0.0,21,449
2024-02-26,SKU0099,279,597.0,21,449
2024-03-04,SKU0099,356,749.0,21,449
2024-03-11,SKU0099,495,482.0,21,449
2024-03-18,SKU0099,369,0.0,21,449
2024-03-25,SKU0099,385,463.0,21,449
2024-04-01,SKU0099,411,491.0,21,449
2024-04-08,SKU0099,437,648.0,21,449
2024-04-15,SKU0099,417,690.0,21,449
2024-04-22,SKU0099,444,710.0,21,449
2024-04-29,SKU0099,570,721.0,21,449
2024-05-06,SKU0099,437,0.0,21,449
2024-05-13,SKU0099,489,526.0,21,449
2024-05-20,SKU0099,381,0.0,21,449
2024-05-27,SKU0099,268,0.0,21,449
2024-06-03,SKU0099,148,0.0,21,449
2024-06-10,SKU0099,30,0.0,21,449
2024-06-17,SKU0099,0,0.0,21,449
2024-06-24,SKU0099,227,681.0,21,449
2024-07-01,SKU0099,282,654.0,21,449
2024-07-08,SKU0099,302,637.0,21,449
2024-07-15,SKU0099,168,0.0,21,449
2024-07-22,SKU0099,56,0.0,21,449
2024-07-29,SKU0099,192,748.0,21,449
2024-08-05,SKU0099,58,0.0,21,449
2024-08-12,SKU0099,208,532.0,21,449
2024-08-19,SKU0099,178,464.0,21,449
2024-08-26,SKU0099,46,0.0,21,449
2024-09-02,SKU0099,98,502.0,21,449
2024-09-09,SKU0099,153,752.0,21,449
2024-09-16,SKU0099,215,488.0,21,449
2024-09-23,SKU0099,88,,21,449
2024-09-30,SKU0099,0,0.0,21,449
2024-10-07,SKU0099,136,547.0,21,449
2024-10-14,SKU0099,262,707.0,21,449
2024-10-21,SKU0099,235,479.0,21,449
2024-10-28,SKU0099,115,0.0,21,449
2024-11-04,SKU0099,121,737.0,21,449
2024-11-11,SKU0099,0,,21,449
2024-11-18,SKU0099,129,736.0,21,449
2024-11-25,SKU0099,24,0.0,21,449
2024-12-02,SKU0099,188,490.0,21,449
2024-12-09,SKU0099,202,725.0,21,449
2024-12-16,SKU0099,87,0.0,21,449
2024-12-23,SKU0099,105,573.0,21,449
2024-12-30,SKU0099,232,633.0,21,449
2025-01-06,SKU0099,215,613.0,21,449
2025-01-13,SKU0099,79,0.0,21,449
2025-01-20,SKU0099,101,696.0,21,449
2025-01-27,SKU0099,0,0.0,21,449
2025-02-03,SKU0099,252,473.0,21,449
2025-02-10,SKU0099,119,0.0,21,449
2025-02-17,SKU0099,130,679.0,21,449
2025-02-24,SKU0099,238,595.0,21,449
2025-03-03,SKU0099,121,0.0,21,449
2025-03-10,SKU0099,277,513.0,21,449
2025-03-17,SKU0099,278,758.0,21,449
2025-03-24,SKU0099,245,600.0,21,449
2025-03-31,SKU0099,131,0.0,21,449
2025-04-07,SKU0099,22,0.0,21,449
2025-04-14,SKU0099,0,0.0,21,449
2025-04-21,SKU0099,0,0.0,21,449
2025-04-28,SKU0099,103,605.0,21,449
2025-05-05,SKU0099,258,604.0,21,449
2025-05-12,SKU0099,256,641.0,21,449
2025-05-19,SKU0099,336,463.0,21,449
2025-05-26,SKU0099,437,498.0,21,449
2025-06-02,SKU0099,473,696.0,21,449
2025-06-09,SKU0099,355,0.0,21,449
2025-06-16,SKU0099,485,622.0,21,449
2025-06-23,SKU0099,506,635.0,21,449
2025-06-30,SKU0099,389,0.0,21,449
2025-07-07,SKU0099,274,0.0,21,449
2025-07-14,SKU0099,260,757.0,21,449
2025-07-21,SKU0099,328,485.0,21,449
2025-07-28,SKU0099,200,0.0,21,449
2025-08-04,SKU0099,199,457.0,21,449
2025-08-11,SKU0099,289,686.0,21,449
2025-08-18,SKU0099,179,0.0,21,449
2025-08-25,SKU0099,235,605.0,21,449
2025-09-01,SKU0099,110,0.0,21,449
2025-09-08,SKU0099,142,553.0,21,449
2025-09-15,SKU0099,18,0.0,21,449
2025-09-22,SKU0099,185,499.0,21,449
2025-09-29,SKU0099,51,0.0,21,449
2025-10-06,SKU0099,0,0.0,21,449
2025-10-13,SKU0099,210,496.0,21,449
2025-10-20,SKU0099,97,0.0,21,449
2025-10-27,SKU0099,0,0.0,21,449
2025-11-03,SKU0099,155,556.0,21,449
2025-11-10,SKU0099,219,460.0,21,449
2025-11-17,SKU0099,82,0.0,21,449
2025-11-24,SKU0099,191,669.0,21,449
2025-12-01,SKU0099,280,612.0,21,449
2025-12-08,SKU0099,346,696.0,21,449
2025-12-15,SKU0099,442,526.0,21,449
2025-12-22,SKU0099,459,752.0,21,449
2025-12-29,SKU0099,499,474.0,21,449
2024-09-16,SKU0100,164,539.0,30,461
2024-09-23,SKU0100,203,542.0,30,461
2024-09-30,SKU0100,230,404.0,30,461
2024-10-07,SKU0100,275,467.0,30,461
2024-10-14,SKU0100,296,559.0,30,461
2024-10-21,SKU0100,321,387.0,30,461
2024-10-28,SKU0100,298,589.0,30,461
2024-11-04,SKU0100,347,563.0,30,461
2024-11-11,SKU0100,286,0.0,30,461
2024-11-18,SKU0100,212,0.0,30,461
2024-11-25,SKU0100,130,0.0,30,461
2024-12-02,SKU0100,42,0.0,30,461
2024-12-09,SKU0100,0,0.0,30,461
2024-12-16,SKU0100,93,613.0,30,461
2024-12-23,SKU0100,77,573.0,30,461
2024-12-30,SKU0100,12,0.0,30,461
2025-01-06,SKU0100,108,574.0,30,461
2025-01-13,SKU0100,39,0.0,30,461
2025-01-20,SKU0100,0,0.0,30,461
2025-01-27,SKU0100,0,0.0,30,461
2025-02-03,SKU0100,123,502.0,30,461
2025-02-10,SKU0100,41,0.0,30,461
2025-02-17,SKU0100,107,481.0,30,461
2025-02-24,SKU0100,38,0.0,30,461
2025-03-03,SKU0100,0,0.0,30,461
2025-03-10,SKU0100,0,0.0,30,461
2025-03-17,SKU0100,0,0.0,30,461
2025-03-24,SKU0100,0,0.0,30,461
2025-03-31,SKU0100,0,0.0,30,461
2025-04-07,SKU0100,117,595.0,30,461
2025-04-14,SKU0100,179,529.0,30,461
2025-04-21,SKU0100,270,587.0,30,461
2025-04-28,SKU0100,193,0.0,30,461
2025-05-05,SKU0100,115,0.0,30,461
2025-05-12,SKU0100,149,536.0,30,461
2025-05-19,SKU0100,198,524.0,30,461
2025-05-26,SKU0100,198,473.0,30,461
2025-06-02,SKU0100,119,0.0,30,461
2025-06-09,SKU0100,164,450.0,30,461
2025-06-16,SKU0100,241,423.0,30,461
2025-06-23,SKU0100,176,0.0,30,461
2025-06-30,SKU0100,175,628.0,30,461
2025-07-07,SKU0100,94,0.0,30,461
2025-07-14,SKU0100,178,597.0,30,461
2025-07-21,SKU0100,119,0.0,30,461
2025-07-28,SKU0100,163,411.0,30,461
2025-08-04,SKU0100,216,571.0,30,461
2025-08-11,SKU0100,235,572.0,30,461
2025-08-18,SKU0100,155,0.0,30,461
2025-08-25,SKU0100,231,531.0,30,461
2025-09-01,SKU0100,282,447.0,30,461
2025-09-08,SKU0100,287,504.0,30,461
2025-09-15,SKU0100,374,486.0,30,461
2025-09-22,SKU0100,453,497.0,30,461
2025-09-29,SKU0100,380,0.0,30,461
2025-10-06,SKU0100,385,615.0,30,461
2025-10-13,SKU0100,354,429.0,30,461
2025-10-20,SKU0100,394,398.0,30,461
2025-10-27,SKU0100,464,508.0,30,461
2025-11-03,SKU0100,452,454.0,30,461
2025-11-10,SKU0100,492,570.0,30,461
2025-11-17,SKU0100,437,0.0,30,461
2025-11-24,SKU0100,357,0.0,30,461
2025-12-01,SKU0100,284,0.0,30,461
2025-12-08,SKU0100,195,0.0,30,461
2025-12-15,SKU0100,178,433.0,30,461
2025-12-22,SKU0100,109,0.0,30,461
2025-12-29,SKU0100,145,623.0,30,461
2025-04-21,SKU0101,1099,0.0,7,162
2025-04-28,SKU0101,931,0.0,7,162
2025-05-05,SKU0101,787,0.0,7,162
2025-05-12,SKU0101,625,0.0,7,162
2025-05-19,SKU0101,471,0.0,7,162
2025-05-26,SKU0101,328,0.0,7,162
2025-06-02,SKU0101,201,0.0,7,162
2025-06-09,SKU0101,58,0.0,7,162
2025-06-16,SKU0101,0,0.0,7,162
2025-06-23,SKU0101,294,177.0,7,162
2025-06-30,SKU0101,377,257.0,7,162
2025-07-07,SKU0101,236,0.0,7,162
2025-07-14,SKU0101,76,0.0,7,162
2025-07-21,SKU0101,293,268.0,7,162
2025-07-28,SKU0101,312,216.0,7,162
2025-08-04,SKU0101,306,190.0,7,162
2025-08-11,SKU0101,146,0.0,7,162
2025-08-18,SKU0101,194,177.0,7,162
2025-08-25,SKU0101,246,215.0,7,162
2025-09-01,SKU0101,331,185.0,7,162
2025-09-08,SKU0101,176,0.0,7,162
2025-09-15,SKU0101,260,225.0,7,162
2025-09-22,SKU0101,113,0.0,7,162
2025-09-29,SKU0101,0,0.0,7,162
2025-10-06,SKU0101,152,282.0,7,162
2025-10-13,SKU0101,184,242.0,7,162
2025-10-20,SKU0101,352,220.0,7,162
2025-10-27,SKU0101,200,0.0,7,162
2025-11-03,SKU0101,236,205.0,7,162
2025-11-10,SKU0101,250,,7,162
2025-11-17,SKU0101,111,0.0,7,162
2025-11-24,SKU0101,246,269.0,7,162
2025-12-01,SKU0101,93,0.0,7,162
2025-12-08,SKU0101,270,282.0,7,162
2025-12-15,SKU0101,445,184.0,7,162
2025-12-22,SKU0101,286,0.0,7,162
2025-12-29,SKU0101,144,0.0,7,162
2024-01-01,SKU0102,76,0.0,21,42
2024-01-08,SKU0102,68,0.0,21,42
2024-01-15,SKU0102,60,0.0,21,42
2024-01-22,SKU0102,48,0.0,21,42
2024-01-29,SKU0102,34,,21,42
2024-02-05,SKU0102,34,51.0,21,42
2024-02-12,SKU0102,40,51.0,21,42
2024-02-19,SKU0102,44,52.0,21,42
2024-02-26,SKU0102,29,0.0,21,42
2024-03-04,SKU0102,31,74.0,21,42
2024-03-11,SKU0102,19,0.0,21,42
2024-03-18,SKU0102,31,57.0,21,42
2024-03-25,SKU0102,41,75.0,21,42
2024-04-01,SKU0102,52,75.0,21,42
2024-04-08,SKU0102,34,0.0,21,42
2024-04-15,SKU0102,27,46.0,21,42
2024-04-22,SKU0102,31,55.0,21,42
2024-04-29,SKU0102,23,0.0,21,42
2024-05-06,SKU0102,25,49.0,21,42
2024-05-13,SKU0102,31,50.0,21,42
2024-05-20,SKU0102,36,53.0,21,42
2024-05-27,SKU0102,36,61.0,21,42
2024-06-03,SKU0102,34,70.0,21,42
2024-06-10,SKU0102,27,0.0,21,42
2024-06-17,SKU0102,35,56.0,21,42
2024-06-24,SKU0102,22,0.0,21,42
2024-07-01,SKU0102,24,63.0,21,42
2024-07-08,SKU0102,22,63.0,21,42
2024-07-15,SKU0102,12,0.0,21,42
2024-07-22,SKU0102,13,58.0,21,42
2024-07-29,SKU0102,25,55.0,21,42
2024-08-05,SKU0102,16,0.0,21,42
2024-08-12,SKU0102,3,0.0,21,42
2024-08-19,SKU0102,0,0.0,21,42
2024-08-26,SKU0102,14,67.0,21,42
2024-09-02,SKU0102,27,74.0,21,42
2024-09-09,SKU0102,39,69.0,21,42
2024-09-16,SKU0102,48,69.0,21,42
2024-09-23,SKU0102,53,76.0,21,42
2024-09-30,SKU0102,48,0.0,21,42
2024-10-07,SKU0102,40,0.0,21,42
2024-10-14,SKU0102,57,63.0,21,42
2024-10-21,SKU0102,48,0.0,21,42
2024-10-28,SKU0102,54,,21,42
2024-11-04,SKU0102,58,68.0,21,42
2024-11-11,SKU0102,42,0.0,21,42
2024-11-18,SKU0102,28,0.0,21,42
2024-11-25,SKU0102,33,76.0,21,42
2024-12-02,SKU0102,23,0.0,21,42
2024-12-09,SKU0102,15,0.0,21,42
2024-12-16,SKU0102,11,63.0,21,42
2024-12-23,SKU0102,7,0.0,21,42
2024-12-30,SKU0102,0,0.0,21,42
2025-01-06,SKU0102,14,66.0,21,42
2025-01-13,SKU0102,24,62.0,21,42
2025-01-20,SKU0102,31,52.0,21,42
2025-01-27,SKU0102,42,67.0,21,42
2025-02-03,SKU0102,31,0.0,21,42
2025-02-10,SKU0102,17,0.0,21,42
2025-02-17,SKU0102,4,0.0,21,42
2025-02-24,SKU0102,0,0.0,21,42
2025-03-03,SKU0102,0,0.0,21,42
2025-03-10,SKU0102,0,0.0,21,42
2025-03-17,SKU0102,14,56.0,21,42
2025-03-24,SKU0102,24,57.0,21,42
2025-03-31,SKU0102,32,61.0,21,42
2025-04-07,SKU0102,37,69.0,21,42
2025-04-14,SKU0102,40,67.0,21,42
2025-04-21,SKU0102,27,0.0,21,42
2025-04-28,SKU0102,40,72.0,21,42
2025-05-05,SKU0102,32,0.0,21,42
2025-05-12,SKU0102,45,67.0,21,42
2025-05-19,SKU0102,50,66.0,21,42
2025-05-26,SKU0102,56,69.0,21,42
2025-06-02,SKU0102,56,63.0,21,42
2025-06-09,SKU0102,56,64.0,21,42
2025-06-16,SKU0102,44,0.0,21,42
2025-06-23,SKU0102,34,0.0,21,42
2025-06-30,SKU0102,29,69.0,21,42
2025-07-07,SKU0102,45,49.0,21,42
2025-07-14,SKU0102,46,69.0,21,42
2025-07-21,SKU0102,51,55.0,21,42
2025-07-28,SKU0102,47,57.0,21,42
2025-08-04,SKU0102,42,65.0,21,42
2025-08-11,SKU0102,50,60.0,21,42
2025-08-18,SKU0102,37,0.0,21,42
2025-08-25,SKU0102,25,0.0,21,42
2025-09-01,SKU0102,39,57.0,21,42
2025-09-08,SKU0102,55,69.0,21,42
2025-09-15,SKU0102,53,60.0,21,42
2025-09-22,SKU0102,43,0.0,21,42
2025-09-29,SKU0102,30,0.0,21,42
2025-10-06,SKU0102,23,65.0,21,42
2025-10-13,SKU0102,14,,21,42
2025-10-20,SKU0102,1,0.0,21,42
2025-10-27,SKU0102,25,52.0,21,42
2025-11-03,SKU0102,29,75.0,21,42
2025-11-10,SKU0102,10,0.0,21,42
2025-11-17,SKU0102,0,0.0,21,42
2025-11-24,SKU0102,17,64.0,21,42
2025-12-01,SKU0102,25,51.0,21,42
2025-12-08,SKU0102,25,52.0,21,42
2025-12-15,SKU0102,17,67.0,21,42
2025-12-22,SKU0102,0,0.0,21,42
2025-12-29,SKU0102,26,,21,42
2024-01-01,SKU0103,523,0.0,21,299
2024-01-08,SKU0103,447,0.0,21,299
2024-01-15,SKU0103,368,0.0,21,299
2024-01-22,SKU0103,301,0.0,21,299
2024-01-29,SKU0103,394,292.0,21,299
2024-02-05,SKU0103,319,0.0,21,299
2024-02-12,SKU0103,247,0.0,21,299
2024-02-19,SKU0103,257,429.0,21,299
2024-02-26,SKU0103,179,0.0,21,299
2024-03-04,SKU0103,84,0.0,21,299
2024-03-11,SKU0103,135,344.0,21,299
2024-03-18,SKU0103,166,376.0,21,299
2024-03-25,SKU0103,225,388.0,21,299
2024-04-01,SKU0103,243,443.0,21,299
2024-04-08,SKU0103,232,329.0,21,299
2024-04-15,SKU0103,253,357.0,21,299
2024-04-22,SKU0103,184,0.0,21,299
2024-04-29,SKU0103,210,447.0,21,299
2024-05-06,SKU0103,141,0.0,21,299
2024-05-13,SKU0103,114,330.0,21,299
2024-05-20,SKU0103,184,367.0,21,299
2024-05-27,SKU0103,181,423.0,21,299
2024-06-03,SKU0103,106,0.0,21,299
2024-06-10,SKU0103,169,410.0,21,299
2024-06-17,SKU0103,194,409.0,21,299
2024-06-24,SKU0103,108,0.0,21,299
2024-07-01,SKU0103,48,0.0,21,299
2024-07-08,SKU0103,0,0.0,21,299
2024-07-15,SKU0103,135,448.0,21,299
2024-07-22,SKU0103,61,0.0,21,299
2024-07-29,SKU0103,134,366.0,21,299
2024-08-05,SKU0103,122,419.0,21,299
2024-08-12,SKU0103,55,0.0,21,299
2024-08-19,SKU0103,66,379.0,21,299
2024-08-26,SKU0103,124,297.0,21,299
2024-09-02,SKU0103,189,292.0,21,299
2024-09-09,SKU0103,202,322.0,21,299
2024-09-16,SKU0103,120,0.0,21,299
2024-09-23,SKU0103,64,0.0,21,299
2024-09-30,SKU0103,117,330.0,21,299
2024-10-07,SKU0103,22,0.0,21,299
2024-10-14,SKU0103,69,440.0,21,299
2024-10-21,SKU0103,2,0.0,21,299
2024-10-28,SKU0103,0,0.0,21,299
2024-11-04,SKU0103,74,340.0,21,299
2024-11-11,SKU0103,0,0.0,21,299
2024-11-18,SKU0103,0,0.0,21,299
2024-11-25,SKU0103,67,447.0,21,299
2024-12-02,SKU0103,0,0.0,21,299
2024-12-09,SKU0103,123,293.0,21,299
2024-12-16,SKU0103,51,0.0,21,299
2024-12-23,SKU0103,129,369.0,21,299
2024-12-30,SKU0103,115,351.0,21,299
2025-01-06,SKU0103,151,372.0,21,299
2025-01-13,SKU0103,198,372.0,21,299
2025-01-20,SKU0103,106,0.0,21,299
2025-01-27,SKU0103,29,0.0,21,299
2025-02-03,SKU0103,135,415.0,21,299
2025-02-10,SKU0103,208,432.0,21,299
2025-02-17,SKU0103,252,298.0,21,299
2025-02-24,SKU0103,332,290.0,21,299
2025-03-03,SKU0103,405,398.0,21,299
2025-03-10,SKU0103,342,0.0,21,299
2025-03-17,SKU0103,391,393.0,21,299
2025-03-24,SKU0103,305,0.0,21,299
2025-03-31,SKU0103,244,0.0,21,299
2025-04-07,SKU0103,246,337.0,21,299
2025-04-14,SKU0103,190,0.0,21,299
2025-04-21,SKU0103,212,360.0,21,299
2025-04-28,SKU0103,132,0.0,21,299
2025-05-05,SKU0103,172,446.0,21,299
2025-05-12,SKU0103,87,0.0,21,299
2025-05-19,SKU0103,140,335.0,21,299
2025-05-26,SKU0103,209,289.0,21,299
2025-06-02,SKU0103,210,372.0,21,299
2025-06-09,SKU0103,127,0.0,21,299
2025-06-16,SKU0103,59,0.0,21,299
2025-06-23,SKU0103,63,446.0,21,299
2025-06-30,SKU0103,64,355.0,21,299
2025-07-07,SKU0103,107,308.0,21,299
2025-07-14,SKU0103,20,0.0,21,299
2025-07-21,SKU0103,131,347.0,21,299
2025-07-28,SKU0103,107,284.0,21,299
2025-08-04,SKU0103,167,379.0,21,299
2025-08-11,SKU0103,212,274.0,21,299
2025-08-18,SKU0103,243,346.0,21,299
2025-08-25,SKU0103,245,352.0,21,299
2025-09-01,SKU0103,297,276.0,21,299
2025-09-08,SKU0103,329,449.0,21,299
2025-09-15,SKU0103,249,0.0,21,299
2025-09-22,SKU0103,332,296.0,21,299
2025-09-29,SKU0103,368,323.0,21,299
2025-10-06,SKU0103,288,0.0,21,299
2025-10-13,SKU0103,212,0.0,21,299
2025-10-20,SKU0103,249,301.0,21,299
2025-10-27,SKU0103,303,398.0,21,299
2025-11-03,SKU0103,304,289.0,21,299
2025-11-10,SKU0103,296,291.0,21,299
2025-11-17,SKU0103,220,0.0,21,299
2025-11-24,SKU0103,157,0.0,21,299
2025-12-01,SKU0103,203,310.0,21,299
2025-12-08,SKU0103,291,337.0,21,299
2025-12-15,SKU0103,222,0.0,21,299
2025-12-22,SKU0103,306,271.0,21,299
2025-12-29,SKU0103,389,394.0,21,299
2024-01-01,SKU0104,368,1148.0,30,589
2024-01-08,SKU0104,235,0.0,30,589
2024-01-15,SKU0104,105,0.0,30,589
2024-01-22,SKU0104,115,1123.0,30,589
2024-01-29,SKU0104,271,784.0,30,589
2024-02-05,SKU0104,141,0.0,30,589
2024-02-12,SKU0104,245,956.0,30,589
2024-02-19,SKU0104,386,987.0,30,589
2024-02-26,SKU0104,407,948.0,30,589
2024-03-04,SKU0104,525,923.0,30,589
2024-03-11,SKU0104,644,1109.0,30,589
2024-03-18,SKU0104,498,0.0,30,589
2024-03-25,SKU0104,556,1126.0,30,589
2024-04-01,SKU0104,659,1086.0,30,589
2024-04-08,SKU0104,673,862.0,30,589
2024-04-15,SKU0104,552,0.0,30,589
2024-04-22,SKU0104,672,945.0,30,589
2024-04-29,SKU0104,791,967.0,30,589
2024-05-06,SKU0104,680,0.0,30,589
2024-05-13,SKU0104,670,1010.0,30,589
2024-05-20,SKU0104,512,0.0,30,589
2024-05-27,SKU0104,387,0.0,30,589
2024-06-03,SKU0104,268,0.0,30,589
2024-06-10,SKU0104,149,0.0,30,589
2024-06-17,SKU0104,4,0.0,30,589
2024-06-24,SKU0104,276,1026.0,30,589
2024-07-01,SKU0104,395,1137.0,30,589
2024-07-08,SKU0104,266,0.0,30,589
2024-07-15,SKU0104,273,1046.0,30,589
2024-07-22,SKU0104,114,0.0,30,589
2024-07-29,SKU0104,0,0.0,30,589
2024-08-05,SKU0104,0,0.0,30,589
2024-08-12,SKU0104,258,944.0,30,589
2024-08-19,SKU0104,355,975.0,30,589
2024-08-26,SKU0104,236,0.0,30,589
2024-09-02,SKU0104,98,0.0,30,589
2024-09-09,SKU0104,0,0.0,30,589
2024-09-16,SKU0104,194,915.0,30,589
2024-09-23,SKU0104,64,0.0,30,589
2024-09-30,SKU0104,189,929.0,30,589
2024-10-07,SKU0104,195,1137.0,30,589
2024-10-14,SKU0104,308,883.0,30,589
2024-10-21,SKU0104,393,882.0,30,589
2024-10-28,SKU0104,268,0.0,30,589
2024-11-04,SKU0104,328,1072.0,30,589
2024-11-11,SKU0104,200,0.0,30,589
2024-11-18,SKU0104,227,1013.0,30,589
2024-11-25,SKU0104,117,0.0,30,589
2024-12-02,SKU0104,252,1022.0,30,589
2024-12-09,SKU0104,257,690.0,30,589
2024-12-16,SKU0104,112,0.0,30,589
2024-12-23,SKU0104,0,0.0,30,589
2024-12-30,SKU0104,204,1143.0,30,589
2025-01-06,SKU0104,189,982.0,30,589
2025-01-13,SKU0104,74,0.0,30,589
2025-01-20,SKU0104,282,995.0,30,589
2025-01-27,SKU0104,409,695.0,30,589
2025-02-03,SKU0104,409,699.0,30,589
2025-02-10,SKU0104,444,836.0,30,589
2025-02-17,SKU0104,560,960.0,30,589
2025-02-24,SKU0104,428,0.0,30,589
2025-03-03,SKU0104,551,785.0,30,589
2025-03-10,SKU0104,424,0.0,30,589
2025-03-17,SKU0104,299,0.0,30,589
2025-03-24,SKU0104,141,0.0,30,589
2025-03-31,SKU0104,166,1040.0,30,589
2025-04-07,SKU0104,249,908.0,30,589
2025-04-14,SKU0104,335,1061.0,30,589
2025-04-21,SKU0104,418,1002.0,30,589
2025-04-28,SKU0104,538,973.0,30,589
2025-05-05,SKU0104,417,0.0,30,589
2025-05-12,SKU0104,394,870.0,30,589
2025-05-19,SKU0104,406,1145.0,30,589
2025-05-26,SKU0104,528,825.0,30,589
2025-06-02,SKU0104,580,1127.0,30,589
2025-06-09,SKU0104,446,0.0,30,589
2025-06-16,SKU0104,561,715.0,30,589
2025-06-23,SKU0104,527,1047.0,30,589
2025-06-30,SKU0104,668,851.0,30,589
2025-07-07,SKU0104,513,0.0,30,589
2025-07-14,SKU0104,641,834.0,30,589
2025-07-21,SKU0104,642,1015.0,30,589
2025-07-28,SKU0104,615,1099.0,30,589
2025-08-04,SKU0104,691,912.0,30,589
2025-08-11,SKU0104,568,0.0,30,589
2025-08-18,SKU0104,428,0.0,30,589
2025-08-25,SKU0104,268,0.0,30,589
2025-09-01,SKU0104,118,0.0,30,589
2025-09-08,SKU0104,132,878.0,30,589
2025-09-15,SKU0104,233,944.0,30,589
2025-09-22,SKU0104,305,751.0,30,589
2025-09-29,SKU0104,168,0.0,30,589
2025-10-06,SKU0104,164,1058.0,30,589
2025-10-13,SKU0104,211,1054.0,30,589
2025-10-20,SKU0104,352,744.0,30,589
2025-10-27,SKU0104,440,1013.0,30,589
2025-11-03,SKU0104,434,765.0,30,589
2025-11-10,SKU0104,301,0.0,30,589
2025-11-17,SKU0104,279,853.0,30,589
2025-11-24,SKU0104,149,0.0,30,589
2025-12-01,SKU0104,203,1092.0,30,589
2025-12-08,SKU0104,377,1037.0,30,589
2025-12-15,SKU0104,242,0.0,30,589
2025-12-22,SKU0104,100,0.0,30,589
2025-12-29,SKU0104,0,0.0,30,589
2024-01-01,SKU0105,930,0.0,14,499
2024-01-08,SKU0105,767,0.0,14,499
2024-01-15,SKU0105,606,,14,499
2024-01-22,SKU0105,693,678.0,14,499
2024-01-29,SKU0105,525,0.0,14,499
2024-02-05,SKU0105,367,0.0,14,499
2024-02-12,SKU0105,424,467.0,14,499
2024-02-19,SKU0105,418,499.0,14,499
2024-02-26,SKU0105,254,0.0,14,499
2024-03-04,SKU0105,388,504.0,14,499
2024-03-11,SKU0105,384,615.0,14,499
2024-03-18,SKU0105,215,0.0,14,499
2024-03-25,SKU0105,193,557.0,14,499
2024-04-01,SKU0105,197,646.0,14,499
2024-04-08,SKU0105,19,0.0,14,499
2024-04-15,SKU0105,128,549.0,14,499
2024-04-22,SKU0105,0,0.0,14,499
2024-04-29,SKU0105,336,625.0,14,499
2024-05-06,SKU0105,380,587.0,14,499
2024-05-13,SKU0105,417,433.0,14,499
2024-05-20,SKU0105,239,0.0,14,499
2024-05-27,SKU0105,382,652.0,14,499
2024-06-03,SKU0105,517,429.0,14,499
2024-06-10,SKU0105,543,425.0,14,499
2024-06-17,SKU0105,719,506.0,14,499
2024-06-24,SKU0105,524,0.0,14,499
2024-07-01,SKU0105,672,499.0,14,499
2024-07-08,SKU0105,481,0.0,14,499
2024-07-15,SKU0105,298,0.0,14,499
2024-07-22,SKU0105,244,619.0,14,499
2024-07-29,SKU0105,194,414.0,14,499
2024-08-05,SKU0105,28,0.0,14,499
2024-08-12,SKU0105,0,0.0,14,499
2024-08-19,SKU0105,0,0.0,14,499
2024-08-26,SKU0105,0,0.0,14,499
2024-09-02,SKU0105,217,477.0,14,499
2024-09-09,SKU0105,18,0.0,14,499
2024-09-16,SKU0105,214,530.0,14,499
2024-09-23,SKU0105,312,479.0,14,499
2024-09-30,SKU0105,340,641.0,14,499
2024-10-07,SKU0105,350,596.0,14,499
2024-10-14,SKU0105,456,583.0,14,499
2024-10-21,SKU0105,403,602.0,14,499
2024-10-28,SKU0105,525,679.0,14,499
2024-11-04,SKU0105,525,500.0,14,499
2024-11-11,SKU0105,673,548.0,14,499
2024-11-18,SKU0105,685,652.0,14,499
2024-11-25,SKU0105,511,0.0,14,499
2024-12-02,SKU0105,512,675.0,14,499
2024-12-09,SKU0105,646,531.0,14,499
2024-12-16,SKU0105,499,0.0,14,499
2024-12-23,SKU0105,666,442.0,14,499
2024-12-30,SKU0105,744,601.0,14,499
2025-01-06,SKU0105,588,0.0,14,499
2025-01-13,SKU0105,669,435.0,14,499
2025-01-20,SKU0105,508,0.0,14,499
2025-01-27,SKU0105,337,0.0,14,499
2025-02-03,SKU0105,169,0.0,14,499
2025-02-10,SKU0105,163,475.0,14,499
2025-02-17,SKU0105,0,0.0,14,499
2025-02-24,SKU0105,172,612.0,14,499
2025-03-03,SKU0105,134,639.0,14,499
2025-03-10,SKU0105,325,668.0,14,499
2025-03-17,SKU0105,364,481.0,14,499
2025-03-24,SKU0105,206,0.0,14,499
2025-03-31,SKU0105,211,455.0,14,499
2025-04-07,SKU0105,401,547.0,14,499
2025-04-14,SKU0105,257,0.0,14,499
2025-04-21,SKU0105,72,0.0,14,499
2025-04-28,SKU0105,172,433.0,14,499
2025-05-05,SKU0105,12,0.0,14,499
2025-05-12,SKU0105,220,587.0,14,499
2025-05-19,SKU0105,195,644.0,14,499
2025-05-26,SKU0105,370,486.0,14,499
2025-06-02,SKU0105,403,475.0,14,499
2025-06-09,SKU0105,218,,14,499
2025-06-16,SKU0105,47,0.0,14,499
2025-06-23,SKU0105,0,0.0,14,499
2025-06-30,SKU0105,150,657.0,14,499
2025-07-07,SKU0105,326,556.0,14,499
2025-07-14,SKU0105,385,637.0,14,499
2025-07-21,SKU0105,204,0.0,14,499
2025-07-28,SKU0105,34,0.0,14,499
2025-08-04,SKU0105,157,609.0,14,499
2025-08-11,SKU0105,298,629.0,14,499
2025-08-18,SKU0105,136,0.0,14,499
2025-08-25,SKU0105,299,444.0,14,499
2025-09-01,SKU0105,460,613.0,14,499
2025-09-08,SKU0105,446,412.0,14,499
2025-09-15,SKU0105,411,497.0,14,499
2025-09-22,SKU0105,457,487.0,14,499
2025-09-29,SKU0105,453,422.0,14,499
2025-10-06,SKU0105,261,0.0,14,499
2025-10-13,SKU0105,308,678.0,14,499
2025-10-20,SKU0105,135,0.0,14,499
2025-10-27,SKU0105,268,490.0,14,499
2025-11-03,SKU0105,231,649.0,14,499
2025-11-10,SKU0105,386,679.0,14,499
2025-11-17,SKU0105,231,0.0,14,499
2025-11-24,SKU0105,63,0.0,14,499
2025-12-01,SKU0105,212,628.0,14,499
2025-12-08,SKU0105,44,0.0,14,499
2025-12-15,SKU0105,147,497.0,14,499
2025-12-22,SKU0105,0,0.0,14,499
2025-12-29,SKU0105,0,0.0,14,499
2024-01-01,SKU0106,87,157.0,14,118
2024-01-08,SKU0106,117,103.0,14,118
2024-01-15,SKU0106,76,0.0,14,118
2024-01-22,SKU0106,86,130.0,14,118
2024-01-29,SKU0106,105,165.0,14,118
2024-02-05,SKU0106,136,149.0,14,118
2024-02-12,SKU0106,135,137.0,14,118
2024-02-19,SKU0106,126,110.0,14,118
2024-02-26,SKU0106,133,158.0,14,118
2024-03-04,SKU0106,89,0.0,14,118
2024-03-11,SKU0106,42,0.0,14,118
2024-03-18,SKU0106,0,0.0,14,118
2024-03-25,SKU0106,0,0.0,14,118
2024-04-01,SKU0106,83,130.0,14,118
2024-04-08,SKU0106,83,159.0,14,118
2024-04-15,SKU0106,93,133.0,14,118
2024-04-22,SKU0106,52,0.0,14,118
2024-04-29,SKU0106,9,0.0,14,118
2024-05-06,SKU0106,56,132.0,14,118
2024-05-13,SKU0106,16,0.0,14,118
2024-05-20,SKU0106,0,0.0,14,118
2024-05-27,SKU0106,0,0.0,14,118
2024-06-03,SKU0106,35,145.0,14,118
2024-06-10,SKU0106,37,106.0,14,118
2024-06-17,SKU0106,52,145.0,14,118
2024-06-24,SKU0106,85,162.0,14,118
2024-07-01,SKU0106,57,0.0,14,118
2024-07-08,SKU0106,35,134.0,14,118
2024-07-15,SKU0106,62,,14,118
2024-07-22,SKU0106,78,144.0,14,118
2024-07-29,SKU0106,96,112.0,14,118
2024-08-05,SKU0106,127,150.0,14,118
2024-08-12,SKU0106,156,141.0,14,118
2024-08-19,SKU0106,120,0.0,14,118
2024-08-26,SKU0106,80,0.0,14,118
2024-09-02,SKU0106,121,155.0,14,118
2024-09-09,SKU0106,78,0.0,14,118
2024-09-16,SKU0106,29,0.0,14,118
2024-09-23,SKU0106,0,0.0,14,118
2024-09-30,SKU0106,0,0.0,14,118
2024-10-07,SKU0106,72,120.0,14,118
2024-10-14,SKU0106,121,121.0,14,118
2024-10-21,SKU0106,81,0.0,14,118
2024-10-28,SKU0106,120,134.0,14,118
2024-11-04,SKU0106,88,0.0,14,118
2024-11-11,SKU0106,118,141.0,14,118
2024-11-18,SKU0106,109,126.0,14,118
2024-11-25,SKU0106,111,113.0,14,118
2024-12-02,SKU0106,126,153.0,14,118
2024-12-09,SKU0106,180,137.0,14,118
2024-12-16,SKU0106,133,0.0,14,118
2024-12-23,SKU0106,143,108.0,14,118
2024-12-30,SKU0106,165,107.0,14,118
2025-01-06,SKU0106,116,0.0,14,118
2025-01-13,SKU0106,73,0.0,14,118
2025-01-20,SKU0106,91,167.0,14,118
2025-01-27,SKU0106,116,124.0,14,118
2025-02-03,SKU0106,82,0.0,14,118
2025-02-10,SKU0106,91,138.0,14,118
2025-02-17,SKU0106,114,134.0,14,118
2025-02-24,SKU0106,76,0.0,14,118
2025-03-03,SKU0106,30,0.0,14,118
2025-03-10,SKU0106,45,123.0,14,118
2025-03-17,SKU0106,94,119.0,14,118
2025-03-24,SKU0106,96,114.0,14,118
2025-03-31,SKU0106,51,0.0,14,118
2025-04-07,SKU0106,85,165.0,14,118
2025-04-14,SKU0106,95,116.0,14,118
2025-04-21,SKU0106,96,114.0,14,118
2025-04-28,SKU0106,115,107.0,14,118
2025-05-05,SKU0106,115,117.0,14,118
2025-05-12,SKU0106,127,153.0,14,118
2025-05-19,SKU0106,96,0.0,14,118
2025-05-26,SKU0106,55,0.0,14,118
2025-06-02,SKU0106,7,0.0,14,118
2025-06-09,SKU0106,0,0.0,14,118
2025-06-16,SKU0106,0,0.0,14,118
2025-06-23,SKU0106,81,160.0,14,118
2025-06-30,SKU0106,88,148.0,14,118
2025-07-07,SKU0106,52,0.0,14,118
2025-07-14,SKU0106,78,166.0,14,118
2025-07-21,SKU0106,83,147.0,14,118
2025-07-28,SKU0106,42,0.0,14,118
2025-08-04,SKU0106,9,0.0,14,118
2025-08-11,SKU0106,0,0.0,14,118
2025-08-18,SKU0106,57,152.0,14,118
2025-08-25,SKU0106,85,137.0,14,118
2025-09-01,SKU0106,87,115.0,14,118
2025-09-08,SKU0106,45,0.0,14,118
2025-09-15,SKU0106,86,147.0,14,118
2025-09-22,SKU0106,41,0.0,14,118
2025-09-29,SKU0106,81,103.0,14,118
2025-10-06,SKU0106,37,0.0,14,118
2025-10-13,SKU0106,0,0.0,14,118
2025-10-20,SKU0106,0,0.0,14,118
2025-10-27,SKU0106,0,0.0,14,118
2025-11-03,SKU0106,52,168.0,14,118
2025-11-10,SKU0106,50,130.0,14,118
2025-11-17,SKU0106,84,103.0,14,118
2025-11-24,SKU0106,86,134.0,14,118
2025-12-01,SKU0106,70,145.0,14,118
2025-12-08,SKU0106,104,141.0,14,118
2025-12-15,SKU0106,61,0.0,14,118
2025-12-22,SKU0106,16,0.0,14,118
2025-12-29,SKU0106,0,0.0,14,118
2024-01-01,SKU0107,244,0.0,14,196
2024-01-08,SKU0107,237,242.0,14,196
2024-01-15,SKU0107,159,0.0,14,196
2024-01-22,SKU0107,58,0.0,14,196
2024-01-29,SKU0107,0,0.0,14,196
2024-02-05,SKU0107,0,0.0,14,196
2024-02-12,SKU0107,142,229.0,14,196
2024-02-19,SKU0107,208,337.0,14,196
2024-02-26,SKU0107,90,0.0,14,196
2024-03-04,SKU0107,93,344.0,14,196
2024-03-11,SKU0107,180,280.0,14,196
2024-03-18,SKU0107,191,286.0,14,196
2024-03-25,SKU0107,160,237.0,14,196
2024-04-01,SKU0107,204,291.0,14,196
2024-04-08,SKU0107,308,312.0,14,196
2024-04-15,SKU0107,218,0.0,14,196
2024-04-22,SKU0107,112,0.0,14,196
2024-04-29,SKU0107,35,0.0,14,196
2024-05-06,SKU0107,153,338.0,14,196
2024-05-13,SKU0107,166,318.0,14,196
2024-05-20,SKU0107,72,0.0,14,196
2024-05-27,SKU0107,0,0.0,14,196
2024-06-03,SKU0107,63,300.0,14,196
2024-06-10,SKU0107,0,0.0,14,196
2024-06-17,SKU0107,185,272.0,14,196
2024-06-24,SKU0107,175,263.0,14,196
2024-07-01,SKU0107,172,229.0,14,196
2024-07-08,SKU0107,194,324.0,14,196
2024-07-15,SKU0107,131,0.0,14,196
2024-07-22,SKU0107,54,,14,196
2024-07-29,SKU0107,0,0.0,14,196
2024-08-05,SKU0107,0,0.0,14,196
2024-08-12,SKU0107,0,0.0,14,196
2024-08-19,SKU0107,130,243.0,14,196
2024-08-26,SKU0107,213,254.0,14,196
2024-09-02,SKU0107,126,0.0,14,196
2024-09-09,SKU0107,168,,14,196
2024-09-16,SKU0107,77,0.0,14,196
2024-09-23,SKU0107,0,0.0,14,196
2024-09-30,SKU0107,123,231.0,14,196
2024-10-07,SKU0107,175,257.0,14,196
2024-10-14,SKU0107,201,241.0,14,196
2024-10-21,SKU0107,102,0.0,14,196
2024-10-28,SKU0107,115,238.0,14,196
2024-11-04,SKU0107,174,215.0,14,196
2024-11-11,SKU0107,204,298.0,14,196
2024-11-18,SKU0107,128,0.0,14,196
2024-11-25,SKU0107,45,0.0,14,196
2024-12-02,SKU0107,0,0.0,14,196
2024-12-09,SKU0107,109,341.0,14,196
2024-12-16,SKU0107,125,321.0,14,196
2024-12-23,SKU0107,34,0.0,14,196
2024-12-30,SKU0107,105,246.0,14,196
2025-01-06,SKU0107,191,318.0,14,196
2025-01-13,SKU0107,113,0.0,14,196
2025-01-20,SKU0107,213,284.0,14,196
2025-01-27,SKU0107,239,315.0,14,196
2025-02-03,SKU0107,155,0.0,14,196
2025-02-10,SKU0107,173,316.0,14,196
2025-02-17,SKU0107,81,0.0,14,196
2025-02-24,SKU0107,100,338.0,14,196
2025-03-03,SKU0107,99,341.0,14,196
2025-03-10,SKU0107,167,298.0,14,196
2025-03-17,SKU0107,86,0.0,14,196
2025-03-24,SKU0107,18,0.0,14,196
2025-03-31,SKU0107,0,0.0,14,196
2025-04-07,SKU0107,148,279.0,14,196
2025-04-14,SKU0107,63,0.0,14,196
2025-04-21,SKU0107,113,220.0,14,196
2025-04-28,SKU0107,182,239.0,14,196
2025-05-05,SKU0107,212,321.0,14,196
2025-05-12,SKU0107,259,224.0,14,196
2025-05-19,SKU0107,346,309.0,14,196
2025-05-26,SKU0107,270,0.0,14,196
2025-06-02,SKU0107,187,0.0,14,196
2025-06-09,SKU0107,84,0.0,14,196
2025-06-16,SKU0107,0,0.0,14,196
2025-06-23,SKU0107,0,0.0,14,196
2025-06-30,SKU0107,0,0.0,14,196
2025-07-07,SKU0107,0,0.0,14,196
2025-07-14,SKU0107,109,293.0,14,196
2025-07-21,SKU0107,148,297.0,14,196
2025-07-28,SKU0107,193,322.0,14,196
2025-08-04,SKU0107,113,0.0,14,196
2025-08-11,SKU0107,14,0.0,14,196
2025-08-18,SKU0107,140,260.0,14,196
2025-08-25,SKU0107,52,0.0,14,196
2025-09-01,SKU0107,175,341.0,14,196
2025-09-08,SKU0107,211,329.0,14,196
2025-09-15,SKU0107,308,227.0,14,196
2025-09-22,SKU0107,214,0.0,14,196
2025-09-29,SKU0107,225,281.0,14,196
2025-10-06,SKU0107,149,0.0,14,196
2025-10-13,SKU0107,188,273.0,14,196
2025-10-20,SKU0107,230,276.0,14,196
2025-10-27,SKU0107,251,288.0,14,196
2025-11-03,SKU0107,328,327.0,14,196
2025-11-10,SKU0107,240,0.0,14,196
2025-11-17,SKU0107,249,321.0,14,196
2025-11-24,SKU0107,239,301.0,14,196
2025-12-01,SKU0107,137,0.0,14,196
2025-12-08,SKU0107,60,0.0,14,196
2025-12-15,SKU0107,137,231.0,14,196
2025-12-22,SKU0107,66,0.0,14,196
2025-12-29,SKU0107,81,333.0,14,196
2024-01-01,SKU0108,847,0.0,14,336
2024-01-08,SKU0108,721,0.0,14,336
2024-01-15,SKU0108,579,0.0,14,336
2024-01-22,SKU0108,447,0.0,14,336
2024-01-29,SKU0108,457,382.0,14,336
2024-02-05,SKU0108,319,0.0,14,336
2024-02-12,SKU0108,402,401.0,14,336
2024-02-19,SKU0108,247,0.0,14,336
2024-02-26,SKU0108,236,448.0,14,336
2024-03-04,SKU0108,235,336.0,14,336
2024-03-11,SKU0108,222,489.0,14,336
2024-03-18,SKU0108,66,0.0,14,336
2024-03-25,SKU0108,263,529.0,14,336
2024-04-01,SKU0108,129,0.0,14,336
2024-04-08,SKU0108,0,0.0,14,336
2024-04-15,SKU0108,0,0.0,14,336
2024-04-22,SKU0108,0,0.0,14,336
2024-04-29,SKU0108,178,381.0,14,336
2024-05-06,SKU0108,159,406.0,14,336
2024-05-13,SKU0108,199,523.0,14,336
2024-05-20,SKU0108,193,505.0,14,336
2024-05-27,SKU0108,258,,14,336
2024-06-03,SKU0108,124,0.0,14,336
2024-06-10,SKU0108,119,527.0,14,336
2024-06-17,SKU0108,0,0.0,14,336
2024-06-24,SKU0108,145,427.0,14,336
2024-07-01,SKU0108,203,445.0,14,336
2024-07-08,SKU0108,71,0.0,14,336
2024-07-15,SKU0108,169,520.0,14,336
2024-07-22,SKU0108,258,361.0,14,336
2024-07-29,SKU0108,274,397.0,14,336
2024-08-05,SKU0108,343,430.0,14,336
2024-08-12,SKU0108,353,486.0,14,336
2024-08-19,SKU0108,209,0.0,14,336
2024-08-26,SKU0108,305,365.0,14,336
2024-09-02,SKU0108,172,0.0,14,336
2024-09-09,SKU0108,27,0.0,14,336
2024-09-16,SKU0108,277,334.0,14,336
2024-09-23,SKU0108,283,480.0,14,336
2024-09-30,SKU0108,160,0.0,14,336
2024-10-07,SKU0108,296,513.0,14,336
2024-10-14,SKU0108,168,0.0,14,336
2024-10-21,SKU0108,43,0.0,14,336
2024-10-28,SKU0108,112,403.0,14,336
2024-11-04,SKU0108,139,457.0,14,336
2024-11-11,SKU0108,9,0.0,14,336
2024-11-18,SKU0108,140,338.0,14,336
2024-11-25,SKU0108,120,447.0,14,336
2024-12-02,SKU0108,127,331.0,14,336
2024-12-09,SKU0108,180,461.0,14,336
2024-12-16,SKU0108,272,389.0,14,336
2024-12-23,SKU0108,277,353.0,14,336
2024-12-30,SKU0108,409,469.0,14,336
2025-01-06,SKU0108,537,480.0,14,336
2025-01-13,SKU0108,408,0.0,14,336
2025-01-20,SKU0108,262,0.0,14,336
2025-01-27,SKU0108,119,0.0,14,336
2025-02-03,SKU0108,113,515.0,14,336
2025-02-10,SKU0108,236,441.0,14,336
2025-02-17,SKU0108,284,547.0,14,336
2025-02-24,SKU0108,131,0.0,14,336
2025-03-03,SKU0108,0,0.0,14,336
2025-03-10,SKU0108,224,422.0,14,336
2025-03-17,SKU0108,78,0.0,14,336
2025-03-24,SKU0108,0,0.0,14,336
2025-03-31,SKU0108,0,0.0,14,336
2025-04-07,SKU0108,128,359.0,14,336
2025-04-14,SKU0108,143,344.0,14,336
2025-04-21,SKU0108,108,399.0,14,336
2025-04-28,SKU0108,0,0.0,14,336
2025-05-05,SKU0108,0,0.0,14,336
2025-05-12,SKU0108,194,337.0,14,336
2025-05-19,SKU0108,233,547.0,14,336
2025-05-26,SKU0108,200,459.0,14,336
2025-06-02,SKU0108,61,0.0,14,336
2025-06-09,SKU0108,146,398.0,14,336
2025-06-16,SKU0108,21,0.0,14,336
2025-06-23,SKU0108,172,338.0,14,336
2025-06-30,SKU0108,326,383.0,14,336
2025-07-07,SKU0108,473,363.0,14,336
2025-07-14,SKU0108,615,529.0,14,336
2025-07-21,SKU0108,494,0.0,14,336
2025-07-28,SKU0108,356,0.0,14,336
2025-08-04,SKU0108,324,454.0,14,336
2025-08-11,SKU0108,182,0.0,14,336
2025-08-18,SKU0108,171,468.0,14,336
2025-08-25,SKU0108,272,478.0,14,336
2025-09-01,SKU0108,141,0.0,14,336
2025-09-08,SKU0108,235,383.0,14,336
2025-09-15,SKU0108,111,0.0,14,336
2025-09-22,SKU0108,133,345.0,14,336
2025-09-29,SKU0108,223,471.0,14,336
2025-10-06,SKU0108,68,0.0,14,336
2025-10-13,SKU0108,137,,14,336
2025-10-20,SKU0108,138,463.0,14,336
2025-10-27,SKU0108,272,420.0,14,336
2025-11-03,SKU0108,124,0.0,14,336
2025-11-10,SKU0108,212,441.0,14,336
2025-11-17,SKU0108,208,544.0,14,336
2025-11-24,SKU0108,105,0.0,14,336
2025-12-01,SKU0108,154,381.0,14,336
2025-12-08,SKU0108,254,,14,336
2025-12-15,SKU0108,260,346.0,14,336
2025-12-22,SKU0108,129,0.0,14,336
2025-12-29,SKU0108,183,382.0,14,336
2024-01-01,SKU0109,54,0.0,14,213
2024-01-08,SKU0109,123,343.0,14,213
2024-01-15,SKU0109,15,0.0,14,213
2024-01-22,SKU0109,207,322.0,14,213
2024-01-29,SKU0109,107,0.0,14,213
2024-02-05,SKU0109,99,386.0,14,213
2024-02-12,SKU0109,111,338.0,14,213
2024-02-19,SKU0109,165,309.0,14,213
2024-02-26,SKU0109,77,,14,213
2024-03-04,SKU0109,168,,14,213
2024-03-11,SKU0109,135,384.0,14,213
2024-03-18,SKU0109,202,242.0,14,213
2024-03-25,SKU0109,269,297.0,14,213
2024-04-01,SKU0109,172,0.0,14,213
2024-04-08,SKU0109,213,253.0,14,213
2024-04-15,SKU0109,257,303.0,14,213
2024-04-22,SKU0109,155,0.0,14,213
2024-04-29,SKU0109,62,,14,213
2024-05-06,SKU0109,0,0.0,14,213
2024-05-13,SKU0109,71,241.0,14,213
2024-05-20,SKU0109,129,234.0,14,213
2024-05-27,SKU0109,135,234.0,14,213
2024-06-03,SKU0109,187,261.0,14,213
2024-06-10,SKU0109,278,279.0,14,213
2024-06-17,SKU0109,197,0.0,14,213
2024-06-24,SKU0109,178,341.0,14,213
2024-07-01,SKU0109,283,376.0,14,213
2024-07-08,SKU0109,335,323.0,14,213
2024-07-15,SKU0109,239,0.0,14,213
2024-07-22,SKU0109,137,0.0,14,213
2024-07-29,SKU0109,141,302.0,14,213
2024-08-05,SKU0109,223,243.0,14,213
2024-08-12,SKU0109,122,0.0,14,213
2024-08-19,SKU0109,213,313.0,14,213
2024-08-26,SKU0109,306,352.0,14,213
2024-09-02,SKU0109,327,235.0,14,213
2024-09-09,SKU0109,243,0.0,14,213
2024-09-16,SKU0109,157,0.0,14,213
2024-09-23,SKU0109,246,369.0,14,213
2024-09-30,SKU0109,126,0.0,14,213
2024-10-07,SKU0109,48,0.0,14,213
2024-10-14,SKU0109,151,,14,213
2024-10-21,SKU0109,239,294.0,14,213
2024-10-28,SKU0109,155,0.0,14,213
2024-11-04,SKU0109,55,0.0,14,213
2024-11-11,SKU0109,0,0.0,14,213
2024-11-18,SKU0109,117,327.0,14,213
2024-11-25,SKU0109,114,340.0,14,213
2024-12-02,SKU0109,171,316.0,14,213
2024-12-09,SKU0109,85,0.0,14,213
2024-12-16,SKU0109,89,363.0,14,213
2024-12-23,SKU0109,161,296.0,14,213
2024-12-30,SKU0109,142,315.0,14,213
2025-01-06,SKU0109,40,0.0,14,213
2025-01-13,SKU0109,0,0.0,14,213
2025-01-20,SKU0109,130,259.0,14,213
2025-01-27,SKU0109,174,317.0,14,213
2025-02-03,SKU0109,85,0.0,14,213
2025-02-10,SKU0109,187,336.0,14,213
2025-02-17,SKU0109,268,319.0,14,213
2025-02-24,SKU0109,335,244.0,14,213
2025-03-03,SKU0109,225,0.0,14,213
2025-03-10,SKU0109,275,267.0,14,213
2025-03-17,SKU0109,187,0.0,14,213
2025-03-24,SKU0109,239,375.0,14,213
2025-03-31,SKU0109,272,236.0,14,213
2025-04-07,SKU0109,178,0.0,14,213
2025-04-14,SKU0109,216,,14,213
2025-04-21,SKU0109,251,385.0,14,213
2025-04-28,SKU0109,163,0.0,14,213
2025-05-05,SKU0109,204,332.0,14,213
2025-05-12,SKU0109,112,0.0,14,213
2025-05-19,SKU0109,14,0.0,14,213
2025-05-26,SKU0109,165,296.0,14,213
2025-06-02,SKU0109,164,317.0,14,213
2025-06-09,SKU0109,224,372.0,14,213
2025-06-16,SKU0109,316,347.0,14,213
2025-06-23,SKU0109,302,357.0,14,213
2025-06-30,SKU0109,212,0.0,14,213
2025-07-07,SKU0109,115,0.0,14,213
2025-07-14,SKU0109,166,336.0,14,213
2025-07-21,SKU0109,250,272.0,14,213
2025-07-28,SKU0109,152,0.0,14,213
2025-08-04,SKU0109,178,388.0,14,213
2025-08-11,SKU0109,280,390.0,14,213
2025-08-18,SKU0109,165,0.0,14,213
2025-08-25,SKU0109,69,0.0,14,213
2025-09-01,SKU0109,144,275.0,14,213
2025-09-08,SKU0109,46,0.0,14,213
2025-09-15,SKU0109,0,0.0,14,213
2025-09-22,SKU0109,182,295.0,14,213
2025-09-29,SKU0109,157,323.0,14,213
2025-10-06,SKU0109,156,281.0,14,213
2025-10-13,SKU0109,185,278.0,14,213
2025-10-20,SKU0109,172,360.0,14,213
2025-10-27,SKU0109,53,0.0,14,213
2025-11-03,SKU0109,0,0.0,14,213
2025-11-10,SKU0109,0,0.0,14,213
2025-11-17,SKU0109,207,270.0,14,213
2025-11-24,SKU0109,115,0.0,14,213
2025-12-01,SKU0109,26,0.0,14,213
2025-12-08,SKU0109,0,0.0,14,213
2025-12-15,SKU0109,0,0.0,14,213
2025-12-22,SKU0109,0,0.0,14,213
2025-12-29,SKU0109,0,0.0,14,213
2024-01-01,SKU0110,617,0.0,7,119
2024-01-08,SKU0110,519,0.0,7,119
2024-01-15,SKU0110,414,0.0,7,119
2024-01-22,SKU0110,319,0.0,7,119
2024-01-29,SKU0110,228,0.0,7,119
2024-02-05,SKU0110,129,0.0,7,119
2024-02-12,SKU0110,139,192.0,7,119
2024-02-19,SKU0110,37,0.0,7,119
2024-02-26,SKU0110,0,0.0,7,119
2024-03-04,SKU0110,0,0.0,7,119
2024-03-11,SKU0110,89,144.0,7,119
2024-03-18,SKU0110,0,0.0,7,119
2024-03-25,SKU0110,100,178.0,7,119
2024-04-01,SKU0110,1,0.0,7,119
2024-04-08,SKU0110,173,145.0,7,119
2024-04-15,SKU0110,214,169.0,7,119
2024-04-22,SKU0110,118,,7,119
2024-04-29,SKU0110,104,162.0,7,119
2024-05-06,SKU0110,8,0.0,7,119
2024-05-13,SKU0110,166,161.0,7,119
2024-05-20,SKU0110,68,0.0,7,119
2024-05-27,SKU0110,200,157.0,7,119
2024-06-03,SKU0110,102,0.0,7,119
2024-06-10,SKU0110,0,0.0,7,119
2024-06-17,SKU0110,0,0.0,7,119
2024-06-24,SKU0110,121,138.0,7,119
2024-07-01,SKU0110,9,0.0,7,119
2024-07-08,SKU0110,0,0.0,7,119
2024-07-15,SKU0110,0,0.0,7,119
2024-07-22,SKU0110,0,0.0,7,119
2024-07-29,SKU0110,0,0.0,7,119
2024-08-05,SKU0110,0,0.0,7,119
2024-08-12,SKU0110,152,121.0,7,119
2024-08-19,SKU0110,60,0.0,7,119
2024-08-26,SKU0110,182,121.0,7,119
2024-09-02,SKU0110,263,131.0,7,119
2024-09-09,SKU0110,169,0.0,7,119
2024-09-16,SKU0110,270,132.0,7,119
2024-09-23,SKU0110,175,0.0,7,119
2024-09-30,SKU0110,160,157.0,7,119
2024-10-07,SKU0110,74,0.0,7,119
2024-10-14,SKU0110,130,138.0,7,119
2024-10-21,SKU0110,196,158.0,7,119
2024-10-28,SKU0110,214,181.0,7,119
2024-11-04,SKU0110,135,0.0,7,119
2024-11-11,SKU0110,40,0.0,7,119
2024-11-18,SKU0110,191,159.0,7,119
2024-11-25,SKU0110,98,0.0,7,119
2024-12-02,SKU0110,101,195.0,7,119
2024-12-09,SKU0110,76,167.0,7,119
2024-12-16,SKU0110,123,123.0,7,119
2024-12-23,SKU0110,18,0.0,7,119
2024-12-30,SKU0110,0,0.0,7,119
2025-01-06,SKU0110,80,170.0,7,119
2025-01-13,SKU0110,209,148.0,7,119
2025-01-20,SKU0110,124,0.0,7,119
2025-01-27,SKU0110,182,194.0,7,119
2025-02-03,SKU0110,78,0.0,7,119
2025-02-10,SKU0110,0,0.0,7,119
2025-02-17,SKU0110,142,135.0,7,119
2025-02-24,SKU0110,149,121.0,7,119
2025-03-03,SKU0110,59,0.0,7,119
2025-03-10,SKU0110,0,0.0,7,119
2025-03-17,SKU0110,121,132.0,7,119
2025-03-24,SKU0110,168,177.0,7,119
2025-03-31,SKU0110,182,197.0,7,119
2025-04-07,SKU0110,98,0.0,7,119
2025-04-14,SKU0110,0,0.0,7,119
2025-04-21,SKU0110,0,0.0,7,119
2025-04-28,SKU0110,129,126.0,7,119
2025-05-05,SKU0110,245,180.0,7,119
2025-05-12,SKU0110,137,0.0,7,119
2025-05-19,SKU0110,224,194.0,7,119
2025-05-26,SKU0110,125,0.0,7,119
2025-06-02,SKU0110,185,176.0,7,119
2025-06-09,SKU0110,260,188.0,7,119
2025-06-16,SKU0110,168,0.0,7,119
2025-06-23,SKU0110,218,156.0,7,119
2025-06-30,SKU0110,122,0.0,7,119
2025-07-07,SKU0110,223,125.0,7,119
2025-07-14,SKU0110,130,0.0,7,119
2025-07-21,SKU0110,210,197.0,7,119
2025-07-28,SKU0110,274,185.0,7,119
2025-08-04,SKU0110,180,0.0,7,119
2025-08-11,SKU0110,69,0.0,7,119
2025-08-18,SKU0110,181,177.0,7,119
2025-08-25,SKU0110,79,0.0,7,119
2025-09-01,SKU0110,0,0.0,7,119
2025-09-08,SKU0110,80,170.0,7,119
2025-09-15,SKU0110,210,138.0,7,119
2025-09-22,SKU0110,261,172.0,7,119
2025-09-29,SKU0110,177,0.0,7,119
2025-10-06,SKU0110,175,158.0,7,119
2025-10-13,SKU0110,75,0.0,7,119
2025-10-20,SKU0110,0,0.0,7,119
2025-10-27,SKU0110,0,0.0,7,119
2025-11-03,SKU0110,0,0.0,7,119
2025-11-10,SKU0110,214,126.0,7,119
2025-11-17,SKU0110,93,0.0,7,119
2025-11-24,SKU0110,187,141.0,7,119
2025-12-01,SKU0110,196,164.0,7,119
2025-12-08,SKU0110,270,191.0,7,119
2025-12-15,SKU0110,171,0.0,7,119
2025-12-22,SKU0110,275,161.0,7,119
2025-12-29,SKU0110,181,0.0,7,119
2025-08-18,SKU0111,41,0.0,10,16
2025-08-25,SKU0111,30,,10,16
2025-09-01,SKU0111,20,0.0,10,16
2025-09-08,SKU0111,28,32.0,10,16
2025-09-15,SKU0111,17,0.0,10,16
2025-09-22,SKU0111,20,25.0,10,16
2025-09-29,SKU0111,32,24.0,10,16
2025-10-06,SKU0111,24,,10,16
2025-10-13,SKU0111,22,24.0,10,16
2025-10-20,SKU0111,27,25.0,10,16
2025-10-27,SKU0111,16,0.0,10,16
2025-11-03,SKU0111,24,28.0,10,16
2025-11-10,SKU0111,15,30.0,10,16
2025-11-17,SKU0111,22,27.0,10,16
2025-11-24,SKU0111,11,0.0,10,16
2025-12-01,SKU0111,2,0.0,10,16
2025-12-08,SKU0111,0,0.0,10,16
2025-12-15,SKU0111,10,25.0,10,16
2025-12-22,SKU0111,2,0.0,10,16
2025-12-29,SKU0111,11,25.0,10,16
2024-01-01,SKU0112,199,0.0,14,83
2024-01-08,SKU0112,152,0.0,14,83
2024-01-15,SKU0112,111,0.0,14,83
2024-01-22,SKU0112,121,132.0,14,83
2024-01-29,SKU0112,153,148.0,14,83
2024-02-05,SKU0112,111,0.0,14,83
2024-02-12,SKU0112,143,125.0,14,83
2024-02-19,SKU0112,102,0.0,14,83
2024-02-26,SKU0112,98,121.0,14,83
2024-03-04,SKU0112,132,159.0,14,83
2024-03-11,SKU0112,88,0.0,14,83
2024-03-18,SKU0112,41,0.0,14,83
2024-03-25,SKU0112,0,0.0,14,83
2024-04-01,SKU0112,34,150.0,14,83
2024-04-08,SKU0112,0,0.0,14,83
2024-04-15,SKU0112,35,118.0,14,83
2024-04-22,SKU0112,62,125.0,14,83
2024-04-29,SKU0112,107,136.0,14,83
2024-05-06,SKU0112,155,145.0,14,83
2024-05-13,SKU0112,112,0.0,14,83
2024-05-20,SKU0112,58,0.0,14,83
2024-05-27,SKU0112,68,113.0,14,83
2024-06-03,SKU0112,32,0.0,14,83
2024-06-10,SKU0112,0,0.0,14,83
2024-06-17,SKU0112,50,99.0,14,83
2024-06-24,SKU0112,0,0.0,14,83
2024-07-01,SKU0112,35,132.0,14,83
2024-07-08,SKU0112,0,0.0,14,83
2024-07-15,SKU0112,0,0.0,14,83
2024-07-22,SKU0112,63,128.0,14,83
2024-07-29,SKU0112,18,0.0,14,83
2024-08-05,SKU0112,61,161.0,14,83
2024-08-12,SKU0112,74,100.0,14,83
2024-08-19,SKU0112,88,104.0,14,83
2024-08-26,SKU0112,104,121.0,14,83
2024-09-02,SKU0112,63,0.0,14,83
2024-09-09,SKU0112,76,117.0,14,83
2024-09-16,SKU0112,65,133.0,14,83
2024-09-23,SKU0112,48,125.0,14,83
2024-09-30,SKU0112,74,161.0,14,83
2024-10-07,SKU0112,31,0.0,14,83
2024-10-14,SKU0112,0,0.0,14,83
2024-10-21,SKU0112,42,129.0,14,83
2024-10-28,SKU0112,35,117.0,14,83
2024-11-04,SKU0112,0,0.0,14,83
2024-11-11,SKU0112,0,0.0,14,83
2024-11-18,SKU0112,32,164.0,14,83
2024-11-25,SKU0112,0,0.0,14,83
2024-12-02,SKU0112,47,103.0,14,83
2024-12-09,SKU0112,32,152.0,14,83
2024-12-16,SKU0112,58,158.0,14,83
2024-12-23,SKU0112,77,109.0,14,83
2024-12-30,SKU0112,119,156.0,14,83
2025-01-06,SKU0112,77,0.0,14,83
2025-01-13,SKU0112,30,0.0,14,83
2025-01-20,SKU0112,0,0.0,14,83
2025-01-27,SKU0112,62,144.0,14,83
2025-02-03,SKU0112,15,0.0,14,83
2025-02-10,SKU0112,71,129.0,14,83
2025-02-17,SKU0112,28,0.0,14,83
2025-02-24,SKU0112,0,0.0,14,83
2025-03-03,SKU0112,0,0.0,14,83
2025-03-10,SKU0112,0,0.0,14,83
2025-03-17,SKU0112,52,159.0,14,83
2025-03-24,SKU0112,53,158.0,14,83
2025-03-31,SKU0112,11,0.0,14,83
2025-04-07,SKU0112,56,,14,83
2025-04-14,SKU0112,76,137.0,14,83
2025-04-21,SKU0112,40,0.0,14,83
2025-04-28,SKU0112,62,122.0,14,83
2025-05-05,SKU0112,22,0.0,14,83
2025-05-12,SKU0112,0,0.0,14,83
2025-05-19,SKU0112,0,0.0,14,83
2025-05-26,SKU0112,45,163.0,14,83
2025-06-02,SKU0112,63,147.0,14,83
2025-06-09,SKU0112,116,118.0,14,83
2025-06-16,SKU0112,80,,14,83
2025-06-23,SKU0112,90,139.0,14,83
2025-06-30,SKU0112,116,115.0,14,83
2025-07-07,SKU0112,143,141.0,14,83
2025-07-14,SKU0112,103,0.0,14,83
2025-07-21,SKU0112,52,0.0,14,83
2025-07-28,SKU0112,48,160.0,14,83
2025-08-04,SKU0112,15,0.0,14,83
2025-08-11,SKU0112,48,99.0,14,83
2025-08-18,SKU0112,11,0.0,14,83
2025-08-25,SKU0112,0,0.0,14,83
2025-09-01,SKU0112,81,110.0,14,83
2025-09-08,SKU0112,78,160.0,14,83
2025-09-15,SKU0112,83,110.0,14,83
2025-09-22,SKU0112,97,147.0,14,83
2025-09-29,SKU0112,120,150.0,14,83
2025-10-06,SKU0112,87,0.0,14,83
2025-10-13,SKU0112,53,0.0,14,83
2025-10-20,SKU0112,52,116.0,14,83
2025-10-27,SKU0112,48,99.0,14,83
2025-11-03,SKU0112,14,0.0,14,83
2025-11-10,SKU0112,0,0.0,14,83
2025-11-17,SKU0112,0,0.0,14,83
2025-11-24,SKU0112,52,120.0,14,83
2025-12-01,SKU0112,81,112.0,14,83
2025-12-08,SKU0112,87,127.0,14,83
2025-12-15,SKU0112,118,115.0,14,83
2025-12-22,SKU0112,158,108.0,14,83
2025-12-29,SKU0112,113,0.0,14,83
2024-01-01,SKU0113,81,0.0,7,71
2024-01-08,SKU0113,83,72.0,7,71
2024-01-15,SKU0113,71,89.0,7,71
2024-01-22,SKU0113,114,85.0,7,71
2024-01-29,SKU0113,73,0.0,7,71
2024-02-05,SKU0113,102,73.0,7,71
2024-02-12,SKU0113,148,76.0,7,71
2024-02-19,SKU0113,98,0.0,7,71
2024-02-26,SKU0113,127,99.0,7,71
2024-03-04,SKU0113,72,0.0,7,71
2024-03-11,SKU0113,101,96.0,7,71
2024-03-18,SKU0113,146,86.0,7,71
2024-03-25,SKU0113,90,0.0,7,71
2024-04-01,SKU0113,117,76.0,7,71
2024-04-08,SKU0113,168,72.0,7,71
2024-04-15,SKU0113,113,0.0,7,71
2024-04-22,SKU0113,116,82.0,7,71
2024-04-29,SKU0113,66,0.0,7,71
2024-05-06,SKU0113,24,0.0,7,71
2024-05-13,SKU0113,0,0.0,7,71
2024-05-20,SKU0113,0,0.0,7,71
2024-05-27,SKU0113,103,93.0,7,71
2024-06-03,SKU0113,136,97.0,7,71
2024-06-10,SKU0113,84,0.0,7,71
2024-06-17,SKU0113,88,90.0,7,71
2024-06-24,SKU0113,71,76.0,7,71
2024-07-01,SKU0113,73,75.0,7,71
2024-07-08,SKU0113,24,0.0,7,71
2024-07-15,SKU0113,0,0.0,7,71
2024-07-22,SKU0113,0,0.0,7,71
2024-07-29,SKU0113,88,65.0,7,71
2024-08-05,SKU0113,78,67.0,7,71
2024-08-12,SKU0113,29,0.0,7,71
2024-08-19,SKU0113,72,64.0,7,71
2024-08-26,SKU0113,91,73.0,7,71
2024-09-02,SKU0113,124,82.0,7,71
2024-09-09,SKU0113,65,0.0,7,71
2024-09-16,SKU0113,59,76.0,7,71
2024-09-23,SKU0113,112,,7,71
2024-09-30,SKU0113,131,71.0,7,71
2024-10-07,SKU0113,76,0.0,7,71
2024-10-14,SKU0113,64,70.0,7,71
2024-10-21,SKU0113,96,82.0,7,71
2024-10-28,SKU0113,46,0.0,7,71
2024-11-04,SKU0113,107,77.0,7,71
2024-11-11,SKU0113,44,0.0,7,71
2024-11-18,SKU0113,0,0.0,7,71
2024-11-25,SKU0113,0,0.0,7,71
2024-12-02,SKU0113,0,0.0,7,71
2024-12-09,SKU0113,0,0.0,7,71
2024-12-16,SKU0113,0,0.0,7,71
2024-12-23,SKU0113,0,0.0,7,71
2024-12-30,SKU0113,0,0.0,7,71
2025-01-06,SKU0113,66,77.0,7,71
2025-01-13,SKU0113,19,0.0,7,71
2025-01-20,SKU0113,0,0.0,7,71
2025-01-27,SKU0113,86,96.0,7,71
2025-02-03,SKU0113,31,0.0,7,71
2025-02-10,SKU0113,0,0.0,7,71
2025-02-17,SKU0113,48,83.0,7,71
2025-02-24,SKU0113,42,74.0,7,71
2025-03-03,SKU0113,98,66.0,7,71
2025-03-10,SKU0113,91,92.0,7,71
2025-03-17,SKU0113,101,68.0,7,71
2025-03-24,SKU0113,44,0.0,7,71
2025-03-31,SKU0113,0,0.0,7,71
2025-04-07,SKU0113,101,78.0,7,71
2025-04-14,SKU0113,53,0.0,7,71
2025-04-21,SKU0113,97,92.0,7,71
2025-04-28,SKU0113,44,0.0,7,71
2025-05-05,SKU0113,0,0.0,7,71
2025-05-12,SKU0113,90,74.0,7,71
2025-05-19,SKU0113,32,0.0,7,71
2025-05-26,SKU0113,0,0.0,7,71
2025-06-02,SKU0113,103,79.0,7,71
2025-06-09,SKU0113,101,98.0,7,71
2025-06-16,SKU0113,92,81.0,7,71
2025-06-23,SKU0113,95,75.0,7,71
2025-06-30,SKU0113,35,0.0,7,71
2025-07-07,SKU0113,85,91.0,7,71
2025-07-14,SKU0113,36,0.0,7,71
2025-07-21,SKU0113,0,0.0,7,71
2025-07-28,SKU0113,64,104.0,7,71
2025-08-04,SKU0113,12,0.0,7,71
2025-08-11,SKU0113,0,0.0,7,71
2025-08-18,SKU0113,105,86.0,7,71
2025-08-25,SKU0113,59,0.0,7,71
2025-09-01,SKU0113,93,87.0,7,71
2025-09-08,SKU0113,160,98.0,7,71
2025-09-15,SKU0113,109,0.0,7,71
2025-09-22,SKU0113,143,102.0,7,71
2025-09-29,SKU0113,85,0.0,7,71
2025-10-06,SKU0113,135,89.0,7,71
2025-10-13,SKU0113,90,0.0,7,71
2025-10-20,SKU0113,60,96.0,7,71
2025-10-27,SKU0113,94,,7,71
2025-11-03,SKU0113,100,72.0,7,71
2025-11-10,SKU0113,103,99.0,7,71
2025-11-17,SKU0113,35,0.0,7,71
2025-11-24,SKU0113,105,77.0,7,71
2025-12-01,SKU0113,44,0.0,7,71
2025-12-08,SKU0113,0,0.0,7,71
2025-12-15,SKU0113,82,100.0,7,71
2025-12-22,SKU0113,88,92.0,7,71
2025-12-29,SKU0113,88,69.0,7,71
2024-01-01,SKU0114,674,601.0,21,527
2024-01-08,SKU0114,536,0.0,21,527
2024-01-15,SKU0114,579,588.0,21,527
2024-01-22,SKU0114,462,0.0,21,527
2024-01-29,SKU0114,348,0.0,21,527
2024-02-05,SKU0114,355,515.0,21,527
2024-02-12,SKU0114,396,549.0,21,527
2024-02-19,SKU0114,274,0.0,21,527
2024-02-26,SKU0114,345,718.0,21,527
2024-03-04,SKU0114,378,554.0,21,527
2024-03-11,SKU0114,439,612.0,21,527
2024-03-18,SKU0114,332,0.0,21,527
2024-03-25,SKU0114,334,643.0,21,527
2024-04-01,SKU0114,445,681.0,21,527
2024-04-08,SKU0114,482,494.0,21,527
2024-04-15,SKU0114,364,0.0,21,527
2024-04-22,SKU0114,491,,21,527
2024-04-29,SKU0114,371,0.0,21,527
2024-05-06,SKU0114,232,0.0,21,527
2024-05-13,SKU0114,105,0.0,21,527
2024-05-20,SKU0114,206,577.0,21,527
2024-05-27,SKU0114,85,0.0,21,527
2024-06-03,SKU0114,169,494.0,21,527
2024-06-10,SKU0114,30,0.0,21,527
2024-06-17,SKU0114,96,530.0,21,527
2024-06-24,SKU0114,231,674.0,21,527
2024-07-01,SKU0114,129,0.0,21,527
2024-07-08,SKU0114,223,,21,527
2024-07-15,SKU0114,273,,21,527
2024-07-22,SKU0114,128,0.0,21,527
2024-07-29,SKU0114,266,619.0,21,527
2024-08-05,SKU0114,258,699.0,21,527
2024-08-12,SKU0114,139,0.0,21,527
2024-08-19,SKU0114,137,507.0,21,527
2024-08-26,SKU0114,119,549.0,21,527
2024-09-02,SKU0114,187,704.0,21,527
2024-09-09,SKU0114,223,585.0,21,527
2024-09-16,SKU0114,310,691.0,21,527
2024-09-23,SKU0114,440,560.0,21,527
2024-09-30,SKU0114,452,456.0,21,527
2024-10-07,SKU0114,341,0.0,21,527
2024-10-14,SKU0114,321,482.0,21,527
2024-10-21,SKU0114,411,671.0,21,527
2024-10-28,SKU0114,311,0.0,21,527
2024-11-04,SKU0114,184,0.0,21,527
2024-11-11,SKU0114,45,0.0,21,527
2024-11-18,SKU0114,174,507.0,21,527
2024-11-25,SKU0114,214,455.0,21,527
2024-12-02,SKU0114,256,491.0,21,527
2024-12-09,SKU0114,338,477.0,21,527
2024-12-16,SKU0114,375,718.0,21,527
2024-12-23,SKU0114,462,652.0,21,527
2024-12-30,SKU0114,336,0.0,21,527
2025-01-06,SKU0114,374,482.0,21,527
2025-01-13,SKU0114,260,0.0,21,527
2025-01-20,SKU0114,315,502.0,21,527
2025-01-27,SKU0114,208,0.0,21,527
2025-02-03,SKU0114,92,0.0,21,527
2025-02-10,SKU0114,0,0.0,21,527
2025-02-17,SKU0114,0,0.0,21,527
2025-02-24,SKU0114,137,695.0,21,527
2025-03-03,SKU0114,117,567.0,21,527
2025-03-10,SKU0114,99,476.0,21,527
2025-03-17,SKU0114,254,580.0,21,527
2025-03-24,SKU0114,346,595.0,21,527
2025-03-31,SKU0114,319,624.0,21,527
2025-04-07,SKU0114,190,0.0,21,527
2025-04-14,SKU0114,305,460.0,21,527
2025-04-21,SKU0114,332,446.0,21,527
2025-04-28,SKU0114,316,596.0,21,527
2025-05-05,SKU0114,199,0.0,21,527
2025-05-12,SKU0114,208,681.0,21,527
2025-05-19,SKU0114,87,0.0,21,527
2025-05-26,SKU0114,146,589.0,21,527
2025-06-02,SKU0114,183,516.0,21,527
2025-06-09,SKU0114,194,542.0,21,527
2025-06-16,SKU0114,192,650.0,21,527
2025-06-23,SKU0114,68,0.0,21,527
2025-06-30,SKU0114,0,0.0,21,527
2025-07-07,SKU0114,123,712.0,21,527
2025-07-14,SKU0114,163,644.0,21,527
2025-07-21,SKU0114,132,568.0,21,527
2025-07-28,SKU0114,0,0.0,21,527
2025-08-04,SKU0114,136,512.0,21,527
2025-08-11,SKU0114,228,488.0,21,527
2025-08-18,SKU0114,100,0.0,21,527
2025-08-25,SKU0114,106,589.0,21,527
2025-09-01,SKU0114,93,590.0,21,527
2025-09-08,SKU0114,0,0.0,21,527
2025-09-15,SKU0114,190,546.0,21,527
2025-09-22,SKU0114,322,663.0,21,527
2025-09-29,SKU0114,218,0.0,21,527
2025-10-06,SKU0114,341,486.0,21,527
2025-10-13,SKU0114,216,0.0,21,527
2025-10-20,SKU0114,94,0.0,21,527
2025-10-27,SKU0114,0,0.0,21,527
2025-11-03,SKU0114,0,0.0,21,527
2025-11-10,SKU0114,172,554.0,21,527
2025-11-17,SKU0114,62,0.0,21,527
2025-11-24,SKU0114,178,689.0,21,527
2025-12-01,SKU0114,327,642.0,21,527
2025-12-08,SKU0114,199,0.0,21,527
2025-12-15,SKU0114,80,0.0,21,527
2025-12-22,SKU0114,90,512.0,21,527
2025-12-29,SKU0114,217,694.0,21,527
2024-01-01,SKU0115,264,0.0,7,81
2024-01-08,SKU0115,209,0.0,7,81
2024-01-15,SKU0115,139,0.0,7,81
2024-01-22,SKU0115,75,0.0,7,81
2024-01-29,SKU0115,60,101.0,7,81
2024-02-05,SKU0115,55,73.0,7,81
2024-02-12,SKU0115,89,74.0,7,81
2024-02-19,SKU0115,14,0.0,7,81
2024-02-26,SKU0115,0,0.0,7,81
2024-03-04,SKU0115,0,0.0,7,81
2024-03-11,SKU0115,69,92.0,7,81
2024-03-18,SKU0115,126,76.0,7,81
2024-03-25,SKU0115,138,72.0,7,81
2024-04-01,SKU0115,147,91.0,7,81
2024-04-08,SKU0115,138,115.0,7,81
2024-04-15,SKU0115,81,0.0,7,81
2024-04-22,SKU0115,124,97.0,7,81
2024-04-29,SKU0115,122,109.0,7,81
2024-05-06,SKU0115,61,0.0,7,81
2024-05-13,SKU0115,64,78.0,7,81
2024-05-20,SKU0115,79,106.0,7,81
2024-05-27,SKU0115,134,112.0,7,81
2024-06-03,SKU0115,120,88.0,7,81
2024-06-10,SKU0115,66,0.0,7,81
2024-06-17,SKU0115,122,106.0,7,81
2024-06-24,SKU0115,115,75.0,7,81
2024-07-01,SKU0115,46,0.0,7,81
2024-07-08,SKU0115,0,0.0,7,81
2024-07-15,SKU0115,90,98.0,7,81
2024-07-22,SKU0115,157,90.0,7,81
2024-07-29,SKU0115,106,0.0,7,81
2024-08-05,SKU0115,109,94.0,7,81
2024-08-12,SKU0115,108,107.0,7,81
2024-08-19,SKU0115,44,0.0,7,81
2024-08-26,SKU0115,52,79.0,7,81
2024-09-02,SKU0115,95,91.0,7,81
2024-09-09,SKU0115,118,92.0,7,81
2024-09-16,SKU0115,58,0.0,7,81
2024-09-23,SKU0115,61,100.0,7,81
2024-09-30,SKU0115,84,99.0,7,81
2024-10-07,SKU0115,97,74.0,7,81
2024-10-14,SKU0115,116,92.0,7,81
2024-10-21,SKU0115,57,0.0,7,81
2024-10-28,SKU0115,4,0.0,7,81
2024-11-04,SKU0115,0,0.0,7,81
2024-11-11,SKU0115,119,115.0,7,81
2024-11-18,SKU0115,55,0.0,7,81
2024-11-25,SKU0115,59,98.0,7,81
2024-12-02,SKU0115,8,0.0,7,81
2024-12-09,SKU0115,47,96.0,7,81
2024-12-16,SKU0115,49,107.0,7,81
2024-12-23,SKU0115,0,0.0,7,81
2024-12-30,SKU0115,54,83.0,7,81
2025-01-06,SKU0115,7,0.0,7,81
2025-01-13,SKU0115,0,0.0,7,81
2025-01-20,SKU0115,112,99.0,7,81
2025-01-27,SKU0115,50,0.0,7,81
2025-02-03,SKU0115,64,100.0,7,81
2025-02-10,SKU0115,103,116.0,7,81
2025-02-17,SKU0115,119,99.0,7,81
2025-02-24,SKU0115,148,113.0,7,81
2025-03-03,SKU0115,94,0.0,7,81
2025-03-10,SKU0115,42,0.0,7,81
2025-03-17,SKU0115,44,84.0,7,81
2025-03-24,SKU0115,71,74.0,7,81
2025-03-31,SKU0115,121,103.0,7,81
2025-04-07,SKU0115,69,0.0,7,81
2025-04-14,SKU0115,61,78.0,7,81
2025-04-21,SKU0115,11,0.0,7,81
2025-04-28,SKU0115,0,0.0,7,81
2025-05-05,SKU0115,84,76.0,7,81
2025-05-12,SKU0115,22,0.0,7,81
2025-05-19,SKU0115,0,0.0,7,81
2025-05-26,SKU0115,66,85.0,7,81
2025-06-02,SKU0115,9,0.0,7,81
2025-06-09,SKU0115,53,111.0,7,81
2025-06-16,SKU0115,121,104.0,7,81
2025-06-23,SKU0115,113,104.0,7,81
2025-06-30,SKU0115,183,91.0,7,81
2025-07-07,SKU0115,131,0.0,7,81
2025-07-14,SKU0115,132,85.0,7,81
2025-07-21,SKU0115,67,0.0,7,81
2025-07-28,SKU0115,72,94.0,7,81
2025-08-04,SKU0115,150,72.0,7,81
2025-08-11,SKU0115,96,0.0,7,81
2025-08-18,SKU0115,150,107.0,7,81
2025-08-25,SKU0115,95,0.0,7,81
2025-09-01,SKU0115,163,106.0,7,81
2025-09-08,SKU0115,117,0.0,7,81
2025-09-15,SKU0115,177,89.0,7,81
2025-09-22,SKU0115,131,0.0,7,81
2025-09-29,SKU0115,166,104.0,7,81
2025-10-06,SKU0115,95,0.0,7,81
2025-10-13,SKU0115,102,73.0,7,81
2025-10-20,SKU0115,149,77.0,7,81
2025-10-27,SKU0115,94,0.0,7,81
2025-11-03,SKU0115,38,0.0,7,81
2025-11-10,SKU0115,0,0.0,7,81
2025-11-17,SKU0115,0,0.0,7,81
2025-11-24,SKU0115,66,86.0,7,81
2025-12-01,SKU0115,120,72.0,7,81
2025-12-08,SKU0115,122,104.0,7,81
2025-12-15,SKU0115,168,76.0,7,81
2025-12-22,SKU0115,86,0.0,7,81
2025-12-29,SKU0115,112,92.0,7,81
2025-03-17,SKU0116,708,0.0,14,470
2025-03-24,SKU0116,523,0.0,14,470
2025-03-31,SKU0116,603,604.0,14,470
2025-04-07,SKU0116,686,439.0,14,470
2025-04-14,SKU0116,521,0.0,14,470
2025-04-21,SKU0116,343,0.0,14,470
2025-04-28,SKU0116,452,472.0,14,470
2025-05-05,SKU0116,620,602.0,14,470
2025-05-12,SKU0116,471,0.0,14,470
2025-05-19,SKU0116,459,549.0,14,470
2025-05-26,SKU0116,292,0.0,14,470
2025-06-02,SKU0116,95,0.0,14,470
2025-06-09,SKU0116,0,0.0,14,470
2025-06-16,SKU0116,169,440.0,14,470
2025-06-23,SKU0116,272,441.0,14,470
2025-06-30,SKU0116,120,0.0,14,470
2025-07-07,SKU0116,0,0.0,14,470
2025-07-14,SKU0116,0,0.0,14,470
2025-07-21,SKU0116,318,619.0,14,470
2025-07-28,SKU0116,167,0.0,14,470
2025-08-04,SKU0116,233,676.0,14,470
2025-08-11,SKU0116,50,0.0,14,470
2025-08-18,SKU0116,0,0.0,14,470
2025-08-25,SKU0116,199,421.0,14,470
2025-09-01,SKU0116,187,604.0,14,470
2025-09-08,SKU0116,15,0.0,14,470
2025-09-15,SKU0116,0,0.0,14,470
2025-09-22,SKU0116,349,473.0,14,470
2025-09-29,SKU0116,395,537.0,14,470
2025-10-06,SKU0116,457,418.0,14,470
2025-10-13,SKU0116,497,482.0,14,470
2025-10-20,SKU0116,333,0.0,14,470
2025-10-27,SKU0116,339,657.0,14,470
2025-11-03,SKU0116,321,426.0,14,470
2025-11-10,SKU0116,154,0.0,14,470
2025-11-17,SKU0116,0,0.0,14,470
2025-11-24,SKU0116,0,0.0,14,470
2025-12-01,SKU0116,0,0.0,14,470
2025-12-08,SKU0116,0,0.0,14,470
2025-12-15,SKU0116,254,427.0,14,470
2025-12-22,SKU0116,340,,14,470
2025-12-29,SKU0116,409,633.0,14,470
2025-01-27,SKU0117,103,0.0,14,119
2025-02-03,SKU0117,52,0.0,14,119
2025-02-10,SKU0117,4,0.0,14,119
2025-02-17,SKU0117,60,171.0,14,119
2025-02-24,SKU0117,1,0.0,14,119
2025-03-03,SKU0117,0,0.0,14,119
2025-03-10,SKU0117,0,0.0,14,119
2025-03-17,SKU0117,99,152.0,14,119
2025-03-24,SKU0117,49,0.0,14,119
2025-03-31,SKU0117,109,161.0,14,119
2025-04-07,SKU0117,133,163.0,14,119
2025-04-14,SKU0117,135,172.0,14,119
2025-04-21,SKU0117,87,0.0,14,119
2025-04-28,SKU0117,40,0.0,14,119
2025-05-05,SKU0117,0,0.0,14,119
2025-05-12,SKU0117,0,0.0,14,119
2025-05-19,SKU0117,40,185.0,14,119
2025-05-26,SKU0117,55,152.0,14,119
2025-06-02,SKU0117,40,155.0,14,119
2025-06-09,SKU0117,0,0.0,14,119
2025-06-16,SKU0117,82,174.0,14,119
2025-06-23,SKU0117,35,0.0,14,119
2025-06-30,SKU0117,36,146.0,14,119
2025-07-07,SKU0117,0,0.0,14,119
2025-07-14,SKU0117,98,146.0,14,119
2025-07-21,SKU0117,51,0.0,14,119
2025-07-28,SKU0117,79,125.0,14,119
2025-08-04,SKU0117,35,0.0,14,119
2025-08-11,SKU0117,95,113.0,14,119
2025-08-18,SKU0117,52,0.0,14,119
2025-08-25,SKU0117,87,112.0,14,119
2025-09-01,SKU0117,98,148.0,14,119
2025-09-08,SKU0117,103,129.0,14,119
2025-09-15,SKU0117,52,0.0,14,119
2025-09-22,SKU0117,34,158.0,14,119
2025-09-29,SKU0117,80,147.0,14,119
2025-10-06,SKU0117,20,0.0,14,119
2025-10-13,SKU0117,39,114.0,14,119
2025-10-20,SKU0117,65,132.0,14,119
2025-10-27,SKU0117,80,146.0,14,119
2025-11-03,SKU0117,112,172.0,14,119
2025-11-10,SKU0117,134,156.0,14,119
2025-11-17,SKU0117,180,133.0,14,119
2025-11-24,SKU0117,130,0.0,14,119
2025-12-01,SKU0117,93,0.0,14,119
2025-12-08,SKU0117,44,0.0,14,119
2025-12-15,SKU0117,84,147.0,14,119
2025-12-22,SKU0117,94,169.0,14,119
2025-12-29,SKU0117,85,160.0,14,119
2024-01-01,SKU0118,869,0.0,7,161
2024-01-08,SKU0118,733,0.0,7,161
2024-01-15,SKU0118,601,0.0,7,161
2024-01-22,SKU0118,494,0.0,7,161
2024-01-29,SKU0118,367,0.0,7,161
2024-02-05,SKU0118,241,0.0,7,161
2024-02-12,SKU0118,249,176.0,7,161
2024-02-19,SKU0118,129,0.0,7,161
2024-02-26,SKU0118,234,183.0,7,161
2024-03-04,SKU0118,109,0.0,7,161
2024-03-11,SKU0118,154,229.0,7,161
2024-03-18,SKU0118,276,210.0,7,161
2024-03-25,SKU0118,155,0.0,7,161
2024-04-01,SKU0118,53,0.0,7,161
2024-04-08,SKU0118,0,0.0,7,161
2024-04-15,SKU0118,0,0.0,7,161
2024-04-22,SKU0118,225,163.0,7,161
2024-04-29,SKU0118,289,170.0,7,161
2024-05-06,SKU0118,246,185.0,7,161
2024-05-13,SKU0118,119,0.0,7,161
2024-05-20,SKU0118,4,0.0,7,161
2024-05-27,SKU0118,89,208.0,7,161
2024-06-03,SKU0118,212,156.0,7,161
2024-06-10,SKU0118,254,185.0,7,161
2024-06-17,SKU0118,311,168.0,7,161
2024-06-24,SKU0118,177,0.0,7,161
2024-07-01,SKU0118,36,0.0,7,161
2024-07-08,SKU0118,138,226.0,7,161
2024-07-15,SKU0118,4,0.0,7,161
2024-07-22,SKU0118,127,185.0,7,161
2024-07-29,SKU0118,227,191.0,7,161
2024-08-05,SKU0118,366,149.0,7,161
2024-08-12,SKU0118,246,0.0,7,161
2024-08-19,SKU0118,240,236.0,7,161
2024-08-26,SKU0118,333,234.0,7,161
2024-09-02,SKU0118,182,0.0,7,161
2024-09-09,SKU0118,243,240.0,7,161
2024-09-16,SKU0118,231,231.0,7,161
2024-09-23,SKU0118,288,232.0,7,161
2024-09-30,SKU0118,167,0.0,7,161
2024-10-07,SKU0118,47,0.0,7,161
2024-10-14,SKU0118,147,193.0,7,161
2024-10-21,SKU0118,183,209.0,7,161
2024-10-28,SKU0118,253,175.0,7,161
2024-11-04,SKU0118,286,179.0,7,161
2024-11-11,SKU0118,160,0.0,7,161
2024-11-18,SKU0118,40,0.0,7,161
2024-11-25,SKU0118,116,239.0,7,161
2024-12-02,SKU0118,1,0.0,7,161
2024-12-09,SKU0118,201,165.0,7,161
2024-12-16,SKU0118,272,182.0,7,161
2024-12-23,SKU0118,262,205.0,7,161
2024-12-30,SKU0118,253,149.0,7,161
2025-01-06,SKU0118,252,221.0,7,161
2025-01-13,SKU0118,142,0.0,7,161
2025-01-20,SKU0118,139,198.0,7,161
2025-01-27,SKU0118,7,0.0,7,161
2025-02-03,SKU0118,178,147.0,7,161
2025-02-10,SKU0118,282,200.0,7,161
2025-02-17,SKU0118,161,0.0,7,161
2025-02-24,SKU0118,265,213.0,7,161
2025-03-03,SKU0118,168,0.0,7,161
2025-03-10,SKU0118,287,,7,161
2025-03-17,SKU0118,178,0.0,7,161
2025-03-24,SKU0118,63,0.0,7,161
2025-03-31,SKU0118,0,0.0,7,161
2025-04-07,SKU0118,114,162.0,7,161
2025-04-14,SKU0118,139,203.0,7,161
2025-04-21,SKU0118,137,210.0,7,161
2025-04-28,SKU0118,18,0.0,7,161
2025-05-05,SKU0118,244,188.0,7,161
2025-05-12,SKU0118,365,206.0,7,161
2025-05-19,SKU0118,250,0.0,7,161
2025-05-26,SKU0118,211,192.0,7,161
2025-06-02,SKU0118,100,0.0,7,161
2025-06-09,SKU0118,90,184.0,7,161
2025-06-16,SKU0118,175,185.0,7,161
2025-06-23,SKU0118,49,0.0,7,161
2025-06-30,SKU0118,0,0.0,7,161
2025-07-07,SKU0118,112,190.0,7,161
2025-07-14,SKU0118,0,0.0,7,161
2025-07-21,SKU0118,192,229.0,7,161
2025-07-28,SKU0118,285,199.0,7,161
2025-08-04,SKU0118,151,0.0,7,161
2025-08-11,SKU0118,10,0.0,7,161
2025-08-18,SKU0118,0,0.0,7,161
2025-08-25,SKU0118,253,240.0,7,161
2025-09-01,SKU0118,312,184.0,7,161
2025-09-08,SKU0118,203,,7,161
2025-09-15,SKU0118,209,173.0,7,161
2025-09-22,SKU0118,88,0.0,7,161
2025-09-29,SKU0118,251,158.0,7,161
2025-10-06,SKU0118,139,0.0,7,161
2025-10-13,SKU0118,178,216.0,7,161
2025-10-20,SKU0118,59,0.0,7,161
2025-10-27,SKU0118,149,162.0,7,161
2025-11-03,SKU0118,157,199.0,7,161
2025-11-10,SKU0118,34,0.0,7,161
2025-11-17,SKU0118,254,153.0,7,161
2025-11-24,SKU0118,132,0.0,7,161
2025-12-01,SKU0118,211,242.0,7,161
2025-12-08,SKU0118,232,157.0,7,161
2025-12-15,SKU0118,252,227.0,7,161
2025-12-22,SKU0118,298,176.0,7,161
2025-12-29,SKU0118,184,0.0,7,161
2024-01-01,SKU0119,462,373.0,10,332
2024-01-08,SKU0119,319,0.0,10,332
2024-01-15,SKU0119,164,0.0,10,332
2024-01-22,SKU0119,0,0.0,10,332
2024-01-29,SKU0119,0,0.0,10,332
2024-02-05,SKU0119,0,0.0,10,332
2024-02-12,SKU0119,0,0.0,10,332
2024-02-19,SKU0119,254,429.0,10,332
2024-02-26,SKU0119,361,340.0,10,332
2024-03-04,SKU0119,412,327.0,10,332
2024-03-11,SKU0119,248,0.0,10,332
2024-03-18,SKU0119,92,0.0,10,332
2024-03-25,SKU0119,0,0.0,10,332
2024-04-01,SKU0119,286,282.0,10,332
2024-04-08,SKU0119,419,333.0,10,332
2024-04-15,SKU0119,481,315.0,10,332
2024-04-22,SKU0119,518,323.0,10,332
2024-04-29,SKU0119,360,0.0,10,332
2024-05-06,SKU0119,437,430.0,10,332
2024-05-13,SKU0119,281,0.0,10,332
2024-05-20,SKU0119,119,0.0,10,332
2024-05-27,SKU0119,271,343.0,10,332
2024-06-03,SKU0119,360,430.0,10,332
2024-06-10,SKU0119,338,428.0,10,332
2024-06-17,SKU0119,504,434.0,10,332
2024-06-24,SKU0119,340,0.0,10,332
2024-07-01,SKU0119,485,310.0,10,332
2024-07-08,SKU0119,427,428.0,10,332
2024-07-15,SKU0119,503,451.0,10,332
2024-07-22,SKU0119,327,0.0,10,332
2024-07-29,SKU0119,178,0.0,10,332
2024-08-05,SKU0119,155,377.0,10,332
2024-08-12,SKU0119,253,381.0,10,332
2024-08-19,SKU0119,76,0.0,10,332
2024-08-26,SKU0119,342,368.0,10,332
2024-09-02,SKU0119,464,405.0,10,332
2024-09-09,SKU0119,455,422.0,10,332
2024-09-16,SKU0119,282,0.0,10,332
2024-09-23,SKU0119,416,278.0,10,332
2024-09-30,SKU0119,436,353.0,10,332
2024-10-07,SKU0119,600,318.0,10,332
2024-10-14,SKU0119,447,0.0,10,332
2024-10-21,SKU0119,288,0.0,10,332
2024-10-28,SKU0119,142,0.0,10,332
2024-11-04,SKU0119,211,288.0,10,332
2024-11-11,SKU0119,53,0.0,10,332
2024-11-18,SKU0119,121,352.0,10,332
2024-11-25,SKU0119,268,368.0,10,332
2024-12-02,SKU0119,312,327.0,10,332
2024-12-09,SKU0119,355,314.0,10,332
2024-12-16,SKU0119,198,0.0,10,332
2024-12-23,SKU0119,286,435.0,10,332
2024-12-30,SKU0119,326,436.0,10,332
2025-01-06,SKU0119,381,418.0,10,332
2025-01-13,SKU0119,369,367.0,10,332
2025-01-20,SKU0119,205,0.0,10,332
2025-01-27,SKU0119,35,0.0,10,332
2025-02-03,SKU0119,0,0.0,10,332
2025-02-10,SKU0119,323,302.0,10,332
2025-02-17,SKU0119,182,0.0,10,332
2025-02-24,SKU0119,162,430.0,10,332
2025-03-03,SKU0119,10,0.0,10,332
2025-03-10,SKU0119,269,350.0,10,332
2025-03-17,SKU0119,95,0.0,10,332
2025-03-24,SKU0119,0,0.0,10,332
2025-03-31,SKU0119,263,285.0,10,332
2025-04-07,SKU0119,103,0.0,10,332
2025-04-14,SKU0119,0,0.0,10,332
2025-04-21,SKU0119,161,276.0,10,332
2025-04-28,SKU0119,336,315.0,10,332
2025-05-05,SKU0119,349,318.0,10,332
2025-05-12,SKU0119,512,382.0,10,332
2025-05-19,SKU0119,353,0.0,10,332
2025-05-26,SKU0119,381,343.0,10,332
2025-06-02,SKU0119,224,0.0,10,332
2025-06-09,SKU0119,266,393.0,10,332
2025-06-16,SKU0119,392,415.0,10,332
2025-06-23,SKU0119,218,0.0,10,332
2025-06-30,SKU0119,42,0.0,10,332
2025-07-07,SKU0119,0,0.0,10,332
2025-07-14,SKU0119,0,0.0,10,332
2025-07-21,SKU0119,298,329.0,10,332
2025-07-28,SKU0119,150,0.0,10,332
2025-08-04,SKU0119,324,358.0,10,332
2025-08-11,SKU0119,160,0.0,10,332
2025-08-18,SKU0119,3,0.0,10,332
2025-08-25,SKU0119,125,305.0,10,332
2025-09-01,SKU0119,257,365.0,10,332
2025-09-08,SKU0119,419,449.0,10,332
2025-09-15,SKU0119,498,433.0,10,332
2025-09-22,SKU0119,344,0.0,10,332
2025-09-29,SKU0119,195,0.0,10,332
2025-10-06,SKU0119,299,299.0,10,332
2025-10-13,SKU0119,129,0.0,10,332
2025-10-20,SKU0119,0,0.0,10,332
2025-10-27,SKU0119,0,0.0,10,332
2025-11-03,SKU0119,336,439.0,10,332
2025-11-10,SKU0119,388,287.0,10,332
2025-11-17,SKU0119,477,374.0,10,332
2025-11-24,SKU0119,639,379.0,10,332
2025-12-01,SKU0119,496,0.0,10,332
2025-12-08,SKU0119,569,410.0,10,332
2025-12-15,SKU0119,430,0.0,10,332
2025-12-22,SKU0119,279,0.0,10,332
2025-12-29,SKU0119,392,288.0,10,332
2024-01-01,SKU0120,808,0.0,21,388
2024-01-08,SKU0120,711,0.0,21,388
2024-01-15,SKU0120,603,0.0,21,388
2024-01-22,SKU0120,508,0.0,21,388
2024-01-29,SKU0120,390,0.0,21,388
2024-02-05,SKU0120,428,570.0,21,388
2024-02-12,SKU0120,407,552.0,21,388
2024-02-19,SKU0120,303,0.0,21,388
2024-02-26,SKU0120,406,491.0,21,388
2024-03-04,SKU0120,304,0.0,21,388
2024-03-11,SKU0120,365,461.0,21,388
2024-03-18,SKU0120,247,0.0,21,388
2024-03-25,SKU0120,146,0.0,21,388
2024-04-01,SKU0120,108,632.0,21,388
2024-04-08,SKU0120,226,448.0,21,388
2024-04-15,SKU0120,266,434.0,21,388
2024-04-22,SKU0120,363,415.0,21,388
2024-04-29,SKU0120,479,497.0,21,388
2024-05-06,SKU0120,361,0.0,21,388
2024-05-13,SKU0120,245,0.0,21,388
2024-05-20,SKU0120,130,0.0,21,388
2024-05-27,SKU0120,223,499.0,21,388
2024-06-03,SKU0120,106,0.0,21,388
2024-06-10,SKU0120,79,,21,388
2024-06-17,SKU0120,0,0.0,21,388
2024-06-24,SKU0120,191,492.0,21,388
2024-07-01,SKU0120,91,0.0,21,388
2024-07-08,SKU0120,227,574.0,21,388
2024-07-15,SKU0120,338,645.0,21,388
2024-07-22,SKU0120,385,478.0,21,388
2024-07-29,SKU0120,390,504.0,21,388
2024-08-05,SKU0120,374,400.0,21,388
2024-08-12,SKU0120,505,649.0,21,388
2024-08-19,SKU0120,400,0.0,21,388
2024-08-26,SKU0120,440,599.0,21,388
2024-09-02,SKU0120,513,467.0,21,388
2024-09-09,SKU0120,410,0.0,21,388
2024-09-16,SKU0120,299,0.0,21,388
2024-09-23,SKU0120,325,623.0,21,388
2024-09-30,SKU0120,378,580.0,21,388
2024-10-07,SKU0120,456,434.0,21,388
2024-10-14,SKU0120,586,505.0,21,388
2024-10-21,SKU0120,487,0.0,21,388
2024-10-28,SKU0120,388,0.0,21,388
2024-11-04,SKU0120,283,0.0,21,388
2024-11-11,SKU0120,294,582.0,21,388
2024-11-18,SKU0120,379,405.0,21,388
2024-11-25,SKU0120,366,530.0,21,388
2024-12-02,SKU0120,475,606.0,21,388
2024-12-09,SKU0120,377,0.0,21,388
2024-12-16,SKU0120,412,586.0,21,388
2024-12-23,SKU0120,278,0.0,21,388
2024-12-30,SKU0120,180,0.0,21,388
2025-01-06,SKU0120,68,0.0,21,388
2025-01-13,SKU0120,0,0.0,21,388
2025-01-20,SKU0120,0,0.0,21,388
2025-01-27,SKU0120,0,0.0,21,388
2025-02-03,SKU0120,148,538.0,21,388
2025-02-10,SKU0120,55,0.0,21,388
2025-02-17,SKU0120,144,489.0,21,388
2025-02-24,SKU0120,31,0.0,21,388
2025-03-03,SKU0120,0,0.0,21,388
2025-03-10,SKU0120,208,442.0,21,388
2025-03-17,SKU0120,227,645.0,21,388
2025-03-24,SKU0120,128,0.0,21,388
2025-03-31,SKU0120,13,0.0,21,388
2025-04-07,SKU0120,0,0.0,21,388
2025-04-14,SKU0120,132,449.0,21,388
2025-04-21,SKU0120,239,646.0,21,388
2025-04-28,SKU0120,213,394.0,21,388
2025-05-05,SKU0120,241,560.0,21,388
2025-05-12,SKU0120,122,0.0,21,388
2025-05-19,SKU0120,225,546.0,21,388
2025-05-26,SKU0120,258,431.0,21,388
2025-06-02,SKU0120,148,0.0,21,388
2025-06-09,SKU0120,25,0.0,21,388
2025-06-16,SKU0120,195,626.0,21,388
2025-06-23,SKU0120,82,0.0,21,388
2025-06-30,SKU0120,217,631.0,21,388
2025-07-07,SKU0120,254,454.0,21,388
2025-07-14,SKU0120,299,525.0,21,388
2025-07-21,SKU0120,389,470.0,21,388
2025-07-28,SKU0120,405,564.0,21,388
2025-08-04,SKU0120,477,469.0,21,388
2025-08-11,SKU0120,356,0.0,21,388
2025-08-18,SKU0120,252,0.0,21,388
2025-08-25,SKU0120,158,0.0,21,388
2025-09-01,SKU0120,57,,21,388
2025-09-08,SKU0120,102,458.0,21,388
2025-09-15,SKU0120,0,0.0,21,388
2025-09-22,SKU0120,86,421.0,21,388
2025-09-29,SKU0120,0,0.0,21,388
2025-10-06,SKU0120,0,0.0,21,388
2025-10-13,SKU0120,0,0.0,21,388
2025-10-20,SKU0120,0,0.0,21,388
2025-10-27,SKU0120,156,473.0,21,388
2025-11-03,SKU0120,150,428.0,21,388
2025-11-10,SKU0120,206,606.0,21,388
2025-11-17,SKU0120,90,0.0,21,388
2025-11-24,SKU0120,101,546.0,21,388
2025-12-01,SKU0120,5,0.0,21,388
2025-12-08,SKU0120,170,504.0,21,388
2025-12-15,SKU0120,279,614.0,21,388
2025-12-22,SKU0120,361,580.0,21,388
2025-12-29,SKU0120,252,0.0,21,388
2024-01-01,SKU0121,432,0.0,21,280
2024-01-08,SKU0121,357,0.0,21,280
2024-01-15,SKU0121,287,0.0,21,280
2024-01-22,SKU0121,336,469.0,21,280
2024-01-29,SKU0121,361,408.0,21,280
2024-02-05,SKU0121,408,406.0,21,280
2024-02-12,SKU0121,333,0.0,21,280
2024-02-19,SKU0121,270,0.0,21,280
2024-02-26,SKU0121,256,457.0,21,280
2024-03-04,SKU0121,172,0.0,21,280
2024-03-11,SKU0121,157,295.0,21,280
2024-03-18,SKU0121,169,300.0,21,280
2024-03-25,SKU0121,92,0.0,21,280
2024-04-01,SKU0121,90,313.0,21,280
2024-04-08,SKU0121,170,372.0,21,280
2024-04-15,SKU0121,99,0.0,21,280
2024-04-22,SKU0121,21,0.0,21,280
2024-04-29,SKU0121,66,373.0,21,280
2024-05-06,SKU0121,117,406.0,21,280
2024-05-13,SKU0121,36,0.0,21,280
2024-05-20,SKU0121,0,0.0,21,280
2024-05-27,SKU0121,161,450.0,21,280
2024-06-03,SKU0121,84,0.0,21,280
2024-06-10,SKU0121,85,337.0,21,280
2024-06-17,SKU0121,17,0.0,21,280
2024-06-24,SKU0121,86,464.0,21,280
2024-07-01,SKU0121,128,330.0,21,280
2024-07-08,SKU0121,50,0.0,21,280
2024-07-15,SKU0121,0,0.0,21,280
2024-07-22,SKU0121,69,384.0,21,280
2024-07-29,SKU0121,76,334.0,21,280
2024-08-05,SKU0121,0,0.0,21,280
2024-08-12,SKU0121,0,0.0,21,280
2024-08-19,SKU0121,0,0.0,21,280
2024-08-26,SKU0121,89,382.0,21,280
2024-09-02,SKU0121,79,340.0,21,280
2024-09-09,SKU0121,139,387.0,21,280
2024-09-16,SKU0121,120,350.0,21,280
2024-09-23,SKU0121,48,0.0,21,280
2024-09-30,SKU0121,0,0.0,21,280
2024-10-07,SKU0121,113,478.0,21,280
2024-10-14,SKU0121,173,435.0,21,280
2024-10-21,SKU0121,216,349.0,21,280
2024-10-28,SKU0121,124,0.0,21,280
2024-11-04,SKU0121,150,371.0,21,280
2024-11-11,SKU0121,174,292.0,21,280
2024-11-18,SKU0121,181,452.0,21,280
2024-11-25,SKU0121,105,0.0,21,280
2024-12-02,SKU0121,177,431.0,21,280
2024-12-09,SKU0121,259,354.0,21,280
2024-12-16,SKU0121,168,0.0,21,280
2024-12-23,SKU0121,216,373.0,21,280
2024-12-30,SKU0121,295,330.0,21,280
2025-01-06,SKU0121,224,0.0,21,280
2025-01-13,SKU0121,261,305.0,21,280
2025-01-20,SKU0121,158,0.0,21,280
2025-01-27,SKU0121,148,291.0,21,280
2025-02-03,SKU0121,50,0.0,21,280
2025-02-10,SKU0121,108,470.0,21,280
2025-02-17,SKU0121,145,304.0,21,280
2025-02-24,SKU0121,146,424.0,21,280
2025-03-03,SKU0121,203,436.0,21,280
2025-03-10,SKU0121,113,0.0,21,280
2025-03-17,SKU0121,172,358.0,21,280
2025-03-24,SKU0121,195,318.0,21,280
2025-03-31,SKU0121,242,390.0,21,280
2025-04-07,SKU0121,275,429.0,21,280
2025-04-14,SKU0121,200,0.0,21,280
2025-04-21,SKU0121,134,0.0,21,280
2025-04-28,SKU0121,45,0.0,21,280
2025-05-05,SKU0121,91,307.0,21,280
2025-05-12,SKU0121,163,425.0,21,280
2025-05-19,SKU0121,140,362.0,21,280
2025-05-26,SKU0121,63,0.0,21,280
2025-06-02,SKU0121,0,0.0,21,280
2025-06-09,SKU0121,0,0.0,21,280
2025-06-16,SKU0121,138,377.0,21,280
2025-06-23,SKU0121,124,428.0,21,280
2025-06-30,SKU0121,108,330.0,21,280
2025-07-07,SKU0121,103,421.0,21,280
2025-07-14,SKU0121,115,379.0,21,280
2025-07-21,SKU0121,193,374.0,21,280
2025-07-28,SKU0121,268,452.0,21,280
2025-08-04,SKU0121,190,0.0,21,280
2025-08-11,SKU0121,214,336.0,21,280
2025-08-18,SKU0121,238,313.0,21,280
2025-08-25,SKU0121,304,344.0,21,280
2025-09-01,SKU0121,359,379.0,21,280
2025-09-08,SKU0121,283,0.0,21,280
2025-09-15,SKU0121,286,328.0,21,280
2025-09-22,SKU0121,289,391.0,21,280
2025-09-29,SKU0121,197,0.0,21,280
2025-10-06,SKU0121,200,415.0,21,280
2025-10-13,SKU0121,197,478.0,21,280
2025-10-20,SKU0121,182,344.0,21,280
2025-10-27,SKU0121,112,0.0,21,280
2025-11-03,SKU0121,218,393.0,21,280
2025-11-10,SKU0121,242,338.0,21,280
2025-11-17,SKU0121,284,402.0,21,280
2025-11-24,SKU0121,324,418.0,21,280
2025-12-01,SKU0121,224,,21,280
2025-12-08,SKU0121,147,0.0,21,280
2025-12-15,SKU0121,67,0.0,21,280
2025-12-22,SKU0121,0,0.0,21,280
2025-12-29,SKU0121,90,418.0,21,280
2024-01-01,SKU0122,378,0.0,7,166
2024-01-08,SKU0122,249,0.0,7,166
2024-01-15,SKU0122,409,255.0,7,166
2024-01-22,SKU0122,246,0.0,7,166
2024-01-29,SKU0122,211,254.0,7,166
2024-02-05,SKU0122,332,212.0,7,166
2024-02-12,SKU0122,215,0.0,7,166
2024-02-19,SKU0122,184,192.0,7,166
2024-02-26,SKU0122,51,0.0,7,166
2024-03-04,SKU0122,0,0.0,7,166
2024-03-11,SKU0122,244,228.0,7,166
2024-03-18,SKU0122,120,0.0,7,166
2024-03-25,SKU0122,175,274.0,7,166
2024-04-01,SKU0122,48,0.0,7,166
2024-04-08,SKU0122,0,0.0,7,166
2024-04-15,SKU0122,281,222.0,7,166
2024-04-22,SKU0122,126,0.0,7,166
2024-04-29,SKU0122,195,228.0,7,166
2024-05-06,SKU0122,51,0.0,7,166
2024-05-13,SKU0122,166,221.0,7,166
2024-05-20,SKU0122,298,260.0,7,166
2024-05-27,SKU0122,176,0.0,7,166
2024-06-03,SKU0122,24,0.0,7,166
2024-06-10,SKU0122,292,281.0,7,166
2024-06-17,SKU0122,308,177.0,7,166
2024-06-24,SKU0122,341,271.0,7,166
2024-07-01,SKU0122,189,0.0,7,166
2024-07-08,SKU0122,279,203.0,7,166
2024-07-15,SKU0122,428,,7,166
2024-07-22,SKU0122,266,0.0,7,166
2024-07-29,SKU0122,123,0.0,7,166
2024-08-05,SKU0122,291,245.0,7,166
2024-08-12,SKU0122,383,185.0,7,166
2024-08-19,SKU0122,241,0.0,7,166
2024-08-26,SKU0122,309,,7,166
2024-09-02,SKU0122,156,0.0,7,166
2024-09-09,SKU0122,232,193.0,7,166
2024-09-16,SKU0122,73,0.0,7,166
2024-09-23,SKU0122,107,250.0,7,166
2024-09-30,SKU0122,113,232.0,7,166
2024-10-07,SKU0122,0,0.0,7,166
2024-10-14,SKU0122,187,207.0,7,166
2024-10-21,SKU0122,279,250.0,7,166
2024-10-28,SKU0122,427,180.0,7,166
2024-11-04,SKU0122,281,0.0,7,166
2024-11-11,SKU0122,297,248.0,7,166
2024-11-18,SKU0122,153,0.0,7,166
2024-11-25,SKU0122,261,266.0,7,166
2024-12-02,SKU0122,366,181.0,7,166
2024-12-09,SKU0122,223,0.0,7,166
2024-12-16,SKU0122,310,234.0,7,166
2024-12-23,SKU0122,177,0.0,7,166
2024-12-30,SKU0122,25,0.0,7,166
2025-01-06,SKU0122,129,275.0,7,166
2025-01-13,SKU0122,0,0.0,7,166
2025-01-20,SKU0122,290,238.0,7,166
2025-01-27,SKU0122,154,0.0,7,166
2025-02-03,SKU0122,33,0.0,7,166
2025-02-10,SKU0122,0,0.0,7,166
2025-02-17,SKU0122,255,261.0,7,166
2025-02-24,SKU0122,347,239.0,7,166
2025-03-03,SKU0122,223,0.0,7,166
2025-03-10,SKU0122,344,273.0,7,166
2025-03-17,SKU0122,194,0.0,7,166
2025-03-24,SKU0122,163,,7,166
2025-03-31,SKU0122,306,232.0,7,166
2025-04-07,SKU0122,159,0.0,7,166
2025-04-14,SKU0122,21,0.0,7,166
2025-04-21,SKU0122,0,0.0,7,166
2025-04-28,SKU0122,112,172.0,7,166
2025-05-05,SKU0122,0,0.0,7,166
2025-05-12,SKU0122,0,0.0,7,166
2025-05-19,SKU0122,302,,7,166
2025-05-26,SKU0122,434,179.0,7,166
2025-06-02,SKU0122,297,0.0,7,166
2025-06-09,SKU0122,318,181.0,7,166
2025-06-16,SKU0122,180,0.0,7,166
2025-06-23,SKU0122,37,0.0,7,166
2025-06-30,SKU0122,222,239.0,7,166
2025-07-07,SKU0122,248,275.0,7,166
2025-07-14,SKU0122,276,261.0,7,166
2025-07-21,SKU0122,361,283.0,7,166
2025-07-28,SKU0122,202,0.0,7,166
2025-08-04,SKU0122,65,0.0,7,166
2025-08-11,SKU0122,0,0.0,7,166
2025-08-18,SKU0122,0,0.0,7,166
2025-08-25,SKU0122,103,265.0,7,166
2025-09-01,SKU0122,252,222.0,7,166
2025-09-08,SKU0122,100,0.0,7,166
2025-09-15,SKU0122,0,0.0,7,166
2025-09-22,SKU0122,277,271.0,7,166
2025-09-29,SKU0122,300,283.0,7,166
2025-10-06,SKU0122,173,0.0,7,166
2025-10-13,SKU0122,31,0.0,7,166
2025-10-20,SKU0122,241,284.0,7,166
2025-10-27,SKU0122,326,285.0,7,166
2025-11-03,SKU0122,187,0.0,7,166
2025-11-10,SKU0122,44,0.0,7,166
2025-11-17,SKU0122,0,0.0,7,166
2025-11-24,SKU0122,295,216.0,7,166
2025-12-01,SKU0122,147,0.0,7,166
2025-12-08,SKU0122,1,0.0,7,166
2025-12-15,SKU0122,268,233.0,7,166
2025-12-22,SKU0122,346,204.0,7,166
2025-12-29,SKU0122,196,0.0,7,166
2024-01-01,SKU0123,635,0.0,21,524
2024-01-08,SKU0123,516,0.0,21,524
2024-01-15,SKU0123,416,0.0,21,524
2024-01-22,SKU0123,371,548.0,21,524
2024-01-29,SKU0123,475,508.0,21,524
2024-02-05,SKU0123,550,487.0,21,524
2024-02-12,SKU0123,416,0.0,21,524
2024-02-19,SKU0123,393,640.0,21,524
2024-02-26,SKU0123,370,606.0,21,524
2024-03-04,SKU0123,251,0.0,21,524
2024-03-11,SKU0123,355,531.0,21,524
2024-03-18,SKU0123,230,0.0,21,524
2024-03-25,SKU0123,289,564.0,21,524
2024-04-01,SKU0123,255,687.0,21,524
2024-04-08,SKU0123,317,657.0,21,524
2024-04-15,SKU0123,193,0.0,21,524
2024-04-22,SKU0123,68,0.0,21,524
2024-04-29,SKU0123,150,653.0,21,524
2024-05-06,SKU0123,237,506.0,21,524
2024-05-13,SKU0123,339,589.0,21,524
2024-05-20,SKU0123,227,0.0,21,524
2024-05-27,SKU0123,375,602.0,21,524
2024-06-03,SKU0123,243,0.0,21,524
2024-06-10,SKU0123,336,595.0,21,524
2024-06-17,SKU0123,408,692.0,21,524
2024-06-24,SKU0123,500,610.0,21,524
2024-07-01,SKU0123,631,648.0,21,524
2024-07-08,SKU0123,509,,21,524
2024-07-15,SKU0123,607,598.0,21,524
2024-07-22,SKU0123,714,483.0,21,524
2024-07-29,SKU0123,595,0.0,21,524
2024-08-05,SKU0123,470,0.0,21,524
2024-08-12,SKU0123,363,0.0,21,524
2024-08-19,SKU0123,245,0.0,21,524
2024-08-26,SKU0123,281,659.0,21,524
2024-09-02,SKU0123,317,502.0,21,524
2024-09-09,SKU0123,286,558.0,21,524
2024-09-16,SKU0123,339,581.0,21,524
2024-09-23,SKU0123,481,502.0,21,524
2024-09-30,SKU0123,359,0.0,21,524
2024-10-07,SKU0123,356,448.0,21,524
2024-10-14,SKU0123,382,433.0,21,524
2024-10-21,SKU0123,263,0.0,21,524
2024-10-28,SKU0123,371,468.0,21,524
2024-11-04,SKU0123,453,611.0,21,524
2024-11-11,SKU0123,447,447.0,21,524
2024-11-18,SKU0123,332,0.0,21,524
2024-11-25,SKU0123,437,479.0,21,524
2024-12-02,SKU0123,534,690.0,21,524
2024-12-09,SKU0123,418,0.0,21,524
2024-12-16,SKU0123,413,422.0,21,524
2024-12-23,SKU0123,304,0.0,21,524
2024-12-30,SKU0123,219,0.0,21,524
2025-01-06,SKU0123,113,0.0,21,524
2025-01-13,SKU0123,178,532.0,21,524
2025-01-20,SKU0123,62,0.0,21,524
2025-01-27,SKU0123,234,434.0,21,524
2025-02-03,SKU0123,210,465.0,21,524
2025-02-10,SKU0123,328,660.0,21,524
2025-02-17,SKU0123,307,576.0,21,524
2025-02-24,SKU0123,201,0.0,21,524
2025-03-03,SKU0123,83,0.0,21,524
2025-03-10,SKU0123,0,0.0,21,524
2025-03-17,SKU0123,162,681.0,21,524
2025-03-24,SKU0123,213,609.0,21,524
2025-03-31,SKU0123,85,0.0,21,524
2025-04-07,SKU0123,0,0.0,21,524
2025-04-14,SKU0123,100,684.0,21,524
2025-04-21,SKU0123,0,0.0,21,524
2025-04-28,SKU0123,189,594.0,21,524
2025-05-05,SKU0123,67,0.0,21,524
2025-05-12,SKU0123,0,0.0,21,524
2025-05-19,SKU0123,0,0.0,21,524
2025-05-26,SKU0123,0,0.0,21,524
2025-06-02,SKU0123,0,0.0,21,524
2025-06-09,SKU0123,189,583.0,21,524
2025-06-16,SKU0123,274,425.0,21,524
2025-06-23,SKU0123,381,455.0,21,524
2025-06-30,SKU0123,252,0.0,21,524
2025-07-07,SKU0123,346,671.0,21,524
2025-07-14,SKU0123,241,0.0,21,524
2025-07-21,SKU0123,217,589.0,21,524
2025-07-28,SKU0123,92,0.0,21,524
2025-08-04,SKU0123,0,0.0,21,524
2025-08-11,SKU0123,144,583.0,21,524
2025-08-18,SKU0123,124,492.0,21,524
2025-08-25,SKU0123,243,457.0,21,524
2025-09-01,SKU0123,276,691.0,21,524
2025-09-08,SKU0123,144,0.0,21,524
2025-09-15,SKU0123,26,0.0,21,524
2025-09-22,SKU0123,172,424.0,21,524
2025-09-29,SKU0123,153,486.0,21,524
2025-10-06,SKU0123,187,457.0,21,524
2025-10-13,SKU0123,200,446.0,21,524
2025-10-20,SKU0123,222,692.0,21,524
2025-10-27,SKU0123,355,611.0,21,524
2025-11-03,SKU0123,455,469.0,21,524
2025-11-10,SKU0123,538,640.0,21,524
2025-11-17,SKU0123,431,0.0,21,524
2025-11-24,SKU0123,297,0.0,21,524
2025-12-01,SKU0123,185,0.0,21,524
2025-12-08,SKU0123,215,568.0,21,524
2025-12-15,SKU0123,298,515.0,21,524
2025-12-22,SKU0123,329,525.0,21,524
2025-12-29,SKU0123,218,0.0,21,524
2024-01-01,SKU0124,356,0.0,14,301
2024-01-08,SKU0124,345,487.0,14,301
2024-01-15,SKU0124,208,0.0,14,301
2024-01-22,SKU0124,182,367.0,14,301
2024-01-29,SKU0124,196,539.0,14,301
2024-02-05,SKU0124,348,337.0,14,301
2024-02-12,SKU0124,460,407.0,14,301
2024-02-19,SKU0124,314,0.0,14,301
2024-02-26,SKU0124,182,0.0,14,301
2024-03-04,SKU0124,48,0.0,14,301
2024-03-11,SKU0124,0,0.0,14,301
2024-03-18,SKU0124,221,456.0,14,301
2024-03-25,SKU0124,190,461.0,14,301
2024-04-01,SKU0124,205,363.0,14,301
2024-04-08,SKU0124,307,336.0,14,301
2024-04-15,SKU0124,316,405.0,14,301
2024-04-22,SKU0124,163,0.0,14,301
2024-04-29,SKU0124,233,451.0,14,301
2024-05-06,SKU0124,247,516.0,14,301
2024-05-13,SKU0124,107,0.0,14,301
2024-05-20,SKU0124,0,0.0,14,301
2024-05-27,SKU0124,0,0.0,14,301
2024-06-03,SKU0124,0,0.0,14,301
2024-06-10,SKU0124,137,553.0,14,301
2024-06-17,SKU0124,283,511.0,14,301
2024-06-24,SKU0124,136,0.0,14,301
2024-07-01,SKU0124,0,0.0,14,301
2024-07-08,SKU0124,0,0.0,14,301
2024-07-15,SKU0124,117,450.0,14,301
2024-07-22,SKU0124,276,334.0,14,301
2024-07-29,SKU0124,130,0.0,14,301
2024-08-05,SKU0124,0,0.0,14,301
2024-08-12,SKU0124,276,400.0,14,301
2024-08-19,SKU0124,313,530.0,14,301
2024-08-26,SKU0124,452,535.0,14,301
2024-09-02,SKU0124,318,0.0,14,301
2024-09-09,SKU0124,190,0.0,14,301
2024-09-16,SKU0124,230,503.0,14,301
2024-09-23,SKU0124,81,0.0,14,301
2024-09-30,SKU0124,126,358.0,14,301
2024-10-07,SKU0124,1,0.0,14,301
2024-10-14,SKU0124,125,495.0,14,301
2024-10-21,SKU0124,0,0.0,14,301
2024-10-28,SKU0124,0,0.0,14,301
2024-11-04,SKU0124,0,0.0,14,301
2024-11-11,SKU0124,154,377.0,14,301
2024-11-18,SKU0124,230,517.0,14,301
2024-11-25,SKU0124,106,0.0,14,301
2024-12-02,SKU0124,120,488.0,14,301
2024-12-09,SKU0124,236,475.0,14,301
2024-12-16,SKU0124,78,0.0,14,301
2024-12-23,SKU0124,277,547.0,14,301
2024-12-30,SKU0124,148,0.0,14,301
2025-01-06,SKU0124,189,538.0,14,301
2025-01-13,SKU0124,44,0.0,14,301
2025-01-20,SKU0124,0,0.0,14,301
2025-01-27,SKU0124,180,418.0,14,301
2025-02-03,SKU0124,32,0.0,14,301
2025-02-10,SKU0124,0,0.0,14,301
2025-02-17,SKU0124,217,476.0,14,301
2025-02-24,SKU0124,82,0.0,14,301
2025-03-03,SKU0124,135,424.0,14,301
2025-03-10,SKU0124,247,370.0,14,301
2025-03-17,SKU0124,376,437.0,14,301
2025-03-24,SKU0124,247,0.0,14,301
2025-03-31,SKU0124,403,507.0,14,301
2025-04-07,SKU0124,485,533.0,14,301
2025-04-14,SKU0124,322,0.0,14,301
2025-04-21,SKU0124,359,444.0,14,301
2025-04-28,SKU0124,431,554.0,14,301
2025-05-05,SKU0124,308,0.0,14,301
2025-05-12,SKU0124,336,467.0,14,301
2025-05-19,SKU0124,195,0.0,14,301
2025-05-26,SKU0124,63,0.0,14,301
2025-06-02,SKU0124,0,0.0,14,301
2025-06-09,SKU0124,208,465.0,14,301
2025-06-16,SKU0124,317,379.0,14,301
2025-06-23,SKU0124,429,525.0,14,301
2025-06-30,SKU0124,558,,14,301
2025-07-07,SKU0124,425,0.0,14,301
2025-07-14,SKU0124,551,403.0,14,301
2025-07-21,SKU0124,414,0.0,14,301
2025-07-28,SKU0124,549,534.0,14,301
2025-08-04,SKU0124,389,0.0,14,301
2025-08-11,SKU0124,477,352.0,14,301
2025-08-18,SKU0124,340,0.0,14,301
2025-08-25,SKU0124,331,431.0,14,301
2025-09-01,SKU0124,447,458.0,14,301
2025-09-08,SKU0124,323,0.0,14,301
2025-09-15,SKU0124,389,486.0,14,301
2025-09-22,SKU0124,446,416.0,14,301
2025-09-29,SKU0124,316,0.0,14,301
2025-10-06,SKU0124,410,364.0,14,301
2025-10-13,SKU0124,289,0.0,14,301
2025-10-20,SKU0124,167,0.0,14,301
2025-10-27,SKU0124,25,0.0,14,301
2025-11-03,SKU0124,270,502.0,14,301
2025-11-10,SKU0124,140,0.0,14,301
2025-11-17,SKU0124,155,418.0,14,301
2025-11-24,SKU0124,199,507.0,14,301
2025-12-01,SKU0124,80,0.0,14,301
2025-12-08,SKU0124,288,413.0,14,301
2025-12-15,SKU0124,393,419.0,14,301
2025-12-22,SKU0124,262,0.0,14,301
2025-12-29,SKU0124,115,0.0,14,301
2024-01-01,SKU0125,447,0.0,7,107
2024-01-08,SKU0125,384,0.0,7,107
2024-01-15,SKU0125,311,0.0,7,107
2024-01-22,SKU0125,227,0.0,7,107
2024-01-29,SKU0125,146,0.0,7,107
2024-02-05,SKU0125,213,118.0,7,107
2024-02-12,SKU0125,123,0.0,7,107
2024-02-19,SKU0125,59,0.0,7,107
2024-02-26,SKU0125,101,129.0,7,107
2024-03-04,SKU0125,3,0.0,7,107
2024-03-11,SKU0125,0,0.0,7,107
2024-03-18,SKU0125,159,145.0,7,107
2024-03-25,SKU0125,67,0.0,7,107
2024-04-01,SKU0125,137,119.0,7,107
2024-04-08,SKU0125,43,0.0,7,107
2024-04-15,SKU0125,75,113.0,7,107
2024-04-22,SKU0125,114,138.0,7,107
2024-04-29,SKU0125,25,0.0,7,107
2024-05-06,SKU0125,0,0.0,7,107
2024-05-13,SKU0125,0,0.0,7,107
2024-05-20,SKU0125,110,143.0,7,107
2024-05-27,SKU0125,148,135.0,7,107
2024-06-03,SKU0125,153,127.0,7,107
2024-06-10,SKU0125,70,0.0,7,107
2024-06-17,SKU0125,2,0.0,7,107
2024-06-24,SKU0125,0,0.0,7,107
2024-07-01,SKU0125,0,0.0,7,107
2024-07-08,SKU0125,84,137.0,7,107
2024-07-15,SKU0125,7,0.0,7,107
2024-07-22,SKU0125,0,0.0,7,107
2024-07-29,SKU0125,109,111.0,7,107
2024-08-05,SKU0125,43,,7,107
2024-08-12,SKU0125,80,148.0,7,107
2024-08-19,SKU0125,168,135.0,7,107
2024-08-26,SKU0125,153,157.0,7,107
2024-09-02,SKU0125,82,0.0,7,107
2024-09-09,SKU0125,101,157.0,7,107
2024-09-16,SKU0125,98,147.0,7,107
2024-09-23,SKU0125,100,113.0,7,107
2024-09-30,SKU0125,16,0.0,7,107
2024-10-07,SKU0125,0,0.0,7,107
2024-10-14,SKU0125,0,0.0,7,107
2024-10-21,SKU0125,97,123.0,7,107
2024-10-28,SKU0125,151,98.0,7,107
2024-11-04,SKU0125,75,0.0,7,107
2024-11-11,SKU0125,97,98.0,7,107
2024-11-18,SKU0125,167,,7,107
2024-11-25,SKU0125,239,136.0,7,107
2024-12-02,SKU0125,174,0.0,7,107
2024-12-09,SKU0125,243,103.0,7,107
2024-12-16,SKU0125,161,0.0,7,107
2024-12-23,SKU0125,242,158.0,7,107
2024-12-30,SKU0125,178,0.0,7,107
2025-01-06,SKU0125,74,0.0,7,107
2025-01-13,SKU0125,66,132.0,7,107
2025-01-20,SKU0125,126,115.0,7,107
2025-01-27,SKU0125,113,150.0,7,107
2025-02-03,SKU0125,23,0.0,7,107
2025-02-10,SKU0125,0,0.0,7,107
2025-02-17,SKU0125,0,0.0,7,107
2025-02-24,SKU0125,98,139.0,7,107
2025-03-03,SKU0125,129,135.0,7,107
2025-03-10,SKU0125,167,131.0,7,107
2025-03-17,SKU0125,85,0.0,7,107
2025-03-24,SKU0125,124,132.0,7,107
2025-03-31,SKU0125,42,0.0,7,107
2025-04-07,SKU0125,100,146.0,7,107
2025-04-14,SKU0125,88,112.0,7,107
2025-04-21,SKU0125,0,0.0,7,107
2025-04-28,SKU0125,75,158.0,7,107
2025-05-05,SKU0125,108,154.0,7,107
2025-05-12,SKU0125,17,0.0,7,107
2025-05-19,SKU0125,0,0.0,7,107
2025-05-26,SKU0125,65,124.0,7,107
2025-06-02,SKU0125,0,0.0,7,107
2025-06-09,SKU0125,102,137.0,7,107
2025-06-16,SKU0125,19,0.0,7,107
2025-06-23,SKU0125,0,0.0,7,107
2025-06-30,SKU0125,0,0.0,7,107
2025-07-07,SKU0125,65,116.0,7,107
2025-07-14,SKU0125,0,0.0,7,107
2025-07-21,SKU0125,84,96.0,7,107
2025-07-28,SKU0125,93,100.0,7,107
2025-08-04,SKU0125,89,152.0,7,107
2025-08-11,SKU0125,97,138.0,7,107
2025-08-18,SKU0125,151,141.0,7,107
2025-08-25,SKU0125,68,0.0,7,107
2025-09-01,SKU0125,121,100.0,7,107
2025-09-08,SKU0125,45,0.0,7,107
2025-09-15,SKU0125,117,136.0,7,107
2025-09-22,SKU0125,40,0.0,7,107
2025-09-29,SKU0125,154,103.0,7,107
2025-10-06,SKU0125,250,148.0,7,107
2025-10-13,SKU0125,175,0.0,7,107
2025-10-20,SKU0125,185,105.0,7,107
2025-10-27,SKU0125,116,0.0,7,107
2025-11-03,SKU0125,203,110.0,7,107
2025-11-10,SKU0125,119,0.0,7,107
2025-11-17,SKU0125,47,0.0,7,107
2025-11-24,SKU0125,91,129.0,7,107
2025-12-01,SKU0125,22,0.0,7,107
2025-12-08,SKU0125,93,120.0,7,107
2025-12-15,SKU0125,13,0.0,7,107
2025-12-22,SKU0125,0,0.0,7,107
2025-12-29,SKU0125,0,0.0,7,107
2024-01-01,SKU0126,628,651.0,30,614
2024-01-08,SKU0126,522,0.0,30,614
2024-01-15,SKU0126,404,0.0,30,614
2024-01-22,SKU0126,290,0.0,30,614
2024-01-29,SKU0126,372,883.0,30,614
2024-02-05,SKU0126,265,0.0,30,614
2024-02-12,SKU0126,345,707.0,30,614
2024-02-19,SKU0126,403,793.0,30,614
2024-02-26,SKU0126,305,0.0,30,614
2024-03-04,SKU0126,391,785.0,30,614
2024-03-11,SKU0126,464,652.0,30,614
2024-03-18,SKU0126,470,708.0,30,614
2024-03-25,SKU0126,584,889.0,30,614
2024-04-01,SKU0126,470,0.0,30,614
2024-04-08,SKU0126,474,764.0,30,614
2024-04-15,SKU0126,502,848.0,30,614
2024-04-22,SKU0126,492,646.0,30,614
2024-04-29,SKU0126,409,0.0,30,614
2024-05-06,SKU0126,314,0.0,30,614
2024-05-13,SKU0126,384,814.0,30,614
2024-05-20,SKU0126,449,777.0,30,614
2024-05-27,SKU0126,492,,30,614
2024-06-03,SKU0126,538,891.0,30,614
2024-06-10,SKU0126,410,0.0,30,614
2024-06-17,SKU0126,296,0.0,30,614
2024-06-24,SKU0126,195,0.0,30,614
2024-07-01,SKU0126,243,565.0,30,614
2024-07-08,SKU0126,246,800.0,30,614
2024-07-15,SKU0126,246,688.0,30,614
2024-07-22,SKU0126,334,654.0,30,614
2024-07-29,SKU0126,395,620.0,30,614
2024-08-05,SKU0126,471,771.0,30,614
2024-08-12,SKU0126,529,705.0,30,614
2024-08-19,SKU0126,533,892.0,30,614
2024-08-26,SKU0126,522,817.0,30,614
2024-09-02,SKU0126,423,0.0,30,614
2024-09-09,SKU0126,444,823.0,30,614
2024-09-16,SKU0126,545,689.0,30,614
2024-09-23,SKU0126,515,795.0,30,614
2024-09-30,SKU0126,632,823.0,30,614
2024-10-07,SKU0126,523,0.0,30,614
2024-10-14,SKU0126,412,0.0,30,614
2024-10-21,SKU0126,448,880.0,30,614
2024-10-28,SKU0126,360,0.0,30,614
2024-11-04,SKU0126,379,550.0,30,614
2024-11-11,SKU0126,280,0.0,30,614
2024-11-18,SKU0126,362,631.0,30,614
2024-11-25,SKU0126,258,0.0,30,614
2024-12-02,SKU0126,315,855.0,30,614
2024-12-09,SKU0126,217,0.0,30,614
2024-12-16,SKU0126,251,876.0,30,614
2024-12-23,SKU0126,245,841.0,30,614
2024-12-30,SKU0126,144,0.0,30,614
2025-01-06,SKU0126,46,0.0,30,614
2025-01-13,SKU0126,0,0.0,30,614
2025-01-20,SKU0126,117,839.0,30,614
2025-01-27,SKU0126,17,0.0,30,614
2025-02-03,SKU0126,0,0.0,30,614
2025-02-10,SKU0126,204,603.0,30,614
2025-02-17,SKU0126,312,691.0,30,614
2025-02-24,SKU0126,274,620.0,30,614
2025-03-03,SKU0126,277,800.0,30,614
2025-03-10,SKU0126,283,713.0,30,614
2025-03-17,SKU0126,179,0.0,30,614
2025-03-24,SKU0126,271,681.0,30,614
2025-03-31,SKU0126,172,0.0,30,614
2025-04-07,SKU0126,189,804.0,30,614
2025-04-14,SKU0126,86,0.0,30,614
2025-04-21,SKU0126,179,695.0,30,614
2025-04-28,SKU0126,81,0.0,30,614
2025-05-05,SKU0126,0,0.0,30,614
2025-05-12,SKU0126,183,650.0,30,614
2025-05-19,SKU0126,290,671.0,30,614
2025-05-26,SKU0126,290,635.0,30,614
2025-06-02,SKU0126,182,0.0,30,614
2025-06-09,SKU0126,193,833.0,30,614
2025-06-16,SKU0126,312,742.0,30,614
2025-06-23,SKU0126,302,893.0,30,614
2025-06-30,SKU0126,209,0.0,30,614
2025-07-07,SKU0126,223,575.0,30,614
2025-07-14,SKU0126,202,762.0,30,614
2025-07-21,SKU0126,204,594.0,30,614
2025-07-28,SKU0126,109,0.0,30,614
2025-08-04,SKU0126,82,558.0,30,614
2025-08-11,SKU0126,169,726.0,30,614
2025-08-18,SKU0126,292,559.0,30,614
2025-08-25,SKU0126,402,733.0,30,614
2025-09-01,SKU0126,418,651.0,30,614
2025-09-08,SKU0126,484,559.0,30,614
2025-09-15,SKU0126,514,649.0,30,614
2025-09-22,SKU0126,534,596.0,30,614
2025-09-29,SKU0126,413,0.0,30,614
2025-10-06,SKU0126,311,0.0,30,614
2025-10-13,SKU0126,193,0.0,30,614
2025-10-20,SKU0126,227,722.0,30,614
2025-10-27,SKU0126,115,0.0,30,614
2025-11-03,SKU0126,16,0.0,30,614
2025-11-10,SKU0126,95,637.0,30,614
2025-11-17,SKU0126,107,896.0,30,614
2025-11-24,SKU0126,104,552.0,30,614
2025-12-01,SKU0126,7,0.0,30,614
2025-12-08,SKU0126,225,867.0,30,614
2025-12-15,SKU0126,141,0.0,30,614
2025-12-22,SKU0126,24,0.0,30,614
2025-12-29,SKU0126,85,812.0,30,614
2024-01-01,SKU0127,104,420.0,21,284
2024-01-08,SKU0127,29,0.0,21,284
2024-01-15,SKU0127,137,366.0,21,284
2024-01-22,SKU0127,219,277.0,21,284
2024-01-29,SKU0127,210,,21,284
2024-02-05,SKU0127,148,0.0,21,284
2024-02-12,SKU0127,74,0.0,21,284
2024-02-19,SKU0127,9,0.0,21,284
2024-02-26,SKU0127,125,354.0,21,284
2024-03-04,SKU0127,121,269.0,21,284
2024-03-11,SKU0127,54,0.0,21,284
2024-03-18,SKU0127,146,307.0,21,284
2024-03-25,SKU0127,135,402.0,21,284
2024-04-01,SKU0127,149,343.0,21,284
2024-04-08,SKU0127,152,262.0,21,284
2024-04-15,SKU0127,199,420.0,21,284
2024-04-22,SKU0127,128,0.0,21,284
2024-04-29,SKU0127,39,0.0,21,284
2024-05-06,SKU0127,0,0.0,21,284
2024-05-13,SKU0127,0,0.0,21,284
2024-05-20,SKU0127,0,0.0,21,284
2024-05-27,SKU0127,58,320.0,21,284
2024-06-03,SKU0127,0,0.0,21,284
2024-06-10,SKU0127,58,283.0,21,284
2024-06-17,SKU0127,0,0.0,21,284
2024-06-24,SKU0127,0,0.0,21,284
2024-07-01,SKU0127,0,0.0,21,284
2024-07-08,SKU0127,75,380.0,21,284
2024-07-15,SKU0127,4,0.0,21,284
2024-07-22,SKU0127,139,324.0,21,284
2024-07-29,SKU0127,230,411.0,21,284
2024-08-05,SKU0127,297,309.0,21,284
2024-08-12,SKU0127,228,0.0,21,284
2024-08-19,SKU0127,156,0.0,21,284
2024-08-26,SKU0127,75,0.0,21,284
2024-09-02,SKU0127,149,410.0,21,284
2024-09-09,SKU0127,75,0.0,21,284
2024-09-16,SKU0127,128,380.0,21,284
2024-09-23,SKU0127,170,399.0,21,284
2024-09-30,SKU0127,208,301.0,21,284
2024-10-07,SKU0127,226,386.0,21,284
2024-10-14,SKU0127,296,418.0,21,284
2024-10-21,SKU0127,349,405.0,21,284
2024-10-28,SKU0127,276,0.0,21,284
2024-11-04,SKU0127,210,0.0,21,284
2024-11-11,SKU0127,152,0.0,21,284
2024-11-18,SKU0127,193,314.0,21,284
2024-11-25,SKU0127,129,0.0,21,284
2024-12-02,SKU0127,200,306.0,21,284
2024-12-09,SKU0127,237,276.0,21,284
2024-12-16,SKU0127,171,0.0,21,284
2024-12-23,SKU0127,220,287.0,21,284
2024-12-30,SKU0127,223,387.0,21,284
2025-01-06,SKU0127,293,268.0,21,284
2025-01-13,SKU0127,315,412.0,21,284
2025-01-20,SKU0127,369,426.0,21,284
2025-01-27,SKU0127,288,0.0,21,284
2025-02-03,SKU0127,311,262.0,21,284
2025-02-10,SKU0127,247,0.0,21,284
2025-02-17,SKU0127,303,276.0,21,284
2025-02-24,SKU0127,230,0.0,21,284
2025-03-03,SKU0127,285,355.0,21,284
2025-03-10,SKU0127,211,0.0,21,284
2025-03-17,SKU0127,251,424.0,21,284
2025-03-24,SKU0127,189,0.0,21,284
2025-03-31,SKU0127,125,0.0,21,284
2025-04-07,SKU0127,130,296.0,21,284
2025-04-14,SKU0127,61,0.0,21,284
2025-04-21,SKU0127,69,367.0,21,284
2025-04-28,SKU0127,0,0.0,21,284
2025-05-05,SKU0127,0,0.0,21,284
2025-05-12,SKU0127,0,0.0,21,284
2025-05-19,SKU0127,148,414.0,21,284
2025-05-26,SKU0127,73,0.0,21,284
2025-06-02,SKU0127,81,327.0,21,284
2025-06-09,SKU0127,143,259.0,21,284
2025-06-16,SKU0127,83,0.0,21,284
2025-06-23,SKU0127,24,0.0,21,284
2025-06-30,SKU0127,0,0.0,21,284
2025-07-07,SKU0127,97,386.0,21,284
2025-07-14,SKU0127,83,291.0,21,284
2025-07-21,SKU0127,1,0.0,21,284
2025-07-28,SKU0127,114,422.0,21,284
2025-08-04,SKU0127,113,399.0,21,284
2025-08-11,SKU0127,34,0.0,21,284
2025-08-18,SKU0127,0,0.0,21,284
2025-08-25,SKU0127,59,275.0,21,284
2025-09-01,SKU0127,133,308.0,21,284
2025-09-08,SKU0127,196,351.0,21,284
2025-09-15,SKU0127,250,395.0,21,284
2025-09-22,SKU0127,181,0.0,21,284
2025-09-29,SKU0127,179,277.0,21,284
2025-10-06,SKU0127,221,389.0,21,284
2025-10-13,SKU0127,269,305.0,21,284
2025-10-20,SKU0127,209,0.0,21,284
2025-10-27,SKU0127,233,284.0,21,284
2025-11-03,SKU0127,266,420.0,21,284
2025-11-10,SKU0127,324,339.0,21,284
2025-11-17,SKU0127,369,,21,284
2025-11-24,SKU0127,311,0.0,21,284
2025-12-01,SKU0127,250,0.0,21,284
2025-12-08,SKU0127,187,0.0,21,284
2025-12-15,SKU0127,170,395.0,21,284
2025-12-22,SKU0127,219,316.0,21,284
2025-12-29,SKU0127,155,0.0,21,284
2024-01-01,SKU0128,486,0.0,14,412
2024-01-08,SKU0128,478,553.0,14,412
2024-01-15,SKU0128,316,0.0,14,412
2024-01-22,SKU0128,367,368.0,14,412
2024-01-29,SKU0128,215,0.0,14,412
2024-02-05,SKU0128,57,0.0,14,412
2024-02-12,SKU0128,307,385.0,14,412
2024-02-19,SKU0128,158,0.0,14,412
2024-02-26,SKU0128,294,374.0,14,412
2024-03-04,SKU0128,137,0.0,14,412
2024-03-11,SKU0128,0,0.0,14,412
2024-03-18,SKU0128,193,584.0,14,412
2024-03-25,SKU0128,43,0.0,14,412
2024-04-01,SKU0128,138,,14,412
2024-04-08,SKU0128,164,548.0,14,412
2024-04-15,SKU0128,175,439.0,14,412
2024-04-22,SKU0128,35,0.0,14,412
2024-04-29,SKU0128,237,468.0,14,412
2024-05-06,SKU0128,92,0.0,14,412
2024-05-13,SKU0128,0,0.0,14,412
2024-05-20,SKU0128,131,429.0,14,412
2024-05-27,SKU0128,110,429.0,14,412
2024-06-03,SKU0128,216,385.0,14,412
2024-06-10,SKU0128,288,364.0,14,412
2024-06-17,SKU0128,463,370.0,14,412
2024-06-24,SKU0128,329,0.0,14,412
2024-07-01,SKU0128,471,367.0,14,412
2024-07-08,SKU0128,651,526.0,14,412
2024-07-15,SKU0128,505,,14,412
2024-07-22,SKU0128,366,0.0,14,412
2024-07-29,SKU0128,492,425.0,14,412
2024-08-05,SKU0128,488,565.0,14,412
2024-08-12,SKU0128,607,397.0,14,412
2024-08-19,SKU0128,467,0.0,14,412
2024-08-26,SKU0128,307,0.0,14,412
2024-09-02,SKU0128,140,0.0,14,412
2024-09-09,SKU0128,6,0.0,14,412
2024-09-16,SKU0128,0,0.0,14,412
2024-09-23,SKU0128,176,473.0,14,412
2024-09-30,SKU0128,6,0.0,14,412
2024-10-07,SKU0128,0,0.0,14,412
2024-10-14,SKU0128,161,485.0,14,412
2024-10-21,SKU0128,13,0.0,14,412
2024-10-28,SKU0128,247,418.0,14,412
2024-11-04,SKU0128,378,434.0,14,412
2024-11-11,SKU0128,549,,14,412
2024-11-18,SKU0128,535,493.0,14,412
2024-11-25,SKU0128,603,412.0,14,412
2024-12-02,SKU0128,453,0.0,14,412
2024-12-09,SKU0128,314,0.0,14,412
2024-12-16,SKU0128,356,400.0,14,412
2024-12-23,SKU0128,406,399.0,14,412
2024-12-30,SKU0128,253,0.0,14,412
2025-01-06,SKU0128,262,366.0,14,412
2025-01-13,SKU0128,118,0.0,14,412
2025-01-20,SKU0128,0,0.0,14,412
2025-01-27,SKU0128,160,412.0,14,412
2025-02-03,SKU0128,235,394.0,14,412
2025-02-10,SKU0128,89,0.0,14,412
2025-02-17,SKU0128,158,578.0,14,412
2025-02-24,SKU0128,135,411.0,14,412
2025-03-03,SKU0128,294,468.0,14,412
2025-03-10,SKU0128,375,576.0,14,412
2025-03-17,SKU0128,528,383.0,14,412
2025-03-24,SKU0128,547,398.0,14,412
2025-03-31,SKU0128,394,0.0,14,412
2025-04-07,SKU0128,414,374.0,14,412
2025-04-14,SKU0128,537,562.0,14,412
2025-04-21,SKU0128,395,0.0,14,412
2025-04-28,SKU0128,503,407.0,14,412
2025-05-05,SKU0128,342,0.0,14,412
2025-05-12,SKU0128,198,,14,412
2025-05-19,SKU0128,301,575.0,14,412
2025-05-26,SKU0128,487,390.0,14,412
2025-06-02,SKU0128,610,412.0,14,412
2025-06-09,SKU0128,459,0.0,14,412
2025-06-16,SKU0128,473,445.0,14,412
2025-06-23,SKU0128,523,549.0,14,412
2025-06-30,SKU0128,397,0.0,14,412
2025-07-07,SKU0128,409,414.0,14,412
2025-07-14,SKU0128,255,0.0,14,412
2025-07-21,SKU0128,357,503.0,14,412
2025-07-28,SKU0128,329,469.0,14,412
2025-08-04,SKU0128,409,353.0,14,412
2025-08-11,SKU0128,384,444.0,14,412
2025-08-18,SKU0128,242,0.0,14,412
2025-08-25,SKU0128,339,429.0,14,412
2025-09-01,SKU0128,416,417.0,14,412
2025-09-08,SKU0128,387,359.0,14,412
2025-09-15,SKU0128,524,520.0,14,412
2025-09-22,SKU0128,364,0.0,14,412
2025-09-29,SKU0128,402,574.0,14,412
2025-10-06,SKU0128,391,416.0,14,412
2025-10-13,SKU0128,420,574.0,14,412
2025-10-20,SKU0128,552,386.0,14,412
2025-10-27,SKU0128,418,0.0,14,412
2025-11-03,SKU0128,277,0.0,14,412
2025-11-10,SKU0128,222,445.0,14,412
2025-11-17,SKU0128,390,359.0,14,412
2025-11-24,SKU0128,343,511.0,14,412
2025-12-01,SKU0128,386,482.0,14,412
2025-12-08,SKU0128,507,413.0,14,412
2025-12-15,SKU0128,614,363.0,14,412
2025-12-22,SKU0128,478,0.0,14,412
2025-12-29,SKU0128,532,483.0,14,412
2025-03-10,SKU0129,684,0.0,14,432
2025-03-17,SKU0129,515,0.0,14,432
2025-03-24,SKU0129,369,0.0,14,432
2025-03-31,SKU0129,229,0.0,14,432
2025-04-07,SKU0129,76,0.0,14,432
2025-04-14,SKU0129,0,0.0,14,432
2025-04-21,SKU0129,0,0.0,14,432
2025-04-28,SKU0129,0,0.0,14,432
2025-05-05,SKU0129,0,0.0,14,432
2025-05-12,SKU0129,0,0.0,14,432
2025-05-19,SKU0129,0,0.0,14,432
2025-05-26,SKU0129,166,484.0,14,432
2025-06-02,SKU0129,344,584.0,14,432
2025-06-09,SKU0129,322,654.0,14,432
2025-06-16,SKU0129,358,632.0,14,432
2025-06-23,SKU0129,380,465.0,14,432
2025-06-30,SKU0129,219,0.0,14,432
2025-07-07,SKU0129,260,448.0,14,432
2025-07-14,SKU0129,102,0.0,14,432
2025-07-21,SKU0129,151,576.0,14,432
2025-07-28,SKU0129,219,524.0,14,432
2025-08-04,SKU0129,335,542.0,14,432
2025-08-11,SKU0129,287,465.0,14,432
2025-08-18,SKU0129,328,591.0,14,432
2025-08-25,SKU0129,171,0.0,14,432
2025-09-01,SKU0129,24,0.0,14,432
2025-09-08,SKU0129,224,493.0,14,432
2025-09-15,SKU0129,427,516.0,14,432
2025-09-22,SKU0129,254,0.0,14,432
2025-09-29,SKU0129,229,492.0,14,432
2025-10-06,SKU0129,411,401.0,14,432
2025-10-13,SKU0129,478,643.0,14,432
2025-10-20,SKU0129,314,0.0,14,432
2025-10-27,SKU0129,360,623.0,14,432
2025-11-03,SKU0129,347,404.0,14,432
2025-11-10,SKU0129,345,645.0,14,432
2025-11-17,SKU0129,400,,14,432
2025-11-24,SKU0129,246,0.0,14,432
2025-12-01,SKU0129,241,395.0,14,432
2025-12-08,SKU0129,91,0.0,14,432
2025-12-15,SKU0129,0,0.0,14,432
2025-12-22,SKU0129,176,647.0,14,432
2025-12-29,SKU0129,305,648.0,14,432
2024-01-01,SKU0130,153,0.0,10,129
2024-01-08,SKU0130,56,0.0,10,129
2024-01-15,SKU0130,0,0.0,10,129
2024-01-22,SKU0130,71,200.0,10,129
2024-01-29,SKU0130,87,199.0,10,129
2024-02-05,SKU0130,85,199.0,10,129
2024-02-12,SKU0130,7,0.0,10,129
2024-02-19,SKU0130,123,179.0,10,129
2024-02-26,SKU0130,135,166.0,10,129
2024-03-04,SKU0130,43,0.0,10,129
2024-03-11,SKU0130,0,0.0,10,129
2024-03-18,SKU0130,111,194.0,10,129
2024-03-25,SKU0130,24,0.0,10,129
2024-04-01,SKU0130,114,207.0,10,129
2024-04-08,SKU0130,26,0.0,10,129
2024-04-15,SKU0130,143,210.0,10,129
2024-04-22,SKU0130,71,0.0,10,129
2024-04-29,SKU0130,2,0.0,10,129
2024-05-06,SKU0130,92,213.0,10,129
2024-05-13,SKU0130,101,194.0,10,129
2024-05-20,SKU0130,12,0.0,10,129
2024-05-27,SKU0130,63,182.0,10,129
2024-06-03,SKU0130,83,151.0,10,129
2024-06-10,SKU0130,3,0.0,10,129
2024-06-17,SKU0130,98,143.0,10,129
2024-06-24,SKU0130,143,179.0,10,129
2024-07-01,SKU0130,71,0.0,10,129
2024-07-08,SKU0130,75,164.0,10,129
2024-07-15,SKU0130,116,172.0,10,129
2024-07-22,SKU0130,194,173.0,10,129
2024-07-29,SKU0130,105,0.0,10,129
2024-08-05,SKU0130,150,162.0,10,129
2024-08-12,SKU0130,70,0.0,10,129
2024-08-19,SKU0130,0,0.0,10,129
2024-08-26,SKU0130,127,142.0,10,129
2024-09-02,SKU0130,26,0.0,10,129
2024-09-09,SKU0130,152,213.0,10,129
2024-09-16,SKU0130,75,0.0,10,129
2024-09-23,SKU0130,0,0.0,10,129
2024-09-30,SKU0130,0,0.0,10,129
2024-10-07,SKU0130,109,171.0,10,129
2024-10-14,SKU0130,90,183.0,10,129
2024-10-21,SKU0130,171,140.0,10,129
2024-10-28,SKU0130,83,0.0,10,129
2024-11-04,SKU0130,75,166.0,10,129
2024-11-11,SKU0130,113,211.0,10,129
2024-11-18,SKU0130,29,0.0,10,129
2024-11-25,SKU0130,0,0.0,10,129
2024-12-02,SKU0130,0,0.0,10,129
2024-12-09,SKU0130,0,0.0,10,129
2024-12-16,SKU0130,92,202.0,10,129
2024-12-23,SKU0130,94,209.0,10,129
2024-12-30,SKU0130,25,0.0,10,129
2025-01-06,SKU0130,0,0.0,10,129
2025-01-13,SKU0130,80,221.0,10,129
2025-01-20,SKU0130,143,201.0,10,129
2025-01-27,SKU0130,179,170.0,10,129
2025-02-03,SKU0130,99,0.0,10,129
2025-02-10,SKU0130,24,0.0,10,129
2025-02-17,SKU0130,63,161.0,10,129
2025-02-24,SKU0130,0,0.0,10,129
2025-03-03,SKU0130,0,0.0,10,129
2025-03-10,SKU0130,0,0.0,10,129
2025-03-17,SKU0130,170,191.0,10,129
2025-03-24,SKU0130,98,0.0,10,129
2025-03-31,SKU0130,10,0.0,10,129
2025-04-07,SKU0130,0,0.0,10,129
2025-04-14,SKU0130,93,172.0,10,129
2025-04-21,SKU0130,0,0.0,10,129
2025-04-28,SKU0130,138,180.0,10,129
2025-05-05,SKU0130,184,196.0,10,129
2025-05-12,SKU0130,263,157.0,10,129
2025-05-19,SKU0130,186,0.0,10,129
2025-05-26,SKU0130,190,191.0,10,129
2025-06-02,SKU0130,120,0.0,10,129
2025-06-09,SKU0130,180,146.0,10,129
2025-06-16,SKU0130,113,0.0,10,129
2025-06-23,SKU0130,218,182.0,10,129
2025-06-30,SKU0130,143,0.0,10,129
2025-07-07,SKU0130,209,156.0,10,129
2025-07-14,SKU0130,190,174.0,10,129
2025-07-21,SKU0130,112,0.0,10,129
2025-07-28,SKU0130,203,200.0,10,129
2025-08-04,SKU0130,187,150.0,10,129
2025-08-11,SKU0130,211,167.0,10,129
2025-08-18,SKU0130,129,0.0,10,129
2025-08-25,SKU0130,47,0.0,10,129
2025-09-01,SKU0130,135,172.0,10,129
2025-09-08,SKU0130,175,202.0,10,129
2025-09-15,SKU0130,267,146.0,10,129
2025-09-22,SKU0130,188,0.0,10,129
2025-09-29,SKU0130,100,0.0,10,129
2025-10-06,SKU0130,107,224.0,10,129
2025-10-13,SKU0130,17,0.0,10,129
2025-10-20,SKU0130,94,191.0,10,129
2025-10-27,SKU0130,88,164.0,10,129
2025-11-03,SKU0130,138,210.0,10,129
2025-11-10,SKU0130,231,199.0,10,129
2025-11-17,SKU0130,148,0.0,10,129
2025-11-24,SKU0130,152,206.0,10,129
2025-12-01,SKU0130,171,202.0,10,129
2025-12-08,SKU0130,91,0.0,10,129
2025-12-15,SKU0130,10,0.0,10,129
2025-12-22,SKU0130,77,223.0,10,129
2025-12-29,SKU0130,20,0.0,10,129
2024-01-01,SKU0131,534,0.0,7,121
2024-01-08,SKU0131,451,0.0,7,121
2024-01-15,SKU0131,353,0.0,7,121
2024-01-22,SKU0131,249,0.0,7,121
2024-01-29,SKU0131,151,0.0,7,121
2024-02-05,SKU0131,241,190.0,7,121
2024-02-12,SKU0131,152,0.0,7,121
2024-02-19,SKU0131,126,166.0,7,121
2024-02-26,SKU0131,28,0.0,7,121
2024-03-04,SKU0131,153,164.0,7,121
2024-03-11,SKU0131,34,0.0,7,121
2024-03-18,SKU0131,207,141.0,7,121
2024-03-25,SKU0131,186,186.0,7,121
2024-04-01,SKU0131,106,0.0,7,121
2024-04-08,SKU0131,0,0.0,7,121
2024-04-15,SKU0131,0,0.0,7,121
2024-04-22,SKU0131,0,0.0,7,121
2024-04-29,SKU0131,77,163.0,7,121
2024-05-06,SKU0131,127,125.0,7,121
2024-05-13,SKU0131,171,189.0,7,121
2024-05-20,SKU0131,68,0.0,7,121
2024-05-27,SKU0131,128,196.0,7,121
2024-06-03,SKU0131,30,0.0,7,121
2024-06-10,SKU0131,0,0.0,7,121
2024-06-17,SKU0131,100,140.0,7,121
2024-06-24,SKU0131,101,133.0,7,121
2024-07-01,SKU0131,213,136.0,7,121
2024-07-08,SKU0131,223,144.0,7,121
2024-07-15,SKU0131,184,,7,121
2024-07-22,SKU0131,85,0.0,7,121
2024-07-29,SKU0131,133,164.0,7,121
2024-08-05,SKU0131,178,192.0,7,121
2024-08-12,SKU0131,286,128.0,7,121
2024-08-19,SKU0131,199,0.0,7,121
2024-08-26,SKU0131,250,132.0,7,121
2024-09-02,SKU0131,146,0.0,7,121
2024-09-09,SKU0131,160,184.0,7,121
2024-09-16,SKU0131,56,0.0,7,121
2024-09-23,SKU0131,0,0.0,7,121
2024-09-30,SKU0131,0,0.0,7,121
2024-10-07,SKU0131,0,0.0,7,121
2024-10-14,SKU0131,96,119.0,7,121
2024-10-21,SKU0131,12,0.0,7,121
2024-10-28,SKU0131,112,142.0,7,121
2024-11-04,SKU0131,22,0.0,7,121
2024-11-11,SKU0131,0,0.0,7,121
2024-11-18,SKU0131,104,135.0,7,121
2024-11-25,SKU0131,0,0.0,7,121
2024-12-02,SKU0131,0,0.0,7,121
2024-12-09,SKU0131,0,0.0,7,121
2024-12-16,SKU0131,101,120.0,7,121
2024-12-23,SKU0131,99,180.0,7,121
2024-12-30,SKU0131,141,172.0,7,121
2025-01-06,SKU0131,41,0.0,7,121
2025-01-13,SKU0131,195,139.0,7,121
2025-01-20,SKU0131,277,141.0,7,121
2025-01-27,SKU0131,189,0.0,7,121
2025-02-03,SKU0131,252,121.0,7,121
2025-02-10,SKU0131,149,0.0,7,121
2025-02-17,SKU0131,147,152.0,7,121
2025-02-24,SKU0131,179,119.0,7,121
2025-03-03,SKU0131,188,169.0,7,121
2025-03-10,SKU0131,70,0.0,7,121
2025-03-17,SKU0131,99,129.0,7,121
2025-03-24,SKU0131,9,0.0,7,121
2025-03-31,SKU0131,0,0.0,7,121
2025-04-07,SKU0131,144,127.0,7,121
2025-04-14,SKU0131,50,0.0,7,121
2025-04-21,SKU0131,0,0.0,7,121
2025-04-28,SKU0131,0,0.0,7,121
2025-05-05,SKU0131,143,183.0,7,121
2025-05-12,SKU0131,164,,7,121
2025-05-19,SKU0131,65,0.0,7,121
2025-05-26,SKU0131,0,0.0,7,121
2025-06-02,SKU0131,170,178.0,7,121
2025-06-09,SKU0131,76,0.0,7,121
2025-06-16,SKU0131,0,0.0,7,121
2025-06-23,SKU0131,0,0.0,7,121
2025-06-30,SKU0131,143,173.0,7,121
2025-07-07,SKU0131,49,0.0,7,121
2025-07-14,SKU0131,207,164.0,7,121
2025-07-21,SKU0131,200,186.0,7,121
2025-07-28,SKU0131,244,190.0,7,121
2025-08-04,SKU0131,137,0.0,7,121
2025-08-11,SKU0131,39,0.0,7,121
2025-08-18,SKU0131,73,145.0,7,121
2025-08-25,SKU0131,0,0.0,7,121
2025-09-01,SKU0131,164,145.0,7,121
2025-09-08,SKU0131,242,146.0,7,121
2025-09-15,SKU0131,145,0.0,7,121
2025-09-22,SKU0131,57,0.0,7,121
2025-09-29,SKU0131,163,174.0,7,121
2025-10-06,SKU0131,63,0.0,7,121
2025-10-13,SKU0131,0,0.0,7,121
2025-10-20,SKU0131,164,140.0,7,121
2025-10-27,SKU0131,71,0.0,7,121
2025-11-03,SKU0131,0,0.0,7,121
2025-11-10,SKU0131,0,0.0,7,121
2025-11-17,SKU0131,0,0.0,7,121
2025-11-24,SKU0131,0,0.0,7,121
2025-12-01,SKU0131,150,192.0,7,121
2025-12-08,SKU0131,55,0.0,7,121
2025-12-15,SKU0131,87,165.0,7,121
2025-12-22,SKU0131,191,182.0,7,121
2025-12-29,SKU0131,83,0.0,7,121
2024-01-01,SKU0132,601,0.0,7,94
2024-01-08,SKU0132,514,0.0,7,94
2024-01-15,SKU0132,435,0.0,7,94
2024-01-22,SKU0132,353,0.0,7,94
2024-01-29,SKU0132,248,0.0,7,94
2024-02-05,SKU0132,178,0.0,7,94
2024-02-12,SKU0132,100,0.0,7,94
2024-02-19,SKU0132,192,122.0,7,94
2024-02-26,SKU0132,102,0.0,7,94
2024-03-04,SKU0132,194,104.0,7,94
2024-03-11,SKU0132,99,0.0,7,94
2024-03-18,SKU0132,0,0.0,7,94
2024-03-25,SKU0132,0,0.0,7,94
2024-04-01,SKU0132,173,156.0,7,94
2024-04-08,SKU0132,95,0.0,7,94
2024-04-15,SKU0132,0,0.0,7,94
2024-04-22,SKU0132,181,168.0,7,94
2024-04-29,SKU0132,103,0.0,7,94
2024-05-06,SKU0132,15,0.0,7,94
2024-05-13,SKU0132,0,0.0,7,94
2024-05-20,SKU0132,165,129.0,7,94
2024-05-27,SKU0132,162,118.0,7,94
2024-06-03,SKU0132,230,125.0,7,94
2024-06-10,SKU0132,145,,7,94
2024-06-17,SKU0132,136,121.0,7,94
2024-06-24,SKU0132,43,0.0,7,94
2024-07-01,SKU0132,166,151.0,7,94
2024-07-08,SKU0132,86,0.0,7,94
2024-07-15,SKU0132,130,147.0,7,94
2024-07-22,SKU0132,125,151.0,7,94
2024-07-29,SKU0132,169,140.0,7,94
2024-08-05,SKU0132,222,112.0,7,94
2024-08-12,SKU0132,129,0.0,7,94
2024-08-19,SKU0132,46,0.0,7,94
2024-08-26,SKU0132,162,122.0,7,94
2024-09-02,SKU0132,157,161.0,7,94
2024-09-09,SKU0132,73,0.0,7,94
2024-09-16,SKU0132,0,0.0,7,94
2024-09-23,SKU0132,0,0.0,7,94
2024-09-30,SKU0132,92,126.0,7,94
2024-10-07,SKU0132,132,110.0,7,94
2024-10-14,SKU0132,110,118.0,7,94
2024-10-21,SKU0132,161,135.0,7,94
2024-10-28,SKU0132,192,113.0,7,94
2024-11-04,SKU0132,106,,7,94
2024-11-11,SKU0132,117,162.0,7,94
2024-11-18,SKU0132,46,0.0,7,94
2024-11-25,SKU0132,163,163.0,7,94
2024-12-02,SKU0132,69,0.0,7,94
2024-12-09,SKU0132,129,159.0,7,94
2024-12-16,SKU0132,139,161.0,7,94
2024-12-23,SKU0132,40,0.0,7,94
2024-12-30,SKU0132,157,109.0,7,94
2025-01-06,SKU0132,73,0.0,7,94
2025-01-13,SKU0132,138,148.0,7,94
2025-01-20,SKU0132,59,0.0,7,94
2025-01-27,SKU0132,0,0.0,7,94
2025-02-03,SKU0132,96,155.0,7,94
2025-02-10,SKU0132,90,133.0,7,94
2025-02-17,SKU0132,130,108.0,7,94
2025-02-24,SKU0132,165,122.0,7,94
2025-03-03,SKU0132,195,126.0,7,94
2025-03-10,SKU0132,112,0.0,7,94
2025-03-17,SKU0132,31,0.0,7,94
2025-03-24,SKU0132,128,172.0,7,94
2025-03-31,SKU0132,158,115.0,7,94
2025-04-07,SKU0132,65,0.0,7,94
2025-04-14,SKU0132,84,118.0,7,94
2025-04-21,SKU0132,155,111.0,7,94
2025-04-28,SKU0132,143,123.0,7,94
2025-05-05,SKU0132,247,110.0,7,94
2025-05-12,SKU0132,163,0.0,7,94
2025-05-19,SKU0132,167,162.0,7,94
2025-05-26,SKU0132,86,0.0,7,94
2025-06-02,SKU0132,7,0.0,7,94
2025-06-09,SKU0132,90,139.0,7,94
2025-06-16,SKU0132,0,0.0,7,94
2025-06-23,SKU0132,101,171.0,7,94
2025-06-30,SKU0132,119,118.0,7,94
2025-07-07,SKU0132,40,0.0,7,94
2025-07-14,SKU0132,124,157.0,7,94
2025-07-21,SKU0132,43,0.0,7,94
2025-07-28,SKU0132,131,107.0,7,94
2025-08-04,SKU0132,31,0.0,7,94
2025-08-11,SKU0132,134,108.0,7,94
2025-08-18,SKU0132,145,169.0,7,94
2025-08-25,SKU0132,50,0.0,7,94
2025-09-01,SKU0132,0,0.0,7,94
2025-09-08,SKU0132,68,171.0,7,94
2025-09-15,SKU0132,116,152.0,7,94
2025-09-22,SKU0132,114,131.0,7,94
2025-09-29,SKU0132,28,0.0,7,94
2025-10-06,SKU0132,145,159.0,7,94
2025-10-13,SKU0132,140,118.0,7,94
2025-10-20,SKU0132,151,156.0,7,94
2025-10-27,SKU0132,56,0.0,7,94
2025-11-03,SKU0132,69,111.0,7,94
2025-11-10,SKU0132,120,121.0,7,94
2025-11-17,SKU0132,204,174.0,7,94
2025-11-24,SKU0132,117,0.0,7,94
2025-12-01,SKU0132,34,0.0,7,94
2025-12-08,SKU0132,0,0.0,7,94
2025-12-15,SKU0132,176,107.0,7,94
2025-12-22,SKU0132,94,0.0,7,94
2025-12-29,SKU0132,182,171.0,7,94
2024-01-01,SKU0133,48,0.0,10,25
2024-01-08,SKU0133,32,0.0,10,25
2024-01-15,SKU0133,49,24.0,10,25
2024-01-22,SKU0133,33,0.0,10,25
2024-01-29,SKU0133,25,0.0,10,25
2024-02-05,SKU0133,18,0.0,10,25
2024-02-12,SKU0133,37,38.0,10,25
2024-02-19,SKU0133,21,0.0,10,25
2024-02-26,SKU0133,16,0.0,10,25
2024-03-04,SKU0133,27,37.0,10,25
2024-03-11,SKU0133,36,34.0,10,25
2024-03-18,SKU0133,44,39.0,10,25
2024-03-25,SKU0133,26,0.0,10,25
2024-04-01,SKU0133,8,0.0,10,25
2024-04-08,SKU0133,29,31.0,10,25
2024-04-15,SKU0133,13,0.0,10,25
2024-04-22,SKU0133,14,40.0,10,25
2024-04-29,SKU0133,30,34.0,10,25
2024-05-06,SKU0133,16,0.0,10,25
2024-05-13,SKU0133,29,26.0,10,25
2024-05-20,SKU0133,10,0.0,10,25
2024-05-27,SKU0133,20,40.0,10,25
2024-06-03,SKU0133,19,,10,25
2024-06-10,SKU0133,28,36.0,10,25
2024-06-17,SKU0133,31,34.0,10,25
2024-06-24,SKU0133,21,0.0,10,25
2024-07-01,SKU0133,36,36.0,10,25
2024-07-08,SKU0133,26,0.0,10,25
2024-07-15,SKU0133,33,33.0,10,25
2024-07-22,SKU0133,20,0.0,10,25
2024-07-29,SKU0133,2,0.0,10,25
2024-08-05,SKU0133,0,0.0,10,25
2024-08-12,SKU0133,15,33.0,10,25
2024-08-19,SKU0133,25,,10,25
2024-08-26,SKU0133,30,25.0,10,25
2024-09-02,SKU0133,38,28.0,10,25
2024-09-09,SKU0133,34,27.0,10,25
2024-09-16,SKU0133,19,0.0,10,25
2024-09-23,SKU0133,6,0.0,10,25
2024-09-30,SKU0133,0,0.0,10,25
2024-10-07,SKU0133,0,0.0,10,25
2024-10-14,SKU0133,13,34.0,10,25
2024-10-21,SKU0133,29,25.0,10,25
2024-10-28,SKU0133,19,0.0,10,25
2024-11-04,SKU0133,7,0.0,10,25
2024-11-11,SKU0133,0,0.0,10,25
2024-11-18,SKU0133,11,27.0,10,25
2024-11-25,SKU0133,27,36.0,10,25
2024-12-02,SKU0133,30,33.0,10,25
2024-12-09,SKU0133,36,25.0,10,25
2024-12-16,SKU0133,17,0.0,10,25
2024-12-23,SKU0133,4,0.0,10,25
2024-12-30,SKU0133,0,0.0,10,25
2025-01-06,SKU0133,20,28.0,10,25
2025-01-13,SKU0133,26,31.0,10,25
2025-01-20,SKU0133,40,40.0,10,25
2025-01-27,SKU0133,29,0.0,10,25
2025-02-03,SKU0133,27,34.0,10,25
2025-02-10,SKU0133,30,36.0,10,25
2025-02-17,SKU0133,37,40.0,10,25
2025-02-24,SKU0133,25,0.0,10,25
2025-03-03,SKU0133,41,34.0,10,25
2025-03-10,SKU0133,34,0.0,10,25
2025-03-17,SKU0133,39,38.0,10,25
2025-03-24,SKU0133,27,0.0,10,25
2025-03-31,SKU0133,39,35.0,10,25
2025-04-07,SKU0133,39,38.0,10,25
2025-04-14,SKU0133,26,0.0,10,25
2025-04-21,SKU0133,11,0.0,10,25
2025-04-28,SKU0133,14,39.0,10,25
2025-05-05,SKU0133,20,38.0,10,25
2025-05-12,SKU0133,26,28.0,10,25
2025-05-19,SKU0133,36,40.0,10,25
2025-05-26,SKU0133,21,0.0,10,25
2025-06-02,SKU0133,2,0.0,10,25
2025-06-09,SKU0133,26,26.0,10,25
2025-06-16,SKU0133,14,0.0,10,25
2025-06-23,SKU0133,27,33.0,10,25
2025-06-30,SKU0133,14,,10,25
2025-07-07,SKU0133,13,29.0,10,25
2025-07-14,SKU0133,24,34.0,10,25
2025-07-21,SKU0133,26,34.0,10,25
2025-07-28,SKU0133,32,24.0,10,25
2025-08-04,SKU0133,29,31.0,10,25
2025-08-11,SKU0133,48,39.0,10,25
2025-08-18,SKU0133,32,0.0,10,25
2025-08-25,SKU0133,10,0.0,10,25
2025-09-01,SKU0133,0,0.0,10,25
2025-09-08,SKU0133,0,0.0,10,25
2025-09-15,SKU0133,20,24.0,10,25
2025-09-22,SKU0133,30,29.0,10,25
2025-09-29,SKU0133,33,29.0,10,25
2025-10-06,SKU0133,9,0.0,10,25
2025-10-13,SKU0133,0,0.0,10,25
2025-10-20,SKU0133,30,26.0,10,25
2025-10-27,SKU0133,21,0.0,10,25
2025-11-03,SKU0133,23,25.0,10,25
2025-11-10,SKU0133,14,0.0,10,25
2025-11-17,SKU0133,16,30.0,10,25
2025-11-24,SKU0133,0,0.0,10,25
2025-12-01,SKU0133,14,38.0,10,25
2025-12-08,SKU0133,31,34.0,10,25
2025-12-15,SKU0133,17,0.0,10,25
2025-12-22,SKU0133,15,31.0,10,25
2025-12-29,SKU0133,20,26.0,10,25
2024-01-01,SKU0134,228,0.0,14,96
2024-01-08,SKU0134,191,0.0,14,96
2024-01-15,SKU0134,146,0.0,14,96
2024-01-22,SKU0134,110,0.0,14,96
2024-01-29,SKU0134,117,109.0,14,96
2024-02-05,SKU0134,130,110.0,14,96
2024-02-12,SKU0134,140,141.0,14,96
2024-02-19,SKU0134,105,0.0,14,96
2024-02-26,SKU0134,110,118.0,14,96
2024-03-04,SKU0134,157,153.0,14,96
2024-03-11,SKU0134,123,0.0,14,96
2024-03-18,SKU0134,159,137.0,14,96
2024-03-25,SKU0134,126,0.0,14,96
2024-04-01,SKU0134,92,0.0,14,96
2024-04-08,SKU0134,39,0.0,14,96
2024-04-15,SKU0134,4,0.0,14,96
2024-04-22,SKU0134,0,0.0,14,96
2024-04-29,SKU0134,0,0.0,14,96
2024-05-06,SKU0134,0,0.0,14,96
2024-05-13,SKU0134,57,153.0,14,96
2024-05-20,SKU0134,23,,14,96
2024-05-27,SKU0134,81,113.0,14,96
2024-06-03,SKU0134,120,120.0,14,96
2024-06-10,SKU0134,81,0.0,14,96
2024-06-17,SKU0134,32,0.0,14,96
2024-06-24,SKU0134,32,134.0,14,96
2024-07-01,SKU0134,64,150.0,14,96
2024-07-08,SKU0134,35,0.0,14,96
2024-07-15,SKU0134,38,113.0,14,96
2024-07-22,SKU0134,7,0.0,14,96
2024-07-29,SKU0134,0,0.0,14,96
2024-08-05,SKU0134,72,156.0,14,96
2024-08-12,SKU0134,111,142.0,14,96
2024-08-19,SKU0134,101,133.0,14,96
2024-08-26,SKU0134,118,124.0,14,96
2024-09-02,SKU0134,81,0.0,14,96
2024-09-09,SKU0134,102,110.0,14,96
2024-09-16,SKU0134,61,0.0,14,96
2024-09-23,SKU0134,23,0.0,14,96
2024-09-30,SKU0134,0,0.0,14,96
2024-10-07,SKU0134,79,139.0,14,96
2024-10-14,SKU0134,89,120.0,14,96
2024-10-21,SKU0134,52,0.0,14,96
2024-10-28,SKU0134,85,131.0,14,96
2024-11-04,SKU0134,108,144.0,14,96
2024-11-11,SKU0134,119,97.0,14,96
2024-11-18,SKU0134,145,150.0,14,96
2024-11-25,SKU0134,97,0.0,14,96
2024-12-02,SKU0134,60,0.0,14,96
2024-12-09,SKU0134,66,118.0,14,96
2024-12-16,SKU0134,67,94.0,14,96
2024-12-23,SKU0134,78,149.0,14,96
2024-12-30,SKU0134,108,121.0,14,96
2025-01-06,SKU0134,64,0.0,14,96
2025-01-13,SKU0134,80,113.0,14,96
2025-01-20,SKU0134,99,129.0,14,96
2025-01-27,SKU0134,121,123.0,14,96
2025-02-03,SKU0134,85,0.0,14,96
2025-02-10,SKU0134,105,99.0,14,96
2025-02-17,SKU0134,95,136.0,14,96
2025-02-24,SKU0134,59,0.0,14,96
2025-03-03,SKU0134,20,0.0,14,96
2025-03-10,SKU0134,0,0.0,14,96
2025-03-17,SKU0134,0,0.0,14,96
2025-03-24,SKU0134,52,127.0,14,96
2025-03-31,SKU0134,14,0.0,14,96
2025-04-07,SKU0134,0,0.0,14,96
2025-04-14,SKU0134,58,100.0,14,96
2025-04-21,SKU0134,48,133.0,14,96
2025-04-28,SKU0134,44,140.0,14,96
2025-05-05,SKU0134,34,133.0,14,96
2025-05-12,SKU0134,49,109.0,14,96
2025-05-19,SKU0134,90,142.0,14,96
2025-05-26,SKU0134,90,97.0,14,96
2025-06-02,SKU0134,50,0.0,14,96
2025-06-09,SKU0134,82,105.0,14,96
2025-06-16,SKU0134,124,156.0,14,96
2025-06-23,SKU0134,160,147.0,14,96
2025-06-30,SKU0134,112,0.0,14,96
2025-07-07,SKU0134,155,115.0,14,96
2025-07-14,SKU0134,105,0.0,14,96
2025-07-21,SKU0134,140,98.0,14,96
2025-07-28,SKU0134,94,0.0,14,96
2025-08-04,SKU0134,91,98.0,14,96
2025-08-11,SKU0134,39,0.0,14,96
2025-08-18,SKU0134,81,115.0,14,96
2025-08-25,SKU0134,47,0.0,14,96
2025-09-01,SKU0134,81,151.0,14,96
2025-09-08,SKU0134,111,137.0,14,96
2025-09-15,SKU0134,117,137.0,14,96
2025-09-22,SKU0134,120,117.0,14,96
2025-09-29,SKU0134,76,0.0,14,96
2025-10-06,SKU0134,80,108.0,14,96
2025-10-13,SKU0134,43,0.0,14,96
2025-10-20,SKU0134,71,100.0,14,96
2025-10-27,SKU0134,103,100.0,14,96
2025-11-03,SKU0134,131,126.0,14,96
2025-11-10,SKU0134,137,127.0,14,96
2025-11-17,SKU0134,123,148.0,14,96
2025-11-24,SKU0134,132,98.0,14,96
2025-12-01,SKU0134,172,157.0,14,96
2025-12-08,SKU0134,130,0.0,14,96
2025-12-15,SKU0134,104,0.0,14,96
2025-12-22,SKU0134,125,144.0,14,96
2025-12-29,SKU0134,162,117.0,14,96
2024-01-01,SKU0135,641,0.0,7,158
2024-01-08,SKU0135,518,0.0,7,158
2024-01-15,SKU0135,394,0.0,7,158
2024-01-22,SKU0135,271,,7,158
2024-01-29,SKU0135,145,0.0,7,158
2024-02-05,SKU0135,275,230.0,7,158
2024-02-12,SKU0135,157,0.0,7,158
2024-02-19,SKU0135,58,0.0,7,158
2024-02-26,SKU0135,0,0.0,7,158
2024-03-04,SKU0135,267,247.0,7,158
2024-03-11,SKU0135,395,189.0,7,158
2024-03-18,SKU0135,289,0.0,7,158
2024-03-25,SKU0135,159,0.0,7,158
2024-04-01,SKU0135,192,208.0,7,158
2024-04-08,SKU0135,87,0.0,7,158
2024-04-15,SKU0135,268,184.0,7,158
2024-04-22,SKU0135,302,155.0,7,158
2024-04-29,SKU0135,175,0.0,7,158
2024-05-06,SKU0135,205,195.0,7,158
2024-05-13,SKU0135,301,179.0,7,158
2024-05-20,SKU0135,160,0.0,7,158
2024-05-27,SKU0135,34,0.0,7,158
2024-06-03,SKU0135,0,0.0,7,158
2024-06-10,SKU0135,120,174.0,7,158
2024-06-17,SKU0135,220,176.0,7,158
2024-06-24,SKU0135,79,0.0,7,158
2024-07-01,SKU0135,0,0.0,7,158
2024-07-08,SKU0135,275,200.0,7,158
2024-07-15,SKU0135,149,0.0,7,158
2024-07-22,SKU0135,9,0.0,7,158
2024-07-29,SKU0135,0,0.0,7,158
2024-08-05,SKU0135,205,159.0,7,158
2024-08-12,SKU0135,90,0.0,7,158
2024-08-19,SKU0135,197,221.0,7,158
2024-08-26,SKU0135,274,254.0,7,158
2024-09-02,SKU0135,418,,7,158
2024-09-09,SKU0135,283,0.0,7,158
2024-09-16,SKU0135,250,247.0,7,158
2024-09-23,SKU0135,295,210.0,7,158
2024-09-30,SKU0135,166,0.0,7,158
2024-10-07,SKU0135,33,0.0,7,158
2024-10-14,SKU0135,162,182.0,7,158
2024-10-21,SKU0135,259,228.0,7,158
2024-10-28,SKU0135,145,0.0,7,158
2024-11-04,SKU0135,17,0.0,7,158
2024-11-11,SKU0135,127,221.0,7,158
2024-11-18,SKU0135,120,211.0,7,158
2024-11-25,SKU0135,0,0.0,7,158
2024-12-02,SKU0135,0,0.0,7,158
2024-12-09,SKU0135,162,194.0,7,158
2024-12-16,SKU0135,312,214.0,7,158
2024-12-23,SKU0135,178,0.0,7,158
2024-12-30,SKU0135,197,175.0,7,158
2025-01-06,SKU0135,264,163.0,7,158
2025-01-13,SKU0135,405,238.0,7,158
2025-01-20,SKU0135,273,0.0,7,158
2025-01-27,SKU0135,142,0.0,7,158
2025-02-03,SKU0135,11,0.0,7,158
2025-02-10,SKU0135,0,0.0,7,158
2025-02-17,SKU0135,116,206.0,7,158
2025-02-24,SKU0135,0,0.0,7,158
2025-03-03,SKU0135,136,164.0,7,158
2025-03-10,SKU0135,125,226.0,7,158
2025-03-17,SKU0135,142,241.0,7,158
2025-03-24,SKU0135,228,245.0,7,158
2025-03-31,SKU0135,261,249.0,7,158
2025-04-07,SKU0135,278,185.0,7,158
2025-04-14,SKU0135,137,0.0,7,158
2025-04-21,SKU0135,9,,7,158
2025-04-28,SKU0135,0,0.0,7,158
2025-05-05,SKU0135,189,241.0,7,158
2025-05-12,SKU0135,53,0.0,7,158
2025-05-19,SKU0135,193,255.0,7,158
2025-05-26,SKU0135,245,185.0,7,158
2025-06-02,SKU0135,238,,7,158
2025-06-09,SKU0135,284,182.0,7,158
2025-06-16,SKU0135,151,0.0,7,158
2025-06-23,SKU0135,271,226.0,7,158
2025-06-30,SKU0135,126,0.0,7,158
2025-07-07,SKU0135,96,222.0,7,158
2025-07-14,SKU0135,183,253.0,7,158
2025-07-21,SKU0135,212,200.0,7,158
2025-07-28,SKU0135,86,0.0,7,158
2025-08-04,SKU0135,93,,7,158
2025-08-11,SKU0135,161,182.0,7,158
2025-08-18,SKU0135,25,0.0,7,158
2025-08-25,SKU0135,145,162.0,7,158
2025-09-01,SKU0135,162,198.0,7,158
2025-09-08,SKU0135,21,0.0,7,158
2025-09-15,SKU0135,0,0.0,7,158
2025-09-22,SKU0135,204,221.0,7,158
2025-09-29,SKU0135,344,159.0,7,158
2025-10-06,SKU0135,226,0.0,7,158
2025-10-13,SKU0135,101,0.0,7,158
2025-10-20,SKU0135,0,0.0,7,158
2025-10-27,SKU0135,0,0.0,7,158
2025-11-03,SKU0135,206,189.0,7,158
2025-11-10,SKU0135,88,0.0,7,158
2025-11-17,SKU0135,0,0.0,7,158
2025-11-24,SKU0135,207,216.0,7,158
2025-12-01,SKU0135,72,0.0,7,158
2025-12-08,SKU0135,183,165.0,7,158
2025-12-15,SKU0135,53,0.0,7,158
2025-12-22,SKU0135,202,174.0,7,158
2025-12-29,SKU0135,51,0.0,7,158
2024-01-01,SKU0136,51,0.0,7,19
2024-01-08,SKU0136,38,0.0,7,19
2024-01-15,SKU0136,27,0.0,7,19
2024-01-22,SKU0136,20,21.0,7,19
2024-01-29,SKU0136,7,0.0,7,19
2024-02-05,SKU0136,28,23.0,7,19
2024-02-12,SKU0136,12,0.0,7,19
2024-02-19,SKU0136,24,18.0,7,19
2024-02-26,SKU0136,42,26.0,7,19
2024-03-04,SKU0136,27,0.0,7,19
2024-03-11,SKU0136,35,28.0,7,19
2024-03-18,SKU0136,24,0.0,7,19
2024-03-25,SKU0136,9,0.0,7,19
2024-04-01,SKU0136,0,0.0,7,19
2024-04-08,SKU0136,0,0.0,7,19
2024-04-15,SKU0136,14,18.0,7,19
2024-04-22,SKU0136,26,24.0,7,19
2024-04-29,SKU0136,30,24.0,7,19
2024-05-06,SKU0136,16,,7,19
2024-05-13,SKU0136,11,0.0,7,19
2024-05-20,SKU0136,0,0.0,7,19
2024-05-27,SKU0136,26,20.0,7,19
2024-06-03,SKU0136,33,19.0,7,19
2024-06-10,SKU0136,22,0.0,7,19
2024-06-17,SKU0136,9,0.0,7,19
2024-06-24,SKU0136,15,28.0,7,19
2024-07-01,SKU0136,27,28.0,7,19
2024-07-08,SKU0136,12,0.0,7,19
2024-07-15,SKU0136,0,0.0,7,19
2024-07-22,SKU0136,0,0.0,7,19
2024-07-29,SKU0136,28,22.0,7,19
2024-08-05,SKU0136,44,27.0,7,19
2024-08-12,SKU0136,29,0.0,7,19
2024-08-19,SKU0136,13,0.0,7,19
2024-08-26,SKU0136,20,20.0,7,19
2024-09-02,SKU0136,18,18.0,7,19
2024-09-09,SKU0136,0,0.0,7,19
2024-09-16,SKU0136,12,29.0,7,19
2024-09-23,SKU0136,0,0.0,7,19
2024-09-30,SKU0136,19,27.0,7,19
2024-10-07,SKU0136,26,25.0,7,19
2024-10-14,SKU0136,38,24.0,7,19
2024-10-21,SKU0136,26,0.0,7,19
2024-10-28,SKU0136,38,22.0,7,19
2024-11-04,SKU0136,21,0.0,7,19
2024-11-11,SKU0136,24,24.0,7,19
2024-11-18,SKU0136,37,25.0,7,19
2024-11-25,SKU0136,46,19.0,7,19
2024-12-02,SKU0136,24,0.0,7,19
2024-12-09,SKU0136,30,18.0,7,19
2024-12-16,SKU0136,22,0.0,7,19
2024-12-23,SKU0136,14,0.0,7,19
2024-12-30,SKU0136,25,23.0,7,19
2025-01-06,SKU0136,27,28.0,7,19
2025-01-13,SKU0136,42,20.0,7,19
2025-01-20,SKU0136,28,0.0,7,19
2025-01-27,SKU0136,12,0.0,7,19
2025-02-03,SKU0136,1,0.0,7,19
2025-02-10,SKU0136,19,29.0,7,19
2025-02-17,SKU0136,22,19.0,7,19
2025-02-24,SKU0136,23,21.0,7,19
2025-03-03,SKU0136,8,0.0,7,19
2025-03-10,SKU0136,18,18.0,7,19
2025-03-17,SKU0136,8,0.0,7,19
2025-03-24,SKU0136,17,20.0,7,19
2025-03-31,SKU0136,5,0.0,7,19
2025-04-07,SKU0136,25,23.0,7,19
2025-04-14,SKU0136,19,0.0,7,19
2025-04-21,SKU0136,4,0.0,7,19
2025-04-28,SKU0136,21,24.0,7,19
2025-05-05,SKU0136,29,18.0,7,19
2025-05-12,SKU0136,36,22.0,7,19
2025-05-19,SKU0136,48,22.0,7,19
2025-05-26,SKU0136,26,0.0,7,19
2025-06-02,SKU0136,13,0.0,7,19
2025-06-09,SKU0136,0,0.0,7,19
2025-06-16,SKU0136,25,19.0,7,19
2025-06-23,SKU0136,10,0.0,7,19
2025-06-30,SKU0136,31,26.0,7,19
2025-07-07,SKU0136,20,0.0,7,19
2025-07-14,SKU0136,8,0.0,7,19
2025-07-21,SKU0136,13,28.0,7,19
2025-07-28,SKU0136,19,29.0,7,19
2025-08-04,SKU0136,18,28.0,7,19
2025-08-11,SKU0136,5,0.0,7,19
2025-08-18,SKU0136,11,24.0,7,19
2025-08-25,SKU0136,26,24.0,7,19
2025-09-01,SKU0136,31,17.0,7,19
2025-09-08,SKU0136,18,0.0,7,19
2025-09-15,SKU0136,27,24.0,7,19
2025-09-22,SKU0136,37,19.0,7,19
2025-09-29,SKU0136,25,0.0,7,19
2025-10-06,SKU0136,30,20.0,7,19
2025-10-13,SKU0136,19,0.0,7,19
2025-10-20,SKU0136,0,0.0,7,19
2025-10-27,SKU0136,20,19.0,7,19
2025-11-03,SKU0136,6,0.0,7,19
2025-11-10,SKU0136,16,21.0,7,19
2025-11-17,SKU0136,20,26.0,7,19
2025-11-24,SKU0136,4,0.0,7,19
2025-12-01,SKU0136,25,22.0,7,19
2025-12-08,SKU0136,37,29.0,7,19
2025-12-15,SKU0136,27,,7,19
2025-12-22,SKU0136,39,19.0,7,19
2025-12-29,SKU0136,20,0.0,7,19
2024-01-01,SKU0137,109,144.0,30,109
2024-01-08,SKU0137,82,0.0,30,109
2024-01-15,SKU0137,89,115.0,30,109
2024-01-22,SKU0137,84,109.0,30,109
2024-01-29,SKU0137,91,118.0,30,109
2024-02-05,SKU0137,101,134.0,30,109
2024-02-12,SKU0137,97,163.0,30,109
2024-02-19,SKU0137,117,128.0,30,109
2024-02-26,SKU0137,125,149.0,30,109
2024-03-04,SKU0137,115,0.0,30,109
2024-03-11,SKU0137,139,152.0,30,109
2024-03-18,SKU0137,119,0.0,30,109
2024-03-25,SKU0137,121,159.0,30,109
2024-04-01,SKU0137,139,106.0,30,109
2024-04-08,SKU0137,119,0.0,30,109
2024-04-15,SKU0137,97,0.0,30,109
2024-04-22,SKU0137,81,0.0,30,109
2024-04-29,SKU0137,60,0.0,30,109
2024-05-06,SKU0137,80,151.0,30,109
2024-05-13,SKU0137,65,0.0,30,109
2024-05-20,SKU0137,49,0.0,30,109
2024-05-27,SKU0137,57,119.0,30,109
2024-06-03,SKU0137,59,112.0,30,109
2024-06-10,SKU0137,76,170.0,30,109
2024-06-17,SKU0137,79,133.0,30,109
2024-06-24,SKU0137,98,173.0,30,109
2024-07-01,SKU0137,78,0.0,30,109
2024-07-08,SKU0137,92,136.0,30,109
2024-07-15,SKU0137,74,0.0,30,109
2024-07-22,SKU0137,60,0.0,30,109
2024-07-29,SKU0137,41,0.0,30,109
2024-08-05,SKU0137,28,0.0,30,109
2024-08-12,SKU0137,54,136.0,30,109
2024-08-19,SKU0137,67,140.0,30,109
2024-08-26,SKU0137,69,148.0,30,109
2024-09-02,SKU0137,72,136.0,30,109
2024-09-09,SKU0137,42,0.0,30,109
2024-09-16,SKU0137,19,0.0,30,109
2024-09-23,SKU0137,0,0.0,30,109
2024-09-30,SKU0137,0,0.0,30,109
2024-10-07,SKU0137,32,166.0,30,109
2024-10-14,SKU0137,19,112.0,30,109
2024-10-21,SKU0137,17,139.0,30,109
2024-10-28,SKU0137,43,114.0,30,109
2024-11-04,SKU0137,59,166.0,30,109
2024-11-11,SKU0137,65,153.0,30,109
2024-11-18,SKU0137,43,0.0,30,109
2024-11-25,SKU0137,25,0.0,30,109
2024-12-02,SKU0137,0,0.0,30,109
2024-12-09,SKU0137,0,0.0,30,109
2024-12-16,SKU0137,32,163.0,30,109
2024-12-23,SKU0137,10,0.0,30,109
2024-12-30,SKU0137,0,0.0,30,109
2025-01-06,SKU0137,0,0.0,30,109
2025-01-13,SKU0137,34,139.0,30,109
2025-01-20,SKU0137,41,137.0,30,109
2025-01-27,SKU0137,59,146.0,30,109
2025-02-03,SKU0137,62,159.0,30,109
2025-02-10,SKU0137,87,133.0,30,109
2025-02-17,SKU0137,84,124.0,30,109
2025-02-24,SKU0137,56,0.0,30,109
2025-03-03,SKU0137,77,139.0,30,109
2025-03-10,SKU0137,56,0.0,30,109
2025-03-17,SKU0137,37,0.0,30,109
2025-03-24,SKU0137,28,145.0,30,109
2025-03-31,SKU0137,24,144.0,30,109
2025-04-07,SKU0137,37,142.0,30,109
2025-04-14,SKU0137,54,116.0,30,109
2025-04-21,SKU0137,48,126.0,30,109
2025-04-28,SKU0137,46,119.0,30,109
2025-05-05,SKU0137,45,167.0,30,109
2025-05-12,SKU0137,60,125.0,30,109
2025-05-19,SKU0137,31,0.0,30,109
2025-05-26,SKU0137,31,121.0,30,109
2025-06-02,SKU0137,41,168.0,30,109
2025-06-09,SKU0137,22,0.0,30,109
2025-06-16,SKU0137,3,0.0,30,109
2025-06-23,SKU0137,36,148.0,30,109
2025-06-30,SKU0137,16,0.0,30,109
2025-07-07,SKU0137,23,137.0,30,109
2025-07-14,SKU0137,43,,30,109
2025-07-21,SKU0137,48,173.0,30,109
2025-07-28,SKU0137,72,166.0,30,109
2025-08-04,SKU0137,87,128.0,30,109
2025-08-11,SKU0137,80,159.0,30,109
2025-08-18,SKU0137,63,0.0,30,109
2025-08-25,SKU0137,74,165.0,30,109
2025-09-01,SKU0137,94,141.0,30,109
2025-09-08,SKU0137,92,165.0,30,109
2025-09-15,SKU0137,109,154.0,30,109
2025-09-22,SKU0137,118,121.0,30,109
2025-09-29,SKU0137,123,132.0,30,109
2025-10-06,SKU0137,119,120.0,30,109
2025-10-13,SKU0137,110,115.0,30,109
2025-10-20,SKU0137,112,154.0,30,109
2025-10-27,SKU0137,87,0.0,30,109
2025-11-03,SKU0137,71,0.0,30,109
2025-11-10,SKU0137,80,141.0,30,109
2025-11-17,SKU0137,59,0.0,30,109
2025-11-24,SKU0137,28,0.0,30,109
2025-12-01,SKU0137,39,120.0,30,109
2025-12-08,SKU0137,17,0.0,30,109
2025-12-15,SKU0137,26,,30,109
2025-12-22,SKU0137,0,0.0,30,109
2025-12-29,SKU0137,0,0.0,30,109
2025-02-24,SKU0138,709,0.0,10,314
2025-03-03,SKU0138,568,0.0,10,314
2025-03-10,SKU0138,425,,10,314
2025-03-17,SKU0138,501,393.0,10,314
2025-03-24,SKU0138,376,0.0,10,314
2025-03-31,SKU0138,225,0.0,10,314
2025-04-07,SKU0138,57,0.0,10,314
2025-04-14,SKU0138,166,291.0,10,314
2025-04-21,SKU0138,23,0.0,10,314
2025-04-28,SKU0138,310,381.0,10,314
2025-05-05,SKU0138,259,316.0,10,314
2025-05-12,SKU0138,323,291.0,10,314
2025-05-19,SKU0138,476,361.0,10,314
2025-05-26,SKU0138,458,342.0,10,314
2025-06-02,SKU0138,337,0.0,10,314
2025-06-09,SKU0138,198,0.0,10,314
2025-06-16,SKU0138,58,0.0,10,314
2025-06-23,SKU0138,0,0.0,10,314
2025-06-30,SKU0138,189,269.0,10,314
2025-07-07,SKU0138,361,414.0,10,314
2025-07-14,SKU0138,224,0.0,10,314
2025-07-21,SKU0138,265,284.0,10,314
2025-07-28,SKU0138,290,366.0,10,314
2025-08-04,SKU0138,429,323.0,10,314
2025-08-11,SKU0138,285,0.0,10,314
2025-08-18,SKU0138,145,0.0,10,314
2025-08-25,SKU0138,168,353.0,10,314
2025-09-01,SKU0138,15,0.0,10,314
2025-09-08,SKU0138,210,350.0,10,314
2025-09-15,SKU0138,164,322.0,10,314
2025-09-22,SKU0138,136,411.0,10,314
2025-09-29,SKU0138,277,345.0,10,314
2025-10-06,SKU0138,131,0.0,10,314
2025-10-13,SKU0138,115,403.0,10,314
2025-10-20,SKU0138,322,414.0,10,314
2025-10-27,SKU0138,156,0.0,10,314
2025-11-03,SKU0138,12,0.0,10,314
2025-11-10,SKU0138,316,327.0,10,314
2025-11-17,SKU0138,186,0.0,10,314
2025-11-24,SKU0138,59,0.0,10,314
2025-12-01,SKU0138,0,0.0,10,314
2025-12-08,SKU0138,217,366.0,10,314
2025-12-15,SKU0138,219,407.0,10,314
2025-12-22,SKU0138,217,329.0,10,314
2025-12-29,SKU0138,55,0.0,10,314
2024-01-01,SKU0139,492,0.0,10,258
2024-01-08,SKU0139,356,0.0,10,258
2024-01-15,SKU0139,189,0.0,10,258
2024-01-22,SKU0139,337,394.0,10,258
2024-01-29,SKU0139,188,0.0,10,258
2024-02-05,SKU0139,18,0.0,10,258
2024-02-12,SKU0139,136,298.0,10,258
2024-02-19,SKU0139,159,295.0,10,258
2024-02-26,SKU0139,26,0.0,10,258
2024-03-04,SKU0139,0,0.0,10,258
2024-03-11,SKU0139,190,319.0,10,258
2024-03-18,SKU0139,201,283.0,10,258
2024-03-25,SKU0139,150,419.0,10,258
2024-04-01,SKU0139,303,341.0,10,258
2024-04-08,SKU0139,354,274.0,10,258
2024-04-15,SKU0139,505,326.0,10,258
2024-04-22,SKU0139,355,0.0,10,258
2024-04-29,SKU0139,497,363.0,10,258
2024-05-06,SKU0139,346,0.0,10,258
2024-05-13,SKU0139,383,333.0,10,258
2024-05-20,SKU0139,234,0.0,10,258
2024-05-27,SKU0139,224,421.0,10,258
2024-06-03,SKU0139,52,0.0,10,258
2024-06-10,SKU0139,212,280.0,10,258
2024-06-17,SKU0139,353,325.0,10,258
2024-06-24,SKU0139,468,261.0,10,258
2024-07-01,SKU0139,309,0.0,10,258
2024-07-08,SKU0139,361,269.0,10,258
2024-07-15,SKU0139,222,0.0,10,258
2024-07-22,SKU0139,100,0.0,10,258
2024-07-29,SKU0139,164,341.0,10,258
2024-08-05,SKU0139,314,272.0,10,258
2024-08-12,SKU0139,166,0.0,10,258
2024-08-19,SKU0139,151,317.0,10,258
2024-08-26,SKU0139,0,0.0,10,258
2024-09-02,SKU0139,0,0.0,10,258
2024-09-09,SKU0139,161,285.0,10,258
2024-09-16,SKU0139,300,362.0,10,258
2024-09-23,SKU0139,336,283.0,10,258
2024-09-30,SKU0139,442,393.0,10,258
2024-10-07,SKU0139,298,0.0,10,258
2024-10-14,SKU0139,161,0.0,10,258
2024-10-21,SKU0139,291,271.0,10,258
2024-10-28,SKU0139,351,365.0,10,258
2024-11-04,SKU0139,204,0.0,10,258
2024-11-11,SKU0139,341,353.0,10,258
2024-11-18,SKU0139,197,0.0,10,258
2024-11-25,SKU0139,36,0.0,10,258
2024-12-02,SKU0139,233,281.0,10,258
2024-12-09,SKU0139,84,0.0,10,258
2024-12-16,SKU0139,0,0.0,10,258
2024-12-23,SKU0139,147,301.0,10,258
2024-12-30,SKU0139,297,274.0,10,258
2025-01-06,SKU0139,432,346.0,10,258
2025-01-13,SKU0139,281,0.0,10,258
2025-01-20,SKU0139,327,,10,258
2025-01-27,SKU0139,492,317.0,10,258
2025-02-03,SKU0139,334,0.0,10,258
2025-02-10,SKU0139,324,260.0,10,258
2025-02-17,SKU0139,342,408.0,10,258
2025-02-24,SKU0139,197,0.0,10,258
2025-03-03,SKU0139,254,349.0,10,258
2025-03-10,SKU0139,88,0.0,10,258
2025-03-17,SKU0139,287,403.0,10,258
2025-03-24,SKU0139,263,408.0,10,258
2025-03-31,SKU0139,115,0.0,10,258
2025-04-07,SKU0139,283,266.0,10,258
2025-04-14,SKU0139,376,277.0,10,258
2025-04-21,SKU0139,224,0.0,10,258
2025-04-28,SKU0139,203,353.0,10,258
2025-05-05,SKU0139,51,0.0,10,258
2025-05-12,SKU0139,122,394.0,10,258
2025-05-19,SKU0139,0,0.0,10,258
2025-05-26,SKU0139,273,304.0,10,258
2025-06-02,SKU0139,237,301.0,10,258
2025-06-09,SKU0139,207,350.0,10,258
2025-06-16,SKU0139,35,0.0,10,258
2025-06-23,SKU0139,178,268.0,10,258
2025-06-30,SKU0139,38,0.0,10,258
2025-07-07,SKU0139,176,330.0,10,258
2025-07-14,SKU0139,351,372.0,10,258
2025-07-21,SKU0139,430,317.0,10,258
2025-07-28,SKU0139,289,0.0,10,258
2025-08-04,SKU0139,131,0.0,10,258
2025-08-11,SKU0139,212,299.0,10,258
2025-08-18,SKU0139,47,0.0,10,258
2025-08-25,SKU0139,0,0.0,10,258
2025-09-01,SKU0139,174,349.0,10,258
2025-09-08,SKU0139,286,408.0,10,258
2025-09-15,SKU0139,461,295.0,10,258
2025-09-22,SKU0139,323,0.0,10,258
2025-09-29,SKU0139,174,0.0,10,258
2025-10-06,SKU0139,191,368.0,10,258
2025-10-13,SKU0139,44,,10,258
2025-10-20,SKU0139,0,0.0,10,258
2025-10-27,SKU0139,154,412.0,10,258
2025-11-03,SKU0139,108,417.0,10,258
2025-11-10,SKU0139,156,275.0,10,258
2025-11-17,SKU0139,131,350.0,10,258
2025-11-24,SKU0139,132,333.0,10,258
2025-12-01,SKU0139,142,364.0,10,258
2025-12-08,SKU0139,213,312.0,10,258
2025-12-15,SKU0139,76,0.0,10,258
2025-12-22,SKU0139,0,0.0,10,258
2025-12-29,SKU0139,211,277.0,10,258
2024-01-01,SKU0140,399,0.0,7,79
2024-01-08,SKU0140,327,0.0,7,79
2024-01-15,SKU0140,268,0.0,7,79
2024-01-22,SKU0140,208,0.0,7,79
2024-01-29,SKU0140,132,0.0,7,79
2024-02-05,SKU0140,68,0.0,7,79
2024-02-12,SKU0140,0,0.0,7,79
2024-02-19,SKU0140,75,94.0,7,79
2024-02-26,SKU0140,6,0.0,7,79
2024-03-04,SKU0140,80,102.0,7,79
2024-03-11,SKU0140,18,0.0,7,79
2024-03-18,SKU0140,67,112.0,7,79
2024-03-25,SKU0140,100,106.0,7,79
2024-04-01,SKU0140,107,124.0,7,79
2024-04-08,SKU0140,35,0.0,7,79
2024-04-15,SKU0140,0,0.0,7,79
2024-04-22,SKU0140,0,0.0,7,79
2024-04-29,SKU0140,55,127.0,7,79
2024-05-06,SKU0140,0,0.0,7,79
2024-05-13,SKU0140,0,0.0,7,79
2024-05-20,SKU0140,86,127.0,7,79
2024-05-27,SKU0140,93,,7,79
2024-06-03,SKU0140,96,102.0,7,79
2024-06-10,SKU0140,112,85.0,7,79
2024-06-17,SKU0140,122,118.0,7,79
2024-06-24,SKU0140,65,0.0,7,79
2024-07-01,SKU0140,3,0.0,7,79
2024-07-08,SKU0140,94,114.0,7,79
2024-07-15,SKU0140,125,86.0,7,79
2024-07-22,SKU0140,62,0.0,7,79
2024-07-29,SKU0140,70,84.0,7,79
2024-08-05,SKU0140,129,112.0,7,79
2024-08-12,SKU0140,134,125.0,7,79
2024-08-19,SKU0140,75,0.0,7,79
2024-08-26,SKU0140,109,112.0,7,79
2024-09-02,SKU0140,102,93.0,7,79
2024-09-09,SKU0140,132,121.0,7,79
2024-09-16,SKU0140,148,128.0,7,79
2024-09-23,SKU0140,89,0.0,7,79
2024-09-30,SKU0140,14,0.0,7,79
2024-10-07,SKU0140,0,0.0,7,79
2024-10-14,SKU0140,74,109.0,7,79
2024-10-21,SKU0140,6,0.0,7,79
2024-10-28,SKU0140,55,92.0,7,79
2024-11-04,SKU0140,99,108.0,7,79
2024-11-11,SKU0140,31,0.0,7,79
2024-11-18,SKU0140,0,0.0,7,79
2024-11-25,SKU0140,129,78.0,7,79
2024-12-02,SKU0140,107,122.0,7,79
2024-12-09,SKU0140,120,117.0,7,79
2024-12-16,SKU0140,152,90.0,7,79
2024-12-23,SKU0140,79,0.0,7,79
2024-12-30,SKU0140,83,78.0,7,79
2025-01-06,SKU0140,85,100.0,7,79
2025-01-13,SKU0140,119,99.0,7,79
2025-01-20,SKU0140,192,114.0,7,79
2025-01-27,SKU0140,138,0.0,7,79
2025-02-03,SKU0140,191,122.0,7,79
2025-02-10,SKU0140,125,0.0,7,79
2025-02-17,SKU0140,59,0.0,7,79
2025-02-24,SKU0140,4,0.0,7,79
2025-03-03,SKU0140,0,0.0,7,79
2025-03-10,SKU0140,58,83.0,7,79
2025-03-17,SKU0140,87,86.0,7,79
2025-03-24,SKU0140,14,0.0,7,79
2025-03-31,SKU0140,0,0.0,7,79
2025-04-07,SKU0140,107,93.0,7,79
2025-04-14,SKU0140,28,,7,79
2025-04-21,SKU0140,0,0.0,7,79
2025-04-28,SKU0140,116,99.0,7,79
2025-05-05,SKU0140,98,100.0,7,79
2025-05-12,SKU0140,30,0.0,7,79
2025-05-19,SKU0140,101,124.0,7,79
2025-05-26,SKU0140,40,0.0,7,79
2025-06-02,SKU0140,0,0.0,7,79
2025-06-09,SKU0140,100,91.0,7,79
2025-06-16,SKU0140,72,80.0,7,79
2025-06-23,SKU0140,119,86.0,7,79
2025-06-30,SKU0140,123,103.0,7,79
2025-07-07,SKU0140,120,109.0,7,79
2025-07-14,SKU0140,54,0.0,7,79
2025-07-21,SKU0140,0,0.0,7,79
2025-07-28,SKU0140,0,0.0,7,79
2025-08-04,SKU0140,70,84.0,7,79
2025-08-11,SKU0140,5,0.0,7,79
2025-08-18,SKU0140,64,97.0,7,79
2025-08-25,SKU0140,81,81.0,7,79
2025-09-01,SKU0140,17,0.0,7,79
2025-09-08,SKU0140,0,0.0,7,79
2025-09-15,SKU0140,0,0.0,7,79
2025-09-22,SKU0140,112,86.0,7,79
2025-09-29,SKU0140,119,107.0,7,79
2025-10-06,SKU0140,134,,7,79
2025-10-13,SKU0140,62,0.0,7,79
2025-10-20,SKU0140,104,87.0,7,79
2025-10-27,SKU0140,147,120.0,7,79
2025-11-03,SKU0140,88,0.0,7,79
2025-11-10,SKU0140,27,,7,79
2025-11-17,SKU0140,125,128.0,7,79
2025-11-24,SKU0140,59,0.0,7,79
2025-12-01,SKU0140,0,0.0,7,79
2025-12-08,SKU0140,117,97.0,7,79
2025-12-15,SKU0140,48,0.0,7,79
2025-12-22,SKU0140,107,97.0,7,79
2025-12-29,SKU0140,43,0.0,7,79
2024-01-01,SKU0141,40,0.0,10,30
2024-01-08,SKU0141,52,41.0,10,30
2024-01-15,SKU0141,42,0.0,10,30
2024-01-22,SKU0141,38,32.0,10,30
2024-01-29,SKU0141,44,35.0,10,30
2024-02-05,SKU0141,34,0.0,10,30
2024-02-12,SKU0141,26,36.0,10,30
2024-02-19,SKU0141,7,0.0,10,30
2024-02-26,SKU0141,0,0.0,10,30
2024-03-04,SKU0141,34,36.0,10,30
2024-03-11,SKU0141,16,0.0,10,30
2024-03-18,SKU0141,0,0.0,10,30
2024-03-25,SKU0141,24,41.0,10,30
2024-04-01,SKU0141,35,36.0,10,30
2024-04-08,SKU0141,39,37.0,10,30
2024-04-15,SKU0141,54,35.0,10,30
2024-04-22,SKU0141,37,0.0,10,30
2024-04-29,SKU0141,55,41.0,10,30
2024-05-06,SKU0141,31,0.0,10,30
2024-05-13,SKU0141,15,0.0,10,30
2024-05-20,SKU0141,34,34.0,10,30
2024-05-27,SKU0141,32,38.0,10,30
2024-06-03,SKU0141,48,32.0,10,30
2024-06-10,SKU0141,33,0.0,10,30
2024-06-17,SKU0141,11,0.0,10,30
2024-06-24,SKU0141,0,0.0,10,30
2024-07-01,SKU0141,0,0.0,10,30
2024-07-08,SKU0141,15,32.0,10,30
2024-07-15,SKU0141,0,0.0,10,30
2024-07-22,SKU0141,21,35.0,10,30
2024-07-29,SKU0141,9,0.0,10,30
2024-08-05,SKU0141,18,39.0,10,30
2024-08-12,SKU0141,35,32.0,10,30
2024-08-19,SKU0141,53,47.0,10,30
2024-08-26,SKU0141,34,0.0,10,30
2024-09-02,SKU0141,17,0.0,10,30
2024-09-09,SKU0141,22,48.0,10,30
2024-09-16,SKU0141,9,0.0,10,30
2024-09-23,SKU0141,26,45.0,10,30
2024-09-30,SKU0141,0,0.0,10,30
2024-10-07,SKU0141,36,47.0,10,30
2024-10-14,SKU0141,59,48.0,10,30
2024-10-21,SKU0141,48,0.0,10,30
2024-10-28,SKU0141,37,0.0,10,30
2024-11-04,SKU0141,64,33.0,10,30
2024-11-11,SKU0141,53,0.0,10,30
2024-11-18,SKU0141,33,0.0,10,30
2024-11-25,SKU0141,29,42.0,10,30
2024-12-02,SKU0141,5,0.0,10,30
2024-12-09,SKU0141,22,35.0,10,30
2024-12-16,SKU0141,35,48.0,10,30
2024-12-23,SKU0141,40,49.0,10,30
2024-12-30,SKU0141,16,0.0,10,30
2025-01-06,SKU0141,34,,10,30
2025-01-13,SKU0141,46,33.0,10,30
2025-01-20,SKU0141,31,0.0,10,30
2025-01-27,SKU0141,41,32.0,10,30
2025-02-03,SKU0141,30,0.0,10,30
2025-02-10,SKU0141,16,0.0,10,30
2025-02-17,SKU0141,0,0.0,10,30
2025-02-24,SKU0141,27,35.0,10,30
2025-03-03,SKU0141,9,0.0,10,30
2025-03-10,SKU0141,15,36.0,10,30
2025-03-17,SKU0141,32,38.0,10,30
2025-03-24,SKU0141,18,0.0,10,30
2025-03-31,SKU0141,0,0.0,10,30
2025-04-07,SKU0141,0,0.0,10,30
2025-04-14,SKU0141,0,0.0,10,30
2025-04-21,SKU0141,30,46.0,10,30
2025-04-28,SKU0141,35,46.0,10,30
2025-05-05,SKU0141,49,36.0,10,30
2025-05-12,SKU0141,54,42.0,10,30
2025-05-19,SKU0141,36,0.0,10,30
2025-05-26,SKU0141,50,40.0,10,30
2025-06-02,SKU0141,41,0.0,10,30
2025-06-09,SKU0141,51,30.0,10,30
2025-06-16,SKU0141,38,0.0,10,30
2025-06-23,SKU0141,29,0.0,10,30
2025-06-30,SKU0141,9,0.0,10,30
2025-07-07,SKU0141,0,0.0,10,30
2025-07-14,SKU0141,0,0.0,10,30
2025-07-21,SKU0141,0,0.0,10,30
2025-07-28,SKU0141,16,47.0,10,30
2025-08-04,SKU0141,27,43.0,10,30
2025-08-11,SKU0141,12,0.0,10,30
2025-08-18,SKU0141,17,48.0,10,30
2025-08-25,SKU0141,24,47.0,10,30
2025-09-01,SKU0141,1,0.0,10,30
2025-09-08,SKU0141,0,0.0,10,30
2025-09-15,SKU0141,27,30.0,10,30
2025-09-22,SKU0141,9,0.0,10,30
2025-09-29,SKU0141,25,49.0,10,30
2025-10-06,SKU0141,41,40.0,10,30
2025-10-13,SKU0141,46,36.0,10,30
2025-10-20,SKU0141,64,46.0,10,30
2025-10-27,SKU0141,52,0.0,10,30
2025-11-03,SKU0141,35,0.0,10,30
2025-11-10,SKU0141,31,44.0,10,30
2025-11-17,SKU0141,56,49.0,10,30
2025-11-24,SKU0141,36,0.0,10,30
2025-12-01,SKU0141,22,0.0,10,30
2025-12-08,SKU0141,28,32.0,10,30
2025-12-15,SKU0141,38,32.0,10,30
2025-12-22,SKU0141,42,46.0,10,30
2025-12-29,SKU0141,32,0.0,10,30
2024-01-01,SKU0142,828,0.0,10,275
2024-01-08,SKU0142,701,0.0,10,275
2024-01-15,SKU0142,559,0.0,10,275
2024-01-22,SKU0142,439,0.0,10,275
2024-01-29,SKU0142,296,0.0,10,275
2024-02-05,SKU0142,442,379.0,10,275
2024-02-12,SKU0142,312,0.0,10,275
2024-02-19,SKU0142,409,230.0,10,275
2024-02-26,SKU0142,292,0.0,10,275
2024-03-04,SKU0142,317,350.0,10,275
2024-03-11,SKU0142,395,313.0,10,275
2024-03-18,SKU0142,534,303.0,10,275
2024-03-25,SKU0142,389,0.0,10,275
2024-04-01,SKU0142,249,0.0,10,275
2024-04-08,SKU0142,340,327.0,10,275
2024-04-15,SKU0142,398,356.0,10,275
2024-04-22,SKU0142,509,271.0,10,275
2024-04-29,SKU0142,365,0.0,10,275
2024-05-06,SKU0142,465,242.0,10,275
2024-05-13,SKU0142,364,0.0,10,275
2024-05-20,SKU0142,235,0.0,10,275
2024-05-27,SKU0142,109,0.0,10,275
2024-06-03,SKU0142,141,242.0,10,275
2024-06-10,SKU0142,12,0.0,10,275
2024-06-17,SKU0142,182,252.0,10,275
2024-06-24,SKU0142,172,276.0,10,275
2024-07-01,SKU0142,40,0.0,10,275
2024-07-08,SKU0142,101,273.0,10,275
2024-07-15,SKU0142,233,336.0,10,275
2024-07-22,SKU0142,226,262.0,10,275
2024-07-29,SKU0142,297,283.0,10,275
2024-08-05,SKU0142,393,243.0,10,275
2024-08-12,SKU0142,269,0.0,10,275
2024-08-19,SKU0142,285,334.0,10,275
2024-08-26,SKU0142,161,0.0,10,275
2024-09-02,SKU0142,32,0.0,10,275
2024-09-09,SKU0142,202,360.0,10,275
2024-09-16,SKU0142,281,254.0,10,275
2024-09-23,SKU0142,369,235.0,10,275
2024-09-30,SKU0142,493,236.0,10,275
2024-10-07,SKU0142,361,0.0,10,275
2024-10-14,SKU0142,256,0.0,10,275
2024-10-21,SKU0142,360,328.0,10,275
2024-10-28,SKU0142,473,331.0,10,275
2024-11-04,SKU0142,339,0.0,10,275
2024-11-11,SKU0142,214,0.0,10,275
2024-11-18,SKU0142,368,349.0,10,275
2024-11-25,SKU0142,495,318.0,10,275
2024-12-02,SKU0142,369,0.0,10,275
2024-12-09,SKU0142,238,0.0,10,275
2024-12-16,SKU0142,349,368.0,10,275
2024-12-23,SKU0142,476,335.0,10,275
2024-12-30,SKU0142,334,0.0,10,275
2025-01-06,SKU0142,398,249.0,10,275
2025-01-13,SKU0142,393,372.0,10,275
2025-01-20,SKU0142,507,251.0,10,275
2025-01-27,SKU0142,375,0.0,10,275
2025-02-03,SKU0142,473,233.0,10,275
2025-02-10,SKU0142,326,0.0,10,275
2025-02-17,SKU0142,303,326.0,10,275
2025-02-24,SKU0142,423,237.0,10,275
2025-03-03,SKU0142,277,0.0,10,275
2025-03-10,SKU0142,148,0.0,10,275
2025-03-17,SKU0142,15,,10,275
2025-03-24,SKU0142,0,0.0,10,275
2025-03-31,SKU0142,0,0.0,10,275
2025-04-07,SKU0142,126,325.0,10,275
2025-04-14,SKU0142,0,0.0,10,275
2025-04-21,SKU0142,125,291.0,10,275
2025-04-28,SKU0142,254,341.0,10,275
2025-05-05,SKU0142,287,250.0,10,275
2025-05-12,SKU0142,144,0.0,10,275
2025-05-19,SKU0142,191,275.0,10,275
2025-05-26,SKU0142,52,0.0,10,275
2025-06-02,SKU0142,245,280.0,10,275
2025-06-09,SKU0142,121,0.0,10,275
2025-06-16,SKU0142,162,336.0,10,275
2025-06-23,SKU0142,271,359.0,10,275
2025-06-30,SKU0142,251,277.0,10,275
2025-07-07,SKU0142,114,0.0,10,275
2025-07-14,SKU0142,0,0.0,10,275
2025-07-21,SKU0142,256,301.0,10,275
2025-07-28,SKU0142,133,0.0,10,275
2025-08-04,SKU0142,0,0.0,10,275
2025-08-11,SKU0142,0,0.0,10,275
2025-08-18,SKU0142,230,253.0,10,275
2025-08-25,SKU0142,220,248.0,10,275
2025-09-01,SKU0142,374,237.0,10,275
2025-09-08,SKU0142,258,0.0,10,275
2025-09-15,SKU0142,380,343.0,10,275
2025-09-22,SKU0142,235,0.0,10,275
2025-09-29,SKU0142,240,298.0,10,275
2025-10-06,SKU0142,296,283.0,10,275
2025-10-13,SKU0142,315,248.0,10,275
2025-10-20,SKU0142,459,284.0,10,275
2025-10-27,SKU0142,344,0.0,10,275
2025-11-03,SKU0142,456,321.0,10,275
2025-11-10,SKU0142,325,0.0,10,275
2025-11-17,SKU0142,179,0.0,10,275
2025-11-24,SKU0142,52,0.0,10,275
2025-12-01,SKU0142,0,0.0,10,275
2025-12-08,SKU0142,0,0.0,10,275
2025-12-15,SKU0142,0,0.0,10,275
2025-12-22,SKU0142,258,,10,275
2025-12-29,SKU0142,306,320.0,10,275
2024-01-01,SKU0143,417,0.0,10,319
2024-01-08,SKU0143,485,446.0,10,319
2024-01-15,SKU0143,552,383.0,10,319
2024-01-22,SKU0143,400,0.0,10,319
2024-01-29,SKU0143,606,,10,319
2024-02-05,SKU0143,438,0.0,10,319
2024-02-12,SKU0143,452,475.0,10,319
2024-02-19,SKU0143,579,425.0,10,319
2024-02-26,SKU0143,409,0.0,10,319
2024-03-04,SKU0143,260,0.0,10,319
2024-03-11,SKU0143,273,389.0,10,319
2024-03-18,SKU0143,428,418.0,10,319
2024-03-25,SKU0143,256,0.0,10,319
2024-04-01,SKU0143,71,0.0,10,319
2024-04-08,SKU0143,0,0.0,10,319
2024-04-15,SKU0143,166,456.0,10,319
2024-04-22,SKU0143,0,0.0,10,319
2024-04-29,SKU0143,356,427.0,10,319
2024-05-06,SKU0143,181,,10,319
2024-05-13,SKU0143,351,470.0,10,319
2024-05-20,SKU0143,332,408.0,10,319
2024-05-27,SKU0143,452,316.0,10,319
2024-06-03,SKU0143,527,353.0,10,319
2024-06-10,SKU0143,368,0.0,10,319
2024-06-17,SKU0143,446,462.0,10,319
2024-06-24,SKU0143,279,0.0,10,319
2024-07-01,SKU0143,259,402.0,10,319
2024-07-08,SKU0143,95,0.0,10,319
2024-07-15,SKU0143,250,346.0,10,319
2024-07-22,SKU0143,70,0.0,10,319
2024-07-29,SKU0143,357,452.0,10,319
2024-08-05,SKU0143,188,0.0,10,319
2024-08-12,SKU0143,317,390.0,10,319
2024-08-19,SKU0143,473,403.0,10,319
2024-08-26,SKU0143,623,319.0,10,319
2024-09-02,SKU0143,471,0.0,10,319
2024-09-09,SKU0143,529,424.0,10,319
2024-09-16,SKU0143,346,0.0,10,319
2024-09-23,SKU0143,174,0.0,10,319
2024-09-30,SKU0143,0,0.0,10,319
2024-10-07,SKU0143,0,,10,319
2024-10-14,SKU0143,0,0.0,10,319
2024-10-21,SKU0143,128,381.0,10,319
2024-10-28,SKU0143,0,0.0,10,319
2024-11-04,SKU0143,260,341.0,10,319
2024-11-11,SKU0143,105,0.0,10,319
2024-11-18,SKU0143,140,337.0,10,319
2024-11-25,SKU0143,225,437.0,10,319
2024-12-02,SKU0143,394,295.0,10,319
2024-12-09,SKU0143,244,0.0,10,319
2024-12-16,SKU0143,63,0.0,10,319
2024-12-23,SKU0143,326,367.0,10,319
2024-12-30,SKU0143,467,459.0,10,319
2025-01-06,SKU0143,416,397.0,10,319
2025-01-13,SKU0143,248,0.0,10,319
2025-01-20,SKU0143,376,315.0,10,319
2025-01-27,SKU0143,203,0.0,10,319
2025-02-03,SKU0143,1,0.0,10,319
2025-02-10,SKU0143,137,474.0,10,319
2025-02-17,SKU0143,0,0.0,10,319
2025-02-24,SKU0143,309,351.0,10,319
2025-03-03,SKU0143,156,0.0,10,319
2025-03-10,SKU0143,187,447.0,10,319
2025-03-17,SKU0143,11,0.0,10,319
2025-03-24,SKU0143,0,0.0,10,319
2025-03-31,SKU0143,263,303.0,10,319
2025-04-07,SKU0143,99,0.0,10,319
2025-04-14,SKU0143,0,0.0,10,319
2025-04-21,SKU0143,272,304.0,10,319
2025-04-28,SKU0143,412,402.0,10,319
2025-05-05,SKU0143,241,0.0,10,319
2025-05-12,SKU0143,63,0.0,10,319
2025-05-19,SKU0143,0,0.0,10,319
2025-05-26,SKU0143,0,0.0,10,319
2025-06-02,SKU0143,0,0.0,10,319
2025-06-09,SKU0143,0,0.0,10,319
2025-06-16,SKU0143,0,0.0,10,319
2025-06-23,SKU0143,127,334.0,10,319
2025-06-30,SKU0143,0,0.0,10,319
2025-07-07,SKU0143,246,440.0,10,319
2025-07-14,SKU0143,75,0.0,10,319
2025-07-21,SKU0143,244,329.0,10,319
2025-07-28,SKU0143,339,310.0,10,319
2025-08-04,SKU0143,352,483.0,10,319
2025-08-11,SKU0143,193,0.0,10,319
2025-08-18,SKU0143,142,393.0,10,319
2025-08-25,SKU0143,0,0.0,10,319
2025-09-01,SKU0143,0,,10,319
2025-09-08,SKU0143,336,327.0,10,319
2025-09-15,SKU0143,165,0.0,10,319
2025-09-22,SKU0143,346,473.0,10,319
2025-09-29,SKU0143,354,381.0,10,319
2025-10-06,SKU0143,191,0.0,10,319
2025-10-13,SKU0143,367,350.0,10,319
2025-10-20,SKU0143,198,0.0,10,319
2025-10-27,SKU0143,330,316.0,10,319
2025-11-03,SKU0143,167,0.0,10,319
2025-11-10,SKU0143,162,352.0,10,319
2025-11-17,SKU0143,249,308.0,10,319
2025-11-24,SKU0143,47,0.0,10,319
2025-12-01,SKU0143,198,328.0,10,319
2025-12-08,SKU0143,340,468.0,10,319
2025-12-15,SKU0143,525,377.0,10,319
2025-12-22,SKU0143,356,0.0,10,319
2025-12-29,SKU0143,512,468.0,10,319
2025-07-07,SKU0144,175,0.0,14,71
2025-07-14,SKU0144,146,0.0,14,71
2025-07-21,SKU0144,117,0.0,14,71
2025-07-28,SKU0144,92,0.0,14,71
2025-08-04,SKU0144,71,0.0,14,71
2025-08-11,SKU0144,36,0.0,14,71
2025-08-18,SKU0144,0,0.0,14,71
2025-08-25,SKU0144,26,76.0,14,71
2025-09-01,SKU0144,0,0.0,14,71
2025-09-08,SKU0144,0,0.0,14,71
2025-09-15,SKU0144,56,95.0,14,71
2025-09-22,SKU0144,45,108.0,14,71
2025-09-29,SKU0144,36,115.0,14,71
2025-10-06,SKU0144,40,113.0,14,71
2025-10-13,SKU0144,71,110.0,14,71
2025-10-20,SKU0144,71,107.0,14,71
2025-10-27,SKU0144,96,87.0,14,71
2025-11-03,SKU0144,113,102.0,14,71
2025-11-10,SKU0144,82,0.0,14,71
2025-11-17,SKU0144,106,81.0,14,71
2025-11-24,SKU0144,75,0.0,14,71
2025-12-01,SKU0144,110,75.0,14,71
2025-12-08,SKU0144,76,0.0,14,71
2025-12-15,SKU0144,39,0.0,14,71
2025-12-22,SKU0144,22,0.0,14,71
2025-12-29,SKU0144,37,115.0,14,71
2024-01-01,SKU0145,127,0.0,10,91
2024-01-08,SKU0145,121,150.0,10,91
2024-01-15,SKU0145,111,142.0,10,91
2024-01-22,SKU0145,59,0.0,10,91
2024-01-29,SKU0145,99,106.0,10,91
2024-02-05,SKU0145,42,0.0,10,91
2024-02-12,SKU0145,43,151.0,10,91
2024-02-19,SKU0145,42,157.0,10,91
2024-02-26,SKU0145,0,0.0,10,91
2024-03-04,SKU0145,105,128.0,10,91
2024-03-11,SKU0145,48,0.0,10,91
2024-03-18,SKU0145,0,0.0,10,91
2024-03-25,SKU0145,0,0.0,10,91
2024-04-01,SKU0145,122,118.0,10,91
2024-04-08,SKU0145,65,0.0,10,91
2024-04-15,SKU0145,60,163.0,10,91
2024-04-22,SKU0145,82,101.0,10,91
2024-04-29,SKU0145,80,158.0,10,91
2024-05-06,SKU0145,68,162.0,10,91
2024-05-13,SKU0145,22,0.0,10,91
2024-05-20,SKU0145,0,0.0,10,91
2024-05-27,SKU0145,0,0.0,10,91
2024-06-03,SKU0145,48,124.0,10,91
2024-06-10,SKU0145,0,0.0,10,91
2024-06-17,SKU0145,65,106.0,10,91
2024-06-24,SKU0145,135,100.0,10,91
2024-07-01,SKU0145,85,0.0,10,91
2024-07-08,SKU0145,82,131.0,10,91
2024-07-15,SKU0145,96,142.0,10,91
2024-07-22,SKU0145,110,144.0,10,91
2024-07-29,SKU0145,99,151.0,10,91
2024-08-05,SKU0145,102,129.0,10,91
2024-08-12,SKU0145,108,122.0,10,91
2024-08-19,SKU0145,61,0.0,10,91
2024-08-26,SKU0145,111,118.0,10,91
2024-09-02,SKU0145,173,114.0,10,91
2024-09-09,SKU0145,122,0.0,10,91
2024-09-16,SKU0145,125,105.0,10,91
2024-09-23,SKU0145,159,164.0,10,91
2024-09-30,SKU0145,99,0.0,10,91
2024-10-07,SKU0145,125,149.0,10,91
2024-10-14,SKU0145,77,0.0,10,91
2024-10-21,SKU0145,23,0.0,10,91
2024-10-28,SKU0145,0,0.0,10,91
2024-11-04,SKU0145,71,105.0,10,91
2024-11-11,SKU0145,100,106.0,10,91
2024-11-18,SKU0145,44,0.0,10,91
2024-11-25,SKU0145,63,136.0,10,91
2024-12-02,SKU0145,90,125.0,10,91
2024-12-09,SKU0145,31,0.0,10,91
2024-12-16,SKU0145,0,0.0,10,91
2024-12-23,SKU0145,44,150.0,10,91
2024-12-30,SKU0145,0,0.0,10,91
2025-01-06,SKU0145,115,127.0,10,91
2025-01-13,SKU0145,149,136.0,10,91
2025-01-20,SKU0145,93,0.0,10,91
2025-01-27,SKU0145,161,119.0,10,91
2025-02-03,SKU0145,99,0.0,10,91
2025-02-10,SKU0145,30,0.0,10,91
2025-02-17,SKU0145,0,0.0,10,91
2025-02-24,SKU0145,0,0.0,10,91
2025-03-03,SKU0145,0,0.0,10,91
2025-03-10,SKU0145,122,115.0,10,91
2025-03-17,SKU0145,125,152.0,10,91
2025-03-24,SKU0145,77,0.0,10,91
2025-03-31,SKU0145,114,143.0,10,91
2025-04-07,SKU0145,92,131.0,10,91
2025-04-14,SKU0145,42,0.0,10,91
2025-04-21,SKU0145,49,109.0,10,91
2025-04-28,SKU0145,52,152.0,10,91
2025-05-05,SKU0145,58,122.0,10,91
2025-05-12,SKU0145,3,0.0,10,91
2025-05-19,SKU0145,82,151.0,10,91
2025-05-26,SKU0145,16,0.0,10,91
2025-06-02,SKU0145,75,125.0,10,91
2025-06-09,SKU0145,85,102.0,10,91
2025-06-16,SKU0145,100,106.0,10,91
2025-06-23,SKU0145,163,117.0,10,91
2025-06-30,SKU0145,108,0.0,10,91
2025-07-07,SKU0145,49,0.0,10,91
2025-07-14,SKU0145,91,127.0,10,91
2025-07-21,SKU0145,92,142.0,10,91
2025-07-28,SKU0145,123,143.0,10,91
2025-08-04,SKU0145,164,149.0,10,91
2025-08-11,SKU0145,100,0.0,10,91
2025-08-18,SKU0145,50,,10,91
2025-08-25,SKU0145,0,0.0,10,91
2025-09-01,SKU0145,109,131.0,10,91
2025-09-08,SKU0145,122,109.0,10,91
2025-09-15,SKU0145,128,111.0,10,91
2025-09-22,SKU0145,169,113.0,10,91
2025-09-29,SKU0145,107,0.0,10,91
2025-10-06,SKU0145,42,0.0,10,91
2025-10-13,SKU0145,0,0.0,10,91
2025-10-20,SKU0145,50,125.0,10,91
2025-10-27,SKU0145,123,138.0,10,91
2025-11-03,SKU0145,108,115.0,10,91
2025-11-10,SKU0145,87,104.0,10,91
2025-11-17,SKU0145,138,157.0,10,91
2025-11-24,SKU0145,89,0.0,10,91
2025-12-01,SKU0145,87,120.0,10,91
2025-12-08,SKU0145,138,132.0,10,91
2025-12-15,SKU0145,91,0.0,10,91
2025-12-22,SKU0145,157,107.0,10,91
2025-12-29,SKU0145,96,0.0,10,91
2024-01-01,SKU0146,108,0.0,7,67
2024-01-08,SKU0146,58,0.0,7,67
2024-01-15,SKU0146,111,80.0,7,67
2024-01-22,SKU0146,78,104.0,7,67
2024-01-29,SKU0146,122,68.0,7,67
2024-02-05,SKU0146,70,0.0,7,67
2024-02-12,SKU0146,111,,7,67
2024-02-19,SKU0146,49,0.0,7,67
2024-02-26,SKU0146,102,96.0,7,67
2024-03-04,SKU0146,137,94.0,7,67
2024-03-11,SKU0146,85,0.0,7,67
2024-03-18,SKU0146,17,0.0,7,67
2024-03-25,SKU0146,50,103.0,7,67
2024-04-01,SKU0146,0,0.0,7,67
2024-04-08,SKU0146,54,81.0,7,67
2024-04-15,SKU0146,0,0.0,7,67
2024-04-22,SKU0146,50,,7,67
2024-04-29,SKU0146,87,75.0,7,67
2024-05-06,SKU0146,131,67.0,7,67
2024-05-13,SKU0146,71,0.0,7,67
2024-05-20,SKU0146,140,104.0,7,67
2024-05-27,SKU0146,81,0.0,7,67
2024-06-03,SKU0146,133,75.0,7,67
2024-06-10,SKU0146,81,0.0,7,67
2024-06-17,SKU0146,76,78.0,7,67
2024-06-24,SKU0146,124,76.0,7,67
2024-07-01,SKU0146,100,103.0,7,67
2024-07-08,SKU0146,44,0.0,7,67
2024-07-15,SKU0146,0,0.0,7,67
2024-07-22,SKU0146,67,102.0,7,67
2024-07-29,SKU0146,24,0.0,7,67
2024-08-05,SKU0146,0,0.0,7,67
2024-08-12,SKU0146,76,76.0,7,67
2024-08-19,SKU0146,136,106.0,7,67
2024-08-26,SKU0146,75,0.0,7,67
2024-09-02,SKU0146,65,94.0,7,67
2024-09-09,SKU0146,59,78.0,7,67
2024-09-16,SKU0146,83,69.0,7,67
2024-09-23,SKU0146,31,0.0,7,67
2024-09-30,SKU0146,115,105.0,7,67
2024-10-07,SKU0146,70,0.0,7,67
2024-10-14,SKU0146,69,84.0,7,67
2024-10-21,SKU0146,12,0.0,7,67
2024-10-28,SKU0146,76,84.0,7,67
2024-11-04,SKU0146,137,80.0,7,67
2024-11-11,SKU0146,74,0.0,7,67
2024-11-18,SKU0146,120,69.0,7,67
2024-11-25,SKU0146,118,76.0,7,67
2024-12-02,SKU0146,56,0.0,7,67
2024-12-09,SKU0146,74,95.0,7,67
2024-12-16,SKU0146,73,71.0,7,67
2024-12-23,SKU0146,140,90.0,7,67
2024-12-30,SKU0146,88,0.0,7,67
2025-01-06,SKU0146,126,90.0,7,67
2025-01-13,SKU0146,72,0.0,7,67
2025-01-20,SKU0146,93,105.0,7,67
2025-01-27,SKU0146,44,0.0,7,67
2025-02-03,SKU0146,60,101.0,7,67
2025-02-10,SKU0146,0,0.0,7,67
2025-02-17,SKU0146,66,98.0,7,67
2025-02-24,SKU0146,85,103.0,7,67
2025-03-03,SKU0146,128,72.0,7,67
2025-03-10,SKU0146,73,0.0,7,67
2025-03-17,SKU0146,56,109.0,7,67
2025-03-24,SKU0146,0,0.0,7,67
2025-03-31,SKU0146,92,98.0,7,67
2025-04-07,SKU0146,29,0.0,7,67
2025-04-14,SKU0146,52,107.0,7,67
2025-04-21,SKU0146,107,92.0,7,67
2025-04-28,SKU0146,119,89.0,7,67
2025-05-05,SKU0146,67,0.0,7,67
2025-05-12,SKU0146,129,90.0,7,67
2025-05-19,SKU0146,177,92.0,7,67
2025-05-26,SKU0146,126,0.0,7,67
2025-06-02,SKU0146,177,100.0,7,67
2025-06-09,SKU0146,130,0.0,7,67
2025-06-16,SKU0146,71,0.0,7,67
2025-06-23,SKU0146,92,,7,67
2025-06-30,SKU0146,35,0.0,7,67
2025-07-07,SKU0146,64,86.0,7,67
2025-07-14,SKU0146,117,75.0,7,67
2025-07-21,SKU0146,156,104.0,7,67
2025-07-28,SKU0146,97,0.0,7,67
2025-08-04,SKU0146,144,88.0,7,67
2025-08-11,SKU0146,81,0.0,7,67
2025-08-18,SKU0146,107,67.0,7,67
2025-08-25,SKU0146,133,86.0,7,67
2025-09-01,SKU0146,81,0.0,7,67
2025-09-08,SKU0146,93,85.0,7,67
2025-09-15,SKU0146,162,67.0,7,67
2025-09-22,SKU0146,105,0.0,7,67
2025-09-29,SKU0146,40,0.0,7,67
2025-10-06,SKU0146,114,85.0,7,67
2025-10-13,SKU0146,57,0.0,7,67
2025-10-20,SKU0146,0,0.0,7,67
2025-10-27,SKU0146,89,79.0,7,67
2025-11-03,SKU0146,105,89.0,7,67
2025-11-10,SKU0146,113,87.0,7,67
2025-11-17,SKU0146,125,69.0,7,67
2025-11-24,SKU0146,71,0.0,7,67
2025-12-01,SKU0146,63,67.0,7,67
2025-12-08,SKU0146,125,103.0,7,67
2025-12-15,SKU0146,129,87.0,7,67
2025-12-22,SKU0146,78,0.0,7,67
2025-12-29,SKU0146,26,0.0,7,67
2024-01-01,SKU0147,153,0.0,10,69
2024-01-08,SKU0147,119,0.0,10,69
2024-01-15,SKU0147,75,0.0,10,69
2024-01-22,SKU0147,91,116.0,10,69
2024-01-29,SKU0147,81,87.0,10,69
2024-02-05,SKU0147,32,0.0,10,69
2024-02-12,SKU0147,40,107.0,10,69
2024-02-19,SKU0147,1,0.0,10,69
2024-02-26,SKU0147,58,85.0,10,69
2024-03-04,SKU0147,63,112.0,10,69
2024-03-11,SKU0147,114,80.0,10,69
2024-03-18,SKU0147,73,0.0,10,69
2024-03-25,SKU0147,65,101.0,10,69
2024-04-01,SKU0147,58,79.0,10,69
2024-04-08,SKU0147,25,0.0,10,69
2024-04-15,SKU0147,60,72.0,10,69
2024-04-22,SKU0147,13,0.0,10,69
2024-04-29,SKU0147,87,115.0,10,69
2024-05-06,SKU0147,105,116.0,10,69
2024-05-13,SKU0147,72,0.0,10,69
2024-05-20,SKU0147,76,100.0,10,69
2024-05-27,SKU0147,19,0.0,10,69
2024-06-03,SKU0147,40,98.0,10,69
2024-06-10,SKU0147,1,0.0,10,69
2024-06-17,SKU0147,0,0.0,10,69
2024-06-24,SKU0147,39,79.0,10,69
2024-07-01,SKU0147,64,80.0,10,69
2024-07-08,SKU0147,17,0.0,10,69
2024-07-15,SKU0147,0,0.0,10,69
2024-07-22,SKU0147,41,84.0,10,69
2024-07-29,SKU0147,14,0.0,10,69
2024-08-05,SKU0147,79,116.0,10,69
2024-08-12,SKU0147,40,0.0,10,69
2024-08-19,SKU0147,58,115.0,10,69
2024-08-26,SKU0147,13,0.0,10,69
2024-09-02,SKU0147,0,0.0,10,69
2024-09-09,SKU0147,0,0.0,10,69
2024-09-16,SKU0147,38,74.0,10,69
2024-09-23,SKU0147,67,75.0,10,69
2024-09-30,SKU0147,28,0.0,10,69
2024-10-07,SKU0147,65,72.0,10,69
2024-10-14,SKU0147,69,105.0,10,69
2024-10-21,SKU0147,74,115.0,10,69
2024-10-28,SKU0147,30,0.0,10,69
2024-11-04,SKU0147,79,84.0,10,69
2024-11-11,SKU0147,44,0.0,10,69
2024-11-18,SKU0147,5,0.0,10,69
2024-11-25,SKU0147,0,0.0,10,69
2024-12-02,SKU0147,57,98.0,10,69
2024-12-09,SKU0147,71,110.0,10,69
2024-12-16,SKU0147,35,0.0,10,69
2024-12-23,SKU0147,0,0.0,10,69
2024-12-30,SKU0147,0,0.0,10,69
2025-01-06,SKU0147,33,85.0,10,69
2025-01-13,SKU0147,0,0.0,10,69
2025-01-20,SKU0147,42,107.0,10,69
2025-01-27,SKU0147,66,,10,69
2025-02-03,SKU0147,99,100.0,10,69
2025-02-10,SKU0147,59,0.0,10,69
2025-02-17,SKU0147,12,0.0,10,69
2025-02-24,SKU0147,62,101.0,10,69
2025-03-03,SKU0147,24,0.0,10,69
2025-03-10,SKU0147,0,0.0,10,69
2025-03-17,SKU0147,0,0.0,10,69
2025-03-24,SKU0147,36,86.0,10,69
2025-03-31,SKU0147,40,90.0,10,69
2025-04-07,SKU0147,2,0.0,10,69
2025-04-14,SKU0147,87,78.0,10,69
2025-04-21,SKU0147,26,0.0,10,69
2025-04-28,SKU0147,0,0.0,10,69
2025-05-05,SKU0147,0,0.0,10,69
2025-05-12,SKU0147,0,0.0,10,69
2025-05-19,SKU0147,0,0.0,10,69
2025-05-26,SKU0147,0,0.0,10,69
2025-06-02,SKU0147,0,0.0,10,69
2025-06-09,SKU0147,46,109.0,10,69
2025-06-16,SKU0147,1,0.0,10,69
2025-06-23,SKU0147,88,94.0,10,69
2025-06-30,SKU0147,84,102.0,10,69
2025-07-07,SKU0147,112,105.0,10,69
2025-07-14,SKU0147,77,0.0,10,69
2025-07-21,SKU0147,125,107.0,10,69
2025-07-28,SKU0147,81,,10,69
2025-08-04,SKU0147,77,86.0,10,69
2025-08-11,SKU0147,105,74.0,10,69
2025-08-18,SKU0147,148,82.0,10,69
2025-08-25,SKU0147,106,0.0,10,69
2025-09-01,SKU0147,66,0.0,10,69
2025-09-08,SKU0147,63,80.0,10,69
2025-09-15,SKU0147,108,87.0,10,69
2025-09-22,SKU0147,76,0.0,10,69
2025-09-29,SKU0147,37,0.0,10,69
2025-10-06,SKU0147,87,98.0,10,69
2025-10-13,SKU0147,123,110.0,10,69
2025-10-20,SKU0147,75,0.0,10,69
2025-10-27,SKU0147,34,0.0,10,69
2025-11-03,SKU0147,0,0.0,10,69
2025-11-10,SKU0147,0,0.0,10,69
2025-11-17,SKU0147,0,0.0,10,69
2025-11-24,SKU0147,70,85.0,10,69
2025-12-01,SKU0147,29,0.0,10,69
2025-12-08,SKU0147,44,113.0,10,69
2025-12-15,SKU0147,8,0.0,10,69
2025-12-22,SKU0147,0,0.0,10,69
2025-12-29,SKU0147,57,71.0,10,69
2024-01-01,SKU0148,40,0.0,14,32
2024-01-08,SKU0148,35,0.0,14,32
2024-01-15,SKU0148,35,31.0,14,32
2024-01-22,SKU0148,44,37.0,14,32
2024-01-29,SKU0148,33,0.0,14,32
2024-02-05,SKU0148,35,29.0,14,32
2024-02-12,SKU0148,48,37.0,14,32
2024-02-19,SKU0148,34,0.0,14,32
2024-02-26,SKU0148,39,41.0,14,32
2024-03-04,SKU0148,31,0.0,14,32
2024-03-11,SKU0148,37,38.0,14,32
2024-03-18,SKU0148,39,35.0,14,32
2024-03-25,SKU0148,42,38.0,14,32
2024-04-01,SKU0148,33,0.0,14,32
2024-04-08,SKU0148,34,38.0,14,32
2024-04-15,SKU0148,39,29.0,14,32
2024-04-22,SKU0148,48,32.0,14,32
2024-04-29,SKU0148,40,35.0,14,32
2024-05-06,SKU0148,38,37.0,14,32
2024-05-13,SKU0148,32,34.0,14,32
2024-05-20,SKU0148,43,43.0,14,32
2024-05-27,SKU0148,33,0.0,14,32
2024-06-03,SKU0148,41,41.0,14,32
2024-06-10,SKU0148,39,42.0,14,32
2024-06-17,SKU0148,42,40.0,14,32
2024-06-24,SKU0148,44,32.0,14,32
2024-07-01,SKU0148,49,39.0,14,32
2024-07-08,SKU0148,37,0.0,14,32
2024-07-15,SKU0148,34,43.0,14,32
2024-07-22,SKU0148,30,,14,32
2024-07-29,SKU0148,31,41.0,14,32
2024-08-05,SKU0148,37,42.0,14,32
2024-08-12,SKU0148,22,0.0,14,32
2024-08-19,SKU0148,11,0.0,14,32
2024-08-26,SKU0148,9,42.0,14,32
2024-09-02,SKU0148,3,0.0,14,32
2024-09-09,SKU0148,0,0.0,14,32
2024-09-16,SKU0148,0,0.0,14,32
2024-09-23,SKU0148,15,31.0,14,32
2024-09-30,SKU0148,24,38.0,14,32
2024-10-07,SKU0148,26,34.0,14,32
2024-10-14,SKU0148,21,36.0,14,32
2024-10-21,SKU0148,25,28.0,14,32
2024-10-28,SKU0148,33,33.0,14,32
2024-11-04,SKU0148,39,36.0,14,32
2024-11-11,SKU0148,28,0.0,14,32
2024-11-18,SKU0148,15,0.0,14,32
2024-11-25,SKU0148,16,36.0,14,32
2024-12-02,SKU0148,23,28.0,14,32
2024-12-09,SKU0148,27,43.0,14,32
2024-12-16,SKU0148,38,34.0,14,32
2024-12-23,SKU0148,28,0.0,14,32
2024-12-30,SKU0148,19,0.0,14,32
2025-01-06,SKU0148,33,33.0,14,32
2025-01-13,SKU0148,33,31.0,14,32
2025-01-20,SKU0148,20,0.0,14,32
2025-01-27,SKU0148,23,36.0,14,32
2025-02-03,SKU0148,14,0.0,14,32
2025-02-10,SKU0148,32,28.0,14,32
2025-02-17,SKU0148,23,0.0,14,32
2025-02-24,SKU0148,14,0.0,14,32
2025-03-03,SKU0148,4,0.0,14,32
2025-03-10,SKU0148,0,0.0,14,32
2025-03-17,SKU0148,11,43.0,14,32
2025-03-24,SKU0148,23,30.0,14,32
2025-03-31,SKU0148,23,42.0,14,32
2025-04-07,SKU0148,17,0.0,14,32
2025-04-14,SKU0148,28,39.0,14,32
2025-04-21,SKU0148,11,0.0,14,32
2025-04-28,SKU0148,8,43.0,14,32
2025-05-05,SKU0148,22,32.0,14,32
2025-05-12,SKU0148,36,38.0,14,32
2025-05-19,SKU0148,18,0.0,14,32
2025-05-26,SKU0148,3,0.0,14,32
2025-06-02,SKU0148,0,0.0,14,32
2025-06-09,SKU0148,15,29.0,14,32
2025-06-16,SKU0148,9,0.0,14,32
2025-06-23,SKU0148,14,36.0,14,32
2025-06-30,SKU0148,24,32.0,14,32
2025-07-07,SKU0148,27,40.0,14,32
2025-07-14,SKU0148,16,0.0,14,32
2025-07-21,SKU0148,7,0.0,14,32
2025-07-28,SKU0148,19,,14,32
2025-08-04,SKU0148,10,0.0,14,32
2025-08-11,SKU0148,0,0.0,14,32
2025-08-18,SKU0148,17,29.0,14,32
2025-08-25,SKU0148,17,38.0,14,32
2025-09-01,SKU0148,8,0.0,14,32
2025-09-08,SKU0148,0,0.0,14,32
2025-09-15,SKU0148,0,0.0,14,32
2025-09-22,SKU0148,21,38.0,14,32
2025-09-29,SKU0148,18,41.0,14,32
2025-10-06,SKU0148,29,30.0,14,32
2025-10-13,SKU0148,35,36.0,14,32
2025-10-20,SKU0148,43,37.0,14,32
2025-10-27,SKU0148,36,0.0,14,32
2025-11-03,SKU0148,34,43.0,14,32
2025-11-10,SKU0148,23,0.0,14,32
2025-11-17,SKU0148,14,0.0,14,32
2025-11-24,SKU0148,24,45.0,14,32
2025-12-01,SKU0148,43,41.0,14,32
2025-12-08,SKU0148,46,31.0,14,32
2025-12-15,SKU0148,37,0.0,14,32
2025-12-22,SKU0148,27,0.0,14,32
2025-12-29,SKU0148,35,42.0,14,32
2024-01-15,SKU0149,707,0.0,10,279
2024-01-22,SKU0149,553,0.0,10,279
2024-01-29,SKU0149,407,0.0,10,279
2024-02-05,SKU0149,254,0.0,10,279
2024-02-12,SKU0149,268,289.0,10,279
2024-02-19,SKU0149,112,,10,279
2024-02-26,SKU0149,145,376.0,10,279
2024-03-04,SKU0149,179,277.0,10,279
2024-03-11,SKU0149,2,0.0,10,279
2024-03-18,SKU0149,322,332.0,10,279
2024-03-25,SKU0149,496,444.0,10,279
2024-04-01,SKU0149,319,0.0,10,279
2024-04-08,SKU0149,164,0.0,10,279
2024-04-15,SKU0149,10,0.0,10,279
2024-04-22,SKU0149,204,316.0,10,279
2024-04-29,SKU0149,47,0.0,10,279
2024-05-06,SKU0149,294,316.0,10,279
2024-05-13,SKU0149,380,,10,279
2024-05-20,SKU0149,515,357.0,10,279
2024-05-27,SKU0149,345,0.0,10,279
2024-06-03,SKU0149,469,289.0,10,279
2024-06-10,SKU0149,324,0.0,10,279
2024-06-17,SKU0149,354,270.0,10,279
2024-06-24,SKU0149,368,280.0,10,279
2024-07-01,SKU0149,546,337.0,10,279
2024-07-08,SKU0149,385,0.0,10,279
2024-07-15,SKU0149,233,0.0,10,279
2024-07-22,SKU0149,89,0.0,10,279
2024-07-29,SKU0149,324,412.0,10,279
2024-08-05,SKU0149,160,0.0,10,279
2024-08-12,SKU0149,2,0.0,10,279
2024-08-19,SKU0149,0,0.0,10,279
2024-08-26,SKU0149,0,0.0,10,279
2024-09-02,SKU0149,152,384.0,10,279
2024-09-09,SKU0149,159,356.0,10,279
2024-09-16,SKU0149,0,0.0,10,279
2024-09-23,SKU0149,282,304.0,10,279
2024-09-30,SKU0149,387,279.0,10,279
2024-10-07,SKU0149,518,324.0,10,279
2024-10-14,SKU0149,342,0.0,10,279
2024-10-21,SKU0149,189,0.0,10,279
2024-10-28,SKU0149,144,420.0,10,279
2024-11-04,SKU0149,0,0.0,10,279
2024-11-11,SKU0149,0,0.0,10,279
2024-11-18,SKU0149,325,287.0,10,279
2024-11-25,SKU0149,173,0.0,10,279
2024-12-02,SKU0149,137,386.0,10,279
2024-12-09,SKU0149,308,408.0,10,279
2024-12-16,SKU0149,184,0.0,10,279
2024-12-23,SKU0149,35,0.0,10,279
2024-12-30,SKU0149,0,0.0,10,279
2025-01-06,SKU0149,273,427.0,10,279
2025-01-13,SKU0149,109,0.0,10,279
2025-01-20,SKU0149,201,342.0,10,279
2025-01-27,SKU0149,37,0.0,10,279
2025-02-03,SKU0149,0,0.0,10,279
2025-02-10,SKU0149,294,389.0,10,279
2025-02-17,SKU0149,470,371.0,10,279
2025-02-24,SKU0149,306,0.0,10,279
2025-03-03,SKU0149,162,0.0,10,279
2025-03-10,SKU0149,262,342.0,10,279
2025-03-17,SKU0149,252,428.0,10,279
2025-03-24,SKU0149,106,0.0,10,279
2025-03-31,SKU0149,164,368.0,10,279
2025-04-07,SKU0149,252,299.0,10,279
2025-04-14,SKU0149,327,445.0,10,279
2025-04-21,SKU0149,458,359.0,10,279
2025-04-28,SKU0149,300,0.0,10,279
2025-05-05,SKU0149,293,414.0,10,279
2025-05-12,SKU0149,258,303.0,10,279
2025-05-19,SKU0149,90,0.0,10,279
2025-05-26,SKU0149,332,327.0,10,279
2025-06-02,SKU0149,170,0.0,10,279
2025-06-09,SKU0149,127,335.0,10,279
2025-06-16,SKU0149,0,0.0,10,279
2025-06-23,SKU0149,310,397.0,10,279
2025-06-30,SKU0149,476,437.0,10,279
2025-07-07,SKU0149,342,0.0,10,279
2025-07-14,SKU0149,371,402.0,10,279
2025-07-21,SKU0149,217,0.0,10,279
2025-07-28,SKU0149,368,326.0,10,279
2025-08-04,SKU0149,211,0.0,10,279
2025-08-11,SKU0149,205,301.0,10,279
2025-08-18,SKU0149,48,0.0,10,279
2025-08-25,SKU0149,0,0.0,10,279
2025-09-01,SKU0149,0,0.0,10,279
2025-09-08,SKU0149,221,420.0,10,279
2025-09-15,SKU0149,355,348.0,10,279
2025-09-22,SKU0149,386,336.0,10,279
2025-09-29,SKU0149,459,423.0,10,279
2025-10-06,SKU0149,313,0.0,10,279
2025-10-13,SKU0149,378,422.0,10,279
2025-10-20,SKU0149,458,312.0,10,279
2025-10-27,SKU0149,279,0.0,10,279
2025-11-03,SKU0149,133,0.0,10,279
2025-11-10,SKU0149,296,334.0,10,279
2025-11-17,SKU0149,135,0.0,10,279
2025-11-24,SKU0149,169,330.0,10,279
2025-12-01,SKU0149,171,435.0,10,279
2025-12-08,SKU0149,0,,10,279
2025-12-15,SKU0149,303,275.0,10,279
2025-12-22,SKU0149,272,398.0,10,279
2025-12-29,SKU0149,104,0.0,10,279
2024-01-01,SKU0150,478,0.0,21,346
2024-01-08,SKU0150,398,0.0,21,346
2024-01-15,SKU0150,332,0.0,21,346
2024-01-22,SKU0150,255,0.0,21,346
2024-01-29,SKU0150,288,432.0,21,346
2024-02-05,SKU0150,204,0.0,21,346
2024-02-12,SKU0150,132,0.0,21,346
2024-02-19,SKU0150,59,0.0,21,346
2024-02-26,SKU0150,88,367.0,21,346
2024-03-04,SKU0150,18,0.0,21,346
2024-03-11,SKU0150,115,351.0,21,346
2024-03-18,SKU0150,130,359.0,21,346
2024-03-25,SKU0150,134,423.0,21,346
2024-04-01,SKU0150,48,0.0,21,346
2024-04-08,SKU0150,72,344.0,21,346
2024-04-15,SKU0150,0,0.0,21,346
2024-04-22,SKU0150,0,0.0,21,346
2024-04-29,SKU0150,0,0.0,21,346
2024-05-06,SKU0150,140,293.0,21,346
2024-05-13,SKU0150,134,408.0,21,346
2024-05-20,SKU0150,172,335.0,21,346
2024-05-27,SKU0150,235,329.0,21,346
2024-06-03,SKU0150,143,0.0,21,346
2024-06-10,SKU0150,227,418.0,21,346
2024-06-17,SKU0150,162,0.0,21,346
2024-06-24,SKU0150,200,453.0,21,346
2024-07-01,SKU0150,120,0.0,21,346
2024-07-08,SKU0150,161,306.0,21,346
2024-07-15,SKU0150,78,0.0,21,346
2024-07-22,SKU0150,0,0.0,21,346
2024-07-29,SKU0150,150,391.0,21,346
2024-08-05,SKU0150,155,349.0,21,346
2024-08-12,SKU0150,70,0.0,21,346
2024-08-19,SKU0150,0,0.0,21,346
2024-08-26,SKU0150,135,376.0,21,346
2024-09-02,SKU0150,50,0.0,21,346
2024-09-09,SKU0150,87,409.0,21,346
2024-09-16,SKU0150,159,457.0,21,346
2024-09-23,SKU0150,77,0.0,21,346
2024-09-30,SKU0150,98,409.0,21,346
2024-10-07,SKU0150,14,0.0,21,346
2024-10-14,SKU0150,78,285.0,21,346
2024-10-21,SKU0150,109,308.0,21,346
2024-10-28,SKU0150,35,0.0,21,346
2024-11-04,SKU0150,56,456.0,21,346
2024-11-11,SKU0150,73,314.0,21,346
2024-11-18,SKU0150,120,367.0,21,346
2024-11-25,SKU0150,47,0.0,21,346
2024-12-02,SKU0150,85,290.0,21,346
2024-12-09,SKU0150,145,305.0,21,346
2024-12-16,SKU0150,66,0.0,21,346
2024-12-23,SKU0150,0,0.0,21,346
2024-12-30,SKU0150,77,390.0,21,346
2025-01-06,SKU0150,3,0.0,21,346
2025-01-13,SKU0150,165,460.0,21,346
2025-01-20,SKU0150,210,331.0,21,346
2025-01-27,SKU0150,254,428.0,21,346
2025-02-03,SKU0150,163,0.0,21,346
2025-02-10,SKU0150,98,0.0,21,346
2025-02-17,SKU0150,18,0.0,21,346
2025-02-24,SKU0150,0,0.0,21,346
2025-03-03,SKU0150,65,376.0,21,346
2025-03-10,SKU0150,120,337.0,21,346
2025-03-17,SKU0150,39,0.0,21,346
2025-03-24,SKU0150,0,0.0,21,346
2025-03-31,SKU0150,95,328.0,21,346
2025-04-07,SKU0150,8,0.0,21,346
2025-04-14,SKU0150,82,302.0,21,346
2025-04-21,SKU0150,1,0.0,21,346
2025-04-28,SKU0150,0,0.0,21,346
2025-05-05,SKU0150,0,0.0,21,346
2025-05-12,SKU0150,0,0.0,21,346
2025-05-19,SKU0150,150,401.0,21,346
2025-05-26,SKU0150,150,278.0,21,346
2025-06-02,SKU0150,224,,21,346
2025-06-09,SKU0150,165,0.0,21,346
2025-06-16,SKU0150,210,406.0,21,346
2025-06-23,SKU0150,135,0.0,21,346
2025-06-30,SKU0150,50,0.0,21,346
2025-07-07,SKU0150,159,390.0,21,346
2025-07-14,SKU0150,214,344.0,21,346
2025-07-21,SKU0150,267,387.0,21,346
2025-07-28,SKU0150,274,375.0,21,346
2025-08-04,SKU0150,275,323.0,21,346
2025-08-11,SKU0150,263,433.0,21,346
2025-08-18,SKU0150,266,387.0,21,346
2025-08-25,SKU0150,317,322.0,21,346
2025-09-01,SKU0150,370,405.0,21,346
2025-09-08,SKU0150,274,0.0,21,346
2025-09-15,SKU0150,329,457.0,21,346
2025-09-22,SKU0150,256,0.0,21,346
2025-09-29,SKU0150,176,0.0,21,346
2025-10-06,SKU0150,101,0.0,21,346
2025-10-13,SKU0150,77,434.0,21,346
2025-10-20,SKU0150,71,442.0,21,346
2025-10-27,SKU0150,0,0.0,21,346
2025-11-03,SKU0150,135,339.0,21,346
2025-11-10,SKU0150,164,,21,346
2025-11-17,SKU0150,215,435.0,21,346
2025-11-24,SKU0150,296,434.0,21,346
2025-12-01,SKU0150,272,324.0,21,346
2025-12-08,SKU0150,181,0.0,21,346
2025-12-15,SKU0150,266,401.0,21,346
2025-12-22,SKU0150,187,0.0,21,346
2025-12-29,SKU0150,241,390.0,21,346
2024-03-11,SKU0151,132,,7,100
2024-03-18,SKU0151,53,0.0,7,100
2024-03-25,SKU0151,0,0.0,7,100
2024-04-01,SKU0151,0,0.0,7,100
2024-04-08,SKU0151,140,97.0,7,100
2024-04-15,SKU0151,71,0.0,7,100
2024-04-22,SKU0151,11,0.0,7,100
2024-04-29,SKU0151,100,119.0,7,100
2024-05-06,SKU0151,112,137.0,7,100
2024-05-13,SKU0151,80,141.0,7,100
2024-05-20,SKU0151,21,0.0,7,100
2024-05-27,SKU0151,97,135.0,7,100
2024-06-03,SKU0151,21,0.0,7,100
2024-06-10,SKU0151,0,0.0,7,100
2024-06-17,SKU0151,0,0.0,7,100
2024-06-24,SKU0151,0,0.0,7,100
2024-07-01,SKU0151,151,110.0,7,100
2024-07-08,SKU0151,69,0.0,7,100
2024-07-15,SKU0151,2,0.0,7,100
2024-07-22,SKU0151,63,95.0,7,100
2024-07-29,SKU0151,132,132.0,7,100
2024-08-05,SKU0151,143,96.0,7,100
2024-08-12,SKU0151,71,0.0,7,100
2024-08-19,SKU0151,86,139.0,7,100
2024-08-26,SKU0151,13,0.0,7,100
2024-09-02,SKU0151,150,134.0,7,100
2024-09-09,SKU0151,62,0.0,7,100
2024-09-16,SKU0151,100,98.0,7,100
2024-09-23,SKU0151,105,137.0,7,100
2024-09-30,SKU0151,121,98.0,7,100
2024-10-07,SKU0151,119,95.0,7,100
2024-10-14,SKU0151,161,142.0,7,100
2024-10-21,SKU0151,78,0.0,7,100
2024-10-28,SKU0151,10,0.0,7,100
2024-11-04,SKU0151,69,120.0,7,100
2024-11-11,SKU0151,0,0.0,7,100
2024-11-18,SKU0151,0,0.0,7,100
2024-11-25,SKU0151,70,114.0,7,100
2024-12-02,SKU0151,11,0.0,7,100
2024-12-09,SKU0151,0,0.0,7,100
2024-12-16,SKU0151,0,0.0,7,100
2024-12-23,SKU0151,86,134.0,7,100
2024-12-30,SKU0151,5,0.0,7,100
2025-01-06,SKU0151,0,0.0,7,100
2025-01-13,SKU0151,0,0.0,7,100
2025-01-20,SKU0151,151,95.0,7,100
2025-01-27,SKU0151,96,0.0,7,100
2025-02-03,SKU0151,127,138.0,7,100
2025-02-10,SKU0151,147,123.0,7,100
2025-02-17,SKU0151,69,,7,100
2025-02-24,SKU0151,145,141.0,7,100
2025-03-03,SKU0151,157,142.0,7,100
2025-03-10,SKU0151,198,135.0,7,100
2025-03-17,SKU0151,137,0.0,7,100
2025-03-24,SKU0151,217,110.0,7,100
2025-03-31,SKU0151,142,0.0,7,100
2025-04-07,SKU0151,152,105.0,7,100
2025-04-14,SKU0151,160,,7,100
2025-04-21,SKU0151,195,138.0,7,100
2025-04-28,SKU0151,121,0.0,7,100
2025-05-05,SKU0151,134,89.0,7,100
2025-05-12,SKU0151,160,96.0,7,100
2025-05-19,SKU0151,91,,7,100
2025-05-26,SKU0151,25,0.0,7,100
2025-06-02,SKU0151,124,89.0,7,100
2025-06-09,SKU0151,44,0.0,7,100
2025-06-16,SKU0151,0,0.0,7,100
2025-06-23,SKU0151,98,115.0,7,100
2025-06-30,SKU0151,119,106.0,7,100
2025-07-07,SKU0151,55,0.0,7,100
2025-07-14,SKU0151,120,125.0,7,100
2025-07-21,SKU0151,180,135.0,7,100
2025-07-28,SKU0151,115,0.0,7,100
2025-08-04,SKU0151,40,0.0,7,100
2025-08-11,SKU0151,0,0.0,7,100
2025-08-18,SKU0151,142,105.0,7,100
2025-08-25,SKU0151,128,133.0,7,100
2025-09-01,SKU0151,196,143.0,7,100
2025-09-08,SKU0151,131,0.0,7,100
2025-09-15,SKU0151,105,136.0,7,100
2025-09-22,SKU0151,24,0.0,7,100
2025-09-29,SKU0151,68,111.0,7,100
2025-10-06,SKU0151,3,0.0,7,100
2025-10-13,SKU0151,110,88.0,7,100
2025-10-20,SKU0151,136,103.0,7,100
2025-10-27,SKU0151,142,122.0,7,100
2025-11-03,SKU0151,62,0.0,7,100
2025-11-10,SKU0151,0,0.0,7,100
2025-11-17,SKU0151,0,0.0,7,100
2025-11-24,SKU0151,0,0.0,7,100
2025-12-01,SKU0151,86,101.0,7,100
2025-12-08,SKU0151,148,141.0,7,100
2025-12-15,SKU0151,178,103.0,7,100
2025-12-22,SKU0151,123,0.0,7,100
2025-12-29,SKU0151,197,95.0,7,100
2024-01-01,SKU0152,80,0.0,14,43
2024-01-08,SKU0152,71,0.0,14,43
2024-01-15,SKU0152,49,,14,43
2024-01-22,SKU0152,27,0.0,14,43
2024-01-29,SKU0152,49,51.0,14,43
2024-02-05,SKU0152,50,50.0,14,43
2024-02-12,SKU0152,64,64.0,14,43
2024-02-19,SKU0152,42,0.0,14,43
2024-02-26,SKU0152,24,0.0,14,43
2024-03-04,SKU0152,27,62.0,14,43
2024-03-11,SKU0152,48,69.0,14,43
2024-03-18,SKU0152,40,82.0,14,43
2024-03-25,SKU0152,20,0.0,14,43
2024-04-01,SKU0152,0,0.0,14,43
2024-04-08,SKU0152,0,0.0,14,43
2024-04-15,SKU0152,17,62.0,14,43
2024-04-22,SKU0152,0,0.0,14,43
2024-04-29,SKU0152,28,65.0,14,43
2024-05-06,SKU0152,9,0.0,14,43
2024-05-13,SKU0152,30,78.0,14,43
2024-05-20,SKU0152,49,62.0,14,43
2024-05-27,SKU0152,76,68.0,14,43
2024-06-03,SKU0152,46,0.0,14,43
2024-06-10,SKU0152,60,62.0,14,43
2024-06-17,SKU0152,64,78.0,14,43
2024-06-24,SKU0152,36,0.0,14,43
2024-07-01,SKU0152,27,79.0,14,43
2024-07-08,SKU0152,32,81.0,14,43
2024-07-15,SKU0152,27,69.0,14,43
2024-07-22,SKU0152,26,76.0,14,43
2024-07-29,SKU0152,6,0.0,14,43
2024-08-05,SKU0152,0,0.0,14,43
2024-08-12,SKU0152,0,0.0,14,43
2024-08-19,SKU0152,18,74.0,14,43
2024-08-26,SKU0152,0,0.0,14,43
2024-09-02,SKU0152,40,70.0,14,43
2024-09-09,SKU0152,65,61.0,14,43
2024-09-16,SKU0152,43,0.0,14,43
2024-09-23,SKU0152,26,0.0,14,43
2024-09-30,SKU0152,22,67.0,14,43
2024-10-07,SKU0152,33,65.0,14,43
2024-10-14,SKU0152,13,0.0,14,43
2024-10-21,SKU0152,0,0.0,14,43
2024-10-28,SKU0152,22,70.0,14,43
2024-11-04,SKU0152,0,0.0,14,43
2024-11-11,SKU0152,0,0.0,14,43
2024-11-18,SKU0152,20,61.0,14,43
2024-11-25,SKU0152,25,62.0,14,43
2024-12-02,SKU0152,35,60.0,14,43
2024-12-09,SKU0152,15,0.0,14,43
2024-12-16,SKU0152,18,69.0,14,43
2024-12-23,SKU0152,32,71.0,14,43
2024-12-30,SKU0152,51,70.0,14,43
2025-01-06,SKU0152,33,0.0,14,43
2025-01-13,SKU0152,64,69.0,14,43
2025-01-20,SKU0152,39,0.0,14,43
2025-01-27,SKU0152,38,56.0,14,43
2025-02-03,SKU0152,16,0.0,14,43
2025-02-10,SKU0152,23,60.0,14,43
2025-02-17,SKU0152,6,0.0,14,43
2025-02-24,SKU0152,40,52.0,14,43
2025-03-03,SKU0152,61,50.0,14,43
2025-03-10,SKU0152,38,0.0,14,43
2025-03-17,SKU0152,50,55.0,14,43
2025-03-24,SKU0152,33,0.0,14,43
2025-03-31,SKU0152,11,0.0,14,43
2025-04-07,SKU0152,0,0.0,14,43
2025-04-14,SKU0152,29,52.0,14,43
2025-04-21,SKU0152,9,0.0,14,43
2025-04-28,SKU0152,17,78.0,14,43
2025-05-05,SKU0152,39,72.0,14,43
2025-05-12,SKU0152,21,0.0,14,43
2025-05-19,SKU0152,41,54.0,14,43
2025-05-26,SKU0152,37,75.0,14,43
2025-06-02,SKU0152,52,63.0,14,43
2025-06-09,SKU0152,60,67.0,14,43
2025-06-16,SKU0152,66,65.0,14,43
2025-06-23,SKU0152,79,61.0,14,43
2025-06-30,SKU0152,63,0.0,14,43
2025-07-07,SKU0152,57,72.0,14,43
2025-07-14,SKU0152,45,0.0,14,43
2025-07-21,SKU0152,52,78.0,14,43
2025-07-28,SKU0152,71,69.0,14,43
2025-08-04,SKU0152,55,0.0,14,43
2025-08-11,SKU0152,73,60.0,14,43
2025-08-18,SKU0152,42,0.0,14,43
2025-08-25,SKU0152,26,0.0,14,43
2025-09-01,SKU0152,48,60.0,14,43
2025-09-08,SKU0152,27,0.0,14,43
2025-09-15,SKU0152,40,68.0,14,43
2025-09-22,SKU0152,16,0.0,14,43
2025-09-29,SKU0152,28,61.0,14,43
2025-10-06,SKU0152,26,73.0,14,43
2025-10-13,SKU0152,42,62.0,14,43
2025-10-20,SKU0152,41,55.0,14,43
2025-10-27,SKU0152,41,71.0,14,43
2025-11-03,SKU0152,29,0.0,14,43
2025-11-10,SKU0152,30,72.0,14,43
2025-11-17,SKU0152,32,61.0,14,43
2025-11-24,SKU0152,52,80.0,14,43
2025-12-01,SKU0152,32,0.0,14,43
2025-12-08,SKU0152,40,60.0,14,43
2025-12-15,SKU0152,50,55.0,14,43
2025-12-22,SKU0152,43,,14,43
2025-12-29,SKU0152,21,0.0,14,43
2024-01-01,SKU0153,128,0.0,7,26
2024-01-08,SKU0153,115,0.0,7,26
2024-01-15,SKU0153,96,0.0,7,26
2024-01-22,SKU0153,75,0.0,7,26
2024-01-29,SKU0153,53,0.0,7,26
2024-02-05,SKU0153,33,0.0,7,26
2024-02-12,SKU0153,37,33.0,7,26
2024-02-19,SKU0153,26,0.0,7,26
2024-02-26,SKU0153,1,0.0,7,26
2024-03-04,SKU0153,34,34.0,7,26
2024-03-11,SKU0153,40,23.0,7,26
2024-03-18,SKU0153,52,28.0,7,26
2024-03-25,SKU0153,34,0.0,7,26
2024-04-01,SKU0153,18,0.0,7,26
2024-04-08,SKU0153,27,30.0,7,26
2024-04-15,SKU0153,28,24.0,7,26
2024-04-22,SKU0153,8,0.0,7,26
2024-04-29,SKU0153,17,32.0,7,26
2024-05-06,SKU0153,33,26.0,7,26
2024-05-13,SKU0153,29,38.0,7,26
2024-05-20,SKU0153,12,0.0,7,26
2024-05-27,SKU0153,0,0.0,7,26
2024-06-03,SKU0153,40,34.0,7,26
2024-06-10,SKU0153,44,36.0,7,26
2024-06-17,SKU0153,46,29.0,7,26
2024-06-24,SKU0153,50,33.0,7,26
2024-07-01,SKU0153,35,0.0,7,26
2024-07-08,SKU0153,16,0.0,7,26
2024-07-15,SKU0153,29,31.0,7,26
2024-07-22,SKU0153,14,0.0,7,26
2024-07-29,SKU0153,0,0.0,7,26
2024-08-05,SKU0153,25,29.0,7,26
2024-08-12,SKU0153,1,0.0,7,26
2024-08-19,SKU0153,0,0.0,7,26
2024-08-26,SKU0153,19,32.0,7,26
2024-09-02,SKU0153,35,30.0,7,26
2024-09-09,SKU0153,40,32.0,7,26
2024-09-16,SKU0153,52,35.0,7,26
2024-09-23,SKU0153,39,0.0,7,26
2024-09-30,SKU0153,40,33.0,7,26
2024-10-07,SKU0153,22,0.0,7,26
2024-10-14,SKU0153,33,24.0,7,26
2024-10-21,SKU0153,14,0.0,7,26
2024-10-28,SKU0153,16,27.0,7,26
2024-11-04,SKU0153,14,24.0,7,26
2024-11-11,SKU0153,26,27.0,7,26
2024-11-18,SKU0153,46,25.0,7,26
2024-11-25,SKU0153,22,0.0,7,26
2024-12-02,SKU0153,0,0.0,7,26
2024-12-09,SKU0153,0,0.0,7,26
2024-12-16,SKU0153,14,28.0,7,26
2024-12-23,SKU0153,0,0.0,7,26
2024-12-30,SKU0153,36,,7,26
2025-01-06,SKU0153,21,0.0,7,26
2025-01-13,SKU0153,43,24.0,7,26
2025-01-20,SKU0153,57,33.0,7,26
2025-01-27,SKU0153,37,0.0,7,26
2025-02-03,SKU0153,53,30.0,7,26
2025-02-10,SKU0153,37,0.0,7,26
2025-02-17,SKU0153,27,0.0,7,26
2025-02-24,SKU0153,35,28.0,7,26
2025-03-03,SKU0153,53,34.0,7,26
2025-03-10,SKU0153,42,0.0,7,26
2025-03-17,SKU0153,22,0.0,7,26
2025-03-24,SKU0153,22,23.0,7,26
2025-03-31,SKU0153,7,0.0,7,26
2025-04-07,SKU0153,38,35.0,7,26
2025-04-14,SKU0153,21,0.0,7,26
2025-04-21,SKU0153,31,28.0,7,26
2025-04-28,SKU0153,9,0.0,7,26
2025-05-05,SKU0153,38,26.0,7,26
2025-05-12,SKU0153,29,0.0,7,26
2025-05-19,SKU0153,20,0.0,7,26
2025-05-26,SKU0153,0,0.0,7,26
2025-06-02,SKU0153,0,0.0,7,26
2025-06-09,SKU0153,34,36.0,7,26
2025-06-16,SKU0153,35,27.0,7,26
2025-06-23,SKU0153,47,26.0,7,26
2025-06-30,SKU0153,31,0.0,7,26
2025-07-07,SKU0153,38,32.0,7,26
2025-07-14,SKU0153,45,34.0,7,26
2025-07-21,SKU0153,28,0.0,7,26
2025-07-28,SKU0153,37,31.0,7,26
2025-08-04,SKU0153,48,27.0,7,26
2025-08-11,SKU0153,31,0.0,7,26
2025-08-18,SKU0153,56,30.0,7,26
2025-08-25,SKU0153,35,0.0,7,26
2025-09-01,SKU0153,13,0.0,7,26
2025-09-08,SKU0153,0,0.0,7,26
2025-09-15,SKU0153,0,0.0,7,26
2025-09-22,SKU0153,35,24.0,7,26
2025-09-29,SKU0153,58,,7,26
2025-10-06,SKU0153,37,0.0,7,26
2025-10-13,SKU0153,38,29.0,7,26
2025-10-20,SKU0153,52,27.0,7,26
2025-10-27,SKU0153,30,0.0,7,26
2025-11-03,SKU0153,27,26.0,7,26
2025-11-10,SKU0153,31,36.0,7,26
2025-11-17,SKU0153,30,24.0,7,26
2025-11-24,SKU0153,42,29.0,7,26
2025-12-01,SKU0153,64,24.0,7,26
2025-12-08,SKU0153,46,0.0,7,26
2025-12-15,SKU0153,21,0.0,7,26
2025-12-22,SKU0153,33,35.0,7,26
2025-12-29,SKU0153,38,35.0,7,26
2024-01-01,SKU0154,280,0.0,10,166
2024-01-08,SKU0154,184,0.0,10,166
2024-01-15,SKU0154,201,263.0,10,166
2024-01-22,SKU0154,247,207.0,10,166
2024-01-29,SKU0154,148,0.0,10,166
2024-02-05,SKU0154,216,227.0,10,166
2024-02-12,SKU0154,192,187.0,10,166
2024-02-19,SKU0154,219,231.0,10,166
2024-02-26,SKU0154,218,208.0,10,166
2024-03-04,SKU0154,243,261.0,10,166
2024-03-11,SKU0154,345,211.0,10,166
2024-03-18,SKU0154,246,0.0,10,166
2024-03-25,SKU0154,157,0.0,10,166
2024-04-01,SKU0154,42,0.0,10,166
2024-04-08,SKU0154,176,185.0,10,166
2024-04-15,SKU0154,192,238.0,10,166
2024-04-22,SKU0154,217,173.0,10,166
2024-04-29,SKU0154,112,0.0,10,166
2024-05-06,SKU0154,212,233.0,10,166
2024-05-13,SKU0154,109,0.0,10,166
2024-05-20,SKU0154,4,0.0,10,166
2024-05-27,SKU0154,0,0.0,10,166
2024-06-03,SKU0154,102,247.0,10,166
2024-06-10,SKU0154,5,0.0,10,166
2024-06-17,SKU0154,162,253.0,10,166
2024-06-24,SKU0154,65,0.0,10,166
2024-07-01,SKU0154,105,246.0,10,166
2024-07-08,SKU0154,103,273.0,10,166
2024-07-15,SKU0154,20,0.0,10,166
2024-07-22,SKU0154,129,175.0,10,166
2024-07-29,SKU0154,95,231.0,10,166
2024-08-05,SKU0154,0,0.0,10,166
2024-08-12,SKU0154,147,173.0,10,166
2024-08-19,SKU0154,173,281.0,10,166
2024-08-26,SKU0154,152,276.0,10,166
2024-09-02,SKU0154,39,0.0,10,166
2024-09-09,SKU0154,118,238.0,10,166
2024-09-16,SKU0154,168,194.0,10,166
2024-09-23,SKU0154,244,191.0,10,166
2024-09-30,SKU0154,316,269.0,10,166
2024-10-07,SKU0154,222,0.0,10,166
2024-10-14,SKU0154,210,246.0,10,166
2024-10-21,SKU0154,125,0.0,10,166
2024-10-28,SKU0154,255,228.0,10,166
2024-11-04,SKU0154,315,198.0,10,166
2024-11-11,SKU0154,204,0.0,10,166
2024-11-18,SKU0154,93,0.0,10,166
2024-11-25,SKU0154,0,0.0,10,166
2024-12-02,SKU0154,0,0.0,10,166
2024-12-09,SKU0154,120,197.0,10,166
2024-12-16,SKU0154,210,174.0,10,166
2024-12-23,SKU0154,285,173.0,10,166
2024-12-30,SKU0154,168,0.0,10,166
2025-01-06,SKU0154,162,177.0,10,166
2025-01-13,SKU0154,236,246.0,10,166
2025-01-20,SKU0154,130,0.0,10,166
2025-01-27,SKU0154,126,218.0,10,166
2025-02-03,SKU0154,189,177.0,10,166
2025-02-10,SKU0154,76,0.0,10,166
2025-02-17,SKU0154,205,223.0,10,166
2025-02-24,SKU0154,279,248.0,10,166
2025-03-03,SKU0154,187,0.0,10,166
2025-03-10,SKU0154,172,208.0,10,166
2025-03-17,SKU0154,167,223.0,10,166
2025-03-24,SKU0154,69,0.0,10,166
2025-03-31,SKU0154,0,0.0,10,166
2025-04-07,SKU0154,0,0.0,10,166
2025-04-14,SKU0154,175,225.0,10,166
2025-04-21,SKU0154,300,188.0,10,166
2025-04-28,SKU0154,202,0.0,10,166
2025-05-05,SKU0154,99,0.0,10,166
2025-05-12,SKU0154,0,0.0,10,166
2025-05-19,SKU0154,193,243.0,10,166
2025-05-26,SKU0154,99,0.0,10,166
2025-06-02,SKU0154,130,227.0,10,166
2025-06-09,SKU0154,98,174.0,10,166
2025-06-16,SKU0154,117,176.0,10,166
2025-06-23,SKU0154,143,171.0,10,166
2025-06-30,SKU0154,177,211.0,10,166
2025-07-07,SKU0154,225,276.0,10,166
2025-07-14,SKU0154,127,0.0,10,166
2025-07-21,SKU0154,135,244.0,10,166
2025-07-28,SKU0154,221,225.0,10,166
2025-08-04,SKU0154,302,239.0,10,166
2025-08-11,SKU0154,215,0.0,10,166
2025-08-18,SKU0154,319,192.0,10,166
2025-08-25,SKU0154,223,0.0,10,166
2025-09-01,SKU0154,129,0.0,10,166
2025-09-08,SKU0154,32,0.0,10,166
2025-09-15,SKU0154,0,0.0,10,166
2025-09-22,SKU0154,0,0.0,10,166
2025-09-29,SKU0154,0,0.0,10,166
2025-10-06,SKU0154,208,246.0,10,166
2025-10-13,SKU0154,327,276.0,10,166
2025-10-20,SKU0154,232,0.0,10,166
2025-10-27,SKU0154,163,0.0,10,166
2025-11-03,SKU0154,52,0.0,10,166
2025-11-10,SKU0154,0,0.0,10,166
2025-11-17,SKU0154,186,249.0,10,166
2025-11-24,SKU0154,285,184.0,10,166
2025-12-01,SKU0154,198,0.0,10,166
2025-12-08,SKU0154,256,200.0,10,166
2025-12-15,SKU0154,155,0.0,10,166
2025-12-22,SKU0154,193,202.0,10,166
2025-12-29,SKU0154,96,0.0,10,166
2024-01-01,SKU0155,84,0.0,14,342
2024-01-08,SKU0155,0,0.0,14,342
2024-01-15,SKU0155,202,477.0,14,342
2024-01-22,SKU0155,318,410.0,14,342
2024-01-29,SKU0155,347,381.0,14,342
2024-02-05,SKU0155,300,426.0,14,342
2024-02-12,SKU0155,172,0.0,14,342
2024-02-19,SKU0155,43,0.0,14,342
2024-02-26,SKU0155,0,0.0,14,342
2024-03-04,SKU0155,0,0.0,14,342
2024-03-11,SKU0155,131,504.0,14,342
2024-03-18,SKU0155,184,474.0,14,342
2024-03-25,SKU0155,330,493.0,14,342
2024-04-01,SKU0155,413,439.0,14,342
2024-04-08,SKU0155,289,0.0,14,342
2024-04-15,SKU0155,296,423.0,14,342
2024-04-22,SKU0155,173,0.0,14,342
2024-04-29,SKU0155,296,451.0,14,342
2024-05-06,SKU0155,303,511.0,14,342
2024-05-13,SKU0155,370,318.0,14,342
2024-05-20,SKU0155,222,0.0,14,342
2024-05-27,SKU0155,91,0.0,14,342
2024-06-03,SKU0155,0,0.0,14,342
2024-06-10,SKU0155,0,0.0,14,342
2024-06-17,SKU0155,177,317.0,14,342
2024-06-24,SKU0155,48,0.0,14,342
2024-07-01,SKU0155,278,356.0,14,342
2024-07-08,SKU0155,348,509.0,14,342
2024-07-15,SKU0155,202,0.0,14,342
2024-07-22,SKU0155,362,339.0,14,342
2024-07-29,SKU0155,225,0.0,14,342
2024-08-05,SKU0155,288,524.0,14,342
2024-08-12,SKU0155,255,350.0,14,342
2024-08-19,SKU0155,226,515.0,14,342
2024-08-26,SKU0155,299,434.0,14,342
2024-09-02,SKU0155,168,0.0,14,342
2024-09-09,SKU0155,21,0.0,14,342
2024-09-16,SKU0155,0,0.0,14,342
2024-09-23,SKU0155,234,327.0,14,342
2024-09-30,SKU0155,382,397.0,14,342
2024-10-07,SKU0155,247,0.0,14,342
2024-10-14,SKU0155,109,0.0,14,342
2024-10-21,SKU0155,269,444.0,14,342
2024-10-28,SKU0155,136,0.0,14,342
2024-11-04,SKU0155,100,478.0,14,342
2024-11-11,SKU0155,149,372.0,14,342
2024-11-18,SKU0155,135,492.0,14,342
2024-11-25,SKU0155,197,384.0,14,342
2024-12-02,SKU0155,92,0.0,14,342
2024-12-09,SKU0155,205,512.0,14,342
2024-12-16,SKU0155,305,512.0,14,342
2024-12-23,SKU0155,162,0.0,14,342
2024-12-30,SKU0155,201,383.0,14,342
2025-01-06,SKU0155,75,0.0,14,342
2025-01-13,SKU0155,0,0.0,14,342
2025-01-20,SKU0155,164,396.0,14,342
2025-01-27,SKU0155,22,0.0,14,342
2025-02-03,SKU0155,0,0.0,14,342
2025-02-10,SKU0155,152,421.0,14,342
2025-02-17,SKU0155,182,323.0,14,342
2025-02-24,SKU0155,200,426.0,14,342
2025-03-03,SKU0155,176,457.0,14,342
2025-03-10,SKU0155,265,471.0,14,342
2025-03-17,SKU0155,286,476.0,14,342
2025-03-24,SKU0155,273,389.0,14,342
2025-03-31,SKU0155,139,0.0,14,342
2025-04-07,SKU0155,0,0.0,14,342
2025-04-14,SKU0155,221,333.0,14,342
2025-04-21,SKU0155,266,442.0,14,342
2025-04-28,SKU0155,399,386.0,14,342
2025-05-05,SKU0155,402,337.0,14,342
2025-05-12,SKU0155,282,0.0,14,342
2025-05-19,SKU0155,441,421.0,14,342
2025-05-26,SKU0155,307,0.0,14,342
2025-06-02,SKU0155,320,387.0,14,342
2025-06-09,SKU0155,209,0.0,14,342
2025-06-16,SKU0155,301,403.0,14,342
2025-06-23,SKU0155,297,473.0,14,342
2025-06-30,SKU0155,133,0.0,14,342
2025-07-07,SKU0155,201,369.0,14,342
2025-07-14,SKU0155,64,0.0,14,342
2025-07-21,SKU0155,0,0.0,14,342
2025-07-28,SKU0155,0,0.0,14,342
2025-08-04,SKU0155,252,363.0,14,342
2025-08-11,SKU0155,111,0.0,14,342
2025-08-18,SKU0155,0,0.0,14,342
2025-08-25,SKU0155,264,396.0,14,342
2025-09-01,SKU0155,396,520.0,14,342
2025-09-08,SKU0155,418,341.0,14,342
2025-09-15,SKU0155,418,363.0,14,342
2025-09-22,SKU0155,487,328.0,14,342
2025-09-29,SKU0155,383,0.0,14,342
2025-10-06,SKU0155,265,0.0,14,342
2025-10-13,SKU0155,251,475.0,14,342
2025-10-20,SKU0155,289,481.0,14,342
2025-10-27,SKU0155,160,0.0,14,342
2025-11-03,SKU0155,303,444.0,14,342
2025-11-10,SKU0155,450,399.0,14,342
2025-11-17,SKU0155,536,324.0,14,342
2025-11-24,SKU0155,413,0.0,14,342
2025-12-01,SKU0155,471,373.0,14,342
2025-12-08,SKU0155,333,0.0,14,342
2025-12-15,SKU0155,202,0.0,14,342
2025-12-22,SKU0155,74,0.0,14,342
2025-12-29,SKU0155,229,326.0,14,342
2024-01-01,SKU0156,416,0.0,14,208
2024-01-08,SKU0156,319,0.0,14,208
2024-01-15,SKU0156,244,0.0,14,208
2024-01-22,SKU0156,186,0.0,14,208
2024-01-29,SKU0156,246,273.0,14,208
2024-02-05,SKU0156,236,198.0,14,208
2024-02-12,SKU0156,301,188.0,14,208
2024-02-19,SKU0156,229,0.0,14,208
2024-02-26,SKU0156,284,264.0,14,208
2024-03-04,SKU0156,208,0.0,14,208
2024-03-11,SKU0156,147,0.0,14,208
2024-03-18,SKU0156,178,181.0,14,208
2024-03-25,SKU0156,184,251.0,14,208
2024-04-01,SKU0156,174,202.0,14,208
2024-04-08,SKU0156,220,218.0,14,208
2024-04-15,SKU0156,227,217.0,14,208
2024-04-22,SKU0156,309,286.0,14,208
2024-04-29,SKU0156,226,0.0,14,208
2024-05-06,SKU0156,255,271.0,14,208
2024-05-13,SKU0156,294,242.0,14,208
2024-05-20,SKU0156,216,0.0,14,208
2024-05-27,SKU0156,142,0.0,14,208
2024-06-03,SKU0156,224,236.0,14,208
2024-06-10,SKU0156,260,242.0,14,208
2024-06-17,SKU0156,184,0.0,14,208
2024-06-24,SKU0156,107,0.0,14,208
2024-07-01,SKU0156,25,0.0,14,208
2024-07-08,SKU0156,0,0.0,14,208
2024-07-15,SKU0156,53,231.0,14,208
2024-07-22,SKU0156,90,279.0,14,208
2024-07-29,SKU0156,34,0.0,14,208
2024-08-05,SKU0156,66,217.0,14,208
2024-08-12,SKU0156,155,293.0,14,208
2024-08-19,SKU0156,212,256.0,14,208
2024-08-26,SKU0156,200,273.0,14,208
2024-09-02,SKU0156,223,291.0,14,208
2024-09-09,SKU0156,275,192.0,14,208
2024-09-16,SKU0156,349,243.0,14,208
2024-09-23,SKU0156,289,0.0,14,208
2024-09-30,SKU0156,225,0.0,14,208
2024-10-07,SKU0156,154,0.0,14,208
2024-10-14,SKU0156,217,265.0,14,208
2024-10-21,SKU0156,266,263.0,14,208
2024-10-28,SKU0156,318,,14,208
2024-11-04,SKU0156,249,0.0,14,208
2024-11-11,SKU0156,167,0.0,14,208
2024-11-18,SKU0156,79,0.0,14,208
2024-11-25,SKU0156,80,276.0,14,208
2024-12-02,SKU0156,164,233.0,14,208
2024-12-09,SKU0156,87,0.0,14,208
2024-12-16,SKU0156,71,205.0,14,208
2024-12-23,SKU0156,146,237.0,14,208
2024-12-30,SKU0156,185,210.0,14,208
2025-01-06,SKU0156,116,,14,208
2025-01-13,SKU0156,128,,14,208
2025-01-20,SKU0156,209,275.0,14,208
2025-01-27,SKU0156,115,0.0,14,208
2025-02-03,SKU0156,136,221.0,14,208
2025-02-10,SKU0156,56,0.0,14,208
2025-02-17,SKU0156,0,0.0,14,208
2025-02-24,SKU0156,0,0.0,14,208
2025-03-03,SKU0156,0,0.0,14,208
2025-03-10,SKU0156,78,283.0,14,208
2025-03-17,SKU0156,9,0.0,14,208
2025-03-24,SKU0156,0,0.0,14,208
2025-03-31,SKU0156,69,278.0,14,208
2025-04-07,SKU0156,136,196.0,14,208
2025-04-14,SKU0156,60,0.0,14,208
2025-04-21,SKU0156,60,202.0,14,208
2025-04-28,SKU0156,0,0.0,14,208
2025-05-05,SKU0156,119,263.0,14,208
2025-05-12,SKU0156,101,281.0,14,208
2025-05-19,SKU0156,155,177.0,14,208
2025-05-26,SKU0156,225,210.0,14,208
2025-06-02,SKU0156,299,285.0,14,208
2025-06-09,SKU0156,228,0.0,14,208
2025-06-16,SKU0156,216,208.0,14,208
2025-06-23,SKU0156,133,0.0,14,208
2025-06-30,SKU0156,54,0.0,14,208
2025-07-07,SKU0156,155,178.0,14,208
2025-07-14,SKU0156,155,203.0,14,208
2025-07-21,SKU0156,189,253.0,14,208
2025-07-28,SKU0156,164,194.0,14,208
2025-08-04,SKU0156,155,257.0,14,208
2025-08-11,SKU0156,71,0.0,14,208
2025-08-18,SKU0156,159,268.0,14,208
2025-08-25,SKU0156,213,227.0,14,208
2025-09-01,SKU0156,236,262.0,14,208
2025-09-08,SKU0156,305,181.0,14,208
2025-09-15,SKU0156,228,0.0,14,208
2025-09-22,SKU0156,215,185.0,14,208
2025-09-29,SKU0156,254,258.0,14,208
2025-10-06,SKU0156,181,0.0,14,208
2025-10-13,SKU0156,107,0.0,14,208
2025-10-20,SKU0156,114,204.0,14,208
2025-10-27,SKU0156,88,281.0,14,208
2025-11-03,SKU0156,21,0.0,14,208
2025-11-10,SKU0156,129,237.0,14,208
2025-11-17,SKU0156,46,0.0,14,208
2025-11-24,SKU0156,0,0.0,14,208
2025-12-01,SKU0156,0,0.0,14,208
2025-12-08,SKU0156,62,233.0,14,208
2025-12-15,SKU0156,68,245.0,14,208
2025-12-22,SKU0156,101,206.0,14,208
2025-12-29,SKU0156,173,177.0,14,208
2024-01-01,SKU0157,197,0.0,14,75
2024-01-08,SKU0157,162,0.0,14,75
2024-01-15,SKU0157,134,0.0,14,75
2024-01-22,SKU0157,112,0.0,14,75
2024-01-29,SKU0157,85,0.0,14,75
2024-02-05,SKU0157,50,0.0,14,75
2024-02-12,SKU0157,85,80.0,14,75
2024-02-19,SKU0157,108,83.0,14,75
2024-02-26,SKU0157,68,,14,75
2024-03-04,SKU0157,33,0.0,14,75
2024-03-11,SKU0157,69,79.0,14,75
2024-03-18,SKU0157,41,0.0,14,75
2024-03-25,SKU0157,15,0.0,14,75
2024-04-01,SKU0157,59,,14,75
2024-04-08,SKU0157,70,80.0,14,75
2024-04-15,SKU0157,70,89.0,14,75
2024-04-22,SKU0157,82,126.0,14,75
2024-04-29,SKU0157,102,108.0,14,75
2024-05-06,SKU0157,74,0.0,14,75
2024-05-13,SKU0157,32,0.0,14,75
2024-05-20,SKU0157,0,0.0,14,75
2024-05-27,SKU0157,0,0.0,14,75
2024-06-03,SKU0157,0,0.0,14,75
2024-06-10,SKU0157,58,114.0,14,75
2024-06-17,SKU0157,73,86.0,14,75
2024-06-24,SKU0157,40,0.0,14,75
2024-07-01,SKU0157,65,125.0,14,75
2024-07-08,SKU0157,34,0.0,14,75
2024-07-15,SKU0157,36,119.0,14,75
2024-07-22,SKU0157,0,0.0,14,75
2024-07-29,SKU0157,62,86.0,14,75
2024-08-05,SKU0157,73,,14,75
2024-08-12,SKU0157,93,116.0,14,75
2024-08-19,SKU0157,121,113.0,14,75
2024-08-26,SKU0157,88,0.0,14,75
2024-09-02,SKU0157,53,0.0,14,75
2024-09-09,SKU0157,80,98.0,14,75
2024-09-16,SKU0157,108,92.0,14,75
2024-09-23,SKU0157,68,0.0,14,75
2024-09-30,SKU0157,81,129.0,14,75
2024-10-07,SKU0157,109,105.0,14,75
2024-10-14,SKU0157,73,0.0,14,75
2024-10-21,SKU0157,94,109.0,14,75
2024-10-28,SKU0157,117,126.0,14,75
2024-11-04,SKU0157,85,0.0,14,75
2024-11-11,SKU0157,44,0.0,14,75
2024-11-18,SKU0157,11,0.0,14,75
2024-11-25,SKU0157,0,0.0,14,75
2024-12-02,SKU0157,65,130.0,14,75
2024-12-09,SKU0157,78,107.0,14,75
2024-12-16,SKU0157,73,89.0,14,75
2024-12-23,SKU0157,102,116.0,14,75
2024-12-30,SKU0157,120,132.0,14,75
2025-01-06,SKU0157,96,0.0,14,75
2025-01-13,SKU0157,99,,14,75
2025-01-20,SKU0157,65,,14,75
2025-01-27,SKU0157,87,102.0,14,75
2025-02-03,SKU0157,50,0.0,14,75
2025-02-10,SKU0157,81,90.0,14,75
2025-02-17,SKU0157,104,124.0,14,75
2025-02-24,SKU0157,124,111.0,14,75
2025-03-03,SKU0157,85,0.0,14,75
2025-03-10,SKU0157,85,130.0,14,75
2025-03-17,SKU0157,79,112.0,14,75
2025-03-24,SKU0157,97,124.0,14,75
2025-03-31,SKU0157,125,116.0,14,75
2025-04-07,SKU0157,95,0.0,14,75
2025-04-14,SKU0157,64,0.0,14,75
2025-04-21,SKU0157,60,84.0,14,75
2025-04-28,SKU0157,15,0.0,14,75
2025-05-05,SKU0157,0,0.0,14,75
2025-05-12,SKU0157,32,127.0,14,75
2025-05-19,SKU0157,25,124.0,14,75
2025-05-26,SKU0157,50,112.0,14,75
2025-06-02,SKU0157,19,0.0,14,75
2025-06-09,SKU0157,0,0.0,14,75
2025-06-16,SKU0157,58,96.0,14,75
2025-06-23,SKU0157,15,0.0,14,75
2025-06-30,SKU0157,35,124.0,14,75
2025-07-07,SKU0157,11,0.0,14,75
2025-07-14,SKU0157,0,0.0,14,75
2025-07-21,SKU0157,65,91.0,14,75
2025-07-28,SKU0157,36,0.0,14,75
2025-08-04,SKU0157,74,117.0,14,75
2025-08-11,SKU0157,91,91.0,14,75
2025-08-18,SKU0157,55,0.0,14,75
2025-08-25,SKU0157,81,79.0,14,75
2025-09-01,SKU0157,91,118.0,14,75
2025-09-08,SKU0157,130,104.0,14,75
2025-09-15,SKU0157,91,0.0,14,75
2025-09-22,SKU0157,108,104.0,14,75
2025-09-29,SKU0157,83,0.0,14,75
2025-10-06,SKU0157,53,0.0,14,75
2025-10-13,SKU0157,19,0.0,14,75
2025-10-20,SKU0157,0,0.0,14,75
2025-10-27,SKU0157,58,131.0,14,75
2025-11-03,SKU0157,52,94.0,14,75
2025-11-10,SKU0157,42,100.0,14,75
2025-11-17,SKU0157,60,86.0,14,75
2025-11-24,SKU0157,21,0.0,14,75
2025-12-01,SKU0157,34,93.0,14,75
2025-12-08,SKU0157,2,0.0,14,75
2025-12-15,SKU0157,26,113.0,14,75
2025-12-22,SKU0157,54,,14,75
2025-12-29,SKU0157,89,107.0,14,75
2024-01-01,SKU0158,450,0.0,7,134
2024-01-08,SKU0158,338,0.0,7,134
2024-01-15,SKU0158,203,0.0,7,134
2024-01-22,SKU0158,237,221.0,7,134
2024-01-29,SKU0158,194,239.0,7,134
2024-02-05,SKU0158,301,234.0,7,134
2024-02-12,SKU0158,179,0.0,7,134
2024-02-19,SKU0158,283,186.0,7,134
2024-02-26,SKU0158,164,0.0,7,134
2024-03-04,SKU0158,180,160.0,7,134
2024-03-11,SKU0158,52,0.0,7,134
2024-03-18,SKU0158,0,0.0,7,134
2024-03-25,SKU0158,114,163.0,7,134
2024-04-01,SKU0158,0,0.0,7,134
2024-04-08,SKU0158,139,159.0,7,134
2024-04-15,SKU0158,182,195.0,7,134
2024-04-22,SKU0158,278,194.0,7,134
2024-04-29,SKU0158,147,0.0,7,134
2024-05-06,SKU0158,113,163.0,7,134
2024-05-13,SKU0158,232,166.0,7,134
2024-05-20,SKU0158,109,0.0,7,134
2024-05-27,SKU0158,172,210.0,7,134
2024-06-03,SKU0158,209,194.0,7,134
2024-06-10,SKU0158,342,202.0,7,134
2024-06-17,SKU0158,198,0.0,7,134
2024-06-24,SKU0158,173,209.0,7,134
2024-07-01,SKU0158,288,246.0,7,134
2024-07-08,SKU0158,152,0.0,7,134
2024-07-15,SKU0158,17,0.0,7,134
2024-07-22,SKU0158,98,237.0,7,134
2024-07-29,SKU0158,0,0.0,7,134
2024-08-05,SKU0158,249,237.0,7,134
2024-08-12,SKU0158,279,204.0,7,134
2024-08-19,SKU0158,146,0.0,7,134
2024-08-26,SKU0158,230,158.0,7,134
2024-09-02,SKU0158,106,0.0,7,134
2024-09-09,SKU0158,169,189.0,7,134
2024-09-16,SKU0158,302,164.0,7,134
2024-09-23,SKU0158,166,0.0,7,134
2024-09-30,SKU0158,156,192.0,7,134
2024-10-07,SKU0158,36,0.0,7,134
2024-10-14,SKU0158,260,240.0,7,134
2024-10-21,SKU0158,124,0.0,7,134
2024-10-28,SKU0158,0,0.0,7,134
2024-11-04,SKU0158,0,,7,134
2024-11-11,SKU0158,253,172.0,7,134
2024-11-18,SKU0158,316,190.0,7,134
2024-11-25,SKU0158,185,0.0,7,134
2024-12-02,SKU0158,256,212.0,7,134
2024-12-09,SKU0158,148,0.0,7,134
2024-12-16,SKU0158,34,0.0,7,134
2024-12-23,SKU0158,0,0.0,7,134
2024-12-30,SKU0158,0,0.0,7,134
2025-01-06,SKU0158,134,207.0,7,134
2025-01-13,SKU0158,3,0.0,7,134
2025-01-20,SKU0158,246,218.0,7,134
2025-01-27,SKU0158,120,0.0,7,134
2025-02-03,SKU0158,8,0.0,7,134
2025-02-10,SKU0158,0,0.0,7,134
2025-02-17,SKU0158,200,203.0,7,134
2025-02-24,SKU0158,311,211.0,7,134
2025-03-03,SKU0158,197,0.0,7,134
2025-03-10,SKU0158,174,239.0,7,134
2025-03-17,SKU0158,32,0.0,7,134
2025-03-24,SKU0158,130,189.0,7,134
2025-03-31,SKU0158,111,237.0,7,134
2025-04-07,SKU0158,0,0.0,7,134
2025-04-14,SKU0158,207,209.0,7,134
2025-04-21,SKU0158,75,0.0,7,134
2025-04-28,SKU0158,225,234.0,7,134
2025-05-05,SKU0158,96,0.0,7,134
2025-05-12,SKU0158,0,0.0,7,134
2025-05-19,SKU0158,230,227.0,7,134
2025-05-26,SKU0158,314,187.0,7,134
2025-06-02,SKU0158,175,0.0,7,134
2025-06-09,SKU0158,235,188.0,7,134
2025-06-16,SKU0158,272,184.0,7,134
2025-06-23,SKU0158,127,0.0,7,134
2025-06-30,SKU0158,206,161.0,7,134
2025-07-07,SKU0158,171,184.0,7,134
2025-07-14,SKU0158,42,0.0,7,134
2025-07-21,SKU0158,0,0.0,7,134
2025-07-28,SKU0158,271,247.0,7,134
2025-08-04,SKU0158,119,0.0,7,134
2025-08-11,SKU0158,4,0.0,7,134
2025-08-18,SKU0158,0,0.0,7,134
2025-08-25,SKU0158,0,0.0,7,134
2025-09-01,SKU0158,112,238.0,7,134
2025-09-08,SKU0158,0,0.0,7,134
2025-09-15,SKU0158,0,0.0,7,134
2025-09-22,SKU0158,135,224.0,7,134
2025-09-29,SKU0158,107,209.0,7,134
2025-10-06,SKU0158,127,188.0,7,134
2025-10-13,SKU0158,157,201.0,7,134
2025-10-20,SKU0158,244,162.0,7,134
2025-10-27,SKU0158,329,194.0,7,134
2025-11-03,SKU0158,222,0.0,7,134
2025-11-10,SKU0158,84,0.0,7,134
2025-11-17,SKU0158,0,0.0,7,134
2025-11-24,SKU0158,97,163.0,7,134
2025-12-01,SKU0158,203,195.0,7,134
2025-12-08,SKU0158,210,173.0,7,134
2025-12-15,SKU0158,84,0.0,7,134
2025-12-22,SKU0158,172,237.0,7,134
2025-12-29,SKU0158,41,0.0,7,134
2024-01-01,SKU0159,142,0.0,7,23
2024-01-08,SKU0159,122,0.0,7,23
2024-01-15,SKU0159,103,0.0,7,23
2024-01-22,SKU0159,94,0.0,7,23
2024-01-29,SKU0159,74,0.0,7,23
2024-02-05,SKU0159,55,0.0,7,23
2024-02-12,SKU0159,37,0.0,7,23
2024-02-19,SKU0159,22,0.0,7,23
2024-02-26,SKU0159,36,36.0,7,23
2024-03-04,SKU0159,55,36.0,7,23
2024-03-11,SKU0159,39,0.0,7,23
2024-03-18,SKU0159,51,32.0,7,23
2024-03-25,SKU0159,37,0.0,7,23
2024-04-01,SKU0159,25,0.0,7,23
2024-04-08,SKU0159,45,25.0,7,23
2024-04-15,SKU0159,28,0.0,7,23
2024-04-22,SKU0159,7,0.0,7,23
2024-04-29,SKU0159,29,23.0,7,23
2024-05-06,SKU0159,10,0.0,7,23
2024-05-13,SKU0159,37,28.0,7,23
2024-05-20,SKU0159,39,26.0,7,23
2024-05-27,SKU0159,53,31.0,7,23
2024-06-03,SKU0159,38,0.0,7,23
2024-06-10,SKU0159,24,0.0,7,23
2024-06-17,SKU0159,5,0.0,7,23
2024-06-24,SKU0159,19,23.0,7,23
2024-07-01,SKU0159,22,34.0,7,23
2024-07-08,SKU0159,8,0.0,7,23
2024-07-15,SKU0159,0,0.0,7,23
2024-07-22,SKU0159,27,26.0,7,23
2024-07-29,SKU0159,36,26.0,7,23
2024-08-05,SKU0159,33,30.0,7,23
2024-08-12,SKU0159,16,,7,23
2024-08-19,SKU0159,23,33.0,7,23
2024-08-26,SKU0159,41,30.0,7,23
2024-09-02,SKU0159,25,0.0,7,23
2024-09-09,SKU0159,29,33.0,7,23
2024-09-16,SKU0159,46,29.0,7,23
2024-09-23,SKU0159,18,0.0,7,23
2024-09-30,SKU0159,19,31.0,7,23
2024-10-07,SKU0159,5,0.0,7,23
2024-10-14,SKU0159,35,23.0,7,23
2024-10-21,SKU0159,25,0.0,7,23
2024-10-28,SKU0159,12,0.0,7,23
2024-11-04,SKU0159,0,0.0,7,23
2024-11-11,SKU0159,0,0.0,7,23
2024-11-18,SKU0159,0,0.0,7,23
2024-11-25,SKU0159,0,0.0,7,23
2024-12-02,SKU0159,0,0.0,7,23
2024-12-09,SKU0159,0,0.0,7,23
2024-12-16,SKU0159,0,0.0,7,23
2024-12-23,SKU0159,33,31.0,7,23
2024-12-30,SKU0159,6,0.0,7,23
2025-01-06,SKU0159,29,,7,23
2025-01-13,SKU0159,36,33.0,7,23
2025-01-20,SKU0159,17,0.0,7,23
2025-01-27,SKU0159,28,33.0,7,23
2025-02-03,SKU0159,33,27.0,7,23
2025-02-10,SKU0159,12,0.0,7,23
2025-02-17,SKU0159,14,36.0,7,23
2025-02-24,SKU0159,0,0.0,7,23
2025-03-03,SKU0159,0,0.0,7,23
2025-03-10,SKU0159,15,26.0,7,23
2025-03-17,SKU0159,39,32.0,7,23
2025-03-24,SKU0159,35,32.0,7,23
2025-03-31,SKU0159,34,34.0,7,23
2025-04-07,SKU0159,15,0.0,7,23
2025-04-14,SKU0159,38,25.0,7,23
2025-04-21,SKU0159,24,0.0,7,23
2025-04-28,SKU0159,23,28.0,7,23
2025-05-05,SKU0159,40,25.0,7,23
2025-05-12,SKU0159,22,0.0,7,23
2025-05-19,SKU0159,38,37.0,7,23
2025-05-26,SKU0159,36,24.0,7,23
2025-06-02,SKU0159,46,35.0,7,23
2025-06-09,SKU0159,26,0.0,7,23
2025-06-16,SKU0159,36,23.0,7,23
2025-06-23,SKU0159,24,0.0,7,23
2025-06-30,SKU0159,27,29.0,7,23
2025-07-07,SKU0159,28,26.0,7,23
2025-07-14,SKU0159,20,24.0,7,23
2025-07-21,SKU0159,40,32.0,7,23
2025-07-28,SKU0159,23,0.0,7,23
2025-08-04,SKU0159,26,,7,23
2025-08-11,SKU0159,11,0.0,7,23
2025-08-18,SKU0159,30,24.0,7,23
2025-08-25,SKU0159,40,27.0,7,23
2025-09-01,SKU0159,45,32.0,7,23
2025-09-08,SKU0159,30,0.0,7,23
2025-09-15,SKU0159,47,24.0,7,23
2025-09-22,SKU0159,32,0.0,7,23
2025-09-29,SKU0159,19,0.0,7,23
2025-10-06,SKU0159,17,35.0,7,23
2025-10-13,SKU0159,32,22.0,7,23
2025-10-20,SKU0159,42,32.0,7,23
2025-10-27,SKU0159,28,0.0,7,23
2025-11-03,SKU0159,34,24.0,7,23
2025-11-10,SKU0159,38,28.0,7,23
2025-11-17,SKU0159,50,25.0,7,23
2025-11-24,SKU0159,33,0.0,7,23
2025-12-01,SKU0159,45,33.0,7,23
2025-12-08,SKU0159,21,0.0,7,23
2025-12-15,SKU0159,43,23.0,7,23
2025-12-22,SKU0159,24,0.0,7,23
2025-12-29,SKU0159,31,28.0,7,23
2024-01-01,SKU0160,254,570.0,30,679
2024-01-08,SKU0160,316,885.0,30,679
2024-01-15,SKU0160,297,623.0,30,679
2024-01-22,SKU0160,354,745.0,30,679
2024-01-29,SKU0160,437,625.0,30,679
2024-02-05,SKU0160,444,703.0,30,679
2024-02-12,SKU0160,343,0.0,30,679
2024-02-19,SKU0160,448,568.0,30,679
2024-02-26,SKU0160,424,658.0,30,679
2024-03-04,SKU0160,315,0.0,30,679
2024-03-11,SKU0160,426,912.0,30,679
2024-03-18,SKU0160,320,,30,679
2024-03-25,SKU0160,432,612.0,30,679
2024-04-01,SKU0160,438,900.0,30,679
2024-04-08,SKU0160,337,0.0,30,679
2024-04-15,SKU0160,214,0.0,30,679
2024-04-22,SKU0160,331,740.0,30,679
2024-04-29,SKU0160,397,795.0,30,679
2024-05-06,SKU0160,504,718.0,30,679
2024-05-13,SKU0160,409,0.0,30,679
2024-05-20,SKU0160,310,0.0,30,679
2024-05-27,SKU0160,214,0.0,30,679
2024-06-03,SKU0160,122,0.0,30,679
2024-06-10,SKU0160,156,666.0,30,679
2024-06-17,SKU0160,69,0.0,30,679
2024-06-24,SKU0160,107,795.0,30,679
2024-07-01,SKU0160,130,834.0,30,679
2024-07-08,SKU0160,25,0.0,30,679
2024-07-15,SKU0160,118,608.0,30,679
2024-07-22,SKU0160,167,810.0,30,679
2024-07-29,SKU0160,212,566.0,30,679
2024-08-05,SKU0160,107,0.0,30,679
2024-08-12,SKU0160,89,743.0,30,679
2024-08-19,SKU0160,0,,30,679
2024-08-26,SKU0160,138,816.0,30,679
2024-09-02,SKU0160,188,625.0,30,679
2024-09-09,SKU0160,253,769.0,30,679
2024-09-16,SKU0160,372,819.0,30,679
2024-09-23,SKU0160,263,0.0,30,679
2024-09-30,SKU0160,311,626.0,30,679
2024-10-07,SKU0160,207,0.0,30,679
2024-10-14,SKU0160,115,0.0,30,679
2024-10-21,SKU0160,7,0.0,30,679
2024-10-28,SKU0160,0,0.0,30,679
2024-11-04,SKU0160,220,896.0,30,679
2024-11-11,SKU0160,277,871.0,30,679
2024-11-18,SKU0160,350,912.0,30,679
2024-11-25,SKU0160,452,901.0,30,679
2024-12-02,SKU0160,515,636.0,30,679
2024-12-09,SKU0160,506,672.0,30,679
2024-12-16,SKU0160,398,0.0,30,679
2024-12-23,SKU0160,277,0.0,30,679
2024-12-30,SKU0160,411,720.0,30,679
2025-01-06,SKU0160,296,0.0,30,679
2025-01-13,SKU0160,378,657.0,30,679
2025-01-20,SKU0160,400,894.0,30,679
2025-01-27,SKU0160,282,0.0,30,679
2025-02-03,SKU0160,279,909.0,30,679
2025-02-10,SKU0160,325,783.0,30,679
2025-02-17,SKU0160,348,799.0,30,679
2025-02-24,SKU0160,404,849.0,30,679
2025-03-03,SKU0160,456,604.0,30,679
2025-03-10,SKU0160,344,0.0,30,679
2025-03-17,SKU0160,229,0.0,30,679
2025-03-24,SKU0160,136,0.0,30,679
2025-03-31,SKU0160,148,758.0,30,679
2025-04-07,SKU0160,30,0.0,30,679
2025-04-14,SKU0160,223,844.0,30,679
2025-04-21,SKU0160,227,821.0,30,679
2025-04-28,SKU0160,121,0.0,30,679
2025-05-05,SKU0160,187,648.0,30,679
2025-05-12,SKU0160,103,0.0,30,679
2025-05-19,SKU0160,102,591.0,30,679
2025-05-26,SKU0160,107,901.0,30,679
2025-06-02,SKU0160,224,875.0,30,679
2025-06-09,SKU0160,110,0.0,30,679
2025-06-16,SKU0160,154,883.0,30,679
2025-06-23,SKU0160,187,617.0,30,679
2025-06-30,SKU0160,71,0.0,30,679
2025-07-07,SKU0160,0,0.0,30,679
2025-07-14,SKU0160,212,603.0,30,679
2025-07-21,SKU0160,218,666.0,30,679
2025-07-28,SKU0160,354,684.0,30,679
2025-08-04,SKU0160,254,0.0,30,679
2025-08-11,SKU0160,226,557.0,30,679
2025-08-18,SKU0160,198,761.0,30,679
2025-08-25,SKU0160,160,750.0,30,679
2025-09-01,SKU0160,60,0.0,30,679
2025-09-08,SKU0160,99,676.0,30,679
2025-09-15,SKU0160,128,654.0,30,679
2025-09-22,SKU0160,157,819.0,30,679
2025-09-29,SKU0160,54,0.0,30,679
2025-10-06,SKU0160,0,0.0,30,679
2025-10-13,SKU0160,106,698.0,30,679
2025-10-20,SKU0160,5,0.0,30,679
2025-10-27,SKU0160,0,0.0,30,679
2025-11-03,SKU0160,188,638.0,30,679
2025-11-10,SKU0160,269,748.0,30,679
2025-11-17,SKU0160,322,568.0,30,679
2025-11-24,SKU0160,301,552.0,30,679
2025-12-01,SKU0160,193,0.0,30,679
2025-12-08,SKU0160,276,752.0,30,679
2025-12-15,SKU0160,339,592.0,30,679
2025-12-22,SKU0160,231,0.0,30,679
2025-12-29,SKU0160,132,0.0,30,679
2024-01-01,SKU0161,344,0.0,7,113
2024-01-08,SKU0161,270,0.0,7,113
2024-01-15,SKU0161,195,0.0,7,113
2024-01-22,SKU0161,134,0.0,7,113
2024-01-29,SKU0161,187,92.0,7,113
2024-02-05,SKU0161,117,0.0,7,113
2024-02-12,SKU0161,53,0.0,7,113
2024-02-19,SKU0161,0,0.0,7,113
2024-02-26,SKU0161,0,0.0,7,113
2024-03-04,SKU0161,56,101.0,7,113
2024-03-11,SKU0161,0,0.0,7,113
2024-03-18,SKU0161,124,101.0,7,113
2024-03-25,SKU0161,161,132.0,7,113
2024-04-01,SKU0161,180,133.0,7,113
2024-04-08,SKU0161,116,0.0,7,113
2024-04-15,SKU0161,29,0.0,7,113
2024-04-22,SKU0161,83,113.0,7,113
2024-04-29,SKU0161,0,0.0,7,113
2024-05-06,SKU0161,0,,7,113
2024-05-13,SKU0161,93,107.0,7,113
2024-05-20,SKU0161,136,141.0,7,113
2024-05-27,SKU0161,153,106.0,7,113
2024-06-03,SKU0161,132,110.0,7,113
2024-06-10,SKU0161,57,0.0,7,113
2024-06-17,SKU0161,58,110.0,7,113
2024-06-24,SKU0161,112,,7,113
2024-07-01,SKU0161,39,0.0,7,113
2024-07-08,SKU0161,122,124.0,7,113
2024-07-15,SKU0161,143,129.0,7,113
2024-07-22,SKU0161,62,0.0,7,113
2024-07-29,SKU0161,0,0.0,7,113
2024-08-05,SKU0161,60,110.0,7,113
2024-08-12,SKU0161,0,0.0,7,113
2024-08-19,SKU0161,94,141.0,7,113
2024-08-26,SKU0161,12,0.0,7,113
2024-09-02,SKU0161,89,98.0,7,113
2024-09-09,SKU0161,23,0.0,7,113
2024-09-16,SKU0161,0,0.0,7,113
2024-09-23,SKU0161,0,0.0,7,113
2024-09-30,SKU0161,140,105.0,7,113
2024-10-07,SKU0161,67,0.0,7,113
2024-10-14,SKU0161,159,131.0,7,113
2024-10-21,SKU0161,156,150.0,7,113
2024-10-28,SKU0161,87,0.0,7,113
2024-11-04,SKU0161,159,125.0,7,113
2024-11-11,SKU0161,175,141.0,7,113
2024-11-18,SKU0161,92,0.0,7,113
2024-11-25,SKU0161,12,0.0,7,113
2024-12-02,SKU0161,0,0.0,7,113
2024-12-09,SKU0161,0,0.0,7,113
2024-12-16,SKU0161,149,116.0,7,113
2024-12-23,SKU0161,69,0.0,7,113
2024-12-30,SKU0161,68,124.0,7,113
2025-01-06,SKU0161,0,0.0,7,113
2025-01-13,SKU0161,0,0.0,7,113
2025-01-20,SKU0161,0,0.0,7,113
2025-01-27,SKU0161,110,112.0,7,113
2025-02-03,SKU0161,146,132.0,7,113
2025-02-10,SKU0161,143,107.0,7,113
2025-02-17,SKU0161,174,120.0,7,113
2025-02-24,SKU0161,216,104.0,7,113
2025-03-03,SKU0161,130,0.0,7,113
2025-03-10,SKU0161,58,0.0,7,113
2025-03-17,SKU0161,70,139.0,7,113
2025-03-24,SKU0161,0,0.0,7,113
2025-03-31,SKU0161,0,0.0,7,113
2025-04-07,SKU0161,0,0.0,7,113
2025-04-14,SKU0161,162,145.0,7,113
2025-04-21,SKU0161,89,0.0,7,113
2025-04-28,SKU0161,12,0.0,7,113
2025-05-05,SKU0161,145,103.0,7,113
2025-05-12,SKU0161,73,0.0,7,113
2025-05-19,SKU0161,0,0.0,7,113
2025-05-26,SKU0161,118,105.0,7,113
2025-06-02,SKU0161,25,0.0,7,113
2025-06-09,SKU0161,0,0.0,7,113
2025-06-16,SKU0161,0,0.0,7,113
2025-06-23,SKU0161,89,119.0,7,113
2025-06-30,SKU0161,7,0.0,7,113
2025-07-07,SKU0161,0,0.0,7,113
2025-07-14,SKU0161,90,140.0,7,113
2025-07-21,SKU0161,123,135.0,7,113
2025-07-28,SKU0161,140,121.0,7,113
2025-08-04,SKU0161,203,138.0,7,113
2025-08-11,SKU0161,136,0.0,7,113
2025-08-18,SKU0161,60,0.0,7,113
2025-08-25,SKU0161,0,0.0,7,113
2025-09-01,SKU0161,84,149.0,7,113
2025-09-08,SKU0161,10,0.0,7,113
2025-09-15,SKU0161,122,95.0,7,113
2025-09-22,SKU0161,137,100.0,7,113
2025-09-29,SKU0161,57,0.0,7,113
2025-10-06,SKU0161,77,93.0,7,113
2025-10-13,SKU0161,168,116.0,7,113
2025-10-20,SKU0161,230,133.0,7,113
2025-10-27,SKU0161,147,0.0,7,113
2025-11-03,SKU0161,205,115.0,7,113
2025-11-10,SKU0161,131,0.0,7,113
2025-11-17,SKU0161,142,120.0,7,113
2025-11-24,SKU0161,114,144.0,7,113
2025-12-01,SKU0161,38,0.0,7,113
2025-12-08,SKU0161,0,0.0,7,113
2025-12-15,SKU0161,144,122.0,7,113
2025-12-22,SKU0161,223,118.0,7,113
2025-12-29,SKU0161,153,0.0,7,113
2024-01-01,SKU0162,440,0.0,10,291
2024-01-08,SKU0162,302,0.0,10,291
2024-01-15,SKU0162,149,0.0,10,291
2024-01-22,SKU0162,0,0.0,10,291
2024-01-29,SKU0162,293,324.0,10,291
2024-02-05,SKU0162,117,0.0,10,291
2024-02-12,SKU0162,0,0.0,10,291
2024-02-19,SKU0162,290,447.0,10,291
2024-02-26,SKU0162,109,0.0,10,291
2024-03-04,SKU0162,248,,10,291
2024-03-11,SKU0162,403,301.0,10,291
2024-03-18,SKU0162,396,312.0,10,291
2024-03-25,SKU0162,222,0.0,10,291
2024-04-01,SKU0162,71,0.0,10,291
2024-04-08,SKU0162,251,462.0,10,291
2024-04-15,SKU0162,85,,10,291
2024-04-22,SKU0162,0,0.0,10,291
2024-04-29,SKU0162,295,405.0,10,291
2024-05-06,SKU0162,434,396.0,10,291
2024-05-13,SKU0162,529,367.0,10,291
2024-05-20,SKU0162,348,0.0,10,291
2024-05-27,SKU0162,505,380.0,10,291
2024-06-03,SKU0162,315,0.0,10,291
2024-06-10,SKU0162,486,448.0,10,291
2024-06-17,SKU0162,321,0.0,10,291
2024-06-24,SKU0162,143,0.0,10,291
2024-07-01,SKU0162,211,319.0,10,291
2024-07-08,SKU0162,46,0.0,10,291
2024-07-15,SKU0162,250,382.0,10,291
2024-07-22,SKU0162,81,0.0,10,291
2024-07-29,SKU0162,0,0.0,10,291
2024-08-05,SKU0162,0,0.0,10,291
2024-08-12,SKU0162,310,385.0,10,291
2024-08-19,SKU0162,137,0.0,10,291
2024-08-26,SKU0162,0,0.0,10,291
2024-09-02,SKU0162,172,398.0,10,291
2024-09-09,SKU0162,21,0.0,10,291
2024-09-16,SKU0162,180,293.0,10,291
2024-09-23,SKU0162,135,335.0,10,291
2024-09-30,SKU0162,222,324.0,10,291
2024-10-07,SKU0162,66,0.0,10,291
2024-10-14,SKU0162,345,351.0,10,291
2024-10-21,SKU0162,449,340.0,10,291
2024-10-28,SKU0162,503,291.0,10,291
2024-11-04,SKU0162,348,0.0,10,291
2024-11-11,SKU0162,185,0.0,10,291
2024-11-18,SKU0162,360,324.0,10,291
2024-11-25,SKU0162,500,348.0,10,291
2024-12-02,SKU0162,329,0.0,10,291
2024-12-09,SKU0162,173,0.0,10,291
2024-12-16,SKU0162,15,0.0,10,291
2024-12-23,SKU0162,0,0.0,10,291
2024-12-30,SKU0162,0,0.0,10,291
2025-01-06,SKU0162,0,0.0,10,291
2025-01-13,SKU0162,302,432.0,10,291
2025-01-20,SKU0162,463,287.0,10,291
2025-01-27,SKU0162,316,0.0,10,291
2025-02-03,SKU0162,431,372.0,10,291
2025-02-10,SKU0162,291,0.0,10,291
2025-02-17,SKU0162,343,310.0,10,291
2025-02-24,SKU0162,171,0.0,10,291
2025-03-03,SKU0162,24,0.0,10,291
2025-03-10,SKU0162,323,422.0,10,291
2025-03-17,SKU0162,144,0.0,10,291
2025-03-24,SKU0162,0,0.0,10,291
2025-03-31,SKU0162,0,0.0,10,291
2025-04-07,SKU0162,0,0.0,10,291
2025-04-14,SKU0162,0,0.0,10,291
2025-04-21,SKU0162,0,0.0,10,291
2025-04-28,SKU0162,0,0.0,10,291
2025-05-05,SKU0162,252,292.0,10,291
2025-05-12,SKU0162,350,329.0,10,291
2025-05-19,SKU0162,185,0.0,10,291
2025-05-26,SKU0162,40,0.0,10,291
2025-06-02,SKU0162,0,0.0,10,291
2025-06-09,SKU0162,264,384.0,10,291
2025-06-16,SKU0162,112,0.0,10,291
2025-06-23,SKU0162,343,446.0,10,291
2025-06-30,SKU0162,166,0.0,10,291
2025-07-07,SKU0162,213,411.0,10,291
2025-07-14,SKU0162,219,462.0,10,291
2025-07-21,SKU0162,254,421.0,10,291
2025-07-28,SKU0162,327,463.0,10,291
2025-08-04,SKU0162,420,380.0,10,291
2025-08-11,SKU0162,586,335.0,10,291
2025-08-18,SKU0162,408,0.0,10,291
2025-08-25,SKU0162,383,437.0,10,291
2025-09-01,SKU0162,537,327.0,10,291
2025-09-08,SKU0162,369,0.0,10,291
2025-09-15,SKU0162,202,0.0,10,291
2025-09-22,SKU0162,381,441.0,10,291
2025-09-29,SKU0162,387,,10,291
2025-10-06,SKU0162,230,0.0,10,291
2025-10-13,SKU0162,70,0.0,10,291
2025-10-20,SKU0162,0,0.0,10,291
2025-10-27,SKU0162,302,416.0,10,291
2025-11-03,SKU0162,155,0.0,10,291
2025-11-10,SKU0162,20,0.0,10,291
2025-11-17,SKU0162,124,315.0,10,291
2025-11-24,SKU0162,232,369.0,10,291
2025-12-01,SKU0162,70,0.0,10,291
2025-12-08,SKU0162,233,308.0,10,291
2025-12-15,SKU0162,412,359.0,10,291
2025-12-22,SKU0162,541,290.0,10,291
2025-12-29,SKU0162,391,0.0,10,291
2024-06-24,SKU0163,79,0.0,14,36
2024-07-01,SKU0163,72,0.0,14,36
2024-07-08,SKU0163,55,0.0,14,36
2024-07-15,SKU0163,50,0.0,14,36
2024-07-22,SKU0163,52,40.0,14,36
2024-07-29,SKU0163,40,0.0,14,36
2024-08-05,SKU0163,45,48.0,14,36
2024-08-12,SKU0163,38,0.0,14,36
2024-08-19,SKU0163,30,0.0,14,36
2024-08-26,SKU0163,40,36.0,14,36
2024-09-02,SKU0163,42,33.0,14,36
2024-09-09,SKU0163,44,42.0,14,36
2024-09-16,SKU0163,42,45.0,14,36
2024-09-23,SKU0163,36,0.0,14,36
2024-09-30,SKU0163,21,0.0,14,36
2024-10-07,SKU0163,14,0.0,14,36
2024-10-14,SKU0163,24,37.0,14,36
2024-10-21,SKU0163,35,45.0,14,36
2024-10-28,SKU0163,45,35.0,14,36
2024-11-04,SKU0163,45,30.0,14,36
2024-11-11,SKU0163,41,31.0,14,36
2024-11-18,SKU0163,28,0.0,14,36
2024-11-25,SKU0163,41,39.0,14,36
2024-12-02,SKU0163,55,35.0,14,36
2024-12-09,SKU0163,47,0.0,14,36
2024-12-16,SKU0163,45,34.0,14,36
2024-12-23,SKU0163,55,31.0,14,36
2024-12-30,SKU0163,46,0.0,14,36
2025-01-06,SKU0163,38,30.0,14,36
2025-01-13,SKU0163,48,34.0,14,36
2025-01-20,SKU0163,39,0.0,14,36
2025-01-27,SKU0163,24,0.0,14,36
2025-02-03,SKU0163,19,0.0,14,36
2025-02-10,SKU0163,19,34.0,14,36
2025-02-17,SKU0163,28,40.0,14,36
2025-02-24,SKU0163,29,39.0,14,36
2025-03-03,SKU0163,35,31.0,14,36
2025-03-10,SKU0163,17,0.0,14,36
2025-03-17,SKU0163,18,30.0,14,36
2025-03-24,SKU0163,26,40.0,14,36
2025-03-31,SKU0163,18,0.0,14,36
2025-04-07,SKU0163,2,0.0,14,36
2025-04-14,SKU0163,0,0.0,14,36
2025-04-21,SKU0163,22,47.0,14,36
2025-04-28,SKU0163,29,44.0,14,36
2025-05-05,SKU0163,37,35.0,14,36
2025-05-12,SKU0163,21,0.0,14,36
2025-05-19,SKU0163,37,33.0,14,36
2025-05-26,SKU0163,28,0.0,14,36
2025-06-02,SKU0163,32,42.0,14,36
2025-06-09,SKU0163,45,33.0,14,36
2025-06-16,SKU0163,51,30.0,14,36
2025-06-23,SKU0163,44,37.0,14,36
2025-06-30,SKU0163,30,0.0,14,36
2025-07-07,SKU0163,47,40.0,14,36
2025-07-14,SKU0163,36,0.0,14,36
2025-07-21,SKU0163,26,0.0,14,36
2025-07-28,SKU0163,15,0.0,14,36
2025-08-04,SKU0163,7,0.0,14,36
2025-08-11,SKU0163,0,0.0,14,36
2025-08-18,SKU0163,0,0.0,14,36
2025-08-25,SKU0163,0,0.0,14,36
2025-09-01,SKU0163,0,,14,36
2025-09-08,SKU0163,0,0.0,14,36
2025-09-15,SKU0163,0,0.0,14,36
2025-09-22,SKU0163,0,0.0,14,36
2025-09-29,SKU0163,0,0.0,14,36
2025-10-06,SKU0163,0,0.0,14,36
2025-10-13,SKU0163,0,0.0,14,36
2025-10-20,SKU0163,0,0.0,14,36
2025-10-27,SKU0163,18,42.0,14,36
2025-11-03,SKU0163,18,38.0,14,36
2025-11-10,SKU0163,19,36.0,14,36
2025-11-17,SKU0163,23,31.0,14,36
2025-11-24,SKU0163,25,42.0,14,36
2025-12-01,SKU0163,33,44.0,14,36
2025-12-08,SKU0163,20,0.0,14,36
2025-12-15,SKU0163,23,43.0,14,36
2025-12-22,SKU0163,11,0.0,14,36
2025-12-29,SKU0163,0,0.0,14,36
2024-01-01,SKU0164,682,0.0,10,264
2024-01-08,SKU0164,531,0.0,10,264
2024-01-15,SKU0164,363,0.0,10,264
2024-01-22,SKU0164,452,399.0,10,264
2024-01-29,SKU0164,308,0.0,10,264
2024-02-05,SKU0164,177,0.0,10,264
2024-02-12,SKU0164,29,0.0,10,264
2024-02-19,SKU0164,138,303.0,10,264
2024-02-26,SKU0164,1,0.0,10,264
2024-03-04,SKU0164,309,419.0,10,264
2024-03-11,SKU0164,358,273.0,10,264
2024-03-18,SKU0164,196,0.0,10,264
2024-03-25,SKU0164,334,295.0,10,264
2024-04-01,SKU0164,189,0.0,10,264
2024-04-08,SKU0164,178,380.0,10,264
2024-04-15,SKU0164,24,0.0,10,264
2024-04-22,SKU0164,0,0.0,10,264
2024-04-29,SKU0164,173,384.0,10,264
2024-05-06,SKU0164,222,260.0,10,264
2024-05-13,SKU0164,181,277.0,10,264
2024-05-20,SKU0164,28,0.0,10,264
2024-05-27,SKU0164,0,0.0,10,264
2024-06-03,SKU0164,0,0.0,10,264
2024-06-10,SKU0164,0,0.0,10,264
2024-06-17,SKU0164,274,274.0,10,264
2024-06-24,SKU0164,120,0.0,10,264
2024-07-01,SKU0164,115,279.0,10,264
2024-07-08,SKU0164,243,308.0,10,264
2024-07-15,SKU0164,373,379.0,10,264
2024-07-22,SKU0164,211,0.0,10,264
2024-07-29,SKU0164,57,0.0,10,264
2024-08-05,SKU0164,167,299.0,10,264
2024-08-12,SKU0164,28,0.0,10,264
2024-08-19,SKU0164,138,346.0,10,264
2024-08-26,SKU0164,0,0.0,10,264
2024-09-02,SKU0164,194,401.0,10,264
2024-09-09,SKU0164,268,391.0,10,264
2024-09-16,SKU0164,287,367.0,10,264
2024-09-23,SKU0164,145,0.0,10,264
2024-09-30,SKU0164,4,0.0,10,264
2024-10-07,SKU0164,0,0.0,10,264
2024-10-14,SKU0164,210,265.0,10,264
2024-10-21,SKU0164,63,0.0,10,264
2024-10-28,SKU0164,146,383.0,10,264
2024-11-04,SKU0164,0,0.0,10,264
2024-11-11,SKU0164,244,277.0,10,264
2024-11-18,SKU0164,211,292.0,10,264
2024-11-25,SKU0164,373,347.0,10,264
2024-12-02,SKU0164,495,281.0,10,264
2024-12-09,SKU0164,365,0.0,10,264
2024-12-16,SKU0164,219,0.0,10,264
2024-12-23,SKU0164,68,0.0,10,264
2024-12-30,SKU0164,298,424.0,10,264
2025-01-06,SKU0164,321,414.0,10,264
2025-01-13,SKU0164,439,265.0,10,264
2025-01-20,SKU0164,283,0.0,10,264
2025-01-27,SKU0164,130,0.0,10,264
2025-02-03,SKU0164,0,0.0,10,264
2025-02-10,SKU0164,0,0.0,10,264
2025-02-17,SKU0164,0,0.0,10,264
2025-02-24,SKU0164,277,412.0,10,264
2025-03-03,SKU0164,442,419.0,10,264
2025-03-10,SKU0164,294,0.0,10,264
2025-03-17,SKU0164,166,0.0,10,264
2025-03-24,SKU0164,225,393.0,10,264
2025-03-31,SKU0164,82,0.0,10,264
2025-04-07,SKU0164,0,0.0,10,264
2025-04-14,SKU0164,277,351.0,10,264
2025-04-21,SKU0164,120,0.0,10,264
2025-04-28,SKU0164,298,369.0,10,264
2025-05-05,SKU0164,315,410.0,10,264
2025-05-12,SKU0164,468,,10,264
2025-05-19,SKU0164,318,0.0,10,264
2025-05-26,SKU0164,394,302.0,10,264
2025-06-02,SKU0164,241,0.0,10,264
2025-06-09,SKU0164,214,362.0,10,264
2025-06-16,SKU0164,68,0.0,10,264
2025-06-23,SKU0164,161,388.0,10,264
2025-06-30,SKU0164,205,260.0,10,264
2025-07-07,SKU0164,250,294.0,10,264
2025-07-14,SKU0164,348,316.0,10,264
2025-07-21,SKU0164,201,0.0,10,264
2025-07-28,SKU0164,303,286.0,10,264
2025-08-04,SKU0164,275,291.0,10,264
2025-08-11,SKU0164,290,255.0,10,264
2025-08-18,SKU0164,115,0.0,10,264
2025-08-25,SKU0164,0,0.0,10,264
2025-09-01,SKU0164,300,365.0,10,264
2025-09-08,SKU0164,148,0.0,10,264
2025-09-15,SKU0164,5,0.0,10,264
2025-09-22,SKU0164,141,395.0,10,264
2025-09-29,SKU0164,318,312.0,10,264
2025-10-06,SKU0164,159,0.0,10,264
2025-10-13,SKU0164,198,407.0,10,264
2025-10-20,SKU0164,45,0.0,10,264
2025-10-27,SKU0164,0,0.0,10,264
2025-11-03,SKU0164,0,0.0,10,264
2025-11-10,SKU0164,231,263.0,10,264
2025-11-17,SKU0164,349,348.0,10,264
2025-11-24,SKU0164,402,369.0,10,264
2025-12-01,SKU0164,275,0.0,10,264
2025-12-08,SKU0164,114,0.0,10,264
2025-12-15,SKU0164,0,0.0,10,264
2025-12-22,SKU0164,175,308.0,10,264
2025-12-29,SKU0164,209,303.0,10,264
2024-01-01,SKU0165,334,0.0,30,310
2024-01-08,SKU0165,367,377.0,30,310
2024-01-15,SKU0165,411,426.0,30,310
2024-01-22,SKU0165,337,0.0,30,310
2024-01-29,SKU0165,342,540.0,30,310
2024-02-05,SKU0165,360,542.0,30,310
2024-02-12,SKU0165,342,480.0,30,310
2024-02-19,SKU0165,344,444.0,30,310
2024-02-26,SKU0165,263,0.0,30,310
2024-03-04,SKU0165,190,0.0,30,310
2024-03-11,SKU0165,183,537.0,30,310
2024-03-18,SKU0165,184,485.0,30,310
2024-03-25,SKU0165,104,0.0,30,310
2024-04-01,SKU0165,30,0.0,30,310
2024-04-08,SKU0165,84,385.0,30,310
2024-04-15,SKU0165,113,410.0,30,310
2024-04-22,SKU0165,181,419.0,30,310
2024-04-29,SKU0165,112,0.0,30,310
2024-05-06,SKU0165,42,0.0,30,310
2024-05-13,SKU0165,0,0.0,30,310
2024-05-20,SKU0165,0,0.0,30,310
2024-05-27,SKU0165,60,450.0,30,310
2024-06-03,SKU0165,137,411.0,30,310
2024-06-10,SKU0165,74,0.0,30,310
2024-06-17,SKU0165,114,412.0,30,310
2024-06-24,SKU0165,46,0.0,30,310
2024-07-01,SKU0165,145,440.0,30,310
2024-07-08,SKU0165,128,580.0,30,310
2024-07-15,SKU0165,135,369.0,30,310
2024-07-22,SKU0165,74,0.0,30,310
2024-07-29,SKU0165,0,0.0,30,310
2024-08-05,SKU0165,118,560.0,30,310
2024-08-12,SKU0165,56,0.0,30,310
2024-08-19,SKU0165,0,0.0,30,310
2024-08-26,SKU0165,64,497.0,30,310
2024-09-02,SKU0165,0,0.0,30,310
2024-09-09,SKU0165,0,0.0,30,310
2024-09-16,SKU0165,0,0.0,30,310
2024-09-23,SKU0165,143,557.0,30,310
2024-09-30,SKU0165,162,567.0,30,310
2024-10-07,SKU0165,179,584.0,30,310
2024-10-14,SKU0165,235,573.0,30,310
2024-10-21,SKU0165,306,389.0,30,310
2024-10-28,SKU0165,309,364.0,30,310
2024-11-04,SKU0165,366,553.0,30,310
2024-11-11,SKU0165,384,479.0,30,310
2024-11-18,SKU0165,336,0.0,30,310
2024-11-25,SKU0165,249,0.0,30,310
2024-12-02,SKU0165,299,366.0,30,310
2024-12-09,SKU0165,339,433.0,30,310
2024-12-16,SKU0165,358,559.0,30,310
2024-12-23,SKU0165,436,447.0,30,310
2024-12-30,SKU0165,368,0.0,30,310
2025-01-06,SKU0165,292,0.0,30,310
2025-01-13,SKU0165,281,573.0,30,310
2025-01-20,SKU0165,297,424.0,30,310
2025-01-27,SKU0165,343,389.0,30,310
2025-02-03,SKU0165,370,374.0,30,310
2025-02-10,SKU0165,282,0.0,30,310
2025-02-17,SKU0165,291,464.0,30,310
2025-02-24,SKU0165,217,0.0,30,310
2025-03-03,SKU0165,242,444.0,30,310
2025-03-10,SKU0165,263,467.0,30,310
2025-03-17,SKU0165,336,573.0,30,310
2025-03-24,SKU0165,264,0.0,30,310
2025-03-31,SKU0165,291,418.0,30,310
2025-04-07,SKU0165,310,452.0,30,310
2025-04-14,SKU0165,389,415.0,30,310
2025-04-21,SKU0165,316,0.0,30,310
2025-04-28,SKU0165,318,566.0,30,310
2025-05-05,SKU0165,313,470.0,30,310
2025-05-12,SKU0165,242,,30,310
2025-05-19,SKU0165,168,0.0,30,310
2025-05-26,SKU0165,116,0.0,30,310
2025-06-02,SKU0165,56,0.0,30,310
2025-06-09,SKU0165,143,467.0,30,310
2025-06-16,SKU0165,136,484.0,30,310
2025-06-23,SKU0165,65,0.0,30,310
2025-06-30,SKU0165,134,361.0,30,310
2025-07-07,SKU0165,205,531.0,30,310
2025-07-14,SKU0165,295,497.0,30,310
2025-07-21,SKU0165,217,0.0,30,310
2025-07-28,SKU0165,150,0.0,30,310
2025-08-04,SKU0165,79,0.0,30,310
2025-08-11,SKU0165,113,452.0,30,310
2025-08-18,SKU0165,46,0.0,30,310
2025-08-25,SKU0165,0,0.0,30,310
2025-09-01,SKU0165,0,0.0,30,310
2025-09-08,SKU0165,0,0.0,30,310
2025-09-15,SKU0165,92,559.0,30,310
2025-09-22,SKU0165,126,434.0,30,310
2025-09-29,SKU0165,178,544.0,30,310
2025-10-06,SKU0165,97,0.0,30,310
2025-10-13,SKU0165,160,427.0,30,310
2025-10-20,SKU0165,147,411.0,30,310
2025-10-27,SKU0165,143,436.0,30,310
2025-11-03,SKU0165,213,544.0,30,310
2025-11-10,SKU0165,256,545.0,30,310
2025-11-17,SKU0165,223,,30,310
2025-11-24,SKU0165,218,582.0,30,310
2025-12-01,SKU0165,271,556.0,30,310
2025-12-08,SKU0165,192,0.0,30,310
2025-12-15,SKU0165,196,578.0,30,310
2025-12-22,SKU0165,131,0.0,30,310
2025-12-29,SKU0165,63,0.0,30,310
2024-02-12,SKU0166,216,141.0,7,108
2024-02-19,SKU0166,128,0.0,7,108
2024-02-26,SKU0166,111,165.0,7,108
2024-03-04,SKU0166,119,110.0,7,108
2024-03-11,SKU0166,41,0.0,7,108
2024-03-18,SKU0166,0,0.0,7,108
2024-03-25,SKU0166,163,151.0,7,108
2024-04-01,SKU0166,93,0.0,7,108
2024-04-08,SKU0166,12,0.0,7,108
2024-04-15,SKU0166,0,0.0,7,108
2024-04-22,SKU0166,0,0.0,7,108
2024-04-29,SKU0166,117,147.0,7,108
2024-05-06,SKU0166,18,0.0,7,108
2024-05-13,SKU0166,168,145.0,7,108
2024-05-20,SKU0166,140,147.0,7,108
2024-05-27,SKU0166,228,118.0,7,108
2024-06-03,SKU0166,149,0.0,7,108
2024-06-10,SKU0166,68,0.0,7,108
2024-06-17,SKU0166,98,165.0,7,108
2024-06-24,SKU0166,162,126.0,7,108
2024-07-01,SKU0166,181,132.0,7,108
2024-07-08,SKU0166,91,0.0,7,108
2024-07-15,SKU0166,136,114.0,7,108
2024-07-22,SKU0166,49,0.0,7,108
2024-07-29,SKU0166,118,159.0,7,108
2024-08-05,SKU0166,42,0.0,7,108
2024-08-12,SKU0166,97,130.0,7,108
2024-08-19,SKU0166,65,159.0,7,108
2024-08-26,SKU0166,159,154.0,7,108
2024-09-02,SKU0166,230,117.0,7,108
2024-09-09,SKU0166,136,0.0,7,108
2024-09-16,SKU0166,119,140.0,7,108
2024-09-23,SKU0166,179,172.0,7,108
2024-09-30,SKU0166,252,173.0,7,108
2024-10-07,SKU0166,173,0.0,7,108
2024-10-14,SKU0166,98,0.0,7,108
2024-10-21,SKU0166,22,0.0,7,108
2024-10-28,SKU0166,0,0.0,7,108
2024-11-04,SKU0166,95,122.0,7,108
2024-11-11,SKU0166,97,120.0,7,108
2024-11-18,SKU0166,16,0.0,7,108
2024-11-25,SKU0166,63,165.0,7,108
2024-12-02,SKU0166,0,0.0,7,108
2024-12-09,SKU0166,0,0.0,7,108
2024-12-16,SKU0166,165,156.0,7,108
2024-12-23,SKU0166,255,127.0,7,108
2024-12-30,SKU0166,178,0.0,7,108
2025-01-06,SKU0166,103,0.0,7,108
2025-01-13,SKU0166,141,117.0,7,108
2025-01-20,SKU0166,166,117.0,7,108
2025-01-27,SKU0166,93,0.0,7,108
2025-02-03,SKU0166,64,120.0,7,108
2025-02-10,SKU0166,120,158.0,7,108
2025-02-17,SKU0166,177,126.0,7,108
2025-02-24,SKU0166,86,0.0,7,108
2025-03-03,SKU0166,0,0.0,7,108
2025-03-10,SKU0166,0,0.0,7,108
2025-03-17,SKU0166,0,0.0,7,108
2025-03-24,SKU0166,92,114.0,7,108
2025-03-31,SKU0166,14,0.0,7,108
2025-04-07,SKU0166,125,,7,108
2025-04-14,SKU0166,33,0.0,7,108
2025-04-21,SKU0166,107,151.0,7,108
2025-04-28,SKU0166,159,143.0,7,108
2025-05-05,SKU0166,73,0.0,7,108
2025-05-12,SKU0166,95,171.0,7,108
2025-05-19,SKU0166,138,172.0,7,108
2025-05-26,SKU0166,227,142.0,7,108
2025-06-02,SKU0166,144,0.0,7,108
2025-06-09,SKU0166,223,135.0,7,108
2025-06-16,SKU0166,143,0.0,7,108
2025-06-23,SKU0166,145,157.0,7,108
2025-06-30,SKU0166,120,160.0,7,108
2025-07-07,SKU0166,188,109.0,7,108
2025-07-14,SKU0166,109,0.0,7,108
2025-07-21,SKU0166,32,0.0,7,108
2025-07-28,SKU0166,93,154.0,7,108
2025-08-04,SKU0166,0,0.0,7,108
2025-08-11,SKU0166,183,125.0,7,108
2025-08-18,SKU0166,88,0.0,7,108
2025-08-25,SKU0166,14,0.0,7,108
2025-09-01,SKU0166,117,138.0,7,108
2025-09-08,SKU0166,106,152.0,7,108
2025-09-15,SKU0166,207,157.0,7,108
2025-09-22,SKU0166,115,0.0,7,108
2025-09-29,SKU0166,35,0.0,7,108
2025-10-06,SKU0166,178,148.0,7,108
2025-10-13,SKU0166,211,119.0,7,108
2025-10-20,SKU0166,114,0.0,7,108
2025-10-27,SKU0166,31,0.0,7,108
2025-11-03,SKU0166,95,122.0,7,108
2025-11-10,SKU0166,105,135.0,7,108
2025-11-17,SKU0166,15,0.0,7,108
2025-11-24,SKU0166,145,159.0,7,108
2025-12-01,SKU0166,184,154.0,7,108
2025-12-08,SKU0166,104,0.0,7,108
2025-12-15,SKU0166,35,0.0,7,108
2025-12-22,SKU0166,0,0.0,7,108
2025-12-29,SKU0166,0,0.0,7,108
2024-01-01,SKU0167,76,0.0,10,214
2024-01-08,SKU0167,0,0.0,10,214
2024-01-15,SKU0167,0,0.0,10,214
2024-01-22,SKU0167,219,256.0,10,214
2024-01-29,SKU0167,235,226.0,10,214
2024-02-05,SKU0167,308,278.0,10,214
2024-02-12,SKU0167,339,294.0,10,214
2024-02-19,SKU0167,226,0.0,10,214
2024-02-26,SKU0167,118,0.0,10,214
2024-03-04,SKU0167,103,292.0,10,214
2024-03-11,SKU0167,204,183.0,10,214
2024-03-18,SKU0167,177,237.0,10,214
2024-03-25,SKU0167,271,280.0,10,214
2024-04-01,SKU0167,156,0.0,10,214
2024-04-08,SKU0167,57,0.0,10,214
2024-04-15,SKU0167,220,195.0,10,214
2024-04-22,SKU0167,120,0.0,10,214
2024-04-29,SKU0167,7,0.0,10,214
2024-05-06,SKU0167,76,237.0,10,214
2024-05-13,SKU0167,187,269.0,10,214
2024-05-20,SKU0167,170,279.0,10,214
2024-05-27,SKU0167,67,0.0,10,214
2024-06-03,SKU0167,106,182.0,10,214
2024-06-10,SKU0167,26,0.0,10,214
2024-06-17,SKU0167,204,236.0,10,214
2024-06-24,SKU0167,94,0.0,10,214
2024-07-01,SKU0167,0,0.0,10,214
2024-07-08,SKU0167,148,217.0,10,214
2024-07-15,SKU0167,197,188.0,10,214
2024-07-22,SKU0167,276,295.0,10,214
2024-07-29,SKU0167,340,215.0,10,214
2024-08-05,SKU0167,228,0.0,10,214
2024-08-12,SKU0167,128,0.0,10,214
2024-08-19,SKU0167,216,198.0,10,214
2024-08-26,SKU0167,317,241.0,10,214
2024-09-02,SKU0167,236,0.0,10,214
2024-09-09,SKU0167,239,236.0,10,214
2024-09-16,SKU0167,143,0.0,10,214
2024-09-23,SKU0167,250,267.0,10,214
2024-09-30,SKU0167,233,240.0,10,214
2024-10-07,SKU0167,132,0.0,10,214
2024-10-14,SKU0167,160,186.0,10,214
2024-10-21,SKU0167,234,224.0,10,214
2024-10-28,SKU0167,307,190.0,10,214
2024-11-04,SKU0167,209,0.0,10,214
2024-11-11,SKU0167,101,0.0,10,214
2024-11-18,SKU0167,127,185.0,10,214
2024-11-25,SKU0167,127,199.0,10,214
2024-12-02,SKU0167,168,248.0,10,214
2024-12-09,SKU0167,158,206.0,10,214
2024-12-16,SKU0167,194,262.0,10,214
2024-12-23,SKU0167,84,0.0,10,214
2024-12-30,SKU0167,175,211.0,10,214
2025-01-06,SKU0167,216,180.0,10,214
2025-01-13,SKU0167,263,,10,214
2025-01-20,SKU0167,271,185.0,10,214
2025-01-27,SKU0167,316,256.0,10,214
2025-02-03,SKU0167,184,0.0,10,214
2025-02-10,SKU0167,288,180.0,10,214
2025-02-17,SKU0167,346,202.0,10,214
2025-02-24,SKU0167,223,0.0,10,214
2025-03-03,SKU0167,323,252.0,10,214
2025-03-10,SKU0167,226,0.0,10,214
2025-03-17,SKU0167,133,,10,214
2025-03-24,SKU0167,17,0.0,10,214
2025-03-31,SKU0167,178,254.0,10,214
2025-04-07,SKU0167,85,0.0,10,214
2025-04-14,SKU0167,0,0.0,10,214
2025-04-21,SKU0167,143,220.0,10,214
2025-04-28,SKU0167,120,232.0,10,214
2025-05-05,SKU0167,12,0.0,10,214
2025-05-12,SKU0167,145,262.0,10,214
2025-05-19,SKU0167,47,0.0,10,214
2025-05-26,SKU0167,152,278.0,10,214
2025-06-02,SKU0167,237,243.0,10,214
2025-06-09,SKU0167,103,0.0,10,214
2025-06-16,SKU0167,207,205.0,10,214
2025-06-23,SKU0167,88,0.0,10,214
2025-06-30,SKU0167,149,236.0,10,214
2025-07-07,SKU0167,242,231.0,10,214
2025-07-14,SKU0167,245,271.0,10,214
2025-07-21,SKU0167,353,215.0,10,214
2025-07-28,SKU0167,238,0.0,10,214
2025-08-04,SKU0167,132,0.0,10,214
2025-08-11,SKU0167,18,0.0,10,214
2025-08-18,SKU0167,116,219.0,10,214
2025-08-25,SKU0167,197,248.0,10,214
2025-09-01,SKU0167,300,250.0,10,214
2025-09-08,SKU0167,283,263.0,10,214
2025-09-15,SKU0167,336,246.0,10,214
2025-09-22,SKU0167,230,0.0,10,214
2025-09-29,SKU0167,141,0.0,10,214
2025-10-06,SKU0167,183,274.0,10,214
2025-10-13,SKU0167,68,0.0,10,214
2025-10-20,SKU0167,186,259.0,10,214
2025-10-27,SKU0167,223,263.0,10,214
2025-11-03,SKU0167,249,258.0,10,214
2025-11-10,SKU0167,225,230.0,10,214
2025-11-17,SKU0167,117,0.0,10,214
2025-11-24,SKU0167,176,208.0,10,214
2025-12-01,SKU0167,188,266.0,10,214
2025-12-08,SKU0167,212,204.0,10,214
2025-12-15,SKU0167,120,0.0,10,214
2025-12-22,SKU0167,173,274.0,10,214
2025-12-29,SKU0167,220,269.0,10,214
2024-01-01,SKU0168,880,0.0,14,326
2024-01-08,SKU0168,773,0.0,14,326
2024-01-15,SKU0168,653,0.0,14,326
2024-01-22,SKU0168,531,0.0,14,326
2024-01-29,SKU0168,427,0.0,14,326
2024-02-05,SKU0168,343,0.0,14,326
2024-02-12,SKU0168,222,0.0,14,326
2024-02-19,SKU0168,94,0.0,14,326
2024-02-26,SKU0168,189,357.0,14,326
2024-03-04,SKU0168,252,379.0,14,326
2024-03-11,SKU0168,381,426.0,14,326
2024-03-18,SKU0168,495,444.0,14,326
2024-03-25,SKU0168,375,0.0,14,326
2024-04-01,SKU0168,237,0.0,14,326
2024-04-08,SKU0168,318,469.0,14,326
2024-04-15,SKU0168,191,0.0,14,326
2024-04-22,SKU0168,54,0.0,14,326
2024-04-29,SKU0168,99,292.0,14,326
2024-05-06,SKU0168,232,405.0,14,326
2024-05-13,SKU0168,281,307.0,14,326
2024-05-20,SKU0168,333,346.0,14,326
2024-05-27,SKU0168,210,0.0,14,326
2024-06-03,SKU0168,217,330.0,14,326
2024-06-10,SKU0168,90,0.0,14,326
2024-06-17,SKU0168,210,435.0,14,326
2024-06-24,SKU0168,196,458.0,14,326
2024-07-01,SKU0168,62,0.0,14,326
2024-07-08,SKU0168,116,415.0,14,326
2024-07-15,SKU0168,231,455.0,14,326
2024-07-22,SKU0168,129,0.0,14,326
2024-07-29,SKU0168,183,315.0,14,326
2024-08-05,SKU0168,57,0.0,14,326
2024-08-12,SKU0168,158,421.0,14,326
2024-08-19,SKU0168,35,0.0,14,326
2024-08-26,SKU0168,181,420.0,14,326
2024-09-02,SKU0168,219,,14,326
2024-09-09,SKU0168,120,0.0,14,326
2024-09-16,SKU0168,0,0.0,14,326
2024-09-23,SKU0168,247,326.0,14,326
2024-09-30,SKU0168,314,290.0,14,326
2024-10-07,SKU0168,189,0.0,14,326
2024-10-14,SKU0168,69,0.0,14,326
2024-10-21,SKU0168,0,0.0,14,326
2024-10-28,SKU0168,251,303.0,14,326
2024-11-04,SKU0168,368,436.0,14,326
2024-11-11,SKU0168,254,0.0,14,326
2024-11-18,SKU0168,231,450.0,14,326
2024-11-25,SKU0168,341,363.0,14,326
2024-12-02,SKU0168,231,0.0,14,326
2024-12-09,SKU0168,320,305.0,14,326
2024-12-16,SKU0168,198,0.0,14,326
2024-12-23,SKU0168,75,0.0,14,326
2024-12-30,SKU0168,100,338.0,14,326
2025-01-06,SKU0168,116,288.0,14,326
2025-01-13,SKU0168,0,,14,326
2025-01-20,SKU0168,0,0.0,14,326
2025-01-27,SKU0168,0,0.0,14,326
2025-02-03,SKU0168,174,439.0,14,326
2025-02-10,SKU0168,159,414.0,14,326
2025-02-17,SKU0168,170,295.0,14,326
2025-02-24,SKU0168,72,,14,326
2025-03-03,SKU0168,0,0.0,14,326
2025-03-10,SKU0168,127,337.0,14,326
2025-03-17,SKU0168,253,389.0,14,326
2025-03-24,SKU0168,322,362.0,14,326
2025-03-31,SKU0168,204,0.0,14,326
2025-04-07,SKU0168,71,0.0,14,326
2025-04-14,SKU0168,167,382.0,14,326
2025-04-21,SKU0168,144,,14,326
2025-04-28,SKU0168,248,447.0,14,326
2025-05-05,SKU0168,333,384.0,14,326
2025-05-12,SKU0168,214,0.0,14,326
2025-05-19,SKU0168,206,311.0,14,326
2025-05-26,SKU0168,262,392.0,14,326
2025-06-02,SKU0168,284,417.0,14,326
2025-06-09,SKU0168,339,449.0,14,326
2025-06-16,SKU0168,451,383.0,14,326
2025-06-23,SKU0168,462,423.0,14,326
2025-06-30,SKU0168,340,0.0,14,326
2025-07-07,SKU0168,446,458.0,14,326
2025-07-14,SKU0168,499,363.0,14,326
2025-07-21,SKU0168,372,0.0,14,326
2025-07-28,SKU0168,462,436.0,14,326
2025-08-04,SKU0168,331,0.0,14,326
2025-08-11,SKU0168,410,475.0,14,326
2025-08-18,SKU0168,427,353.0,14,326
2025-08-25,SKU0168,300,0.0,14,326
2025-09-01,SKU0168,412,311.0,14,326
2025-09-08,SKU0168,310,0.0,14,326
2025-09-15,SKU0168,409,412.0,14,326
2025-09-22,SKU0168,286,0.0,14,326
2025-09-29,SKU0168,407,331.0,14,326
2025-10-06,SKU0168,402,378.0,14,326
2025-10-13,SKU0168,393,447.0,14,326
2025-10-20,SKU0168,522,377.0,14,326
2025-10-27,SKU0168,412,0.0,14,326
2025-11-03,SKU0168,277,0.0,14,326
2025-11-10,SKU0168,273,342.0,14,326
2025-11-17,SKU0168,336,400.0,14,326
2025-11-24,SKU0168,246,0.0,14,326
2025-12-01,SKU0168,371,324.0,14,326
2025-12-08,SKU0168,239,0.0,14,326
2025-12-15,SKU0168,355,443.0,14,326
2025-12-22,SKU0168,424,318.0,14,326
2025-12-29,SKU0168,495,299.0,14,326
2024-07-01,SKU0169,731,0.0,7,136
2024-07-08,SKU0169,647,0.0,7,136
2024-07-15,SKU0169,552,0.0,7,136
2024-07-22,SKU0169,450,0.0,7,136
2024-07-29,SKU0169,341,0.0,7,136
2024-08-05,SKU0169,244,0.0,7,136
2024-08-12,SKU0169,150,0.0,7,136
2024-08-19,SKU0169,51,0.0,7,136
2024-08-26,SKU0169,181,153.0,7,136
2024-09-02,SKU0169,93,0.0,7,136
2024-09-09,SKU0169,7,0.0,7,136
2024-09-16,SKU0169,0,0.0,7,136
2024-09-23,SKU0169,181,143.0,7,136
2024-09-30,SKU0169,83,0.0,7,136
2024-10-07,SKU0169,115,183.0,7,136
2024-10-14,SKU0169,13,0.0,7,136
2024-10-21,SKU0169,0,0.0,7,136
2024-10-28,SKU0169,145,160.0,7,136
2024-11-04,SKU0169,152,119.0,7,136
2024-11-11,SKU0169,45,0.0,7,136
2024-11-18,SKU0169,124,170.0,7,136
2024-11-25,SKU0169,102,125.0,7,136
2024-12-02,SKU0169,0,0.0,7,136
2024-12-09,SKU0169,164,135.0,7,136
2024-12-16,SKU0169,60,0.0,7,136
2024-12-23,SKU0169,80,178.0,7,136
2024-12-30,SKU0169,0,0.0,7,136
2025-01-06,SKU0169,0,0.0,7,136
2025-01-13,SKU0169,149,121.0,7,136
2025-01-20,SKU0169,186,117.0,7,136
2025-01-27,SKU0169,258,131.0,7,136
2025-02-03,SKU0169,170,0.0,7,136
2025-02-10,SKU0169,211,140.0,7,136
2025-02-17,SKU0169,288,,7,136
2025-02-24,SKU0169,191,0.0,7,136
2025-03-03,SKU0169,241,137.0,7,136
2025-03-10,SKU0169,137,0.0,7,136
2025-03-17,SKU0169,47,0.0,7,136
2025-03-24,SKU0169,185,132.0,7,136
2025-03-31,SKU0169,84,0.0,7,136
2025-04-07,SKU0169,0,0.0,7,136
2025-04-14,SKU0169,0,0.0,7,136
2025-04-21,SKU0169,161,120.0,7,136
2025-04-28,SKU0169,140,170.0,7,136
2025-05-05,SKU0169,148,158.0,7,136
2025-05-12,SKU0169,62,0.0,7,136
2025-05-19,SKU0169,92,156.0,7,136
2025-05-26,SKU0169,151,171.0,7,136
2025-06-02,SKU0169,68,0.0,7,136
2025-06-09,SKU0169,114,156.0,7,136
2025-06-16,SKU0169,216,164.0,7,136
2025-06-23,SKU0169,322,192.0,7,136
2025-06-30,SKU0169,213,0.0,7,136
2025-07-07,SKU0169,295,132.0,7,136
2025-07-14,SKU0169,206,0.0,7,136
2025-07-21,SKU0169,267,120.0,7,136
2025-07-28,SKU0169,181,0.0,7,136
2025-08-04,SKU0169,217,139.0,7,136
2025-08-11,SKU0169,242,165.0,7,136
2025-08-18,SKU0169,144,0.0,7,136
2025-08-25,SKU0169,133,161.0,7,136
2025-09-01,SKU0169,98,168.0,7,136
2025-09-08,SKU0169,93,180.0,7,136
2025-09-15,SKU0169,73,119.0,7,136
2025-09-22,SKU0169,110,173.0,7,136
2025-09-29,SKU0169,21,0.0,7,136
2025-10-06,SKU0169,202,131.0,7,136
2025-10-13,SKU0169,114,0.0,7,136
2025-10-20,SKU0169,3,0.0,7,136
2025-10-27,SKU0169,200,135.0,7,136
2025-11-03,SKU0169,236,193.0,7,136
2025-11-10,SKU0169,140,0.0,7,136
2025-11-17,SKU0169,43,0.0,7,136
2025-11-24,SKU0169,180,181.0,7,136
2025-12-01,SKU0169,80,0.0,7,136
2025-12-08,SKU0169,208,183.0,7,136
2025-12-15,SKU0169,292,181.0,7,136
2025-12-22,SKU0169,208,0.0,7,136
2025-12-29,SKU0169,126,0.0,7,136
2024-01-01,SKU0170,427,0.0,14,296
2024-01-08,SKU0170,328,0.0,14,296
2024-01-15,SKU0170,306,350.0,14,296
2024-01-22,SKU0170,208,0.0,14,296
2024-01-29,SKU0170,216,390.0,14,296
2024-02-05,SKU0170,329,304.0,14,296
2024-02-12,SKU0170,408,391.0,14,296
2024-02-19,SKU0170,302,0.0,14,296
2024-02-26,SKU0170,318,395.0,14,296
2024-03-04,SKU0170,217,0.0,14,296
2024-03-11,SKU0170,228,326.0,14,296
2024-03-18,SKU0170,230,275.0,14,296
2024-03-25,SKU0170,124,0.0,14,296
2024-04-01,SKU0170,129,264.0,14,296
2024-04-08,SKU0170,161,343.0,14,296
2024-04-15,SKU0170,238,389.0,14,296
2024-04-22,SKU0170,126,0.0,14,296
2024-04-29,SKU0170,236,268.0,14,296
2024-05-06,SKU0170,140,0.0,14,296
2024-05-13,SKU0170,145,334.0,14,296
2024-05-20,SKU0170,45,0.0,14,296
2024-05-27,SKU0170,161,260.0,14,296
2024-06-03,SKU0170,207,326.0,14,296
2024-06-10,SKU0170,202,356.0,14,296
2024-06-17,SKU0170,235,387.0,14,296
2024-06-24,SKU0170,114,0.0,14,296
2024-07-01,SKU0170,233,360.0,14,296
2024-07-08,SKU0170,301,328.0,14,296
2024-07-15,SKU0170,358,283.0,14,296
2024-07-22,SKU0170,270,0.0,14,296
2024-07-29,SKU0170,290,398.0,14,296
2024-08-05,SKU0170,175,0.0,14,296
2024-08-12,SKU0170,61,0.0,14,296
2024-08-19,SKU0170,0,0.0,14,296
2024-08-26,SKU0170,126,386.0,14,296
2024-09-02,SKU0170,224,339.0,14,296
2024-09-09,SKU0170,280,365.0,14,296
2024-09-16,SKU0170,160,0.0,14,296
2024-09-23,SKU0170,125,291.0,14,296
2024-09-30,SKU0170,162,366.0,14,296
2024-10-07,SKU0170,191,341.0,14,296
2024-10-14,SKU0170,302,355.0,14,296
2024-10-21,SKU0170,217,0.0,14,296
2024-10-28,SKU0170,102,0.0,14,296
2024-11-04,SKU0170,174,292.0,14,296
2024-11-11,SKU0170,245,268.0,14,296
2024-11-18,SKU0170,270,341.0,14,296
2024-11-25,SKU0170,180,0.0,14,296
2024-12-02,SKU0170,276,371.0,14,296
2024-12-09,SKU0170,352,256.0,14,296
2024-12-16,SKU0170,261,0.0,14,296
2024-12-23,SKU0170,163,0.0,14,296
2024-12-30,SKU0170,268,250.0,14,296
2025-01-06,SKU0170,305,368.0,14,296
2025-01-13,SKU0170,276,392.0,14,296
2025-01-20,SKU0170,257,350.0,14,296
2025-01-27,SKU0170,148,0.0,14,296
2025-02-03,SKU0170,235,270.0,14,296
2025-02-10,SKU0170,137,0.0,14,296
2025-02-17,SKU0170,248,260.0,14,296
2025-02-24,SKU0170,343,287.0,14,296
2025-03-03,SKU0170,239,0.0,14,296
2025-03-10,SKU0170,296,357.0,14,296
2025-03-17,SKU0170,346,379.0,14,296
2025-03-24,SKU0170,436,318.0,14,296
2025-03-31,SKU0170,351,0.0,14,296
2025-04-07,SKU0170,354,339.0,14,296
2025-04-14,SKU0170,247,0.0,14,296
2025-04-21,SKU0170,216,332.0,14,296
2025-04-28,SKU0170,107,0.0,14,296
2025-05-05,SKU0170,118,391.0,14,296
2025-05-12,SKU0170,101,245.0,14,296
2025-05-19,SKU0170,14,0.0,14,296
2025-05-26,SKU0170,102,316.0,14,296
2025-06-02,SKU0170,189,331.0,14,296
2025-06-09,SKU0170,178,318.0,14,296
2025-06-16,SKU0170,78,0.0,14,296
2025-06-23,SKU0170,87,377.0,14,296
2025-06-30,SKU0170,0,0.0,14,296
2025-07-07,SKU0170,135,321.0,14,296
2025-07-14,SKU0170,35,0.0,14,296
2025-07-21,SKU0170,0,0.0,14,296
2025-07-28,SKU0170,151,366.0,14,296
2025-08-04,SKU0170,48,0.0,14,296
2025-08-11,SKU0170,178,316.0,14,296
2025-08-18,SKU0170,213,340.0,14,296
2025-08-25,SKU0170,205,359.0,14,296
2025-09-01,SKU0170,89,0.0,14,296
2025-09-08,SKU0170,0,0.0,14,296
2025-09-15,SKU0170,188,253.0,14,296
2025-09-22,SKU0170,105,0.0,14,296
2025-09-29,SKU0170,135,271.0,14,296
2025-10-06,SKU0170,17,0.0,14,296
2025-10-13,SKU0170,0,0.0,14,296
2025-10-20,SKU0170,0,0.0,14,296
2025-10-27,SKU0170,81,283.0,14,296
2025-11-03,SKU0170,0,0.0,14,296
2025-11-10,SKU0170,106,257.0,14,296
2025-11-17,SKU0170,95,266.0,14,296
2025-11-24,SKU0170,184,357.0,14,296
2025-12-01,SKU0170,296,248.0,14,296
2025-12-08,SKU0170,305,314.0,14,296
2025-12-15,SKU0170,362,388.0,14,296
2025-12-22,SKU0170,401,292.0,14,296
2025-12-29,SKU0170,305,0.0,14,296
2024-01-01,SKU0171,315,0.0,14,134
2024-01-08,SKU0171,252,0.0,14,134
2024-01-15,SKU0171,205,0.0,14,134
2024-01-22,SKU0171,151,0.0,14,134
2024-01-29,SKU0171,89,0.0,14,134
2024-02-05,SKU0171,22,0.0,14,134
2024-02-12,SKU0171,94,206.0,14,134
2024-02-19,SKU0171,26,0.0,14,134
2024-02-26,SKU0171,0,0.0,14,134
2024-03-04,SKU0171,42,155.0,14,134
2024-03-11,SKU0171,58,164.0,14,134
2024-03-18,SKU0171,65,214.0,14,134
2024-03-25,SKU0171,127,217.0,14,134
2024-04-01,SKU0171,71,0.0,14,134
2024-04-08,SKU0171,94,160.0,14,134
2024-04-15,SKU0171,41,0.0,14,134
2024-04-22,SKU0171,81,143.0,14,134
2024-04-29,SKU0171,14,0.0,14,134
2024-05-06,SKU0171,46,169.0,14,134
2024-05-13,SKU0171,45,195.0,14,134
2024-05-20,SKU0171,108,157.0,14,134
2024-05-27,SKU0171,44,0.0,14,134
2024-06-03,SKU0171,0,0.0,14,134
2024-06-10,SKU0171,102,213.0,14,134
2024-06-17,SKU0171,45,0.0,14,134
2024-06-24,SKU0171,0,0.0,14,134
2024-07-01,SKU0171,73,172.0,14,134
2024-07-08,SKU0171,84,214.0,14,134
2024-07-15,SKU0171,127,164.0,14,134
2024-07-22,SKU0171,192,207.0,14,134
2024-07-29,SKU0171,137,,14,134
2024-08-05,SKU0171,160,169.0,14,134
2024-08-12,SKU0171,174,141.0,14,134
2024-08-19,SKU0171,120,0.0,14,134
2024-08-26,SKU0171,57,0.0,14,134
2024-09-02,SKU0171,90,207.0,14,134
2024-09-09,SKU0171,79,164.0,14,134
2024-09-16,SKU0171,35,0.0,14,134
2024-09-23,SKU0171,0,0.0,14,134
2024-09-30,SKU0171,53,221.0,14,134
2024-10-07,SKU0171,0,0.0,14,134
2024-10-14,SKU0171,0,0.0,14,134
2024-10-21,SKU0171,98,223.0,14,134
2024-10-28,SKU0171,149,216.0,14,134
2024-11-04,SKU0171,138,159.0,14,134
2024-11-11,SKU0171,171,159.0,14,134
2024-11-18,SKU0171,202,219.0,14,134
2024-11-25,SKU0171,144,0.0,14,134
2024-12-02,SKU0171,166,175.0,14,134
2024-12-09,SKU0171,103,,14,134
2024-12-16,SKU0171,49,0.0,14,134
2024-12-23,SKU0171,0,0.0,14,134
2024-12-30,SKU0171,0,0.0,14,134
2025-01-06,SKU0171,61,158.0,14,134
2025-01-13,SKU0171,98,221.0,14,134
2025-01-20,SKU0171,30,0.0,14,134
2025-01-27,SKU0171,105,159.0,14,134
2025-02-03,SKU0171,163,194.0,14,134
2025-02-10,SKU0171,204,147.0,14,134
2025-02-17,SKU0171,152,0.0,14,134
2025-02-24,SKU0171,174,221.0,14,134
2025-03-03,SKU0171,123,0.0,14,134
2025-03-10,SKU0171,105,169.0,14,134
2025-03-17,SKU0171,110,167.0,14,134
2025-03-24,SKU0171,59,0.0,14,134
2025-03-31,SKU0171,59,183.0,14,134
2025-04-07,SKU0171,92,185.0,14,134
2025-04-14,SKU0171,26,0.0,14,134
2025-04-21,SKU0171,71,167.0,14,134
2025-04-28,SKU0171,31,0.0,14,134
2025-05-05,SKU0171,87,169.0,14,134
2025-05-12,SKU0171,132,175.0,14,134
2025-05-19,SKU0171,81,0.0,14,134
2025-05-26,SKU0171,84,,14,134
2025-06-02,SKU0171,34,0.0,14,134
2025-06-09,SKU0171,108,161.0,14,134
2025-06-16,SKU0171,36,0.0,14,134
2025-06-23,SKU0171,0,0.0,14,134
2025-06-30,SKU0171,85,161.0,14,134
2025-07-07,SKU0171,29,0.0,14,134
2025-07-14,SKU0171,95,204.0,14,134
2025-07-21,SKU0171,30,0.0,14,134
2025-07-28,SKU0171,67,219.0,14,134
2025-08-04,SKU0171,76,188.0,14,134
2025-08-11,SKU0171,119,214.0,14,134
2025-08-18,SKU0171,146,197.0,14,134
2025-08-25,SKU0171,187,224.0,14,134
2025-09-01,SKU0171,129,0.0,14,134
2025-09-08,SKU0171,180,169.0,14,134
2025-09-15,SKU0171,122,0.0,14,134
2025-09-22,SKU0171,67,0.0,14,134
2025-09-29,SKU0171,73,215.0,14,134
2025-10-06,SKU0171,21,0.0,14,134
2025-10-13,SKU0171,107,187.0,14,134
2025-10-20,SKU0171,120,,14,134
2025-10-27,SKU0171,52,0.0,14,134
2025-11-03,SKU0171,0,0.0,14,134
2025-11-10,SKU0171,46,175.0,14,134
2025-11-17,SKU0171,81,157.0,14,134
2025-11-24,SKU0171,89,159.0,14,134
2025-12-01,SKU0171,32,0.0,14,134
2025-12-08,SKU0171,85,225.0,14,134
2025-12-15,SKU0171,130,192.0,14,134
2025-12-22,SKU0171,59,0.0,14,134
2025-12-29,SKU0171,0,0.0,14,134
2024-01-01,SKU0172,216,0.0,10,56
2024-01-08,SKU0172,179,0.0,10,56
2024-01-15,SKU0172,142,0.0,10,56
2024-01-22,SKU0172,99,0.0,10,56
2024-01-29,SKU0172,57,0.0,10,56
2024-02-05,SKU0172,67,66.0,10,56
2024-02-12,SKU0172,35,0.0,10,56
2024-02-19,SKU0172,41,108.0,10,56
2024-02-26,SKU0172,4,0.0,10,56
2024-03-04,SKU0172,72,80.0,10,56
2024-03-11,SKU0172,45,0.0,10,56
2024-03-18,SKU0172,81,103.0,10,56
2024-03-25,SKU0172,90,78.0,10,56
2024-04-01,SKU0172,49,0.0,10,56
2024-04-08,SKU0172,73,87.0,10,56
2024-04-15,SKU0172,30,0.0,10,56
2024-04-22,SKU0172,67,72.0,10,56
2024-04-29,SKU0172,90,82.0,10,56
2024-05-06,SKU0172,111,94.0,10,56
2024-05-13,SKU0172,87,0.0,10,56
2024-05-20,SKU0172,94,91.0,10,56
2024-05-27,SKU0172,61,0.0,10,56
2024-06-03,SKU0172,110,95.0,10,56
2024-06-10,SKU0172,72,0.0,10,56
2024-06-17,SKU0172,32,0.0,10,56
2024-06-24,SKU0172,50,66.0,10,56
2024-07-01,SKU0172,78,84.0,10,56
2024-07-08,SKU0172,40,0.0,10,56
2024-07-15,SKU0172,6,0.0,10,56
2024-07-22,SKU0172,59,103.0,10,56
2024-07-29,SKU0172,18,0.0,10,56
2024-08-05,SKU0172,0,0.0,10,56
2024-08-12,SKU0172,0,0.0,10,56
2024-08-19,SKU0172,66,89.0,10,56
2024-08-26,SKU0172,71,69.0,10,56
2024-09-02,SKU0172,37,0.0,10,56
2024-09-09,SKU0172,0,0.0,10,56
2024-09-16,SKU0172,0,0.0,10,56
2024-09-23,SKU0172,61,66.0,10,56
2024-09-30,SKU0172,80,107.0,10,56
2024-10-07,SKU0172,31,0.0,10,56
2024-10-14,SKU0172,0,0.0,10,56
2024-10-21,SKU0172,78,100.0,10,56
2024-10-28,SKU0172,72,97.0,10,56
2024-11-04,SKU0172,97,73.0,10,56
2024-11-11,SKU0172,68,0.0,10,56
2024-11-18,SKU0172,31,0.0,10,56
2024-11-25,SKU0172,0,0.0,10,56
2024-12-02,SKU0172,78,106.0,10,56
2024-12-09,SKU0172,46,0.0,10,56
2024-12-16,SKU0172,5,0.0,10,56
2024-12-23,SKU0172,0,0.0,10,56
2024-12-30,SKU0172,54,107.0,10,56
2025-01-06,SKU0172,71,90.0,10,56
2025-01-13,SKU0172,90,77.0,10,56
2025-01-20,SKU0172,50,0.0,10,56
2025-01-27,SKU0172,70,88.0,10,56
2025-02-03,SKU0172,33,0.0,10,56
2025-02-10,SKU0172,3,0.0,10,56
2025-02-17,SKU0172,0,0.0,10,56
2025-02-24,SKU0172,44,87.0,10,56
2025-03-03,SKU0172,78,107.0,10,56
2025-03-10,SKU0172,74,78.0,10,56
2025-03-17,SKU0172,78,104.0,10,56
2025-03-24,SKU0172,93,83.0,10,56
2025-03-31,SKU0172,56,0.0,10,56
2025-04-07,SKU0172,64,67.0,10,56
2025-04-14,SKU0172,60,86.0,10,56
2025-04-21,SKU0172,78,105.0,10,56
2025-04-28,SKU0172,47,0.0,10,56
2025-05-05,SKU0172,85,73.0,10,56
2025-05-12,SKU0172,51,0.0,10,56
2025-05-19,SKU0172,72,87.0,10,56
2025-05-26,SKU0172,75,94.0,10,56
2025-06-02,SKU0172,96,104.0,10,56
2025-06-09,SKU0172,122,90.0,10,56
2025-06-16,SKU0172,94,0.0,10,56
2025-06-23,SKU0172,56,0.0,10,56
2025-06-30,SKU0172,66,80.0,10,56
2025-07-07,SKU0172,102,105.0,10,56
2025-07-14,SKU0172,59,0.0,10,56
2025-07-21,SKU0172,54,72.0,10,56
2025-07-28,SKU0172,17,0.0,10,56
2025-08-04,SKU0172,60,108.0,10,56
2025-08-11,SKU0172,20,0.0,10,56
2025-08-18,SKU0172,0,0.0,10,56
2025-08-25,SKU0172,53,96.0,10,56
2025-09-01,SKU0172,43,77.0,10,56
2025-09-08,SKU0172,51,88.0,10,56
2025-09-15,SKU0172,19,0.0,10,56
2025-09-22,SKU0172,55,70.0,10,56
2025-09-29,SKU0172,21,0.0,10,56
2025-10-06,SKU0172,0,0.0,10,56
2025-10-13,SKU0172,0,0.0,10,56
2025-10-20,SKU0172,45,109.0,10,56
2025-10-27,SKU0172,51,94.0,10,56
2025-11-03,SKU0172,86,67.0,10,56
2025-11-10,SKU0172,46,0.0,10,56
2025-11-17,SKU0172,31,102.0,10,56
2025-11-24,SKU0172,34,109.0,10,56
2025-12-01,SKU0172,38,98.0,10,56
2025-12-08,SKU0172,46,100.0,10,56
2025-12-15,SKU0172,14,0.0,10,56
2025-12-22,SKU0172,66,71.0,10,56
2025-12-29,SKU0172,34,0.0,10,56
2024-01-01,SKU0173,160,0.0,7,39
2024-01-08,SKU0173,128,0.0,7,39
2024-01-15,SKU0173,91,0.0,7,39
2024-01-22,SKU0173,57,0.0,7,39
2024-01-29,SKU0173,59,69.0,7,39
2024-02-05,SKU0173,34,0.0,7,39
2024-02-12,SKU0173,52,55.0,7,39
2024-02-19,SKU0173,54,71.0,7,39
2024-02-26,SKU0173,43,51.0,7,39
2024-03-04,SKU0173,11,0.0,7,39
2024-03-11,SKU0173,58,49.0,7,39
2024-03-18,SKU0173,25,0.0,7,39
2024-03-25,SKU0173,38,62.0,7,39
2024-04-01,SKU0173,0,0.0,7,39
2024-04-08,SKU0173,50,61.0,7,39
2024-04-15,SKU0173,88,58.0,7,39
2024-04-22,SKU0173,58,0.0,7,39
2024-04-29,SKU0173,69,48.0,7,39
2024-05-06,SKU0173,94,64.0,7,39
2024-05-13,SKU0173,63,0.0,7,39
2024-05-20,SKU0173,30,0.0,7,39
2024-05-27,SKU0173,65,57.0,7,39
2024-06-03,SKU0173,91,45.0,7,39
2024-06-10,SKU0173,52,0.0,7,39
2024-06-17,SKU0173,12,0.0,7,39
2024-06-24,SKU0173,59,50.0,7,39
2024-07-01,SKU0173,92,70.0,7,39
2024-07-08,SKU0173,59,0.0,7,39
2024-07-15,SKU0173,51,68.0,7,39
2024-07-22,SKU0173,20,,7,39
2024-07-29,SKU0173,0,0.0,7,39
2024-08-05,SKU0173,72,60.0,7,39
2024-08-12,SKU0173,38,0.0,7,39
2024-08-19,SKU0173,55,45.0,7,39
2024-08-26,SKU0173,42,55.0,7,39
2024-09-02,SKU0173,8,0.0,7,39
2024-09-09,SKU0173,34,54.0,7,39
2024-09-16,SKU0173,64,,7,39
2024-09-23,SKU0173,62,52.0,7,39
2024-09-30,SKU0173,104,63.0,7,39
2024-10-07,SKU0173,71,0.0,7,39
2024-10-14,SKU0173,99,48.0,7,39
2024-10-21,SKU0173,66,,7,39
2024-10-28,SKU0173,69,65.0,7,39
2024-11-04,SKU0173,37,0.0,7,39
2024-11-11,SKU0173,32,64.0,7,39
2024-11-18,SKU0173,0,0.0,7,39
2024-11-25,SKU0173,60,50.0,7,39
2024-12-02,SKU0173,66,67.0,7,39
2024-12-09,SKU0173,40,0.0,7,39
2024-12-16,SKU0173,76,52.0,7,39
2024-12-23,SKU0173,34,0.0,7,39
2024-12-30,SKU0173,0,0.0,7,39
2025-01-06,SKU0173,0,0.0,7,39
2025-01-13,SKU0173,0,0.0,7,39
2025-01-20,SKU0173,0,0.0,7,39
2025-01-27,SKU0173,0,0.0,7,39
2025-02-03,SKU0173,0,0.0,7,39
2025-02-10,SKU0173,42,61.0,7,39
2025-02-17,SKU0173,55,67.0,7,39
2025-02-24,SKU0173,31,0.0,7,39
2025-03-03,SKU0173,0,0.0,7,39
2025-03-10,SKU0173,0,0.0,7,39
2025-03-17,SKU0173,0,0.0,7,39
2025-03-24,SKU0173,35,59.0,7,39
2025-03-31,SKU0173,65,59.0,7,39
2025-04-07,SKU0173,65,62.0,7,39
2025-04-14,SKU0173,26,0.0,7,39
2025-04-21,SKU0173,33,70.0,7,39
2025-04-28,SKU0173,66,54.0,7,39
2025-05-05,SKU0173,42,0.0,7,39
2025-05-12,SKU0173,21,0.0,7,39
2025-05-19,SKU0173,31,48.0,7,39
2025-05-26,SKU0173,0,0.0,7,39
2025-06-02,SKU0173,69,51.0,7,39
2025-06-09,SKU0173,66,68.0,7,39
2025-06-16,SKU0173,36,0.0,7,39
2025-06-23,SKU0173,0,0.0,7,39
2025-06-30,SKU0173,59,69.0,7,39
2025-07-07,SKU0173,27,0.0,7,39
2025-07-14,SKU0173,56,48.0,7,39
2025-07-21,SKU0173,17,0.0,7,39
2025-07-28,SKU0173,36,48.0,7,39
2025-08-04,SKU0173,0,0.0,7,39
2025-08-11,SKU0173,0,0.0,7,39
2025-08-18,SKU0173,0,0.0,7,39
2025-08-25,SKU0173,68,45.0,7,39
2025-09-01,SKU0173,30,0.0,7,39
2025-09-08,SKU0173,0,0.0,7,39
2025-09-15,SKU0173,36,54.0,7,39
2025-09-22,SKU0173,62,56.0,7,39
2025-09-29,SKU0173,67,46.0,7,39
2025-10-06,SKU0173,100,61.0,7,39
2025-10-13,SKU0173,61,0.0,7,39
2025-10-20,SKU0173,28,0.0,7,39
2025-10-27,SKU0173,75,71.0,7,39
2025-11-03,SKU0173,68,53.0,7,39
2025-11-10,SKU0173,54,54.0,7,39
2025-11-17,SKU0173,20,0.0,7,39
2025-11-24,SKU0173,62,64.0,7,39
2025-12-01,SKU0173,51,67.0,7,39
2025-12-08,SKU0173,14,0.0,7,39
2025-12-15,SKU0173,41,58.0,7,39
2025-12-22,SKU0173,33,62.0,7,39
2025-12-29,SKU0173,59,71.0,7,39
2024-01-01,SKU0174,272,0.0,10,107
2024-01-08,SKU0174,201,0.0,10,107
2024-01-15,SKU0174,119,0.0,10,107
2024-01-22,SKU0174,62,0.0,10,107
2024-01-29,SKU0174,149,155.0,10,107
2024-02-05,SKU0174,138,120.0,10,107
2024-02-12,SKU0174,72,0.0,10,107
2024-02-19,SKU0174,117,191.0,10,107
2024-02-26,SKU0174,157,185.0,10,107
2024-03-04,SKU0174,89,0.0,10,107
2024-03-11,SKU0174,120,137.0,10,107
2024-03-18,SKU0174,51,0.0,10,107
2024-03-25,SKU0174,0,0.0,10,107
2024-04-01,SKU0174,66,131.0,10,107
2024-04-08,SKU0174,0,0.0,10,107
2024-04-15,SKU0174,0,0.0,10,107
2024-04-22,SKU0174,127,194.0,10,107
2024-04-29,SKU0174,160,174.0,10,107
2024-05-06,SKU0174,161,125.0,10,107
2024-05-13,SKU0174,98,0.0,10,107
2024-05-20,SKU0174,28,0.0,10,107
2024-05-27,SKU0174,51,171.0,10,107
2024-06-03,SKU0174,144,184.0,10,107
2024-06-10,SKU0174,132,151.0,10,107
2024-06-17,SKU0174,161,138.0,10,107
2024-06-24,SKU0174,164,133.0,10,107
2024-07-01,SKU0174,107,0.0,10,107
2024-07-08,SKU0174,128,187.0,10,107
2024-07-15,SKU0174,48,0.0,10,107
2024-07-22,SKU0174,0,0.0,10,107
2024-07-29,SKU0174,110,128.0,10,107
2024-08-05,SKU0174,33,0.0,10,107
2024-08-12,SKU0174,0,0.0,10,107
2024-08-19,SKU0174,144,184.0,10,107
2024-08-26,SKU0174,157,149.0,10,107
2024-09-02,SKU0174,209,158.0,10,107
2024-09-09,SKU0174,147,0.0,10,107
2024-09-16,SKU0174,161,198.0,10,107
2024-09-23,SKU0174,96,0.0,10,107
2024-09-30,SKU0174,144,171.0,10,107
2024-10-07,SKU0174,160,169.0,10,107
2024-10-14,SKU0174,103,0.0,10,107
2024-10-21,SKU0174,146,,10,107
2024-10-28,SKU0174,192,195.0,10,107
2024-11-04,SKU0174,213,188.0,10,107
2024-11-11,SKU0174,135,0.0,10,107
2024-11-18,SKU0174,130,166.0,10,107
2024-11-25,SKU0174,77,0.0,10,107
2024-12-02,SKU0174,3,0.0,10,107
2024-12-09,SKU0174,0,0.0,10,107
2024-12-16,SKU0174,82,166.0,10,107
2024-12-23,SKU0174,164,149.0,10,107
2024-12-30,SKU0174,233,176.0,10,107
2025-01-06,SKU0174,153,0.0,10,107
2025-01-13,SKU0174,81,0.0,10,107
2025-01-20,SKU0174,166,139.0,10,107
2025-01-27,SKU0174,189,165.0,10,107
2025-02-03,SKU0174,120,0.0,10,107
2025-02-10,SKU0174,125,127.0,10,107
2025-02-17,SKU0174,193,174.0,10,107
2025-02-24,SKU0174,122,0.0,10,107
2025-03-03,SKU0174,106,160.0,10,107
2025-03-10,SKU0174,135,126.0,10,107
2025-03-17,SKU0174,141,161.0,10,107
2025-03-24,SKU0174,80,0.0,10,107
2025-03-31,SKU0174,87,185.0,10,107
2025-04-07,SKU0174,170,139.0,10,107
2025-04-14,SKU0174,95,0.0,10,107
2025-04-21,SKU0174,172,167.0,10,107
2025-04-28,SKU0174,91,0.0,10,107
2025-05-05,SKU0174,26,0.0,10,107
2025-05-12,SKU0174,135,183.0,10,107
2025-05-19,SKU0174,54,0.0,10,107
2025-05-26,SKU0174,0,0.0,10,107
2025-06-02,SKU0174,145,189.0,10,107
2025-06-09,SKU0174,78,0.0,10,107
2025-06-16,SKU0174,84,176.0,10,107
2025-06-23,SKU0174,110,178.0,10,107
2025-06-30,SKU0174,44,0.0,10,107
2025-07-07,SKU0174,115,193.0,10,107
2025-07-14,SKU0174,144,129.0,10,107
2025-07-21,SKU0174,179,164.0,10,107
2025-07-28,SKU0174,117,0.0,10,107
2025-08-04,SKU0174,133,158.0,10,107
2025-08-11,SKU0174,62,0.0,10,107
2025-08-18,SKU0174,114,183.0,10,107
2025-08-25,SKU0174,61,0.0,10,107
2025-09-01,SKU0174,93,127.0,10,107
2025-09-08,SKU0174,175,147.0,10,107
2025-09-15,SKU0174,117,0.0,10,107
2025-09-22,SKU0174,43,0.0,10,107
2025-09-29,SKU0174,0,0.0,10,107
2025-10-06,SKU0174,0,0.0,10,107
2025-10-13,SKU0174,138,161.0,10,107
2025-10-20,SKU0174,55,0.0,10,107
2025-10-27,SKU0174,0,0.0,10,107
2025-11-03,SKU0174,0,0.0,10,107
2025-11-10,SKU0174,0,0.0,10,107
2025-11-17,SKU0174,116,122.0,10,107
2025-11-24,SKU0174,45,0.0,10,107
2025-12-01,SKU0174,0,,10,107
2025-12-08,SKU0174,0,0.0,10,107
2025-12-15,SKU0174,58,131.0,10,107
2025-12-22,SKU0174,0,0.0,10,107
2025-12-29,SKU0174,99,196.0,10,107
2024-01-01,SKU0175,29,95.0,21,67
2024-01-08,SKU0175,36,89.0,21,67
2024-01-15,SKU0175,17,0.0,21,67
2024-01-22,SKU0175,23,77.0,21,67
2024-01-29,SKU0175,27,67.0,21,67
2024-02-05,SKU0175,38,70.0,21,67
2024-02-12,SKU0175,42,68.0,21,67
2024-02-19,SKU0175,58,65.0,21,67
2024-02-26,SKU0175,50,91.0,21,67
2024-03-04,SKU0175,33,0.0,21,67
2024-03-11,SKU0175,15,0.0,21,67
2024-03-18,SKU0175,0,0.0,21,67
2024-03-25,SKU0175,24,74.0,21,67
2024-04-01,SKU0175,42,78.0,21,67
2024-04-08,SKU0175,47,83.0,21,67
2024-04-15,SKU0175,31,0.0,21,67
2024-04-22,SKU0175,54,91.0,21,67
2024-04-29,SKU0175,61,73.0,21,67
2024-05-06,SKU0175,59,78.0,21,67
2024-05-13,SKU0175,65,79.0,21,67
2024-05-20,SKU0175,54,0.0,21,67
2024-05-27,SKU0175,36,0.0,21,67
2024-06-03,SKU0175,48,79.0,21,67
2024-06-10,SKU0175,62,98.0,21,67
2024-06-17,SKU0175,75,78.0,21,67
2024-06-24,SKU0175,88,61.0,21,67
2024-07-01,SKU0175,67,0.0,21,67
2024-07-08,SKU0175,53,0.0,21,67
2024-07-15,SKU0175,32,0.0,21,67
2024-07-22,SKU0175,37,91.0,21,67
2024-07-29,SKU0175,29,95.0,21,67
2024-08-05,SKU0175,22,78.0,21,67
2024-08-12,SKU0175,29,98.0,21,67
2024-08-19,SKU0175,29,61.0,21,67
2024-08-26,SKU0175,26,76.0,21,67
2024-09-02,SKU0175,6,0.0,21,67
2024-09-09,SKU0175,15,77.0,21,67
2024-09-16,SKU0175,27,82.0,21,67
2024-09-23,SKU0175,35,70.0,21,67
2024-09-30,SKU0175,19,,21,67
2024-10-07,SKU0175,2,0.0,21,67
2024-10-14,SKU0175,27,91.0,21,67
2024-10-21,SKU0175,12,0.0,21,67
2024-10-28,SKU0175,21,83.0,21,67
2024-11-04,SKU0175,9,0.0,21,67
2024-11-11,SKU0175,29,94.0,21,67
2024-11-18,SKU0175,20,0.0,21,67
2024-11-25,SKU0175,38,66.0,21,67
2024-12-02,SKU0175,21,0.0,21,67
2024-12-09,SKU0175,23,62.0,21,67
2024-12-16,SKU0175,30,64.0,21,67
2024-12-23,SKU0175,9,0.0,21,67
2024-12-30,SKU0175,0,0.0,21,67
2025-01-06,SKU0175,0,0.0,21,67
2025-01-13,SKU0175,0,0.0,21,67
2025-01-20,SKU0175,24,60.0,21,67
2025-01-27,SKU0175,10,0.0,21,67
2025-02-03,SKU0175,20,73.0,21,67
2025-02-10,SKU0175,32,67.0,21,67
2025-02-17,SKU0175,21,0.0,21,67
2025-02-24,SKU0175,42,91.0,21,67
2025-03-03,SKU0175,27,0.0,21,67
2025-03-10,SKU0175,13,0.0,21,67
2025-03-17,SKU0175,13,68.0,21,67
2025-03-24,SKU0175,0,0.0,21,67
2025-03-31,SKU0175,0,0.0,21,67
2025-04-07,SKU0175,0,0.0,21,67
2025-04-14,SKU0175,27,72.0,21,67
2025-04-21,SKU0175,24,81.0,21,67
2025-04-28,SKU0175,20,86.0,21,67
2025-05-05,SKU0175,6,0.0,21,67
2025-05-12,SKU0175,0,0.0,21,67
2025-05-19,SKU0175,0,0.0,21,67
2025-05-26,SKU0175,22,73.0,21,67
2025-06-02,SKU0175,5,0.0,21,67
2025-06-09,SKU0175,0,0.0,21,67
2025-06-16,SKU0175,29,64.0,21,67
2025-06-23,SKU0175,7,0.0,21,67
2025-06-30,SKU0175,0,0.0,21,67
2025-07-07,SKU0175,0,,21,67
2025-07-14,SKU0175,0,0.0,21,67
2025-07-21,SKU0175,0,0.0,21,67
2025-07-28,SKU0175,0,0.0,21,67
2025-08-04,SKU0175,0,0.0,21,67
2025-08-11,SKU0175,28,72.0,21,67
2025-08-18,SKU0175,37,65.0,21,67
2025-08-25,SKU0175,37,69.0,21,67
2025-09-01,SKU0175,38,96.0,21,67
2025-09-08,SKU0175,19,0.0,21,67
2025-09-15,SKU0175,40,66.0,21,67
2025-09-22,SKU0175,52,81.0,21,67
2025-09-29,SKU0175,52,87.0,21,67
2025-10-06,SKU0175,64,98.0,21,67
2025-10-13,SKU0175,87,82.0,21,67
2025-10-20,SKU0175,75,0.0,21,67
2025-10-27,SKU0175,58,0.0,21,67
2025-11-03,SKU0175,46,0.0,21,67
2025-11-10,SKU0175,69,68.0,21,67
2025-11-17,SKU0175,84,71.0,21,67
2025-11-24,SKU0175,67,0.0,21,67
2025-12-01,SKU0175,46,0.0,21,67
2025-12-08,SKU0175,46,69.0,21,67
2025-12-15,SKU0175,30,0.0,21,67
2025-12-22,SKU0175,19,0.0,21,67
2025-12-29,SKU0175,0,0.0,21,67
2024-01-01,SKU0176,587,0.0,30,747
2024-01-08,SKU0176,695,,30,747
2024-01-15,SKU0176,665,1096.0,30,747
2024-01-22,SKU0176,829,895.0,30,747
2024-01-29,SKU0176,675,0.0,30,747
2024-02-05,SKU0176,537,0.0,30,747
2024-02-12,SKU0176,543,823.0,30,747
2024-02-19,SKU0176,394,0.0,30,747
2024-02-26,SKU0176,418,772.0,30,747
2024-03-04,SKU0176,293,0.0,30,747
2024-03-11,SKU0176,153,0.0,30,747
2024-03-18,SKU0176,20,0.0,30,747
2024-03-25,SKU0176,295,873.0,30,747
2024-04-01,SKU0176,373,1010.0,30,747
2024-04-08,SKU0176,426,978.0,30,747
2024-04-15,SKU0176,504,989.0,30,747
2024-04-22,SKU0176,537,983.0,30,747
2024-04-29,SKU0176,394,,30,747
2024-05-06,SKU0176,376,812.0,30,747
2024-05-13,SKU0176,245,0.0,30,747
2024-05-20,SKU0176,340,1112.0,30,747
2024-05-27,SKU0176,487,788.0,30,747
2024-06-03,SKU0176,602,901.0,30,747
2024-06-10,SKU0176,460,0.0,30,747
2024-06-17,SKU0176,321,0.0,30,747
2024-06-24,SKU0176,513,1176.0,30,747
2024-07-01,SKU0176,655,,30,747
2024-07-08,SKU0176,813,,30,747
2024-07-15,SKU0176,679,0.0,30,747
2024-07-22,SKU0176,644,739.0,30,747
2024-07-29,SKU0176,601,864.0,30,747
2024-08-05,SKU0176,724,881.0,30,747
2024-08-12,SKU0176,860,1012.0,30,747
2024-08-19,SKU0176,956,1194.0,30,747
2024-08-26,SKU0176,810,0.0,30,747
2024-09-02,SKU0176,814,819.0,30,747
2024-09-09,SKU0176,963,1081.0,30,747
2024-09-16,SKU0176,817,0.0,30,747
2024-09-23,SKU0176,915,945.0,30,747
2024-09-30,SKU0176,781,0.0,30,747
2024-10-07,SKU0176,837,753.0,30,747
2024-10-14,SKU0176,811,751.0,30,747
2024-10-21,SKU0176,868,898.0,30,747
2024-10-28,SKU0176,950,1147.0,30,747
2024-11-04,SKU0176,797,0.0,30,747
2024-11-11,SKU0176,671,0.0,30,747
2024-11-18,SKU0176,547,0.0,30,747
2024-11-25,SKU0176,611,917.0,30,747
2024-12-02,SKU0176,485,0.0,30,747
2024-12-09,SKU0176,348,0.0,30,747
2024-12-16,SKU0176,338,832.0,30,747
2024-12-23,SKU0176,430,1020.0,30,747
2024-12-30,SKU0176,534,877.0,30,747
2025-01-06,SKU0176,664,779.0,30,747
2025-01-13,SKU0176,774,1061.0,30,747
2025-01-20,SKU0176,628,0.0,30,747
2025-01-27,SKU0176,662,1043.0,30,747
2025-02-03,SKU0176,513,0.0,30,747
2025-02-10,SKU0176,534,904.0,30,747
2025-02-17,SKU0176,649,873.0,30,747
2025-02-24,SKU0176,620,910.0,30,747
2025-03-03,SKU0176,463,0.0,30,747
2025-03-10,SKU0176,549,1119.0,30,747
2025-03-17,SKU0176,550,808.0,30,747
2025-03-24,SKU0176,679,785.0,30,747
2025-03-31,SKU0176,687,1207.0,30,747
2025-04-07,SKU0176,722,1017.0,30,747
2025-04-14,SKU0176,755,800.0,30,747
2025-04-21,SKU0176,621,,30,747
2025-04-28,SKU0176,485,0.0,30,747
2025-05-05,SKU0176,348,0.0,30,747
2025-05-12,SKU0176,320,1095.0,30,747
2025-05-19,SKU0176,463,761.0,30,747
2025-05-26,SKU0176,483,1089.0,30,747
2025-06-02,SKU0176,525,1096.0,30,747
2025-06-09,SKU0176,382,0.0,30,747
2025-06-16,SKU0176,385,894.0,30,747
2025-06-23,SKU0176,258,0.0,30,747
2025-06-30,SKU0176,338,848.0,30,747
2025-07-07,SKU0176,482,1167.0,30,747
2025-07-14,SKU0176,525,922.0,30,747
2025-07-21,SKU0176,373,0.0,30,747
2025-07-28,SKU0176,459,786.0,30,747
2025-08-04,SKU0176,325,0.0,30,747
2025-08-11,SKU0176,196,0.0,30,747
2025-08-18,SKU0176,231,792.0,30,747
2025-08-25,SKU0176,236,744.0,30,747
2025-09-01,SKU0176,188,964.0,30,747
2025-09-08,SKU0176,235,1181.0,30,747
2025-09-15,SKU0176,98,0.0,30,747
2025-09-22,SKU0176,300,1113.0,30,747
2025-09-29,SKU0176,425,1122.0,30,747
2025-10-06,SKU0176,391,1114.0,30,747
2025-10-13,SKU0176,238,0.0,30,747
2025-10-20,SKU0176,281,902.0,30,747
2025-10-27,SKU0176,142,0.0,30,747
2025-11-03,SKU0176,9,0.0,30,747
2025-11-10,SKU0176,221,766.0,30,747
2025-11-17,SKU0176,76,0.0,30,747
2025-11-24,SKU0176,0,0.0,30,747
2025-12-01,SKU0176,127,1202.0,30,747
2025-12-08,SKU0176,0,0.0,30,747
2025-12-15,SKU0176,133,1104.0,30,747
2025-12-22,SKU0176,0,0.0,30,747
2025-12-29,SKU0176,0,0.0,30,747
2024-01-01,SKU0177,732,886.0,30,554
2024-01-08,SKU0177,617,0.0,30,554
2024-01-15,SKU0177,506,0.0,30,554
2024-01-22,SKU0177,586,888.0,30,554
2024-01-29,SKU0177,667,562.0,30,554
2024-02-05,SKU0177,563,0.0,30,554
2024-02-12,SKU0177,629,704.0,30,554
2024-02-19,SKU0177,514,0.0,30,554
2024-02-26,SKU0177,559,631.0,30,554
2024-03-04,SKU0177,615,637.0,30,554
2024-03-11,SKU0177,672,812.0,30,554
2024-03-18,SKU0177,536,0.0,30,554
2024-03-25,SKU0177,623,648.0,30,554
2024-04-01,SKU0177,610,584.0,30,554
2024-04-08,SKU0177,656,768.0,30,554
2024-04-15,SKU0177,541,0.0,30,554
2024-04-22,SKU0177,432,0.0,30,554
2024-04-29,SKU0177,534,615.0,30,554
2024-05-06,SKU0177,542,829.0,30,554
2024-05-13,SKU0177,621,770.0,30,554
2024-05-20,SKU0177,739,693.0,30,554
2024-05-27,SKU0177,628,0.0,30,554
2024-06-03,SKU0177,753,852.0,30,554
2024-06-10,SKU0177,626,0.0,30,554
2024-06-17,SKU0177,690,771.0,30,554
2024-06-24,SKU0177,580,0.0,30,554
2024-07-01,SKU0177,608,749.0,30,554
2024-07-08,SKU0177,486,0.0,30,554
2024-07-15,SKU0177,612,620.0,30,554
2024-07-22,SKU0177,667,650.0,30,554
2024-07-29,SKU0177,580,0.0,30,554
2024-08-05,SKU0177,639,797.0,30,554
2024-08-12,SKU0177,664,708.0,30,554
2024-08-19,SKU0177,571,0.0,30,554
2024-08-26,SKU0177,683,882.0,30,554
2024-09-02,SKU0177,564,0.0,30,554
2024-09-09,SKU0177,458,0.0,30,554
2024-09-16,SKU0177,538,732.0,30,554
2024-09-23,SKU0177,448,0.0,30,554
2024-09-30,SKU0177,350,0.0,30,554
2024-10-07,SKU0177,354,894.0,30,554
2024-10-14,SKU0177,248,0.0,30,554
2024-10-21,SKU0177,334,,30,554
2024-10-28,SKU0177,324,779.0,30,554
2024-11-04,SKU0177,341,830.0,30,554
2024-11-11,SKU0177,241,0.0,30,554
2024-11-18,SKU0177,230,909.0,30,554
2024-11-25,SKU0177,133,0.0,30,554
2024-12-02,SKU0177,137,921.0,30,554
2024-12-09,SKU0177,35,0.0,30,554
2024-12-16,SKU0177,0,0.0,30,554
2024-12-23,SKU0177,0,,30,554
2024-12-30,SKU0177,0,0.0,30,554
2025-01-06,SKU0177,179,654.0,30,554
2025-01-13,SKU0177,75,0.0,30,554
2025-01-20,SKU0177,211,661.0,30,554
2025-01-27,SKU0177,118,0.0,30,554
2025-02-03,SKU0177,238,844.0,30,554
2025-02-10,SKU0177,355,680.0,30,554
2025-02-17,SKU0177,462,645.0,30,554
2025-02-24,SKU0177,342,0.0,30,554
2025-03-03,SKU0177,236,0.0,30,554
2025-03-10,SKU0177,143,0.0,30,554
2025-03-17,SKU0177,32,0.0,30,554
2025-03-24,SKU0177,101,650.0,30,554
2025-03-31,SKU0177,0,0.0,30,554
2025-04-07,SKU0177,147,730.0,30,554
2025-04-14,SKU0177,40,0.0,30,554
2025-04-21,SKU0177,121,770.0,30,554
2025-04-28,SKU0177,227,585.0,30,554
2025-05-05,SKU0177,231,651.0,30,554
2025-05-12,SKU0177,119,0.0,30,554
2025-05-19,SKU0177,23,,30,554
2025-05-26,SKU0177,198,630.0,30,554
2025-06-02,SKU0177,113,0.0,30,554
2025-06-09,SKU0177,221,813.0,30,554
2025-06-16,SKU0177,197,836.0,30,554
2025-06-23,SKU0177,90,0.0,30,554
2025-06-30,SKU0177,91,806.0,30,554
2025-07-07,SKU0177,148,923.0,30,554
2025-07-14,SKU0177,28,0.0,30,554
2025-07-21,SKU0177,0,0.0,30,554
2025-07-28,SKU0177,0,0.0,30,554
2025-08-04,SKU0177,113,901.0,30,554
2025-08-11,SKU0177,14,0.0,30,554
2025-08-18,SKU0177,181,805.0,30,554
2025-08-25,SKU0177,203,813.0,30,554
2025-09-01,SKU0177,284,701.0,30,554
2025-09-08,SKU0177,285,567.0,30,554
2025-09-15,SKU0177,194,0.0,30,554
2025-09-22,SKU0177,91,0.0,30,554
2025-09-29,SKU0177,0,0.0,30,554
2025-10-06,SKU0177,0,0.0,30,554
2025-10-13,SKU0177,0,0.0,30,554
2025-10-20,SKU0177,200,721.0,30,554
2025-10-27,SKU0177,111,0.0,30,554
2025-11-03,SKU0177,1,0.0,30,554
2025-11-10,SKU0177,0,0.0,30,554
2025-11-17,SKU0177,0,0.0,30,554
2025-11-24,SKU0177,172,889.0,30,554
2025-12-01,SKU0177,55,0.0,30,554
2025-12-08,SKU0177,107,623.0,30,554
2025-12-15,SKU0177,0,0.0,30,554
2025-12-22,SKU0177,0,0.0,30,554
2025-12-29,SKU0177,84,870.0,30,554
2025-10-13,SKU0178,323,0.0,7,158
2025-10-20,SKU0178,178,,7,158
2025-10-27,SKU0178,205,202.0,7,158
2025-11-03,SKU0178,287,246.0,7,158
2025-11-10,SKU0178,276,210.0,7,158
2025-11-17,SKU0178,311,239.0,7,158
2025-11-24,SKU0178,294,225.0,7,158
2025-12-01,SKU0178,175,0.0,7,158
2025-12-08,SKU0178,325,175.0,7,158
2025-12-15,SKU0178,181,0.0,7,158
2025-12-22,SKU0178,60,0.0,7,158
2025-12-29,SKU0178,185,246.0,7,158
2024-01-01,SKU0179,424,0.0,14,181
2024-01-08,SKU0179,366,0.0,14,181
2024-01-15,SKU0179,299,0.0,14,181
2024-01-22,SKU0179,231,0.0,14,181
2024-01-29,SKU0179,224,214.0,14,181
2024-02-05,SKU0179,154,0.0,14,181
2024-02-12,SKU0179,178,228.0,14,181
2024-02-19,SKU0179,118,0.0,14,181
2024-02-26,SKU0179,163,216.0,14,181
2024-03-04,SKU0179,182,176.0,14,181
2024-03-11,SKU0179,123,0.0,14,181
2024-03-18,SKU0179,73,0.0,14,181
2024-03-25,SKU0179,15,0.0,14,181
2024-04-01,SKU0179,109,182.0,14,181
2024-04-08,SKU0179,124,156.0,14,181
2024-04-15,SKU0179,181,201.0,14,181
2024-04-22,SKU0179,167,185.0,14,181
2024-04-29,SKU0179,188,179.0,14,181
2024-05-06,SKU0179,136,0.0,14,181
2024-05-13,SKU0179,73,0.0,14,181
2024-05-20,SKU0179,8,0.0,14,181
2024-05-27,SKU0179,0,0.0,14,181
2024-06-03,SKU0179,129,218.0,14,181
2024-06-10,SKU0179,162,204.0,14,181
2024-06-17,SKU0179,171,181.0,14,181
2024-06-24,SKU0179,179,215.0,14,181
2024-07-01,SKU0179,115,0.0,14,181
2024-07-08,SKU0179,130,,14,181
2024-07-15,SKU0179,58,0.0,14,181
2024-07-22,SKU0179,95,158.0,14,181
2024-07-29,SKU0179,38,0.0,14,181
2024-08-05,SKU0179,0,0.0,14,181
2024-08-12,SKU0179,56,206.0,14,181
2024-08-19,SKU0179,0,0.0,14,181
2024-08-26,SKU0179,0,0.0,14,181
2024-09-02,SKU0179,126,,14,181
2024-09-09,SKU0179,61,0.0,14,181
2024-09-16,SKU0179,107,228.0,14,181
2024-09-23,SKU0179,164,156.0,14,181
2024-09-30,SKU0179,166,147.0,14,181
2024-10-07,SKU0179,101,0.0,14,181
2024-10-14,SKU0179,150,192.0,14,181
2024-10-21,SKU0179,164,159.0,14,181
2024-10-28,SKU0179,111,0.0,14,181
2024-11-04,SKU0179,151,165.0,14,181
2024-11-11,SKU0179,97,0.0,14,181
2024-11-18,SKU0179,29,0.0,14,181
2024-11-25,SKU0179,109,214.0,14,181
2024-12-02,SKU0179,166,173.0,14,181
2024-12-09,SKU0179,105,0.0,14,181
2024-12-16,SKU0179,114,,14,181
2024-12-23,SKU0179,162,149.0,14,181
2024-12-30,SKU0179,91,0.0,14,181
2025-01-06,SKU0179,84,158.0,14,181
2025-01-13,SKU0179,89,151.0,14,181
2025-01-20,SKU0179,29,0.0,14,181
2025-01-27,SKU0179,110,196.0,14,181
2025-02-03,SKU0179,114,194.0,14,181
2025-02-10,SKU0179,91,224.0,14,181
2025-02-17,SKU0179,87,229.0,14,181
2025-02-24,SKU0179,140,217.0,14,181
2025-03-03,SKU0179,136,223.0,14,181
2025-03-10,SKU0179,75,0.0,14,181
2025-03-17,SKU0179,111,162.0,14,181
2025-03-24,SKU0179,50,0.0,14,181
2025-03-31,SKU0179,0,0.0,14,181
2025-04-07,SKU0179,0,0.0,14,181
2025-04-14,SKU0179,0,,14,181
2025-04-21,SKU0179,0,0.0,14,181
2025-04-28,SKU0179,118,186.0,14,181
2025-05-05,SKU0179,198,182.0,14,181
2025-05-12,SKU0179,251,225.0,14,181
2025-05-19,SKU0179,200,0.0,14,181
2025-05-26,SKU0179,139,0.0,14,181
2025-06-02,SKU0179,201,202.0,14,181
2025-06-09,SKU0179,210,214.0,14,181
2025-06-16,SKU0179,194,177.0,14,181
2025-06-23,SKU0179,251,224.0,14,181
2025-06-30,SKU0179,191,0.0,14,181
2025-07-07,SKU0179,218,230.0,14,181
2025-07-14,SKU0179,277,197.0,14,181
2025-07-21,SKU0179,215,0.0,14,181
2025-07-28,SKU0179,216,204.0,14,181
2025-08-04,SKU0179,216,187.0,14,181
2025-08-11,SKU0179,197,162.0,14,181
2025-08-18,SKU0179,130,0.0,14,181
2025-08-25,SKU0179,172,146.0,14,181
2025-09-01,SKU0179,168,200.0,14,181
2025-09-08,SKU0179,180,172.0,14,181
2025-09-15,SKU0179,235,209.0,14,181
2025-09-22,SKU0179,174,0.0,14,181
2025-09-29,SKU0179,241,227.0,14,181
2025-10-06,SKU0179,184,0.0,14,181
2025-10-13,SKU0179,203,239.0,14,181
2025-10-20,SKU0179,212,213.0,14,181
2025-10-27,SKU0179,144,0.0,14,181
2025-11-03,SKU0179,213,222.0,14,181
2025-11-10,SKU0179,167,0.0,14,181
2025-11-17,SKU0179,114,0.0,14,181
2025-11-24,SKU0179,131,185.0,14,181
2025-12-01,SKU0179,128,202.0,14,181
2025-12-08,SKU0179,73,0.0,14,181
2025-12-15,SKU0179,15,0.0,14,181
2025-12-22,SKU0179,122,164.0,14,181
2025-12-29,SKU0179,136,214.0,14,181
2024-01-01,SKU0180,56,0.0,14,223
2024-01-08,SKU0180,191,349.0,14,223
2024-01-15,SKU0180,288,393.0,14,223
2024-01-22,SKU0180,184,0.0,14,223
2024-01-29,SKU0180,302,348.0,14,223
2024-02-05,SKU0180,197,0.0,14,223
2024-02-12,SKU0180,201,352.0,14,223
2024-02-19,SKU0180,269,364.0,14,223
2024-02-26,SKU0180,299,265.0,14,223
2024-03-04,SKU0180,318,315.0,14,223
2024-03-11,SKU0180,328,340.0,14,223
2024-03-18,SKU0180,235,0.0,14,223
2024-03-25,SKU0180,124,0.0,14,223
2024-04-01,SKU0180,135,341.0,14,223
2024-04-08,SKU0180,141,300.0,14,223
2024-04-15,SKU0180,202,323.0,14,223
2024-04-22,SKU0180,112,0.0,14,223
2024-04-29,SKU0180,146,409.0,14,223
2024-05-06,SKU0180,55,0.0,14,223
2024-05-13,SKU0180,122,290.0,14,223
2024-05-20,SKU0180,238,310.0,14,223
2024-05-27,SKU0180,132,0.0,14,223
2024-06-03,SKU0180,181,269.0,14,223
2024-06-10,SKU0180,211,312.0,14,223
2024-06-17,SKU0180,106,0.0,14,223
2024-06-24,SKU0180,127,253.0,14,223
2024-07-01,SKU0180,179,,14,223
2024-07-08,SKU0180,86,0.0,14,223
2024-07-15,SKU0180,0,0.0,14,223
2024-07-22,SKU0180,0,0.0,14,223
2024-07-29,SKU0180,90,382.0,14,223
2024-08-05,SKU0180,196,305.0,14,223
2024-08-12,SKU0180,107,0.0,14,223
2024-08-19,SKU0180,178,406.0,14,223
2024-08-26,SKU0180,149,337.0,14,223
2024-09-02,SKU0180,46,0.0,14,223
2024-09-09,SKU0180,0,0.0,14,223
2024-09-16,SKU0180,95,394.0,14,223
2024-09-23,SKU0180,135,289.0,14,223
2024-09-30,SKU0180,22,0.0,14,223
2024-10-07,SKU0180,164,341.0,14,223
2024-10-14,SKU0180,188,346.0,14,223
2024-10-21,SKU0180,96,0.0,14,223
2024-10-28,SKU0180,197,323.0,14,223
2024-11-04,SKU0180,220,359.0,14,223
2024-11-11,SKU0180,223,371.0,14,223
2024-11-18,SKU0180,255,281.0,14,223
2024-11-25,SKU0180,338,300.0,14,223
2024-12-02,SKU0180,224,0.0,14,223
2024-12-09,SKU0180,241,377.0,14,223
2024-12-16,SKU0180,283,313.0,14,223
2024-12-23,SKU0180,189,0.0,14,223
2024-12-30,SKU0180,224,261.0,14,223
2025-01-06,SKU0180,106,0.0,14,223
2025-01-13,SKU0180,122,323.0,14,223
2025-01-20,SKU0180,174,,14,223
2025-01-27,SKU0180,151,251.0,14,223
2025-02-03,SKU0180,31,0.0,14,223
2025-02-10,SKU0180,0,0.0,14,223
2025-02-17,SKU0180,0,0.0,14,223
2025-02-24,SKU0180,178,396.0,14,223
2025-03-03,SKU0180,78,0.0,14,223
2025-03-10,SKU0180,92,250.0,14,223
2025-03-17,SKU0180,0,0.0,14,223
2025-03-24,SKU0180,0,0.0,14,223
2025-03-31,SKU0180,0,0.0,14,223
2025-04-07,SKU0180,96,282.0,14,223
2025-04-14,SKU0180,209,308.0,14,223
2025-04-21,SKU0180,298,340.0,14,223
2025-04-28,SKU0180,374,368.0,14,223
2025-05-05,SKU0180,274,0.0,14,223
2025-05-12,SKU0180,341,291.0,14,223
2025-05-19,SKU0180,255,0.0,14,223
2025-05-26,SKU0180,336,293.0,14,223
2025-06-02,SKU0180,247,0.0,14,223
2025-06-09,SKU0180,236,311.0,14,223
2025-06-16,SKU0180,298,329.0,14,223
2025-06-23,SKU0180,304,399.0,14,223
2025-06-30,SKU0180,196,0.0,14,223
2025-07-07,SKU0180,197,,14,223
2025-07-14,SKU0180,96,0.0,14,223
2025-07-21,SKU0180,76,282.0,14,223
2025-07-28,SKU0180,0,0.0,14,223
2025-08-04,SKU0180,0,0.0,14,223
2025-08-11,SKU0180,205,277.0,14,223
2025-08-18,SKU0180,89,0.0,14,223
2025-08-25,SKU0180,0,0.0,14,223
2025-09-01,SKU0180,89,340.0,14,223
2025-09-08,SKU0180,193,303.0,14,223
2025-09-15,SKU0180,180,346.0,14,223
2025-09-22,SKU0180,237,269.0,14,223
2025-09-29,SKU0180,139,0.0,14,223
2025-10-06,SKU0180,58,0.0,14,223
2025-10-13,SKU0180,82,262.0,14,223
2025-10-20,SKU0180,188,352.0,14,223
2025-10-27,SKU0180,260,384.0,14,223
2025-11-03,SKU0180,153,0.0,14,223
2025-11-10,SKU0180,42,0.0,14,223
2025-11-17,SKU0180,122,306.0,14,223
2025-11-24,SKU0180,154,284.0,14,223
2025-12-01,SKU0180,122,387.0,14,223
2025-12-08,SKU0180,9,0.0,14,223
2025-12-15,SKU0180,75,309.0,14,223
2025-12-22,SKU0180,0,0.0,14,223
2025-12-29,SKU0180,0,0.0,14,223
2024-01-01,SKU0181,140,0.0,10,93
2024-01-08,SKU0181,142,112.0,10,93
2024-01-15,SKU0181,176,109.0,10,93
2024-01-22,SKU0181,124,0.0,10,93
2024-01-29,SKU0181,75,,10,93
2024-02-05,SKU0181,16,0.0,10,93
2024-02-12,SKU0181,0,0.0,10,93
2024-02-19,SKU0181,63,146.0,10,93
2024-02-26,SKU0181,48,137.0,10,93
2024-03-04,SKU0181,0,0.0,10,93
2024-03-11,SKU0181,0,0.0,10,93
2024-03-18,SKU0181,98,110.0,10,93
2024-03-25,SKU0181,138,142.0,10,93
2024-04-01,SKU0181,96,0.0,10,93
2024-04-08,SKU0181,146,139.0,10,93
2024-04-15,SKU0181,96,0.0,10,93
2024-04-22,SKU0181,134,122.0,10,93
2024-04-29,SKU0181,95,0.0,10,93
2024-05-06,SKU0181,97,117.0,10,93
2024-05-13,SKU0181,41,0.0,10,93
2024-05-20,SKU0181,0,0.0,10,93
2024-05-27,SKU0181,55,96.0,10,93
2024-06-03,SKU0181,80,100.0,10,93
2024-06-10,SKU0181,141,126.0,10,93
2024-06-17,SKU0181,101,0.0,10,93
2024-06-24,SKU0181,54,0.0,10,93
2024-07-01,SKU0181,62,132.0,10,93
2024-07-08,SKU0181,90,135.0,10,93
2024-07-15,SKU0181,120,135.0,10,93
2024-07-22,SKU0181,143,110.0,10,93
2024-07-29,SKU0181,93,0.0,10,93
2024-08-05,SKU0181,133,113.0,10,93
2024-08-12,SKU0181,155,124.0,10,93
2024-08-19,SKU0181,97,0.0,10,93
2024-08-26,SKU0181,108,121.0,10,93
2024-09-02,SKU0181,116,93.0,10,93
2024-09-09,SKU0181,141,127.0,10,93
2024-09-16,SKU0181,95,0.0,10,93
2024-09-23,SKU0181,147,91.0,10,93
2024-09-30,SKU0181,88,0.0,10,93
2024-10-07,SKU0181,103,109.0,10,93
2024-10-14,SKU0181,31,0.0,10,93
2024-10-21,SKU0181,70,130.0,10,93
2024-10-28,SKU0181,93,114.0,10,93
2024-11-04,SKU0181,148,147.0,10,93
2024-11-11,SKU0181,97,0.0,10,93
2024-11-18,SKU0181,100,137.0,10,93
2024-11-25,SKU0181,94,96.0,10,93
2024-12-02,SKU0181,75,,10,93
2024-12-09,SKU0181,74,93.0,10,93
2024-12-16,SKU0181,131,92.0,10,93
2024-12-23,SKU0181,77,0.0,10,93
2024-12-30,SKU0181,81,123.0,10,93
2025-01-06,SKU0181,114,107.0,10,93
2025-01-13,SKU0181,139,102.0,10,93
2025-01-20,SKU0181,163,127.0,10,93
2025-01-27,SKU0181,118,0.0,10,93
2025-02-03,SKU0181,73,0.0,10,93
2025-02-10,SKU0181,32,0.0,10,93
2025-02-17,SKU0181,39,91.0,10,93
2025-02-24,SKU0181,94,133.0,10,93
2025-03-03,SKU0181,54,0.0,10,93
2025-03-10,SKU0181,51,130.0,10,93
2025-03-17,SKU0181,0,0.0,10,93
2025-03-24,SKU0181,0,0.0,10,93
2025-03-31,SKU0181,83,144.0,10,93
2025-04-07,SKU0181,27,0.0,10,93
2025-04-14,SKU0181,81,142.0,10,93
2025-04-21,SKU0181,91,105.0,10,93
2025-04-28,SKU0181,104,133.0,10,93
2025-05-05,SKU0181,111,138.0,10,93
2025-05-12,SKU0181,96,126.0,10,93
2025-05-19,SKU0181,46,0.0,10,93
2025-05-26,SKU0181,0,0.0,10,93
2025-06-02,SKU0181,69,148.0,10,93
2025-06-09,SKU0181,87,142.0,10,93
2025-06-16,SKU0181,115,128.0,10,93
2025-06-23,SKU0181,105,121.0,10,93
2025-06-30,SKU0181,57,0.0,10,93
2025-07-07,SKU0181,126,133.0,10,93
2025-07-14,SKU0181,62,0.0,10,93
2025-07-21,SKU0181,7,0.0,10,93
2025-07-28,SKU0181,108,106.0,10,93
2025-08-04,SKU0181,112,130.0,10,93
2025-08-11,SKU0181,48,0.0,10,93
2025-08-18,SKU0181,0,0.0,10,93
2025-08-25,SKU0181,107,92.0,10,93
2025-09-01,SKU0181,54,0.0,10,93
2025-09-08,SKU0181,54,137.0,10,93
2025-09-15,SKU0181,11,,10,93
2025-09-22,SKU0181,79,111.0,10,93
2025-09-29,SKU0181,16,0.0,10,93
2025-10-06,SKU0181,0,0.0,10,93
2025-10-13,SKU0181,0,0.0,10,93
2025-10-20,SKU0181,71,128.0,10,93
2025-10-27,SKU0181,11,0.0,10,93
2025-11-03,SKU0181,0,0.0,10,93
2025-11-10,SKU0181,0,0.0,10,93
2025-11-17,SKU0181,65,137.0,10,93
2025-11-24,SKU0181,114,149.0,10,93
2025-12-01,SKU0181,73,0.0,10,93
2025-12-08,SKU0181,24,0.0,10,93
2025-12-15,SKU0181,66,144.0,10,93
2025-12-22,SKU0181,49,114.0,10,93
2025-12-29,SKU0181,0,0.0,10,93
2024-01-01,SKU0182,643,0.0,14,242
2024-01-08,SKU0182,555,0.0,14,242
2024-01-15,SKU0182,466,0.0,14,242
2024-01-22,SKU0182,381,0.0,14,242
2024-01-29,SKU0182,285,0.0,14,242
2024-02-05,SKU0182,360,246.0,14,242
2024-02-12,SKU0182,278,0.0,14,242
2024-02-19,SKU0182,316,301.0,14,242
2024-02-26,SKU0182,326,285.0,14,242
2024-03-04,SKU0182,231,0.0,14,242
2024-03-11,SKU0182,244,293.0,14,242
2024-03-18,SKU0182,158,0.0,14,242
2024-03-25,SKU0182,70,0.0,14,242
2024-04-01,SKU0182,0,0.0,14,242
2024-04-08,SKU0182,173,225.0,14,242
2024-04-15,SKU0182,94,0.0,14,242
2024-04-22,SKU0182,7,0.0,14,242
2024-04-29,SKU0182,181,303.0,14,242
2024-05-06,SKU0182,218,228.0,14,242
2024-05-13,SKU0182,129,0.0,14,242
2024-05-20,SKU0182,46,0.0,14,242
2024-05-27,SKU0182,0,0.0,14,242
2024-06-03,SKU0182,134,293.0,14,242
2024-06-10,SKU0182,166,353.0,14,242
2024-06-17,SKU0182,87,0.0,14,242
2024-06-24,SKU0182,95,343.0,14,242
2024-07-01,SKU0182,93,313.0,14,242
2024-07-08,SKU0182,152,300.0,14,242
2024-07-15,SKU0182,202,320.0,14,242
2024-07-22,SKU0182,271,319.0,14,242
2024-07-29,SKU0182,301,296.0,14,242
2024-08-05,SKU0182,211,0.0,14,242
2024-08-12,SKU0182,123,0.0,14,242
2024-08-19,SKU0182,47,0.0,14,242
2024-08-26,SKU0182,0,0.0,14,242
2024-09-02,SKU0182,0,0.0,14,242
2024-09-09,SKU0182,150,224.0,14,242
2024-09-16,SKU0182,251,276.0,14,242
2024-09-23,SKU0182,155,0.0,14,242
2024-09-30,SKU0182,167,259.0,14,242
2024-10-07,SKU0182,81,0.0,14,242
2024-10-14,SKU0182,94,225.0,14,242
2024-10-21,SKU0182,97,289.0,14,242
2024-10-28,SKU0182,160,258.0,14,242
2024-11-04,SKU0182,276,291.0,14,242
2024-11-11,SKU0182,255,227.0,14,242
2024-11-18,SKU0182,320,257.0,14,242
2024-11-25,SKU0182,428,263.0,14,242
2024-12-02,SKU0182,340,0.0,14,242
2024-12-09,SKU0182,254,0.0,14,242
2024-12-16,SKU0182,167,0.0,14,242
2024-12-23,SKU0182,255,264.0,14,242
2024-12-30,SKU0182,338,253.0,14,242
2025-01-06,SKU0182,255,0.0,14,242
2025-01-13,SKU0182,156,0.0,14,242
2025-01-20,SKU0182,64,0.0,14,242
2025-01-27,SKU0182,80,258.0,14,242
2025-02-03,SKU0182,0,0.0,14,242
2025-02-10,SKU0182,64,274.0,14,242
2025-02-17,SKU0182,137,333.0,14,242
2025-02-24,SKU0182,228,303.0,14,242
2025-03-03,SKU0182,150,0.0,14,242
2025-03-10,SKU0182,161,330.0,14,242
2025-03-17,SKU0182,244,271.0,14,242
2025-03-24,SKU0182,156,0.0,14,242
2025-03-31,SKU0182,77,0.0,14,242
2025-04-07,SKU0182,186,291.0,14,242
2025-04-14,SKU0182,105,0.0,14,242
2025-04-21,SKU0182,185,229.0,14,242
2025-04-28,SKU0182,187,266.0,14,242
2025-05-05,SKU0182,205,342.0,14,242
2025-05-12,SKU0182,278,256.0,14,242
2025-05-19,SKU0182,303,326.0,14,242
2025-05-26,SKU0182,353,306.0,14,242
2025-06-02,SKU0182,268,0.0,14,242
2025-06-09,SKU0182,342,320.0,14,242
2025-06-16,SKU0182,271,0.0,14,242
2025-06-23,SKU0182,342,257.0,14,242
2025-06-30,SKU0182,245,0.0,14,242
2025-07-07,SKU0182,160,0.0,14,242
2025-07-14,SKU0182,149,330.0,14,242
2025-07-21,SKU0182,226,254.0,14,242
2025-07-28,SKU0182,220,274.0,14,242
2025-08-04,SKU0182,306,297.0,14,242
2025-08-11,SKU0182,225,0.0,14,242
2025-08-18,SKU0182,313,295.0,14,242
2025-08-25,SKU0182,296,256.0,14,242
2025-09-01,SKU0182,392,,14,242
2025-09-08,SKU0182,310,0.0,14,242
2025-09-15,SKU0182,303,290.0,14,242
2025-09-22,SKU0182,354,355.0,14,242
2025-09-29,SKU0182,258,0.0,14,242
2025-10-06,SKU0182,319,271.0,14,242
2025-10-13,SKU0182,237,0.0,14,242
2025-10-20,SKU0182,288,328.0,14,242
2025-10-27,SKU0182,343,310.0,14,242
2025-11-03,SKU0182,242,0.0,14,242
2025-11-10,SKU0182,166,,14,242
2025-11-17,SKU0182,224,,14,242
2025-11-24,SKU0182,320,295.0,14,242
2025-12-01,SKU0182,244,0.0,14,242
2025-12-08,SKU0182,162,0.0,14,242
2025-12-15,SKU0182,73,0.0,14,242
2025-12-22,SKU0182,78,292.0,14,242
2025-12-29,SKU0182,0,0.0,14,242
2024-01-01,SKU0183,786,0.0,7,227
2024-01-08,SKU0183,633,0.0,7,227
2024-01-15,SKU0183,464,0.0,7,227
2024-01-22,SKU0183,307,0.0,7,227
2024-01-29,SKU0183,161,0.0,7,227
2024-02-05,SKU0183,208,242.0,7,227
2024-02-12,SKU0183,326,256.0,7,227
2024-02-19,SKU0183,274,247.0,7,227
2024-02-26,SKU0183,364,329.0,7,227
2024-03-04,SKU0183,204,0.0,7,227
2024-03-11,SKU0183,304,282.0,7,227
2024-03-18,SKU0183,161,0.0,7,227
2024-03-25,SKU0183,124,295.0,7,227
2024-04-01,SKU0183,315,290.0,7,227
2024-04-08,SKU0183,158,0.0,7,227
2024-04-15,SKU0183,0,0.0,7,227
2024-04-22,SKU0183,146,298.0,7,227
2024-04-29,SKU0183,171,231.0,7,227
2024-05-06,SKU0183,208,338.0,7,227
2024-05-13,SKU0183,274,220.0,7,227
2024-05-20,SKU0183,312,208.0,7,227
2024-05-27,SKU0183,393,230.0,7,227
2024-06-03,SKU0183,191,0.0,7,227
2024-06-10,SKU0183,173,219.0,7,227
2024-06-17,SKU0183,141,302.0,7,227
2024-06-24,SKU0183,242,251.0,7,227
2024-07-01,SKU0183,375,296.0,7,227
2024-07-08,SKU0183,227,0.0,7,227
2024-07-15,SKU0183,238,315.0,7,227
2024-07-22,SKU0183,373,247.0,7,227
2024-07-29,SKU0183,474,208.0,7,227
2024-08-05,SKU0183,292,0.0,7,227
2024-08-12,SKU0183,398,224.0,7,227
2024-08-19,SKU0183,557,304.0,7,227
2024-08-26,SKU0183,378,0.0,7,227
2024-09-02,SKU0183,436,339.0,7,227
2024-09-09,SKU0183,254,0.0,7,227
2024-09-16,SKU0183,82,0.0,7,227
2024-09-23,SKU0183,0,0.0,7,227
2024-09-30,SKU0183,303,289.0,7,227
2024-10-07,SKU0183,494,300.0,7,227
2024-10-14,SKU0183,349,0.0,7,227
2024-10-21,SKU0183,211,0.0,7,227
2024-10-28,SKU0183,193,304.0,7,227
2024-11-04,SKU0183,211,323.0,7,227
2024-11-11,SKU0183,278,332.0,7,227
2024-11-18,SKU0183,368,257.0,7,227
2024-11-25,SKU0183,546,237.0,7,227
2024-12-02,SKU0183,364,0.0,7,227
2024-12-09,SKU0183,197,0.0,7,227
2024-12-16,SKU0183,12,0.0,7,227
2024-12-23,SKU0183,210,218.0,7,227
2024-12-30,SKU0183,48,0.0,7,227
2025-01-06,SKU0183,0,0.0,7,227
2025-01-13,SKU0183,299,224.0,7,227
2025-01-20,SKU0183,279,305.0,7,227
2025-01-27,SKU0183,99,0.0,7,227
2025-02-03,SKU0183,197,227.0,7,227
2025-02-10,SKU0183,32,0.0,7,227
2025-02-17,SKU0183,163,281.0,7,227
2025-02-24,SKU0183,356,323.0,7,227
2025-03-03,SKU0183,194,0.0,7,227
2025-03-10,SKU0183,187,268.0,7,227
2025-03-17,SKU0183,11,0.0,7,227
2025-03-24,SKU0183,302,252.0,7,227
2025-03-31,SKU0183,284,298.0,7,227
2025-04-07,SKU0183,395,220.0,7,227
2025-04-14,SKU0183,240,0.0,7,227
2025-04-21,SKU0183,328,215.0,7,227
2025-04-28,SKU0183,153,0.0,7,227
2025-05-05,SKU0183,3,0.0,7,227
2025-05-12,SKU0183,270,253.0,7,227
2025-05-19,SKU0183,95,0.0,7,227
2025-05-26,SKU0183,0,0.0,7,227
2025-06-02,SKU0183,265,265.0,7,227
2025-06-09,SKU0183,81,0.0,7,227
2025-06-16,SKU0183,0,0.0,7,227
2025-06-23,SKU0183,189,305.0,7,227
2025-06-30,SKU0183,143,331.0,7,227
2025-07-07,SKU0183,292,222.0,7,227
2025-07-14,SKU0183,106,0.0,7,227
2025-07-21,SKU0183,0,0.0,7,227
2025-07-28,SKU0183,277,305.0,7,227
2025-08-04,SKU0183,92,0.0,7,227
2025-08-11,SKU0183,0,0.0,7,227
2025-08-18,SKU0183,294,313.0,7,227
2025-08-25,SKU0183,497,274.0,7,227
2025-09-01,SKU0183,334,0.0,7,227
2025-09-08,SKU0183,478,294.0,7,227
2025-09-15,SKU0183,328,0.0,7,227
2025-09-22,SKU0183,454,211.0,7,227
2025-09-29,SKU0183,277,0.0,7,227
2025-10-06,SKU0183,110,0.0,7,227
2025-10-13,SKU0183,0,0.0,7,227
2025-10-20,SKU0183,142,267.0,7,227
2025-10-27,SKU0183,0,0.0,7,227
2025-11-03,SKU0183,260,298.0,7,227
2025-11-10,SKU0183,96,0.0,7,227
2025-11-17,SKU0183,241,292.0,7,227
2025-11-24,SKU0183,53,0.0,7,227
2025-12-01,SKU0183,0,0.0,7,227
2025-12-08,SKU0183,329,327.0,7,227
2025-12-15,SKU0183,382,282.0,7,227
2025-12-22,SKU0183,567,333.0,7,227
2025-12-29,SKU0183,387,0.0,7,227
2024-01-01,SKU0184,170,0.0,10,169
2024-01-08,SKU0184,169,165.0,10,169
2024-01-15,SKU0184,259,160.0,10,169
2024-01-22,SKU0184,179,0.0,10,169
2024-01-29,SKU0184,218,211.0,10,169
2024-02-05,SKU0184,218,223.0,10,169
2024-02-12,SKU0184,267,160.0,10,169
2024-02-19,SKU0184,182,0.0,10,169
2024-02-26,SKU0184,222,226.0,10,169
2024-03-04,SKU0184,146,0.0,10,169
2024-03-11,SKU0184,140,166.0,10,169
2024-03-18,SKU0184,58,0.0,10,169
2024-03-25,SKU0184,0,0.0,10,169
2024-04-01,SKU0184,124,201.0,10,169
2024-04-08,SKU0184,47,0.0,10,169
2024-04-15,SKU0184,0,0.0,10,169
2024-04-22,SKU0184,163,143.0,10,169
2024-04-29,SKU0184,94,0.0,10,169
2024-05-06,SKU0184,163,177.0,10,169
2024-05-13,SKU0184,72,0.0,10,169
2024-05-20,SKU0184,0,0.0,10,169
2024-05-27,SKU0184,0,0.0,10,169
2024-06-03,SKU0184,66,189.0,10,169
2024-06-10,SKU0184,110,201.0,10,169
2024-06-17,SKU0184,100,149.0,10,169
2024-06-24,SKU0184,124,199.0,10,169
2024-07-01,SKU0184,110,187.0,10,169
2024-07-08,SKU0184,26,0.0,10,169
2024-07-15,SKU0184,78,148.0,10,169
2024-07-22,SKU0184,0,0.0,10,169
2024-07-29,SKU0184,0,0.0,10,169
2024-08-05,SKU0184,0,,10,169
2024-08-12,SKU0184,146,181.0,10,169
2024-08-19,SKU0184,150,205.0,10,169
2024-08-26,SKU0184,187,184.0,10,169
2024-09-02,SKU0184,124,0.0,10,169
2024-09-09,SKU0184,30,0.0,10,169
2024-09-16,SKU0184,0,0.0,10,169
2024-09-23,SKU0184,0,0.0,10,169
2024-09-30,SKU0184,89,171.0,10,169
2024-10-07,SKU0184,8,0.0,10,169
2024-10-14,SKU0184,101,218.0,10,169
2024-10-21,SKU0184,26,0.0,10,169
2024-10-28,SKU0184,140,199.0,10,169
2024-11-04,SKU0184,50,0.0,10,169
2024-11-11,SKU0184,0,0.0,10,169
2024-11-18,SKU0184,112,166.0,10,169
2024-11-25,SKU0184,32,0.0,10,169
2024-12-02,SKU0184,145,154.0,10,169
2024-12-09,SKU0184,40,0.0,10,169
2024-12-16,SKU0184,0,0.0,10,169
2024-12-23,SKU0184,0,0.0,10,169
2024-12-30,SKU0184,0,0.0,10,169
2025-01-06,SKU0184,62,222.0,10,169
2025-01-13,SKU0184,0,0.0,10,169
2025-01-20,SKU0184,0,0.0,10,169
2025-01-27,SKU0184,131,174.0,10,169
2025-02-03,SKU0184,58,0.0,10,169
2025-02-10,SKU0184,0,0.0,10,169
2025-02-17,SKU0184,0,0.0,10,169
2025-02-24,SKU0184,0,0.0,10,169
2025-03-03,SKU0184,0,0.0,10,169
2025-03-10,SKU0184,62,155.0,10,169
2025-03-17,SKU0184,120,185.0,10,169
2025-03-24,SKU0184,131,175.0,10,169
2025-03-31,SKU0184,111,160.0,10,169
2025-04-07,SKU0184,154,178.0,10,169
2025-04-14,SKU0184,90,0.0,10,169
2025-04-21,SKU0184,173,174.0,10,169
2025-04-28,SKU0184,172,160.0,10,169
2025-05-05,SKU0184,186,175.0,10,169
2025-05-12,SKU0184,279,212.0,10,169
2025-05-19,SKU0184,200,0.0,10,169
2025-05-26,SKU0184,108,0.0,10,169
2025-06-02,SKU0184,99,228.0,10,169
2025-06-09,SKU0184,152,172.0,10,169
2025-06-16,SKU0184,141,151.0,10,169
2025-06-23,SKU0184,60,0.0,10,169
2025-06-30,SKU0184,144,162.0,10,169
2025-07-07,SKU0184,188,193.0,10,169
2025-07-14,SKU0184,271,151.0,10,169
2025-07-21,SKU0184,187,0.0,10,169
2025-07-28,SKU0184,86,0.0,10,169
2025-08-04,SKU0184,181,184.0,10,169
2025-08-11,SKU0184,111,0.0,10,169
2025-08-18,SKU0184,90,199.0,10,169
2025-08-25,SKU0184,174,192.0,10,169
2025-09-01,SKU0184,165,168.0,10,169
2025-09-08,SKU0184,160,143.0,10,169
2025-09-15,SKU0184,230,205.0,10,169
2025-09-22,SKU0184,254,148.0,10,169
2025-09-29,SKU0184,294,180.0,10,169
2025-10-06,SKU0184,207,0.0,10,169
2025-10-13,SKU0184,260,157.0,10,169
2025-10-20,SKU0184,181,0.0,10,169
2025-10-27,SKU0184,161,145.0,10,169
2025-11-03,SKU0184,67,0.0,10,169
2025-11-10,SKU0184,148,200.0,10,169
2025-11-17,SKU0184,175,178.0,10,169
2025-11-24,SKU0184,239,159.0,10,169
2025-12-01,SKU0184,236,225.0,10,169
2025-12-08,SKU0184,266,,10,169
2025-12-15,SKU0184,178,0.0,10,169
2025-12-22,SKU0184,196,161.0,10,169
2025-12-29,SKU0184,119,0.0,10,169
2024-01-01,SKU0185,257,0.0,7,162
2024-01-08,SKU0185,120,0.0,7,162
2024-01-15,SKU0185,0,0.0,7,162
2024-01-22,SKU0185,0,0.0,7,162
2024-01-29,SKU0185,0,0.0,7,162
2024-02-05,SKU0185,241,271.0,7,162
2024-02-12,SKU0185,391,171.0,7,162
2024-02-19,SKU0185,241,0.0,7,162
2024-02-26,SKU0185,296,239.0,7,162
2024-03-04,SKU0185,355,258.0,7,162
2024-03-11,SKU0185,215,0.0,7,162
2024-03-18,SKU0185,272,204.0,7,162
2024-03-25,SKU0185,124,0.0,7,162
2024-04-01,SKU0185,2,0.0,7,162
2024-04-08,SKU0185,149,219.0,7,162
2024-04-15,SKU0185,158,190.0,7,162
2024-04-22,SKU0185,25,0.0,7,162
2024-04-29,SKU0185,0,0.0,7,162
2024-05-06,SKU0185,284,177.0,7,162
2024-05-13,SKU0185,151,0.0,7,162
2024-05-20,SKU0185,17,0.0,7,162
2024-05-27,SKU0185,208,191.0,7,162
2024-06-03,SKU0185,296,251.0,7,162
2024-06-10,SKU0185,166,0.0,7,162
2024-06-17,SKU0185,0,0.0,7,162
2024-06-24,SKU0185,0,0.0,7,162
2024-07-01,SKU0185,0,0.0,7,162
2024-07-08,SKU0185,227,238.0,7,162
2024-07-15,SKU0185,212,230.0,7,162
2024-07-22,SKU0185,89,0.0,7,162
2024-07-29,SKU0185,168,198.0,7,162
2024-08-05,SKU0185,150,219.0,7,162
2024-08-12,SKU0185,275,240.0,7,162
2024-08-19,SKU0185,249,182.0,7,162
2024-08-26,SKU0185,215,169.0,7,162
2024-09-02,SKU0185,52,0.0,7,162
2024-09-09,SKU0185,233,259.0,7,162
2024-09-16,SKU0185,266,272.0,7,162
2024-09-23,SKU0185,237,219.0,7,162
2024-09-30,SKU0185,93,0.0,7,162
2024-10-07,SKU0185,123,236.0,7,162
2024-10-14,SKU0185,100,223.0,7,162
2024-10-21,SKU0185,199,236.0,7,162
2024-10-28,SKU0185,215,263.0,7,162
2024-11-04,SKU0185,232,213.0,7,162
2024-11-11,SKU0185,343,184.0,7,162
2024-11-18,SKU0185,219,0.0,7,162
2024-11-25,SKU0185,337,171.0,7,162
2024-12-02,SKU0185,205,0.0,7,162
2024-12-09,SKU0185,210,268.0,7,162
2024-12-16,SKU0185,186,212.0,7,162
2024-12-23,SKU0185,156,239.0,7,162
2024-12-30,SKU0185,186,218.0,7,162
2025-01-06,SKU0185,258,239.0,7,162
2025-01-13,SKU0185,251,253.0,7,162
2025-01-20,SKU0185,301,178.0,7,162
2025-01-27,SKU0185,168,0.0,7,162
2025-02-03,SKU0185,307,236.0,7,162
2025-02-10,SKU0185,177,0.0,7,162
2025-02-17,SKU0185,214,239.0,7,162
2025-02-24,SKU0185,84,0.0,7,162
2025-03-03,SKU0185,285,233.0,7,162
2025-03-10,SKU0185,348,176.0,7,162
2025-03-17,SKU0185,220,0.0,7,162
2025-03-24,SKU0185,338,168.0,7,162
2025-03-31,SKU0185,208,0.0,7,162
2025-04-07,SKU0185,257,194.0,7,162
2025-04-14,SKU0185,333,229.0,7,162
2025-04-21,SKU0185,199,0.0,7,162
2025-04-28,SKU0185,67,0.0,7,162
2025-05-05,SKU0185,219,220.0,7,162
2025-05-12,SKU0185,82,0.0,7,162
2025-05-19,SKU0185,0,0.0,7,162
2025-05-26,SKU0185,267,,7,162
2025-06-02,SKU0185,307,230.0,7,162
2025-06-09,SKU0185,171,0.0,7,162
2025-06-16,SKU0185,191,218.0,7,162
2025-06-23,SKU0185,259,219.0,7,162
2025-06-30,SKU0185,141,0.0,7,162
2025-07-07,SKU0185,287,186.0,7,162
2025-07-14,SKU0185,146,0.0,7,162
2025-07-21,SKU0185,188,167.0,7,162
2025-07-28,SKU0185,57,0.0,7,162
2025-08-04,SKU0185,0,0.0,7,162
2025-08-11,SKU0185,0,0.0,7,162
2025-08-18,SKU0185,0,0.0,7,162
2025-08-25,SKU0185,0,0.0,7,162
2025-09-01,SKU0185,198,208.0,7,162
2025-09-08,SKU0185,282,237.0,7,162
2025-09-15,SKU0185,124,0.0,7,162
2025-09-22,SKU0185,126,245.0,7,162
2025-09-29,SKU0185,219,211.0,7,162
2025-10-06,SKU0185,187,200.0,7,162
2025-10-13,SKU0185,317,180.0,7,162
2025-10-20,SKU0185,174,0.0,7,162
2025-10-27,SKU0185,16,0.0,7,162
2025-11-03,SKU0185,0,0.0,7,162
2025-11-10,SKU0185,283,218.0,7,162
2025-11-17,SKU0185,413,178.0,7,162
2025-11-24,SKU0185,281,0.0,7,162
2025-12-01,SKU0185,425,211.0,7,162
2025-12-08,SKU0185,275,0.0,7,162
2025-12-15,SKU0185,122,0.0,7,162
2025-12-22,SKU0185,173,247.0,7,162
2025-12-29,SKU0185,43,0.0,7,162
2024-01-01,SKU0186,1104,0.0,7,206
2024-01-08,SKU0186,950,0.0,7,206
2024-01-15,SKU0186,777,0.0,7,206
2024-01-22,SKU0186,593,0.0,7,206
2024-01-29,SKU0186,426,0.0,7,206
2024-02-05,SKU0186,272,0.0,7,206
2024-02-12,SKU0186,87,0.0,7,206
2024-02-19,SKU0186,178,328.0,7,206
2024-02-26,SKU0186,56,0.0,7,206
2024-03-04,SKU0186,0,0.0,7,206
2024-03-11,SKU0186,164,261.0,7,206
2024-03-18,SKU0186,329,245.0,7,206
2024-03-25,SKU0186,180,0.0,7,206
2024-04-01,SKU0186,43,0.0,7,206
2024-04-08,SKU0186,284,207.0,7,206
2024-04-15,SKU0186,220,266.0,7,206
2024-04-22,SKU0186,276,320.0,7,206
2024-04-29,SKU0186,283,289.0,7,206
2024-05-06,SKU0186,433,208.0,7,206
2024-05-13,SKU0186,251,0.0,7,206
2024-05-20,SKU0186,86,0.0,7,206
2024-05-27,SKU0186,251,315.0,7,206
2024-06-03,SKU0186,257,201.0,7,206
2024-06-10,SKU0186,315,276.0,7,206
2024-06-17,SKU0186,152,,7,206
2024-06-24,SKU0186,0,0.0,7,206
2024-07-01,SKU0186,346,323.0,7,206
2024-07-08,SKU0186,377,,7,206
2024-07-15,SKU0186,387,212.0,7,206
2024-07-22,SKU0186,223,0.0,7,206
2024-07-29,SKU0186,17,0.0,7,206
2024-08-05,SKU0186,244,232.0,7,206
2024-08-12,SKU0186,238,247.0,7,206
2024-08-19,SKU0186,46,0.0,7,206
2024-08-26,SKU0186,0,0.0,7,206
2024-09-02,SKU0186,0,0.0,7,206
2024-09-09,SKU0186,0,0.0,7,206
2024-09-16,SKU0186,0,0.0,7,206
2024-09-23,SKU0186,0,0.0,7,206
2024-09-30,SKU0186,175,225.0,7,206
2024-10-07,SKU0186,0,0.0,7,206
2024-10-14,SKU0186,174,273.0,7,206
2024-10-21,SKU0186,15,0.0,7,206
2024-10-28,SKU0186,0,0.0,7,206
2024-11-04,SKU0186,136,311.0,7,206
2024-11-11,SKU0186,0,0.0,7,206
2024-11-18,SKU0186,229,246.0,7,206
2024-11-25,SKU0186,273,285.0,7,206
2024-12-02,SKU0186,118,0.0,7,206
2024-12-09,SKU0186,263,235.0,7,206
2024-12-16,SKU0186,230,247.0,7,206
2024-12-23,SKU0186,260,226.0,7,206
2024-12-30,SKU0186,78,0.0,7,206
2025-01-06,SKU0186,0,0.0,7,206
2025-01-13,SKU0186,166,201.0,7,206
2025-01-20,SKU0186,286,204.0,7,206
2025-01-27,SKU0186,125,0.0,7,206
2025-02-03,SKU0186,0,0.0,7,206
2025-02-10,SKU0186,203,308.0,7,206
2025-02-17,SKU0186,241,306.0,7,206
2025-02-24,SKU0186,72,0.0,7,206
2025-03-03,SKU0186,335,249.0,7,206
2025-03-10,SKU0186,173,,7,206
2025-03-17,SKU0186,317,243.0,7,206
2025-03-24,SKU0186,170,0.0,7,206
2025-03-31,SKU0186,5,0.0,7,206
2025-04-07,SKU0186,122,273.0,7,206
2025-04-14,SKU0186,165,275.0,7,206
2025-04-21,SKU0186,20,0.0,7,206
2025-04-28,SKU0186,183,233.0,7,206
2025-05-05,SKU0186,182,284.0,7,206
2025-05-12,SKU0186,30,0.0,7,206
2025-05-19,SKU0186,242,271.0,7,206
2025-05-26,SKU0186,258,295.0,7,206
2025-06-02,SKU0186,72,0.0,7,206
2025-06-09,SKU0186,0,0.0,7,206
2025-06-16,SKU0186,162,257.0,7,206
2025-06-23,SKU0186,10,0.0,7,206
2025-06-30,SKU0186,331,201.0,7,206
2025-07-07,SKU0186,176,0.0,7,206
2025-07-14,SKU0186,223,298.0,7,206
2025-07-21,SKU0186,68,0.0,7,206
2025-07-28,SKU0186,297,267.0,7,206
2025-08-04,SKU0186,336,306.0,7,206
2025-08-11,SKU0186,357,226.0,7,206
2025-08-18,SKU0186,189,0.0,7,206
2025-08-25,SKU0186,11,0.0,7,206
2025-09-01,SKU0186,328,,7,206
2025-09-08,SKU0186,163,0.0,7,206
2025-09-15,SKU0186,298,222.0,7,206
2025-09-22,SKU0186,305,200.0,7,206
2025-09-29,SKU0186,168,0.0,7,206
2025-10-06,SKU0186,147,,7,206
2025-10-13,SKU0186,240,221.0,7,206
2025-10-20,SKU0186,236,217.0,7,206
2025-10-27,SKU0186,271,316.0,7,206
2025-11-03,SKU0186,270,,7,206
2025-11-10,SKU0186,231,299.0,7,206
2025-11-17,SKU0186,373,320.0,7,206
2025-11-24,SKU0186,223,0.0,7,206
2025-12-01,SKU0186,67,0.0,7,206
2025-12-08,SKU0186,149,302.0,7,206
2025-12-15,SKU0186,0,0.0,7,206
2025-12-22,SKU0186,341,206.0,7,206
2025-12-29,SKU0186,423,255.0,7,206
2024-01-01,SKU0187,844,0.0,14,250
2024-01-08,SKU0187,738,0.0,14,250
2024-01-15,SKU0187,644,0.0,14,250
2024-01-22,SKU0187,529,0.0,14,250
2024-01-29,SKU0187,414,0.0,14,250
2024-02-05,SKU0187,313,0.0,14,250
2024-02-12,SKU0187,436,312.0,14,250
2024-02-19,SKU0187,325,0.0,14,250
2024-02-26,SKU0187,214,0.0,14,250
2024-03-04,SKU0187,331,403.0,14,250
2024-03-11,SKU0187,288,,14,250
2024-03-18,SKU0187,165,0.0,14,250
2024-03-25,SKU0187,67,0.0,14,250
2024-04-01,SKU0187,0,0.0,14,250
2024-04-08,SKU0187,0,0.0,14,250
2024-04-15,SKU0187,0,0.0,14,250
2024-04-22,SKU0187,159,352.0,14,250
2024-04-29,SKU0187,56,0.0,14,250
2024-05-06,SKU0187,110,442.0,14,250
2024-05-13,SKU0187,121,391.0,14,250
2024-05-20,SKU0187,149,361.0,14,250
2024-05-27,SKU0187,159,408.0,14,250
2024-06-03,SKU0187,41,0.0,14,250
2024-06-10,SKU0187,0,0.0,14,250
2024-06-17,SKU0187,117,366.0,14,250
2024-06-24,SKU0187,209,387.0,14,250
2024-07-01,SKU0187,237,358.0,14,250
2024-07-08,SKU0187,339,404.0,14,250
2024-07-15,SKU0187,451,393.0,14,250
2024-07-22,SKU0187,350,0.0,14,250
2024-07-29,SKU0187,387,430.0,14,250
2024-08-05,SKU0187,269,0.0,14,250
2024-08-12,SKU0187,288,396.0,14,250
2024-08-19,SKU0187,283,299.0,14,250
2024-08-26,SKU0187,284,373.0,14,250
2024-09-02,SKU0187,314,361.0,14,250
2024-09-09,SKU0187,286,423.0,14,250
2024-09-16,SKU0187,163,0.0,14,250
2024-09-23,SKU0187,43,0.0,14,250
2024-09-30,SKU0187,205,397.0,14,250
2024-10-07,SKU0187,266,390.0,14,250
2024-10-14,SKU0187,149,0.0,14,250
2024-10-21,SKU0187,26,0.0,14,250
2024-10-28,SKU0187,0,0.0,14,250
2024-11-04,SKU0187,0,0.0,14,250
2024-11-11,SKU0187,204,453.0,14,250
2024-11-18,SKU0187,193,428.0,14,250
2024-11-25,SKU0187,187,435.0,14,250
2024-12-02,SKU0187,313,362.0,14,250
2024-12-09,SKU0187,435,452.0,14,250
2024-12-16,SKU0187,304,,14,250
2024-12-23,SKU0187,404,357.0,14,250
2024-12-30,SKU0187,288,0.0,14,250
2025-01-06,SKU0187,163,0.0,14,250
2025-01-13,SKU0187,222,452.0,14,250
2025-01-20,SKU0187,321,395.0,14,250
2025-01-27,SKU0187,401,319.0,14,250
2025-02-03,SKU0187,279,0.0,14,250
2025-02-10,SKU0187,317,428.0,14,250
2025-02-17,SKU0187,350,425.0,14,250
2025-02-24,SKU0187,354,350.0,14,250
2025-03-03,SKU0187,391,334.0,14,250
2025-03-10,SKU0187,271,0.0,14,250
2025-03-17,SKU0187,319,342.0,14,250
2025-03-24,SKU0187,397,360.0,14,250
2025-03-31,SKU0187,288,0.0,14,250
2025-04-07,SKU0187,164,,14,250
2025-04-14,SKU0187,44,0.0,14,250
2025-04-21,SKU0187,0,0.0,14,250
2025-04-28,SKU0187,151,444.0,14,250
2025-05-05,SKU0187,160,284.0,14,250
2025-05-12,SKU0187,45,0.0,14,250
2025-05-19,SKU0187,190,291.0,14,250
2025-05-26,SKU0187,212,417.0,14,250
2025-06-02,SKU0187,349,359.0,14,250
2025-06-09,SKU0187,380,326.0,14,250
2025-06-16,SKU0187,284,0.0,14,250
2025-06-23,SKU0187,166,0.0,14,250
2025-06-30,SKU0187,267,448.0,14,250
2025-07-07,SKU0187,248,339.0,14,250
2025-07-14,SKU0187,259,457.0,14,250
2025-07-21,SKU0187,228,404.0,14,250
2025-07-28,SKU0187,328,455.0,14,250
2025-08-04,SKU0187,344,362.0,14,250
2025-08-11,SKU0187,403,437.0,14,250
2025-08-18,SKU0187,284,0.0,14,250
2025-08-25,SKU0187,160,0.0,14,250
2025-09-01,SKU0187,42,0.0,14,250
2025-09-08,SKU0187,0,0.0,14,250
2025-09-15,SKU0187,0,0.0,14,250
2025-09-22,SKU0187,0,0.0,14,250
2025-09-29,SKU0187,212,394.0,14,250
2025-10-06,SKU0187,245,425.0,14,250
2025-10-13,SKU0187,117,0.0,14,250
2025-10-20,SKU0187,205,457.0,14,250
2025-10-27,SKU0187,88,0.0,14,250
2025-11-03,SKU0187,87,445.0,14,250
2025-11-10,SKU0187,94,409.0,14,250
2025-11-17,SKU0187,0,0.0,14,250
2025-11-24,SKU0187,113,280.0,14,250
2025-12-01,SKU0187,187,382.0,14,250
2025-12-08,SKU0187,223,321.0,14,250
2025-12-15,SKU0187,334,318.0,14,250
2025-12-22,SKU0187,219,0.0,14,250
2025-12-29,SKU0187,329,365.0,14,250
2024-01-01,SKU0188,555,0.0,21,409
2024-01-08,SKU0188,445,0.0,21,409
2024-01-15,SKU0188,340,0.0,21,409
2024-01-22,SKU0188,321,480.0,21,409
2024-01-29,SKU0188,386,469.0,21,409
2024-02-05,SKU0188,278,0.0,21,409
2024-02-12,SKU0188,344,591.0,21,409
2024-02-19,SKU0188,230,0.0,21,409
2024-02-26,SKU0188,126,0.0,21,409
2024-03-04,SKU0188,163,574.0,21,409
2024-03-11,SKU0188,38,0.0,21,409
2024-03-18,SKU0188,124,553.0,21,409
2024-03-25,SKU0188,94,464.0,21,409
2024-04-01,SKU0188,228,610.0,21,409
2024-04-08,SKU0188,122,0.0,21,409
2024-04-15,SKU0188,22,0.0,21,409
2024-04-22,SKU0188,169,679.0,21,409
2024-04-29,SKU0188,49,0.0,21,409
2024-05-06,SKU0188,0,0.0,21,409
2024-05-13,SKU0188,0,0.0,21,409
2024-05-20,SKU0188,0,0.0,21,409
2024-05-27,SKU0188,152,542.0,21,409
2024-06-03,SKU0188,37,0.0,21,409
2024-06-10,SKU0188,0,0.0,21,409
2024-06-17,SKU0188,237,659.0,21,409
2024-06-24,SKU0188,254,464.0,21,409
2024-07-01,SKU0188,277,495.0,21,409
2024-07-08,SKU0188,410,553.0,21,409
2024-07-15,SKU0188,284,0.0,21,409
2024-07-22,SKU0188,257,553.0,21,409
2024-07-29,SKU0188,302,574.0,21,409
2024-08-05,SKU0188,197,0.0,21,409
2024-08-12,SKU0188,281,667.0,21,409
2024-08-19,SKU0188,174,0.0,21,409
2024-08-26,SKU0188,191,409.0,21,409
2024-09-02,SKU0188,186,669.0,21,409
2024-09-09,SKU0188,67,0.0,21,409
2024-09-16,SKU0188,178,509.0,21,409
2024-09-23,SKU0188,46,0.0,21,409
2024-09-30,SKU0188,0,0.0,21,409
2024-10-07,SKU0188,0,0.0,21,409
2024-10-14,SKU0188,0,0.0,21,409
2024-10-21,SKU0188,186,679.0,21,409
2024-10-28,SKU0188,241,493.0,21,409
2024-11-04,SKU0188,339,553.0,21,409
2024-11-11,SKU0188,437,494.0,21,409
2024-11-18,SKU0188,482,473.0,21,409
2024-11-25,SKU0188,459,671.0,21,409
2024-12-02,SKU0188,575,444.0,21,409
2024-12-09,SKU0188,458,0.0,21,409
2024-12-16,SKU0188,511,626.0,21,409
2024-12-23,SKU0188,398,0.0,21,409
2024-12-30,SKU0188,473,656.0,21,409
2025-01-06,SKU0188,357,0.0,21,409
2025-01-13,SKU0188,262,0.0,21,409
2025-01-20,SKU0188,354,648.0,21,409
2025-01-27,SKU0188,396,489.0,21,409
2025-02-03,SKU0188,433,524.0,21,409
2025-02-10,SKU0188,475,580.0,21,409
2025-02-17,SKU0188,355,0.0,21,409
2025-02-24,SKU0188,446,410.0,21,409
2025-03-03,SKU0188,413,480.0,21,409
2025-03-10,SKU0188,448,639.0,21,409
2025-03-17,SKU0188,479,660.0,21,409
2025-03-24,SKU0188,471,602.0,21,409
2025-03-31,SKU0188,547,567.0,21,409
2025-04-07,SKU0188,425,0.0,21,409
2025-04-14,SKU0188,307,0.0,21,409
2025-04-21,SKU0188,198,0.0,21,409
2025-04-28,SKU0188,89,0.0,21,409
2025-05-05,SKU0188,132,423.0,21,409
2025-05-12,SKU0188,128,538.0,21,409
2025-05-19,SKU0188,12,0.0,21,409
2025-05-26,SKU0188,92,442.0,21,409
2025-06-02,SKU0188,0,0.0,21,409
2025-06-09,SKU0188,210,503.0,21,409
2025-06-16,SKU0188,315,603.0,21,409
2025-06-23,SKU0188,434,514.0,21,409
2025-06-30,SKU0188,305,0.0,21,409
2025-07-07,SKU0188,198,0.0,21,409
2025-07-14,SKU0188,77,0.0,21,409
2025-07-21,SKU0188,0,0.0,21,409
2025-07-28,SKU0188,120,418.0,21,409
2025-08-04,SKU0188,119,600.0,21,409
2025-08-11,SKU0188,233,486.0,21,409
2025-08-18,SKU0188,294,597.0,21,409
2025-08-25,SKU0188,406,556.0,21,409
2025-09-01,SKU0188,283,0.0,21,409
2025-09-08,SKU0188,156,0.0,21,409
2025-09-15,SKU0188,205,425.0,21,409
2025-09-22,SKU0188,333,426.0,21,409
2025-09-29,SKU0188,203,0.0,21,409
2025-10-06,SKU0188,321,504.0,21,409
2025-10-13,SKU0188,354,547.0,21,409
2025-10-20,SKU0188,218,0.0,21,409
2025-10-27,SKU0188,100,0.0,21,409
2025-11-03,SKU0188,197,564.0,21,409
2025-11-10,SKU0188,85,0.0,21,409
2025-11-17,SKU0188,0,0.0,21,409
2025-11-24,SKU0188,0,0.0,21,409
2025-12-01,SKU0188,130,673.0,21,409
2025-12-08,SKU0188,248,483.0,21,409
2025-12-15,SKU0188,136,0.0,21,409
2025-12-22,SKU0188,31,0.0,21,409
2025-12-29,SKU0188,226,476.0,21,409
2024-01-01,SKU0189,868,0.0,21,413
2024-01-08,SKU0189,745,0.0,21,413
2024-01-15,SKU0189,613,0.0,21,413
2024-01-22,SKU0189,500,0.0,21,413
2024-01-29,SKU0189,624,674.0,21,413
2024-02-05,SKU0189,475,0.0,21,413
2024-02-12,SKU0189,339,0.0,21,413
2024-02-19,SKU0189,310,514.0,21,413
2024-02-26,SKU0189,177,0.0,21,413
2024-03-04,SKU0189,185,593.0,21,413
2024-03-11,SKU0189,41,0.0,21,413
2024-03-18,SKU0189,184,568.0,21,413
2024-03-25,SKU0189,50,0.0,21,413
2024-04-01,SKU0189,0,0.0,21,413
2024-04-08,SKU0189,0,0.0,21,413
2024-04-15,SKU0189,0,0.0,21,413
2024-04-22,SKU0189,0,0.0,21,413
2024-04-29,SKU0189,155,668.0,21,413
2024-05-06,SKU0189,154,595.0,21,413
2024-05-13,SKU0189,6,0.0,21,413
2024-05-20,SKU0189,127,618.0,21,413
2024-05-27,SKU0189,208,667.0,21,413
2024-06-03,SKU0189,67,0.0,21,413
2024-06-10,SKU0189,189,718.0,21,413
2024-06-17,SKU0189,178,763.0,21,413
2024-06-24,SKU0189,225,768.0,21,413
2024-07-01,SKU0189,249,538.0,21,413
2024-07-08,SKU0189,129,0.0,21,413
2024-07-15,SKU0189,230,610.0,21,413
2024-07-22,SKU0189,361,,21,413
2024-07-29,SKU0189,438,553.0,21,413
2024-08-05,SKU0189,475,502.0,21,413
2024-08-12,SKU0189,569,566.0,21,413
2024-08-19,SKU0189,435,0.0,21,413
2024-08-26,SKU0189,282,0.0,21,413
2024-09-02,SKU0189,286,,21,413
2024-09-09,SKU0189,156,0.0,21,413
2024-09-16,SKU0189,283,759.0,21,413
2024-09-23,SKU0189,328,783.0,21,413
2024-09-30,SKU0189,384,740.0,21,413
2024-10-07,SKU0189,250,0.0,21,413
2024-10-14,SKU0189,321,594.0,21,413
2024-10-21,SKU0189,431,689.0,21,413
2024-10-28,SKU0189,477,632.0,21,413
2024-11-04,SKU0189,588,749.0,21,413
2024-11-11,SKU0189,461,0.0,21,413
2024-11-18,SKU0189,436,725.0,21,413
2024-11-25,SKU0189,502,706.0,21,413
2024-12-02,SKU0189,375,0.0,21,413
2024-12-09,SKU0189,259,0.0,21,413
2024-12-16,SKU0189,233,510.0,21,413
2024-12-23,SKU0189,380,765.0,21,413
2024-12-30,SKU0189,235,0.0,21,413
2025-01-06,SKU0189,385,628.0,21,413
2025-01-13,SKU0189,247,0.0,21,413
2025-01-20,SKU0189,117,0.0,21,413
2025-01-27,SKU0189,0,0.0,21,413
2025-02-03,SKU0189,195,650.0,21,413
2025-02-10,SKU0189,26,0.0,21,413
2025-02-17,SKU0189,196,544.0,21,413
2025-02-24,SKU0189,74,0.0,21,413
2025-03-03,SKU0189,0,0.0,21,413
2025-03-10,SKU0189,0,0.0,21,413
2025-03-17,SKU0189,114,517.0,21,413
2025-03-24,SKU0189,182,637.0,21,413
2025-03-31,SKU0189,325,633.0,21,413
2025-04-07,SKU0189,350,504.0,21,413
2025-04-14,SKU0189,495,480.0,21,413
2025-04-21,SKU0189,642,671.0,21,413
2025-04-28,SKU0189,508,0.0,21,413
2025-05-05,SKU0189,640,608.0,21,413
2025-05-12,SKU0189,512,0.0,21,413
2025-05-19,SKU0189,537,,21,413
2025-05-26,SKU0189,407,0.0,21,413
2025-06-02,SKU0189,278,0.0,21,413
2025-06-09,SKU0189,343,771.0,21,413
2025-06-16,SKU0189,193,0.0,21,413
2025-06-23,SKU0189,172,490.0,21,413
2025-06-30,SKU0189,44,0.0,21,413
2025-07-07,SKU0189,145,577.0,21,413
2025-07-14,SKU0189,132,707.0,21,413
2025-07-21,SKU0189,0,0.0,21,413
2025-07-28,SKU0189,0,0.0,21,413
2025-08-04,SKU0189,186,718.0,21,413
2025-08-11,SKU0189,337,704.0,21,413
2025-08-18,SKU0189,210,0.0,21,413
2025-08-25,SKU0189,52,0.0,21,413
2025-09-01,SKU0189,0,0.0,21,413
2025-09-08,SKU0189,143,484.0,21,413
2025-09-15,SKU0189,215,688.0,21,413
2025-09-22,SKU0189,66,0.0,21,413
2025-09-29,SKU0189,0,0.0,21,413
2025-10-06,SKU0189,0,0.0,21,413
2025-10-13,SKU0189,0,0.0,21,413
2025-10-20,SKU0189,0,0.0,21,413
2025-10-27,SKU0189,0,0.0,21,413
2025-11-03,SKU0189,0,0.0,21,413
2025-11-10,SKU0189,224,753.0,21,413
2025-11-17,SKU0189,244,676.0,21,413
2025-11-24,SKU0189,114,0.0,21,413
2025-12-01,SKU0189,113,622.0,21,413
2025-12-08,SKU0189,189,515.0,21,413
2025-12-15,SKU0189,235,652.0,21,413
2025-12-22,SKU0189,344,695.0,21,413
2025-12-29,SKU0189,206,0.0,21,413
2024-01-01,SKU0190,134,0.0,21,59
2024-01-08,SKU0190,115,0.0,21,59
2024-01-15,SKU0190,93,0.0,21,59
2024-01-22,SKU0190,77,0.0,21,59
2024-01-29,SKU0190,58,0.0,21,59
2024-02-05,SKU0190,45,0.0,21,59
2024-02-12,SKU0190,49,81.0,21,59
2024-02-19,SKU0190,28,0.0,21,59
2024-02-26,SKU0190,37,68.0,21,59
2024-03-04,SKU0190,23,0.0,21,59
2024-03-11,SKU0190,21,88.0,21,59
2024-03-18,SKU0190,30,100.0,21,59
2024-03-25,SKU0190,40,65.0,21,59
2024-04-01,SKU0190,45,101.0,21,59
2024-04-08,SKU0190,55,70.0,21,59
2024-04-15,SKU0190,71,82.0,21,59
2024-04-22,SKU0190,49,0.0,21,59
2024-04-29,SKU0190,53,94.0,21,59
2024-05-06,SKU0190,59,87.0,21,59
2024-05-13,SKU0190,36,0.0,21,59
2024-05-20,SKU0190,48,107.0,21,59
2024-05-27,SKU0190,69,109.0,21,59
2024-06-03,SKU0190,77,68.0,21,59
2024-06-10,SKU0190,63,0.0,21,59
2024-06-17,SKU0190,81,66.0,21,59
2024-06-24,SKU0190,67,0.0,21,59
2024-07-01,SKU0190,89,78.0,21,59
2024-07-08,SKU0190,70,0.0,21,59
2024-07-15,SKU0190,60,0.0,21,59
2024-07-22,SKU0190,60,84.0,21,59
2024-07-29,SKU0190,79,98.0,21,59
2024-08-05,SKU0190,75,86.0,21,59
2024-08-12,SKU0190,59,0.0,21,59
2024-08-19,SKU0190,75,98.0,21,59
2024-08-26,SKU0190,81,75.0,21,59
2024-09-02,SKU0190,59,0.0,21,59
2024-09-09,SKU0190,56,87.0,21,59
2024-09-16,SKU0190,66,108.0,21,59
2024-09-23,SKU0190,44,0.0,21,59
2024-09-30,SKU0190,30,0.0,21,59
2024-10-07,SKU0190,26,108.0,21,59
2024-10-14,SKU0190,12,0.0,21,59
2024-10-21,SKU0190,30,104.0,21,59
2024-10-28,SKU0190,19,83.0,21,59
2024-11-04,SKU0190,30,70.0,21,59
2024-11-11,SKU0190,25,83.0,21,59
2024-11-18,SKU0190,25,67.0,21,59
2024-11-25,SKU0190,38,75.0,21,59
2024-12-02,SKU0190,16,0.0,21,59
2024-12-09,SKU0190,0,0.0,21,59
2024-12-16,SKU0190,0,0.0,21,59
2024-12-23,SKU0190,0,0.0,21,59
2024-12-30,SKU0190,18,86.0,21,59
2025-01-06,SKU0190,0,0.0,21,59
2025-01-13,SKU0190,37,84.0,21,59
2025-01-20,SKU0190,26,0.0,21,59
2025-01-27,SKU0190,41,70.0,21,59
2025-02-03,SKU0190,44,69.0,21,59
2025-02-10,SKU0190,21,0.0,21,59
2025-02-17,SKU0190,38,67.0,21,59
2025-02-24,SKU0190,57,71.0,21,59
2025-03-03,SKU0190,40,0.0,21,59
2025-03-10,SKU0190,28,0.0,21,59
2025-03-17,SKU0190,35,97.0,21,59
2025-03-24,SKU0190,17,0.0,21,59
2025-03-31,SKU0190,42,70.0,21,59
2025-04-07,SKU0190,32,0.0,21,59
2025-04-14,SKU0190,16,,21,59
2025-04-21,SKU0190,15,107.0,21,59
2025-04-28,SKU0190,17,86.0,21,59
2025-05-05,SKU0190,0,0.0,21,59
2025-05-12,SKU0190,18,84.0,21,59
2025-05-19,SKU0190,24,81.0,21,59
2025-05-26,SKU0190,0,0.0,21,59
2025-06-02,SKU0190,0,0.0,21,59
2025-06-09,SKU0190,25,81.0,21,59
2025-06-16,SKU0190,25,107.0,21,59
2025-06-23,SKU0190,8,0.0,21,59
2025-06-30,SKU0190,0,0.0,21,59
2025-07-07,SKU0190,18,70.0,21,59
2025-07-14,SKU0190,0,0.0,21,59
2025-07-21,SKU0190,19,,21,59
2025-07-28,SKU0190,8,0.0,21,59
2025-08-04,SKU0190,0,0.0,21,59
2025-08-11,SKU0190,0,0.0,21,59
2025-08-18,SKU0190,14,101.0,21,59
2025-08-25,SKU0190,21,83.0,21,59
2025-09-01,SKU0190,23,79.0,21,59
2025-09-08,SKU0190,34,97.0,21,59
2025-09-15,SKU0190,23,0.0,21,59
2025-09-22,SKU0190,5,0.0,21,59
2025-09-29,SKU0190,31,75.0,21,59
2025-10-06,SKU0190,18,0.0,21,59
2025-10-13,SKU0190,0,0.0,21,59
2025-10-20,SKU0190,15,98.0,21,59
2025-10-27,SKU0190,0,0.0,21,59
2025-11-03,SKU0190,30,101.0,21,59
2025-11-10,SKU0190,2,0.0,21,59
2025-11-17,SKU0190,0,0.0,21,59
2025-11-24,SKU0190,0,0.0,21,59
2025-12-01,SKU0190,17,80.0,21,59
2025-12-08,SKU0190,0,0.0,21,59
2025-12-15,SKU0190,37,81.0,21,59
2025-12-22,SKU0190,41,94.0,21,59
2025-12-29,SKU0190,20,0.0,21,59
2024-01-01,SKU0191,370,378.0,14,261
2024-01-08,SKU0191,356,463.0,14,261
2024-01-15,SKU0191,245,0.0,14,261
2024-01-22,SKU0191,236,353.0,14,261
2024-01-29,SKU0191,104,0.0,14,261
2024-02-05,SKU0191,0,0.0,14,261
2024-02-12,SKU0191,0,0.0,14,261
2024-02-19,SKU0191,131,313.0,14,261
2024-02-26,SKU0191,19,0.0,14,261
2024-03-04,SKU0191,232,325.0,14,261
2024-03-11,SKU0191,332,379.0,14,261
2024-03-18,SKU0191,386,450.0,14,261
2024-03-25,SKU0191,369,346.0,14,261
2024-04-01,SKU0191,444,374.0,14,261
2024-04-08,SKU0191,324,0.0,14,261
2024-04-15,SKU0191,411,426.0,14,261
2024-04-22,SKU0191,293,0.0,14,261
2024-04-29,SKU0191,350,453.0,14,261
2024-05-06,SKU0191,467,345.0,14,261
2024-05-13,SKU0191,362,0.0,14,261
2024-05-20,SKU0191,374,330.0,14,261
2024-05-27,SKU0191,462,303.0,14,261
2024-06-03,SKU0191,375,0.0,14,261
2024-06-10,SKU0191,250,0.0,14,261
2024-06-17,SKU0191,286,416.0,14,261
2024-06-24,SKU0191,173,0.0,14,261
2024-07-01,SKU0191,58,0.0,14,261
2024-07-08,SKU0191,0,0.0,14,261
2024-07-15,SKU0191,0,0.0,14,261
2024-07-22,SKU0191,179,299.0,14,261
2024-07-29,SKU0191,53,0.0,14,261
2024-08-05,SKU0191,86,287.0,14,261
2024-08-12,SKU0191,0,0.0,14,261
2024-08-19,SKU0191,144,442.0,14,261
2024-08-26,SKU0191,31,0.0,14,261
2024-09-02,SKU0191,0,0.0,14,261
2024-09-09,SKU0191,123,386.0,14,261
2024-09-16,SKU0191,121,318.0,14,261
2024-09-23,SKU0191,215,295.0,14,261
2024-09-30,SKU0191,199,381.0,14,261
2024-10-07,SKU0191,102,0.0,14,261
2024-10-14,SKU0191,163,325.0,14,261
2024-10-21,SKU0191,293,413.0,14,261
2024-10-28,SKU0191,176,0.0,14,261
2024-11-04,SKU0191,153,318.0,14,261
2024-11-11,SKU0191,42,0.0,14,261
2024-11-18,SKU0191,229,428.0,14,261
2024-11-25,SKU0191,259,362.0,14,261
2024-12-02,SKU0191,254,373.0,14,261
2024-12-09,SKU0191,123,0.0,14,261
2024-12-16,SKU0191,204,308.0,14,261
2024-12-23,SKU0191,98,0.0,14,261
2024-12-30,SKU0191,103,304.0,14,261
2025-01-06,SKU0191,125,328.0,14,261
2025-01-13,SKU0191,10,0.0,14,261
2025-01-20,SKU0191,149,442.0,14,261
2025-01-27,SKU0191,196,382.0,14,261
2025-02-03,SKU0191,272,421.0,14,261
2025-02-10,SKU0191,161,0.0,14,261
2025-02-17,SKU0191,175,437.0,14,261
2025-02-24,SKU0191,187,317.0,14,261
2025-03-03,SKU0191,201,352.0,14,261
2025-03-10,SKU0191,90,0.0,14,261
2025-03-17,SKU0191,0,0.0,14,261
2025-03-24,SKU0191,245,378.0,14,261
2025-03-31,SKU0191,313,359.0,14,261
2025-04-07,SKU0191,292,433.0,14,261
2025-04-14,SKU0191,189,0.0,14,261
2025-04-21,SKU0191,299,318.0,14,261
2025-04-28,SKU0191,180,0.0,14,261
2025-05-05,SKU0191,65,0.0,14,261
2025-05-12,SKU0191,0,0.0,14,261
2025-05-19,SKU0191,218,375.0,14,261
2025-05-26,SKU0191,222,339.0,14,261
2025-06-02,SKU0191,265,328.0,14,261
2025-06-09,SKU0191,317,410.0,14,261
2025-06-16,SKU0191,191,0.0,14,261
2025-06-23,SKU0191,149,463.0,14,261
2025-06-30,SKU0191,36,0.0,14,261
2025-07-07,SKU0191,223,395.0,14,261
2025-07-14,SKU0191,359,404.0,14,261
2025-07-21,SKU0191,434,344.0,14,261
2025-07-28,SKU0191,316,0.0,14,261
2025-08-04,SKU0191,189,0.0,14,261
2025-08-11,SKU0191,59,0.0,14,261
2025-08-18,SKU0191,193,305.0,14,261
2025-08-25,SKU0191,90,0.0,14,261
2025-09-01,SKU0191,238,458.0,14,261
2025-09-08,SKU0191,110,0.0,14,261
2025-09-15,SKU0191,185,447.0,14,261
2025-09-22,SKU0191,79,,14,261
2025-09-29,SKU0191,0,0.0,14,261
2025-10-06,SKU0191,0,0.0,14,261
2025-10-13,SKU0191,231,418.0,14,261
2025-10-20,SKU0191,282,456.0,14,261
2025-10-27,SKU0191,404,357.0,14,261
2025-11-03,SKU0191,294,0.0,14,261
2025-11-10,SKU0191,271,365.0,14,261
2025-11-17,SKU0191,175,0.0,14,261
2025-11-24,SKU0191,239,341.0,14,261
2025-12-01,SKU0191,98,0.0,14,261
2025-12-08,SKU0191,0,0.0,14,261
2025-12-15,SKU0191,0,0.0,14,261
2025-12-22,SKU0191,0,0.0,14,261
2025-12-29,SKU0191,105,299.0,14,261
2024-01-01,SKU0192,673,0.0,14,416
2024-01-08,SKU0192,525,0.0,14,416
2024-01-15,SKU0192,699,601.0,14,416
2024-01-22,SKU0192,534,0.0,14,416
2024-01-29,SKU0192,684,490.0,14,416
2024-02-05,SKU0192,537,0.0,14,416
2024-02-12,SKU0192,368,0.0,14,416
2024-02-19,SKU0192,214,0.0,14,416
2024-02-26,SKU0192,348,585.0,14,416
2024-03-04,SKU0192,461,,14,416
2024-03-11,SKU0192,554,572.0,14,416
2024-03-18,SKU0192,383,0.0,14,416
2024-03-25,SKU0192,479,615.0,14,416
2024-04-01,SKU0192,594,491.0,14,416
2024-04-08,SKU0192,434,0.0,14,416
2024-04-15,SKU0192,381,521.0,14,416
2024-04-22,SKU0192,239,0.0,14,416
2024-04-29,SKU0192,204,566.0,14,416
2024-05-06,SKU0192,387,477.0,14,416
2024-05-13,SKU0192,414,477.0,14,416
2024-05-20,SKU0192,424,396.0,14,416
2024-05-27,SKU0192,280,0.0,14,416
2024-06-03,SKU0192,114,0.0,14,416
2024-06-10,SKU0192,196,414.0,14,416
2024-06-17,SKU0192,136,383.0,14,416
2024-06-24,SKU0192,0,0.0,14,416
2024-07-01,SKU0192,0,0.0,14,416
2024-07-08,SKU0192,231,493.0,14,416
2024-07-15,SKU0192,282,,14,416
2024-07-22,SKU0192,452,611.0,14,416
2024-07-29,SKU0192,301,,14,416
2024-08-05,SKU0192,434,394.0,14,416
2024-08-12,SKU0192,572,499.0,14,416
2024-08-19,SKU0192,593,477.0,14,416
2024-08-26,SKU0192,416,0.0,14,416
2024-09-02,SKU0192,513,450.0,14,416
2024-09-09,SKU0192,663,465.0,14,416
2024-09-16,SKU0192,514,0.0,14,416
2024-09-23,SKU0192,674,433.0,14,416
2024-09-30,SKU0192,516,0.0,14,416
2024-10-07,SKU0192,700,615.0,14,416
2024-10-14,SKU0192,554,0.0,14,416
2024-10-21,SKU0192,712,615.0,14,416
2024-10-28,SKU0192,527,0.0,14,416
2024-11-04,SKU0192,583,609.0,14,416
2024-11-11,SKU0192,421,0.0,14,416
2024-11-18,SKU0192,442,432.0,14,416
2024-11-25,SKU0192,298,0.0,14,416
2024-12-02,SKU0192,388,404.0,14,416
2024-12-09,SKU0192,362,580.0,14,416
2024-12-16,SKU0192,214,0.0,14,416
2024-12-23,SKU0192,50,0.0,14,416
2024-12-30,SKU0192,310,422.0,14,416
2025-01-06,SKU0192,454,479.0,14,416
2025-01-13,SKU0192,593,499.0,14,416
2025-01-20,SKU0192,446,0.0,14,416
2025-01-27,SKU0192,403,595.0,14,416
2025-02-03,SKU0192,269,0.0,14,416
2025-02-10,SKU0192,354,443.0,14,416
2025-02-17,SKU0192,209,0.0,14,416
2025-02-24,SKU0192,175,588.0,14,416
2025-03-03,SKU0192,274,410.0,14,416
2025-03-10,SKU0192,289,492.0,14,416
2025-03-17,SKU0192,138,0.0,14,416
2025-03-24,SKU0192,187,515.0,14,416
2025-03-31,SKU0192,26,0.0,14,416
2025-04-07,SKU0192,130,,14,416
2025-04-14,SKU0192,236,551.0,14,416
2025-04-21,SKU0192,221,561.0,14,416
2025-04-28,SKU0192,70,0.0,14,416
2025-05-05,SKU0192,284,528.0,14,416
2025-05-12,SKU0192,359,445.0,14,416
2025-05-19,SKU0192,200,0.0,14,416
2025-05-26,SKU0192,212,406.0,14,416
2025-06-02,SKU0192,55,0.0,14,416
2025-06-09,SKU0192,0,0.0,14,416
2025-06-16,SKU0192,264,532.0,14,416
2025-06-23,SKU0192,376,405.0,14,416
2025-06-30,SKU0192,496,508.0,14,416
2025-07-07,SKU0192,351,0.0,14,416
2025-07-14,SKU0192,449,479.0,14,416
2025-07-21,SKU0192,615,609.0,14,416
2025-07-28,SKU0192,474,0.0,14,416
2025-07-28,SKU0192,474,0.0,14,416
2025-08-04,SKU0192,327,0.0,14,416
2025-08-11,SKU0192,456,429.0,14,416
2025-08-18,SKU0192,267,0.0,14,416
2025-08-25,SKU0192,306,598.0,14,416
2025-09-01,SKU0192,255,418.0,14,416
2025-09-08,SKU0192,414,508.0,14,416
2025-09-15,SKU0192,265,0.0,14,416
2025-09-22,SKU0192,300,498.0,14,416
2025-09-29,SKU0192,262,610.0,14,416
2025-10-06,SKU0192,447,522.0,14,416
2025-10-13,SKU0192,285,0.0,14,416
2025-10-20,SKU0192,461,576.0,14,416
2025-10-27,SKU0192,507,457.0,14,416
2025-11-03,SKU0192,515,448.0,14,416
2025-11-10,SKU0192,364,0.0,14,416
2025-11-17,SKU0192,420,375.0,14,416
2025-11-24,SKU0192,275,0.0,14,416
2025-12-01,SKU0192,402,453.0,14,416
2025-12-08,SKU0192,209,0.0,14,416
2025-12-15,SKU0192,50,0.0,14,416
2025-12-22,SKU0192,0,0.0,14,416
2025-12-29,SKU0192,163,413.0,14,416
2024-05-27,SKU0193,799,0.0,10,254
2024-06-03,SKU0193,666,0.0,10,254
2024-06-10,SKU0193,531,0.0,10,254
2024-06-17,SKU0193,409,0.0,10,254
2024-06-24,SKU0193,288,0.0,10,254
2024-07-01,SKU0193,162,0.0,10,254
2024-07-08,SKU0193,60,0.0,10,254
2024-07-15,SKU0193,0,0.0,10,254
2024-07-22,SKU0193,0,0.0,10,254
2024-07-29,SKU0193,224,216.0,10,254
2024-08-05,SKU0193,107,0.0,10,254
2024-08-12,SKU0193,122,222.0,10,254
2024-08-19,SKU0193,1,0.0,10,254
2024-08-26,SKU0193,0,0.0,10,254
2024-09-02,SKU0193,0,0.0,10,254
2024-09-09,SKU0193,102,255.0,10,254
2024-09-16,SKU0193,219,296.0,10,254
2024-09-23,SKU0193,105,0.0,10,254
2024-09-30,SKU0193,0,0.0,10,254
2024-10-07,SKU0193,0,0.0,10,254
2024-10-14,SKU0193,0,0.0,10,254
2024-10-21,SKU0193,176,220.0,10,254
2024-10-28,SKU0193,67,0.0,10,254
2024-11-04,SKU0193,198,226.0,10,254
2024-11-11,SKU0193,58,0.0,10,254
2024-11-18,SKU0193,0,0.0,10,254
2024-11-25,SKU0193,129,297.0,10,254
2024-12-02,SKU0193,208,295.0,10,254
2024-12-09,SKU0193,188,290.0,10,254
2024-12-16,SKU0193,69,0.0,10,254
2024-12-23,SKU0193,163,324.0,10,254
2024-12-30,SKU0193,129,,10,254
2025-01-06,SKU0193,157,300.0,10,254
2025-01-13,SKU0193,50,0.0,10,254
2025-01-20,SKU0193,126,247.0,10,254
2025-01-27,SKU0193,1,0.0,10,254
2025-02-03,SKU0193,0,0.0,10,254
2025-02-10,SKU0193,244,218.0,10,254
2025-02-17,SKU0193,222,291.0,10,254
2025-02-24,SKU0193,254,,10,254
2025-03-03,SKU0193,251,318.0,10,254
2025-03-10,SKU0193,372,249.0,10,254
2025-03-17,SKU0193,259,0.0,10,254
2025-03-24,SKU0193,119,0.0,10,254
2025-03-31,SKU0193,242,294.0,10,254
2025-04-07,SKU0193,380,264.0,10,254
2025-04-14,SKU0193,266,0.0,10,254
2025-04-21,SKU0193,153,0.0,10,254
2025-04-28,SKU0193,49,0.0,10,254
2025-05-05,SKU0193,0,0.0,10,254
2025-05-12,SKU0193,216,246.0,10,254
2025-05-19,SKU0193,255,228.0,10,254
2025-05-26,SKU0193,152,0.0,10,254
2025-06-02,SKU0193,127,273.0,10,254
2025-06-09,SKU0193,171,276.0,10,254
2025-06-16,SKU0193,178,228.0,10,254
2025-06-23,SKU0193,158,271.0,10,254
2025-06-30,SKU0193,36,0.0,10,254
2025-07-07,SKU0193,233,286.0,10,254
2025-07-14,SKU0193,126,0.0,10,254
2025-07-21,SKU0193,0,0.0,10,254
2025-07-28,SKU0193,0,0.0,10,254
2025-08-04,SKU0193,0,0.0,10,254
2025-08-11,SKU0193,0,0.0,10,254
2025-08-18,SKU0193,233,220.0,10,254
2025-08-25,SKU0193,330,313.0,10,254
2025-09-01,SKU0193,307,247.0,10,254
2025-09-08,SKU0193,273,242.0,10,254
2025-09-15,SKU0193,297,280.0,10,254
2025-09-22,SKU0193,445,235.0,10,254
2025-09-29,SKU0193,330,0.0,10,254
2025-10-06,SKU0193,420,330.0,10,254
2025-10-13,SKU0193,284,0.0,10,254
2025-10-20,SKU0193,178,0.0,10,254
2025-10-27,SKU0193,152,233.0,10,254
2025-11-03,SKU0193,130,217.0,10,254
2025-11-10,SKU0193,149,,10,254
2025-11-17,SKU0193,160,218.0,10,254
2025-11-24,SKU0193,169,257.0,10,254
2025-12-01,SKU0193,264,330.0,10,254
2025-12-08,SKU0193,159,0.0,10,254
2025-12-15,SKU0193,51,0.0,10,254
2025-12-22,SKU0193,0,0.0,10,254
2025-12-29,SKU0193,244,282.0,10,254
2024-01-01,SKU0194,456,0.0,14,191
2024-01-08,SKU0194,373,0.0,14,191
2024-01-15,SKU0194,300,0.0,14,191
2024-01-22,SKU0194,213,0.0,14,191
2024-01-29,SKU0194,253,227.0,14,191
2024-02-05,SKU0194,175,0.0,14,191
2024-02-12,SKU0194,199,236.0,14,191
2024-02-19,SKU0194,198,287.0,14,191
2024-02-26,SKU0194,256,205.0,14,191
2024-03-04,SKU0194,196,0.0,14,191
2024-03-11,SKU0194,268,204.0,14,191
2024-03-18,SKU0194,250,240.0,14,191
2024-03-25,SKU0194,162,0.0,14,191
2024-04-01,SKU0194,177,236.0,14,191
2024-04-08,SKU0194,94,0.0,14,191
2024-04-15,SKU0194,17,0.0,14,191
2024-04-22,SKU0194,120,300.0,14,191
2024-04-29,SKU0194,39,,14,191
2024-05-06,SKU0194,0,0.0,14,191
2024-05-13,SKU0194,0,0.0,14,191
2024-05-20,SKU0194,148,259.0,14,191
2024-05-27,SKU0194,156,315.0,14,191
2024-06-03,SKU0194,227,213.0,14,191
2024-06-10,SKU0194,213,277.0,14,191
2024-06-17,SKU0194,231,302.0,14,191
2024-06-24,SKU0194,152,0.0,14,191
2024-07-01,SKU0194,240,202.0,14,191
2024-07-08,SKU0194,175,0.0,14,191
2024-07-15,SKU0194,99,0.0,14,191
2024-07-22,SKU0194,35,0.0,14,191
2024-07-29,SKU0194,134,286.0,14,191
2024-08-05,SKU0194,144,260.0,14,191
2024-08-12,SKU0194,78,0.0,14,191
2024-08-19,SKU0194,99,200.0,14,191
2024-08-26,SKU0194,32,0.0,14,191
2024-09-02,SKU0194,164,229.0,14,191
2024-09-09,SKU0194,163,292.0,14,191
2024-09-16,SKU0194,151,217.0,14,191
2024-09-23,SKU0194,83,0.0,14,191
2024-09-30,SKU0194,116,200.0,14,191
2024-10-07,SKU0194,162,213.0,14,191
2024-10-14,SKU0194,80,0.0,14,191
2024-10-21,SKU0194,154,276.0,14,191
2024-10-28,SKU0194,133,281.0,14,191
2024-11-04,SKU0194,43,0.0,14,191
2024-11-11,SKU0194,142,254.0,14,191
2024-11-18,SKU0194,135,257.0,14,191
2024-11-25,SKU0194,50,0.0,14,191
2024-12-02,SKU0194,137,249.0,14,191
2024-12-09,SKU0194,202,278.0,14,191
2024-12-16,SKU0194,224,305.0,14,191
2024-12-23,SKU0194,152,0.0,14,191
2024-12-30,SKU0194,204,302.0,14,191
2025-01-06,SKU0194,256,265.0,14,191
2025-01-13,SKU0194,271,224.0,14,191
2025-01-20,SKU0194,177,0.0,14,191
2025-01-27,SKU0194,162,215.0,14,191
2025-02-03,SKU0194,238,294.0,14,191
2025-02-10,SKU0194,281,210.0,14,191
2025-02-17,SKU0194,203,0.0,14,191
2025-02-24,SKU0194,203,306.0,14,191
2025-03-03,SKU0194,122,0.0,14,191
2025-03-10,SKU0194,35,0.0,14,191
2025-03-17,SKU0194,107,210.0,14,191
2025-03-24,SKU0194,197,204.0,14,191
2025-03-31,SKU0194,198,252.0,14,191
2025-04-07,SKU0194,229,268.0,14,191
2025-04-14,SKU0194,149,0.0,14,191
2025-04-21,SKU0194,68,0.0,14,191
2025-04-28,SKU0194,0,0.0,14,191
2025-05-05,SKU0194,69,311.0,14,191
2025-05-12,SKU0194,0,0.0,14,191
2025-05-19,SKU0194,82,203.0,14,191
2025-05-26,SKU0194,76,253.0,14,191
2025-06-02,SKU0194,71,246.0,14,191
2025-06-09,SKU0194,7,,14,191
2025-06-16,SKU0194,0,0.0,14,191
2025-06-23,SKU0194,125,299.0,14,191
2025-06-30,SKU0194,60,0.0,14,191
2025-07-07,SKU0194,61,191.0,14,191
2025-07-14,SKU0194,87,223.0,14,191
2025-07-21,SKU0194,90,245.0,14,191
2025-07-28,SKU0194,125,231.0,14,191
2025-08-04,SKU0194,46,0.0,14,191
2025-08-11,SKU0194,136,303.0,14,191
2025-08-18,SKU0194,165,209.0,14,191
2025-08-25,SKU0194,216,315.0,14,191
2025-09-01,SKU0194,231,243.0,14,191
2025-09-08,SKU0194,298,205.0,14,191
2025-09-15,SKU0194,228,0.0,14,191
2025-09-22,SKU0194,222,292.0,14,191
2025-09-29,SKU0194,281,232.0,14,191
2025-10-06,SKU0194,210,0.0,14,191
2025-10-13,SKU0194,223,314.0,14,191
2025-10-20,SKU0194,304,273.0,14,191
2025-10-27,SKU0194,228,0.0,14,191
2025-11-03,SKU0194,308,251.0,14,191
2025-11-10,SKU0194,230,0.0,14,191
2025-11-17,SKU0194,220,254.0,14,191
2025-11-24,SKU0194,141,0.0,14,191
2025-12-01,SKU0194,204,234.0,14,191
2025-12-08,SKU0194,263,209.0,14,191
2025-12-15,SKU0194,191,0.0,14,191
2025-12-22,SKU0194,196,216.0,14,191
2025-12-29,SKU0194,234,260.0,14,191
2024-01-01,SKU0195,107,0.0,7,33
2024-01-08,SKU0195,80,0.0,7,33
2024-01-15,SKU0195,47,0.0,7,33
2024-01-22,SKU0195,53,,7,33
2024-01-29,SKU0195,29,0.0,7,33
2024-02-05,SKU0195,45,42.0,7,33
2024-02-12,SKU0195,66,38.0,7,33
2024-02-19,SKU0195,44,0.0,7,33
2024-02-26,SKU0195,66,37.0,7,33
2024-03-04,SKU0195,33,0.0,7,33
2024-03-11,SKU0195,45,36.0,7,33
2024-03-18,SKU0195,64,47.0,7,33
2024-03-25,SKU0195,36,0.0,7,33
2024-04-01,SKU0195,44,44.0,7,33
2024-04-08,SKU0195,17,0.0,7,33
2024-04-15,SKU0195,0,0.0,7,33
2024-04-22,SKU0195,0,0.0,7,33
2024-04-29,SKU0195,31,44.0,7,33
2024-05-06,SKU0195,37,37.0,7,33
2024-05-13,SKU0195,64,48.0,7,33
2024-05-20,SKU0195,35,0.0,7,33
2024-05-27,SKU0195,57,44.0,7,33
2024-06-03,SKU0195,32,0.0,7,33
2024-06-10,SKU0195,15,0.0,7,33
2024-06-17,SKU0195,35,52.0,7,33
2024-06-24,SKU0195,34,50.0,7,33
2024-07-01,SKU0195,41,32.0,7,33
2024-07-08,SKU0195,66,46.0,7,33
2024-07-15,SKU0195,38,0.0,7,33
2024-07-22,SKU0195,41,40.0,7,33
2024-07-29,SKU0195,25,0.0,7,33
2024-08-05,SKU0195,0,0.0,7,33
2024-08-12,SKU0195,56,33.0,7,33
2024-08-19,SKU0195,24,0.0,7,33
2024-08-26,SKU0195,33,52.0,7,33
2024-09-02,SKU0195,50,35.0,7,33
2024-09-09,SKU0195,38,40.0,7,33
2024-09-16,SKU0195,20,0.0,7,33
2024-09-23,SKU0195,0,0.0,7,33
2024-09-30,SKU0195,0,0.0,7,33
2024-10-07,SKU0195,48,45.0,7,33
2024-10-14,SKU0195,16,0.0,7,33
2024-10-21,SKU0195,43,33.0,7,33
2024-10-28,SKU0195,21,0.0,7,33
2024-11-04,SKU0195,0,0.0,7,33
2024-11-11,SKU0195,43,34.0,7,33
2024-11-18,SKU0195,57,46.0,7,33
2024-11-25,SKU0195,33,0.0,7,33
2024-12-02,SKU0195,1,0.0,7,33
2024-12-09,SKU0195,35,50.0,7,33
2024-12-16,SKU0195,13,0.0,7,33
2024-12-23,SKU0195,51,37.0,7,33
2024-12-30,SKU0195,27,0.0,7,33
2025-01-06,SKU0195,5,0.0,7,33
2025-01-13,SKU0195,0,0.0,7,33
2025-01-20,SKU0195,0,0.0,7,33
2025-01-27,SKU0195,34,36.0,7,33
2025-02-03,SKU0195,43,42.0,7,33
2025-02-10,SKU0195,7,0.0,7,33
2025-02-17,SKU0195,0,0.0,7,33
2025-02-24,SKU0195,0,0.0,7,33
2025-03-03,SKU0195,0,0.0,7,33
2025-03-10,SKU0195,39,45.0,7,33
2025-03-17,SKU0195,0,0.0,7,33
2025-03-24,SKU0195,47,35.0,7,33
2025-03-31,SKU0195,71,44.0,7,33
2025-04-07,SKU0195,50,0.0,7,33
2025-04-14,SKU0195,24,0.0,7,33
2025-04-21,SKU0195,32,44.0,7,33
2025-04-28,SKU0195,29,38.0,7,33
2025-05-05,SKU0195,62,44.0,7,33
2025-05-12,SKU0195,30,0.0,7,33
2025-05-19,SKU0195,66,36.0,7,33
2025-05-26,SKU0195,47,0.0,7,33
2025-06-02,SKU0195,54,44.0,7,33
2025-06-09,SKU0195,35,0.0,7,33
2025-06-16,SKU0195,15,0.0,7,33
2025-06-23,SKU0195,56,43.0,7,33
2025-06-30,SKU0195,35,0.0,7,33
2025-07-07,SKU0195,0,0.0,7,33
2025-07-14,SKU0195,43,35.0,7,33
2025-07-21,SKU0195,40,41.0,7,33
2025-07-28,SKU0195,44,41.0,7,33
2025-08-04,SKU0195,66,36.0,7,33
2025-08-11,SKU0195,35,0.0,7,33
2025-08-18,SKU0195,9,0.0,7,33
2025-08-25,SKU0195,0,0.0,7,33
2025-09-01,SKU0195,0,,7,33
2025-09-08,SKU0195,28,53.0,7,33
2025-09-15,SKU0195,1,0.0,7,33
2025-09-22,SKU0195,34,36.0,7,33
2025-09-29,SKU0195,41,48.0,7,33
2025-10-06,SKU0195,14,0.0,7,33
2025-10-13,SKU0195,38,53.0,7,33
2025-10-20,SKU0195,34,41.0,7,33
2025-10-27,SKU0195,15,0.0,7,33
2025-11-03,SKU0195,36,48.0,7,33
2025-11-10,SKU0195,21,45.0,7,33
2025-11-17,SKU0195,57,33.0,7,33
2025-11-24,SKU0195,39,0.0,7,33
2025-12-01,SKU0195,28,50.0,7,33
2025-12-08,SKU0195,0,0.0,7,33
2025-12-15,SKU0195,40,50.0,7,33
2025-12-22,SKU0195,42,48.0,7,33
2025-12-29,SKU0195,66,36.0,7,33
2024-01-01,SKU0196,188,216.0,21,125
2024-01-08,SKU0196,147,0.0,21,125
2024-01-15,SKU0196,177,222.0,21,125
2024-01-22,SKU0196,122,0.0,21,125
2024-01-29,SKU0196,133,203.0,21,125
2024-02-05,SKU0196,98,0.0,21,125
2024-02-12,SKU0196,97,181.0,21,125
2024-02-19,SKU0196,60,0.0,21,125
2024-02-26,SKU0196,25,0.0,21,125
2024-03-04,SKU0196,65,203.0,21,125
2024-03-11,SKU0196,89,177.0,21,125
2024-03-18,SKU0196,94,143.0,21,125
2024-03-25,SKU0196,122,228.0,21,125
2024-04-01,SKU0196,116,180.0,21,125
2024-04-08,SKU0196,76,0.0,21,125
2024-04-15,SKU0196,105,227.0,21,125
2024-04-22,SKU0196,146,185.0,21,125
2024-04-29,SKU0196,136,229.0,21,125
2024-05-06,SKU0196,161,143.0,21,125
2024-05-13,SKU0196,144,165.0,21,125
2024-05-20,SKU0196,101,0.0,21,125
2024-05-27,SKU0196,130,208.0,21,125
2024-06-03,SKU0196,142,188.0,21,125
2024-06-10,SKU0196,155,188.0,21,125
2024-06-17,SKU0196,158,178.0,21,125
2024-06-24,SKU0196,130,0.0,21,125
2024-07-01,SKU0196,116,142.0,21,125
2024-07-08,SKU0196,70,0.0,21,125
2024-07-15,SKU0196,99,157.0,21,125
2024-07-22,SKU0196,62,0.0,21,125
2024-07-29,SKU0196,57,185.0,21,125
2024-08-05,SKU0196,16,0.0,21,125
2024-08-12,SKU0196,60,194.0,21,125
2024-08-19,SKU0196,15,0.0,21,125
2024-08-26,SKU0196,0,0.0,21,125
2024-09-02,SKU0196,80,178.0,21,125
2024-09-09,SKU0196,81,205.0,21,125
2024-09-16,SKU0196,42,0.0,21,125
2024-09-23,SKU0196,53,152.0,21,125
2024-09-30,SKU0196,29,0.0,21,125
2024-10-07,SKU0196,0,0.0,21,125
2024-10-14,SKU0196,49,154.0,21,125
2024-10-21,SKU0196,0,0.0,21,125
2024-10-28,SKU0196,42,205.0,21,125
2024-11-04,SKU0196,52,232.0,21,125
2024-11-11,SKU0196,85,186.0,21,125
2024-11-18,SKU0196,50,0.0,21,125
2024-11-25,SKU0196,60,173.0,21,125
2024-12-02,SKU0196,86,223.0,21,125
2024-12-09,SKU0196,36,0.0,21,125
2024-12-16,SKU0196,76,163.0,21,125
2024-12-23,SKU0196,42,0.0,21,125
2024-12-30,SKU0196,36,175.0,21,125
2025-01-06,SKU0196,0,0.0,21,125
2025-01-13,SKU0196,0,0.0,21,125
2025-01-20,SKU0196,0,0.0,21,125
2025-01-27,SKU0196,57,224.0,21,125
2025-02-03,SKU0196,53,167.0,21,125
2025-02-10,SKU0196,59,221.0,21,125
2025-02-17,SKU0196,85,230.0,21,125
2025-02-24,SKU0196,87,164.0,21,125
2025-03-03,SKU0196,42,0.0,21,125
2025-03-10,SKU0196,0,0.0,21,125
2025-03-17,SKU0196,58,194.0,21,125
2025-03-24,SKU0196,62,168.0,21,125
2025-03-31,SKU0196,92,191.0,21,125
2025-04-07,SKU0196,128,167.0,21,125
2025-04-14,SKU0196,139,199.0,21,125
2025-04-21,SKU0196,140,213.0,21,125
2025-04-28,SKU0196,175,150.0,21,125
2025-05-05,SKU0196,135,0.0,21,125
2025-05-12,SKU0196,176,207.0,21,125
2025-05-19,SKU0196,139,0.0,21,125
2025-05-26,SKU0196,147,148.0,21,125
2025-06-02,SKU0196,110,0.0,21,125
2025-06-09,SKU0196,125,213.0,21,125
2025-06-16,SKU0196,130,219.0,21,125
2025-06-23,SKU0196,136,161.0,21,125
2025-06-30,SKU0196,102,,21,125
2025-07-07,SKU0196,66,0.0,21,125
2025-07-14,SKU0196,72,149.0,21,125
2025-07-21,SKU0196,91,200.0,21,125
2025-07-28,SKU0196,60,0.0,21,125
2025-08-04,SKU0196,69,175.0,21,125
2025-08-11,SKU0196,104,209.0,21,125
2025-08-18,SKU0196,73,0.0,21,125
2025-08-25,SKU0196,104,169.0,21,125
2025-09-01,SKU0196,135,214.0,21,125
2025-09-08,SKU0196,92,0.0,21,125
2025-09-15,SKU0196,49,0.0,21,125
2025-09-22,SKU0196,52,185.0,21,125
2025-09-29,SKU0196,72,193.0,21,125
2025-10-06,SKU0196,112,220.0,21,125
2025-10-13,SKU0196,132,189.0,21,125
2025-10-20,SKU0196,176,180.0,21,125
2025-10-27,SKU0196,151,0.0,21,125
2025-11-03,SKU0196,114,0.0,21,125
2025-11-10,SKU0196,135,164.0,21,125
2025-11-17,SKU0196,88,0.0,21,125
2025-11-24,SKU0196,136,174.0,21,125
2025-12-01,SKU0196,188,182.0,21,125
2025-12-08,SKU0196,149,0.0,21,125
2025-12-15,SKU0196,195,159.0,21,125
2025-12-22,SKU0196,157,0.0,21,125
2025-12-29,SKU0196,159,209.0,21,125
2024-01-01,SKU0197,881,0.0,10,223
2024-01-08,SKU0197,715,0.0,10,223
2024-01-15,SKU0197,561,0.0,10,223
2024-01-22,SKU0197,409,0.0,10,223
2024-01-29,SKU0197,269,0.0,10,223
2024-02-05,SKU0197,136,0.0,10,223
2024-02-12,SKU0197,249,401.0,10,223
2024-02-19,SKU0197,214,345.0,10,223
2024-02-26,SKU0197,381,368.0,10,223
2024-03-04,SKU0197,240,0.0,10,223
2024-03-11,SKU0197,82,0.0,10,223
2024-03-18,SKU0197,207,362.0,10,223
2024-03-25,SKU0197,68,0.0,10,223
2024-04-01,SKU0197,251,347.0,10,223
2024-04-08,SKU0197,86,0.0,10,223
2024-04-15,SKU0197,187,340.0,10,223
2024-04-22,SKU0197,273,321.0,10,223
2024-04-29,SKU0197,410,378.0,10,223
2024-05-06,SKU0197,262,0.0,10,223
2024-05-13,SKU0197,127,0.0,10,223
2024-05-20,SKU0197,0,0.0,10,223
2024-05-27,SKU0197,0,0.0,10,223
2024-06-03,SKU0197,0,0.0,10,223
2024-06-10,SKU0197,129,282.0,10,223
2024-06-17,SKU0197,0,0.0,10,223
2024-06-24,SKU0197,297,399.0,10,223
2024-07-01,SKU0197,138,0.0,10,223
2024-07-08,SKU0197,13,0.0,10,223
2024-07-15,SKU0197,0,0.0,10,223
2024-07-22,SKU0197,270,326.0,10,223
2024-07-29,SKU0197,292,388.0,10,223
2024-08-05,SKU0197,455,311.0,10,223
2024-08-12,SKU0197,307,0.0,10,223
2024-08-19,SKU0197,180,0.0,10,223
2024-08-26,SKU0197,233,378.0,10,223
2024-09-02,SKU0197,333,385.0,10,223
2024-09-09,SKU0197,476,372.0,10,223
2024-09-16,SKU0197,336,0.0,10,223
2024-09-23,SKU0197,324,368.0,10,223
2024-09-30,SKU0197,293,303.0,10,223
2024-10-07,SKU0197,162,0.0,10,223
2024-10-14,SKU0197,21,0.0,10,223
2024-10-21,SKU0197,153,326.0,10,223
2024-10-28,SKU0197,314,305.0,10,223
2024-11-04,SKU0197,328,324.0,10,223
2024-11-11,SKU0197,412,390.0,10,223
2024-11-18,SKU0197,274,0.0,10,223
2024-11-25,SKU0197,369,402.0,10,223
2024-12-02,SKU0197,234,0.0,10,223
2024-12-09,SKU0197,81,0.0,10,223
2024-12-16,SKU0197,0,0.0,10,223
2024-12-23,SKU0197,0,0.0,10,223
2024-12-30,SKU0197,0,0.0,10,223
2025-01-06,SKU0197,0,0.0,10,223
2025-01-13,SKU0197,0,0.0,10,223
2025-01-20,SKU0197,162,326.0,10,223
2025-01-27,SKU0197,289,264.0,10,223
2025-02-03,SKU0197,322,322.0,10,223
2025-02-10,SKU0197,169,0.0,10,223
2025-02-17,SKU0197,281,364.0,10,223
2025-02-24,SKU0197,261,363.0,10,223
2025-03-03,SKU0197,349,250.0,10,223
2025-03-10,SKU0197,424,347.0,10,223
2025-03-17,SKU0197,296,0.0,10,223
2025-03-24,SKU0197,160,0.0,10,223
2025-03-31,SKU0197,23,0.0,10,223
2025-04-07,SKU0197,152,340.0,10,223
2025-04-14,SKU0197,202,327.0,10,223
2025-04-21,SKU0197,216,252.0,10,223
2025-04-28,SKU0197,84,0.0,10,223
2025-05-05,SKU0197,0,0.0,10,223
2025-05-12,SKU0197,0,0.0,10,223
2025-05-19,SKU0197,104,317.0,10,223
2025-05-26,SKU0197,0,0.0,10,223
2025-06-02,SKU0197,0,0.0,10,223
2025-06-09,SKU0197,120,285.0,10,223
2025-06-16,SKU0197,0,0.0,10,223
2025-06-23,SKU0197,209,370.0,10,223
2025-06-30,SKU0197,333,249.0,10,223
2025-07-07,SKU0197,328,275.0,10,223
2025-07-14,SKU0197,381,280.0,10,223
2025-07-21,SKU0197,432,258.0,10,223
2025-07-28,SKU0197,282,0.0,10,223
2025-08-04,SKU0197,276,298.0,10,223
2025-08-11,SKU0197,119,0.0,10,223
2025-08-18,SKU0197,158,402.0,10,223
2025-08-25,SKU0197,233,322.0,10,223
2025-09-01,SKU0197,90,0.0,10,223
2025-09-08,SKU0197,0,,10,223
2025-09-15,SKU0197,0,0.0,10,223
2025-09-22,SKU0197,0,0.0,10,223
2025-09-29,SKU0197,236,380.0,10,223
2025-10-06,SKU0197,360,314.0,10,223
2025-10-13,SKU0197,219,0.0,10,223
2025-10-20,SKU0197,77,0.0,10,223
2025-10-27,SKU0197,0,0.0,10,223
2025-11-03,SKU0197,230,300.0,10,223
2025-11-10,SKU0197,189,319.0,10,223
2025-11-17,SKU0197,38,0.0,10,223
2025-11-24,SKU0197,0,0.0,10,223
2025-12-01,SKU0197,0,0.0,10,223
2025-12-08,SKU0197,158,311.0,10,223
2025-12-15,SKU0197,205,257.0,10,223
2025-12-22,SKU0197,265,366.0,10,223
2025-12-29,SKU0197,140,0.0,10,223
2024-01-01,SKU0198,43,0.0,7,20
2024-01-08,SKU0198,23,0.0,7,20
2024-01-15,SKU0198,14,31.0,7,20
2024-01-22,SKU0198,17,28.0,7,20
2024-01-29,SKU0198,0,0.0,7,20
2024-02-05,SKU0198,26,26.0,7,20
2024-02-12,SKU0198,31,19.0,7,20
2024-02-19,SKU0198,37,28.0,7,20
2024-02-26,SKU0198,13,0.0,7,20
2024-03-04,SKU0198,22,27.0,7,20
2024-03-11,SKU0198,23,21.0,7,20
2024-03-18,SKU0198,35,29.0,7,20
2024-03-25,SKU0198,12,0.0,7,20
2024-04-01,SKU0198,0,0.0,7,20
2024-04-08,SKU0198,32,22.0,7,20
2024-04-15,SKU0198,38,23.0,7,20
2024-04-22,SKU0198,24,0.0,7,20
2024-04-29,SKU0198,28,27.0,7,20
2024-05-06,SKU0198,26,27.0,7,20
2024-05-13,SKU0198,28,26.0,7,20
2024-05-20,SKU0198,28,31.0,7,20
2024-05-27,SKU0198,41,26.0,7,20
2024-06-03,SKU0198,25,0.0,7,20
2024-06-10,SKU0198,6,0.0,7,20
2024-06-17,SKU0198,0,0.0,7,20
2024-06-24,SKU0198,0,0.0,7,20
2024-07-01,SKU0198,0,0.0,7,20
2024-07-08,SKU0198,20,27.0,7,20
2024-07-15,SKU0198,26,26.0,7,20
2024-07-22,SKU0198,24,23.0,7,20
2024-07-29,SKU0198,36,31.0,7,20
2024-08-05,SKU0198,19,0.0,7,20
2024-08-12,SKU0198,0,0.0,7,20
2024-08-19,SKU0198,12,30.0,7,20
2024-08-26,SKU0198,19,24.0,7,20
2024-09-02,SKU0198,20,20.0,7,20
2024-09-09,SKU0198,29,20.0,7,20
2024-09-16,SKU0198,30,21.0,7,20
2024-09-23,SKU0198,37,19.0,7,20
2024-09-30,SKU0198,20,0.0,7,20
2024-10-07,SKU0198,23,20.0,7,20
2024-10-14,SKU0198,29,30.0,7,20
2024-10-21,SKU0198,45,29.0,7,20
2024-10-28,SKU0198,28,0.0,7,20
2024-11-04,SKU0198,10,0.0,7,20
2024-11-11,SKU0198,33,22.0,7,20
2024-11-18,SKU0198,35,29.0,7,20
2024-11-25,SKU0198,21,0.0,7,20
2024-12-02,SKU0198,20,28.0,7,20
2024-12-09,SKU0198,22,26.0,7,20
2024-12-16,SKU0198,12,0.0,7,20
2024-12-23,SKU0198,14,31.0,7,20
2024-12-30,SKU0198,0,0.0,7,20
2025-01-06,SKU0198,17,19.0,7,20
2025-01-13,SKU0198,0,0.0,7,20
2025-01-20,SKU0198,0,0.0,7,20
2025-01-27,SKU0198,0,0.0,7,20
2025-02-03,SKU0198,19,31.0,7,20
2025-02-10,SKU0198,20,31.0,7,20
2025-02-17,SKU0198,3,0.0,7,20
2025-02-24,SKU0198,32,23.0,7,20
2025-03-03,SKU0198,15,0.0,7,20
2025-03-10,SKU0198,27,31.0,7,20
2025-03-17,SKU0198,30,22.0,7,20
2025-03-24,SKU0198,10,0.0,7,20
2025-03-31,SKU0198,0,0.0,7,20
2025-04-07,SKU0198,0,0.0,7,20
2025-04-14,SKU0198,30,26.0,7,20
2025-04-21,SKU0198,24,23.0,7,20
2025-04-28,SKU0198,28,21.0,7,20
2025-05-05,SKU0198,31,19.0,7,20
2025-05-12,SKU0198,14,0.0,7,20
2025-05-19,SKU0198,0,0.0,7,20
2025-05-26,SKU0198,30,23.0,7,20
2025-06-02,SKU0198,43,28.0,7,20
2025-06-09,SKU0198,30,0.0,7,20
2025-06-16,SKU0198,33,28.0,7,20
2025-06-23,SKU0198,18,0.0,7,20
2025-06-30,SKU0198,0,0.0,7,20
2025-07-07,SKU0198,26,22.0,7,20
2025-07-14,SKU0198,29,21.0,7,20
2025-07-21,SKU0198,39,25.0,7,20
2025-07-28,SKU0198,25,0.0,7,20
2025-08-04,SKU0198,41,22.0,7,20
2025-08-11,SKU0198,22,0.0,7,20
2025-08-18,SKU0198,8,0.0,7,20
2025-08-25,SKU0198,2,0.0,7,20
2025-09-01,SKU0198,21,25.0,7,20
2025-09-08,SKU0198,1,0.0,7,20
2025-09-15,SKU0198,28,23.0,7,20
2025-09-22,SKU0198,36,28.0,7,20
2025-09-29,SKU0198,13,0.0,7,20
2025-10-06,SKU0198,21,27.0,7,20
2025-10-13,SKU0198,5,0.0,7,20
2025-10-20,SKU0198,24,28.0,7,20
2025-10-27,SKU0198,32,28.0,7,20
2025-11-03,SKU0198,21,0.0,7,20
2025-11-10,SKU0198,4,0.0,7,20
2025-11-17,SKU0198,27,28.0,7,20
2025-11-24,SKU0198,43,19.0,7,20
2025-12-01,SKU0198,31,0.0,7,20
2025-12-08,SKU0198,20,0.0,7,20
2025-12-15,SKU0198,37,30.0,7,20
2025-12-22,SKU0198,24,0.0,7,20
2025-12-29,SKU0198,14,30.0,7,20
2024-01-01,SKU0199,354,0.0,7,251
2024-01-08,SKU0199,196,0.0,7,251
2024-01-15,SKU0199,364,225.0,7,251
2024-01-22,SKU0199,483,254.0,7,251
2024-01-29,SKU0199,314,0.0,7,251
2024-02-05,SKU0199,361,203.0,7,251
2024-02-12,SKU0199,192,0.0,7,251
2024-02-19,SKU0199,28,0.0,7,251
2024-02-26,SKU0199,303,244.0,7,251
2024-03-04,SKU0199,447,287.0,7,251
2024-03-11,SKU0199,275,0.0,7,251
2024-03-18,SKU0199,319,277.0,7,251
2024-03-25,SKU0199,405,326.0,7,251
2024-04-01,SKU0199,211,0.0,7,251
2024-04-08,SKU0199,329,315.0,7,251
2024-04-15,SKU0199,400,312.0,7,251
2024-04-22,SKU0199,223,0.0,7,251
2024-04-29,SKU0199,69,0.0,7,251
2024-05-06,SKU0199,137,311.0,7,251
2024-05-13,SKU0199,249,287.0,7,251
2024-05-20,SKU0199,78,0.0,7,251
2024-05-27,SKU0199,252,254.0,7,251
2024-06-03,SKU0199,382,249.0,7,251
2024-06-10,SKU0199,515,286.0,7,251
2024-06-17,SKU0199,367,0.0,7,251
2024-06-24,SKU0199,176,0.0,7,251
2024-07-01,SKU0199,9,0.0,7,251
2024-07-08,SKU0199,0,0.0,7,251
2024-07-15,SKU0199,275,292.0,7,251
2024-07-22,SKU0199,117,0.0,7,251
2024-07-29,SKU0199,297,310.0,7,251
2024-08-05,SKU0199,328,,7,251
2024-08-12,SKU0199,335,203.0,7,251
2024-08-19,SKU0199,321,216.0,7,251
2024-08-26,SKU0199,153,0.0,7,251
2024-09-02,SKU0199,188,320.0,7,251
2024-09-09,SKU0199,19,0.0,7,251
2024-09-16,SKU0199,120,267.0,7,251
2024-09-23,SKU0199,328,311.0,7,251
2024-09-30,SKU0199,354,231.0,7,251
2024-10-07,SKU0199,330,303.0,7,251
2024-10-14,SKU0199,348,219.0,7,251
2024-10-21,SKU0199,384,331.0,7,251
2024-10-28,SKU0199,528,268.0,7,251
2024-11-04,SKU0199,338,0.0,7,251
2024-11-11,SKU0199,170,0.0,7,251
2024-11-18,SKU0199,3,0.0,7,251
2024-11-25,SKU0199,141,284.0,7,251
2024-12-02,SKU0199,357,251.0,7,251
2024-12-09,SKU0199,387,306.0,7,251
2024-12-16,SKU0199,557,324.0,7,251
2024-12-23,SKU0199,379,0.0,7,251
2024-12-30,SKU0199,214,0.0,7,251
2025-01-06,SKU0199,38,0.0,7,251
2025-01-13,SKU0199,320,220.0,7,251
2025-01-20,SKU0199,464,207.0,7,251
2025-01-27,SKU0199,303,0.0,7,251
2025-02-03,SKU0199,141,0.0,7,251
2025-02-10,SKU0199,193,300.0,7,251
2025-02-17,SKU0199,201,209.0,7,251
2025-02-24,SKU0199,56,0.0,7,251
2025-03-03,SKU0199,0,0.0,7,251
2025-03-10,SKU0199,239,257.0,7,251
2025-03-17,SKU0199,205,211.0,7,251
2025-03-24,SKU0199,51,0.0,7,251
2025-03-31,SKU0199,0,0.0,7,251
2025-04-07,SKU0199,321,267.0,7,251
2025-04-14,SKU0199,151,0.0,7,251
2025-04-21,SKU0199,198,239.0,7,251
2025-04-28,SKU0199,49,0.0,7,251
2025-05-05,SKU0199,0,0.0,7,251
2025-05-12,SKU0199,213,205.0,7,251
2025-05-19,SKU0199,234,,7,251
2025-05-26,SKU0199,76,0.0,7,251
2025-06-02,SKU0199,0,0.0,7,251
2025-06-09,SKU0199,195,261.0,7,251
2025-06-16,SKU0199,18,0.0,7,251
2025-06-23,SKU0199,244,258.0,7,251
2025-06-30,SKU0199,92,0.0,7,251
2025-07-07,SKU0199,240,262.0,7,251
2025-07-14,SKU0199,40,0.0,7,251
2025-07-21,SKU0199,328,278.0,7,251
2025-07-28,SKU0199,317,322.0,7,251
2025-08-04,SKU0199,168,,7,251
2025-08-11,SKU0199,219,222.0,7,251
2025-08-18,SKU0199,47,0.0,7,251
2025-08-25,SKU0199,193,235.0,7,251
2025-09-01,SKU0199,381,319.0,7,251
2025-09-08,SKU0199,207,0.0,7,251
2025-09-15,SKU0199,22,0.0,7,251
2025-09-22,SKU0199,0,0.0,7,251
2025-09-29,SKU0199,343,242.0,7,251
2025-10-06,SKU0199,427,302.0,7,251
2025-10-13,SKU0199,491,300.0,7,251
2025-10-20,SKU0199,337,0.0,7,251
2025-10-27,SKU0199,175,0.0,7,251
2025-11-03,SKU0199,236,321.0,7,251
2025-11-10,SKU0199,304,221.0,7,251
2025-11-17,SKU0199,151,0.0,7,251
2025-11-24,SKU0199,155,325.0,7,251
2025-12-01,SKU0199,337,221.0,7,251
2025-12-08,SKU0199,503,247.0,7,251
2025-12-15,SKU0199,334,0.0,7,251
2025-12-22,SKU0199,167,0.0,7,251
2025-12-29,SKU0199,250,215.0,7,251
2024-01-01,SKU0200,166,0.0,7,218
2024-01-08,SKU0200,0,0.0,7,218
2024-01-15,SKU0200,146,262.0,7,218
2024-01-22,SKU0200,0,0.0,7,218
2024-01-29,SKU0200,0,0.0,7,218
2024-02-05,SKU0200,276,252.0,7,218
2024-02-12,SKU0200,429,332.0,7,218
2024-02-19,SKU0200,281,0.0,7,218
2024-02-26,SKU0200,99,0.0,7,218
2024-03-04,SKU0200,229,225.0,7,218
2024-03-11,SKU0200,347,269.0,7,218
2024-03-18,SKU0200,306,293.0,7,218
2024-03-25,SKU0200,292,255.0,7,218
2024-04-01,SKU0200,465,276.0,7,218
2024-04-08,SKU0200,295,0.0,7,218
2024-04-15,SKU0200,349,299.0,7,218
2024-04-22,SKU0200,185,0.0,7,218
2024-04-29,SKU0200,248,299.0,7,218
2024-05-06,SKU0200,271,272.0,7,218
2024-05-13,SKU0200,364,341.0,7,218
2024-05-20,SKU0200,188,0.0,7,218
2024-05-27,SKU0200,373,267.0,7,218
2024-06-03,SKU0200,363,248.0,7,218
2024-06-10,SKU0200,203,0.0,7,218
2024-06-17,SKU0200,33,0.0,7,218
2024-06-24,SKU0200,0,,7,218
2024-07-01,SKU0200,178,226.0,7,218
2024-07-08,SKU0200,8,0.0,7,218
2024-07-15,SKU0200,0,0.0,7,218
2024-07-22,SKU0200,184,262.0,7,218
2024-07-29,SKU0200,1,0.0,7,218
2024-08-05,SKU0200,0,0.0,7,218
2024-08-12,SKU0200,0,0.0,7,218
2024-08-19,SKU0200,229,322.0,7,218
2024-08-26,SKU0200,51,0.0,7,218
2024-09-02,SKU0200,0,0.0,7,218
2024-09-09,SKU0200,214,262.0,7,218
2024-09-16,SKU0200,393,232.0,7,218
2024-09-23,SKU0200,206,0.0,7,218
2024-09-30,SKU0200,34,0.0,7,218
2024-10-07,SKU0200,0,0.0,7,218
2024-10-14,SKU0200,356,209.0,7,218
2024-10-21,SKU0200,408,310.0,7,218
2024-10-28,SKU0200,363,261.0,7,218
2024-11-04,SKU0200,509,342.0,7,218
2024-11-11,SKU0200,332,0.0,7,218
2024-11-18,SKU0200,165,0.0,7,218
2024-11-25,SKU0200,0,0.0,7,218
2024-12-02,SKU0200,0,0.0,7,218
2024-12-09,SKU0200,0,0.0,7,218
2024-12-16,SKU0200,0,0.0,7,218
2024-12-23,SKU0200,0,,7,218
2024-12-30,SKU0200,240,221.0,7,218
2025-01-06,SKU0200,318,220.0,7,218
2025-01-13,SKU0200,162,0.0,7,218
2025-01-20,SKU0200,0,,7,218
2025-01-27,SKU0200,0,0.0,7,218
2025-02-03,SKU0200,152,280.0,7,218
2025-02-10,SKU0200,255,257.0,7,218
2025-02-17,SKU0200,405,232.0,7,218
2025-02-24,SKU0200,226,0.0,7,218
2025-03-03,SKU0200,244,312.0,7,218
2025-03-10,SKU0200,331,231.0,7,218
2025-03-17,SKU0200,341,265.0,7,218
2025-03-24,SKU0200,493,267.0,7,218
2025-03-31,SKU0200,334,0.0,7,218
2025-04-07,SKU0200,178,0.0,7,218
2025-04-14,SKU0200,334,274.0,7,218
2025-04-21,SKU0200,456,337.0,7,218
2025-04-28,SKU0200,266,,7,218
2025-05-05,SKU0200,266,227.0,7,218
2025-05-12,SKU0200,256,271.0,7,218
2025-05-19,SKU0200,84,0.0,7,218
2025-05-26,SKU0200,146,307.0,7,218
2025-06-02,SKU0200,310,226.0,7,218
2025-06-09,SKU0200,122,0.0,7,218
2025-06-16,SKU0200,360,318.0,7,218
2025-06-23,SKU0200,530,330.0,7,218
2025-06-30,SKU0200,352,0.0,7,218
2025-07-07,SKU0200,482,311.0,7,218
2025-07-14,SKU0200,312,0.0,7,218
2025-07-21,SKU0200,140,0.0,7,218
2025-07-28,SKU0200,176,343.0,7,218
2025-08-04,SKU0200,148,226.0,7,218
2025-08-11,SKU0200,262,212.0,7,218
2025-08-18,SKU0200,396,247.0,7,218
2025-08-25,SKU0200,233,0.0,7,218
2025-09-01,SKU0200,415,248.0,7,218
2025-09-08,SKU0200,252,0.0,7,218
2025-09-15,SKU0200,232,232.0,7,218
2025-09-22,SKU0200,400,338.0,7,218
2025-09-29,SKU0200,245,0.0,7,218
2025-10-06,SKU0200,200,338.0,7,218
2025-10-13,SKU0200,225,284.0,7,218
2025-10-20,SKU0200,409,224.0,7,218
2025-10-27,SKU0200,241,0.0,7,218
2025-11-03,SKU0200,64,0.0,7,218
2025-11-10,SKU0200,189,250.0,7,218
2025-11-17,SKU0200,11,0.0,7,218
2025-11-24,SKU0200,319,287.0,7,218
2025-12-01,SKU0200,507,331.0,7,218
2025-12-08,SKU0200,319,0.0,7,218
2025-12-15,SKU0200,148,0.0,7,218
2025-12-22,SKU0200,190,308.0,7,218
2025-12-29,SKU0200,161,256.0,7,218
