sale_date,order_id,sku_id,quantity,unit_price,discount_pct,revenue,customer_id,region,channel,payment_method,shipping_days,order_status,sales_rep,warehouse
2026-06-22,ORD104613,SKU0152,1,210.51,20,168.41,CUST01849,MANSOURA,STORE,CARD,0.0,CANCELLED,MONA,WH-05
2026-02-17,ORD100932,SKU0112,3,38.15,0,114.45,CUST01962,MANSOURA,MARKETPLACE,WALLET,1.0,COMPLETED,UNKNOWN,WH-05
2026-03-19,ORD101096,SKU0038,1,279.23,30,195.46,CUST02322,TANTA,WHOLESALE,CARD,6.0,COMPLETED,SARA,WH-02
2026-07-04,ORD104470,SKU0101,2,157.68,5,299.59,CUST00650,ALEXANDRIA,WHOLESALE,CARD,2.0,COMPLETED,YOUSSEF,WH-05
2026-03-12,ORD100715,SKU0037,3,13.98,30,29.36,CUST00919,GIZA,MARKETPLACE,UNKNOWN,7.0,COMPLETED,YOUSSEF,WH-04
2026-05-29,ORD101646,SKU0007,2,241.48,0,482.96,CUST02640,ASWAN,MARKETPLACE,CARD,8.0,COMPLETED,SARA,WH-02
2026-04-18,ORD101988,SKU0040,2,94.52,35,122.88,CUST00224,CAIRO,STORE,UNKNOWN,6.0,COMPLETED,MONA,WH-02
2026-01-23,ORD103946,SKU0090,3,262.26,20,629.42,CUST02620,GIZA,WHOLESALE,CARD,1.0,RETURNED,UNKNOWN,WH-05
2026-07-19,ORD103515,SKU0025,5,149.52,0,747.6,CUST01322,TANTA,STORE,CARD,10.0,COMPLETED,SARA,WH-01
2026-06-09,ORD103007,SKU0041,6,355.47,10,1919.54,CUST02819,GIZA,WHOLESALE,BNPL,0.0,COMPLETED,ALI,WH-03
2026-05-11,ORD104120,SKU0189,2,198.52,0,397.04,CUST01972,ALEXANDRIA,ONLINE,CARD,8.0,COMPLETED,UNKNOWN,WH-05
2026-02-05,ORD102799,SKU0139,3,323.32,5,921.46,CUST00136,GIZA,ONLINE,WALLET,5.0,COMPLETED,MONA,WH-01
2026-01-22,ORD101088,SKU0077,6,59.04,30,247.97,CUST00795,LUXOR,ONLINE,BNPL,8.0,COMPLETED,OMAR,WH-02
2026-03-07,ORD100645,SKU0172,2,65.45,45,72.0,CUST01596,CAIRO,STORE,CASH,8.0,COMPLETED,ALI,WH-04
2026-03-06,ORD101748,SKU0035,1,46.07,5,43.77,CUST01603,TANTA,STORE,BNPL,8.0,COMPLETED,UNKNOWN,WH-04
2026-04-05,ORD103243,SKU0124,1,214.04,30,149.83,CUST01033,LUXOR,STORE,UNKNOWN,10.0,RETURNED,UNKNOWN,WH-03
2026-06-16,ORD104856,SKU0096,1,50.26,5,47.75,CUST00055,ALEXANDRIA,ONLINE,UNKNOWN,10.0,COMPLETED,SARA,WH-05
2026-03-04,ORD100644,SKU0077,4,55.48,0,221.92,CUST02109,CAIRO,STORE,BNPL,6.0,COMPLETED,MONA,WH-02
2026-03-05,ORD103071,SKU0005,1,247.6,15,210.46,CUST01207,LUXOR,ONLINE,CASH,8.0,COMPLETED,MONA,WH-03
2026-05-09,ORD100886,SKU0096,4,55.96,15,190.26,CUST02384,ASWAN,MARKETPLACE,UNKNOWN,9.0,COMPLETED,UNKNOWN,WH-02
2026-03-30,ORD104977,SKU0073,1,77.31,35,50.25,CUST02057,MANSOURA,WHOLESALE,UNKNOWN,10.0,COMPLETED,OMAR,WH-02
2026-04-14,ORD102043,SKU0198,3,170.01,45,280.52,CUST02062,TANTA,STORE,CASH,5.0,COMPLETED,MONA,WH-05
2026-02-04,ORD102256,SKU0109,4,152.34,10,548.42,CUST02717,TANTA,WHOLESALE,UNKNOWN,2.0,COMPLETED,SARA,WH-02
2026-07-11,ORD103848,SKU0057,1,375.68,5,356.9,CUST00140,LUXOR,STORE,CASH,5.0,COMPLETED,SARA,WH-04
2026-01-22,ORD104046,SKU0094,1,302.67,5,287.54,CUST01615,ASWAN,MARKETPLACE,WALLET,7.0,COMPLETED,UNKNOWN,WH-02
2026-06-07,ORD100272,SKU0158,50,331.47,45,9115.43,CUST01998,LUXOR,WHOLESALE,BNPL,10.0,COMPLETED,OMAR,WH-05
2026-03-26,ORD102316,SKU0148,3,57.35,20,137.64,CUST01217,ASWAN,MARKETPLACE,WALLET,7.0,COMPLETED,YOUSSEF,WH-02
2026-05-31,ORD103677,SKU0030,5,22.87,10,102.92,CUST01930,LUXOR,MARKETPLACE,CARD,1.0,COMPLETED,ALI,WH-02
2026-01-18,ORD101362,SKU0075,1,24.39,20,19.51,CUST02335,TANTA,WHOLESALE,BNPL,4.0,COMPLETED,SARA,WH-01
2026-07-21,ORD100147,SKU0099,1,316.47,25,237.35,CUST01174,CAIRO,MARKETPLACE,CARD,0.0,COMPLETED,SARA,WH-02
2026-06-28,ORD101382,SKU0040,3,105.99,35,206.68,CUST02056,ASWAN,ONLINE,BNPL,6.0,COMPLETED,OMAR,WH-01
2026-01-03,ORD100947,SKU0156,1,123.1,0,123.1,CUST01088,ASWAN,ONLINE,BNPL,3.0,COMPLETED,UNKNOWN,WH-03
2026-02-02,ORD102499,SKU0058,2,299.8,35,389.74,CUST02136,ALEXANDRIA,WHOLESALE,CASH,10.0,COMPLETED,MONA,WH-05
2026-05-01,ORD100922,SKU0165,2,120.87,0,241.74,CUST01867,ALEXANDRIA,STORE,UNKNOWN,7.0,COMPLETED,MONA,WH-04
2026-03-19,ORD100327,SKU0130,2,153.97,10,277.15,CUST02846,GIZA,ONLINE,UNKNOWN,3.0,RETURNED,ALI,WH-05
2026-05-14,ORD104929,SKU0083,4,51.1,45,112.42,CUST00273,CAIRO,WHOLESALE,WALLET,9.0,COMPLETED,ALI,WH-03
2026-01-27,ORD103457,SKU0152,1,208.8,35,135.72,CUST01190,GIZA,WHOLESALE,CARD,3.0,COMPLETED,SARA,WH-04
2026-01-19,ORD102310,SKU0101,5,170.84,20,683.36,CUST02283,GIZA,ONLINE,WALLET,9.0,COMPLETED,SARA,WH-05
2026-05-13,ORD102476,SKU0162,1,196.08,10,176.47,CUST01163,LUXOR,STORE,UNKNOWN,1.0,COMPLETED,YOUSSEF,WH-03
2026-01-23,ORD100631,SKU0146,3,13.9,20,33.36,CUST01858,MANSOURA,WHOLESALE,CASH,10.0,COMPLETED,SARA,WH-01
2026-01-07,ORD103393,SKU0094,2,290.56,5,552.06,CUST01900,MANSOURA,STORE,CASH,0.0,COMPLETED,OMAR,WH-02
2026-06-30,ORD104081,SKU0146,6,13.07,10,70.58,CUST01125,TANTA,WHOLESALE,CARD,7.0,COMPLETED,UNKNOWN,WH-01
2026-03-01,ORD102019,SKU0135,2,124.94,25,187.41,CUST00167,ALEXANDRIA,MARKETPLACE,WALLET,1.0,COMPLETED,YOUSSEF,WH-02
2026-03-20,ORD104298,SKU0114,1,320.3,20,256.24,CUST02524,MANSOURA,STORE,CASH,8.0,COMPLETED,UNKNOWN,WH-04
2026-06-26,ORD101736,SKU0169,1,356.92,45,196.31,CUST02234,ASWAN,WHOLESALE,BNPL,0.0,CANCELLED,ALI,WH-04
2026-06-26,ORD104696,SKU0094,4,320.69,20,1026.21,CUST00135,TANTA,ONLINE,CASH,2.0,COMPLETED,YOUSSEF,WH-03
2026-02-15,ORD101020,SKU0095,1,168.36,20,134.69,CUST00369,GIZA,STORE,CARD,3.0,COMPLETED,UNKNOWN,WH-03
2026-06-12,ORD101151,SKU0119,2,68.95,0,137.9,CUST00839,ALEXANDRIA,WHOLESALE,WALLET,5.0,COMPLETED,UNKNOWN,WH-05
2026-02-03,ORD104057,SKU0169,2,338.89,30,474.45,CUST00064,ASWAN,STORE,UNKNOWN,7.0,COMPLETED,UNKNOWN,WH-01
2026-02-18,ORD101241,SKU0170,1,136.46,45,75.05,CUST01296,LUXOR,MARKETPLACE,UNKNOWN,1.0,COMPLETED,MONA,WH-04
2026-06-27,ORD100286,SKU0188,3,28.3,15,72.17,CUST02222,ASWAN,MARKETPLACE,UNKNOWN,8.0,COMPLETED,SARA,WH-01
2026-05-03,ORD102543,SKU0167,3,10.26,15,26.16,CUST02440,LUXOR,MARKETPLACE,UNKNOWN,6.0,COMPLETED,ALI,WH-04
2026-05-18,ORD101328,SKU0108,2,196.71,25,295.06,CUST01355,ALEXANDRIA,ONLINE,CARD,2.0,COMPLETED,UNKNOWN,WH-04
2026-03-17,ORD103137,SKU0067,4,49.65,20,158.88,CUST02955,TANTA,MARKETPLACE,BNPL,1.0,COMPLETED,YOUSSEF,WH-05
2026-04-03,ORD103807,SKU0022,1,28.15,10,25.34,CUST01178,LUXOR,STORE,BNPL,6.0,COMPLETED,SARA,WH-04
2026-02-14,ORD102377,SKU0089,1,219.86,10,197.87,CUST00571,ALEXANDRIA,MARKETPLACE,BNPL,7.0,COMPLETED,YOUSSEF,WH-01
2026-03-28,ORD104649,SKU0036,3,220.26,45,363.43,CUST01237,TANTA,MARKETPLACE,BNPL,0.0,COMPLETED,UNKNOWN,WH-02
2026-04-03,ORD104775,SKU0161,5,234.89,25,880.84,CUST01413,MANSOURA,WHOLESALE,CASH,5.0,COMPLETED,UNKNOWN,WH-01
2026-06-26,ORD103187,SKU0106,2,231.36,30,323.9,CUST01425,GIZA,WHOLESALE,CASH,6.0,COMPLETED,ALI,WH-02
2026-01-24,ORD101910,SKU0054,2,176.14,15,299.44,CUST00492,TANTA,MARKETPLACE,CASH,9.0,COMPLETED,MONA,WH-01
2026-06-08,ORD100388,SKU0051,2,21.9,5,41.61,CUST00023,GIZA,STORE,WALLET,9.0,COMPLETED,UNKNOWN,WH-01
2026-01-02,ORD104779,SKU0068,4,300.89,35,782.31,CUST01461,TANTA,STORE,CASH,3.0,COMPLETED,YOUSSEF,WH-03
2026-06-06,ORD104773,SKU0046,6,62.23,35,242.7,CUST01969,MANSOURA,ONLINE,CASH,9.0,COMPLETED,UNKNOWN,WH-04
2026-03-29,ORD104361,SKU0064,3,357.22,5,1018.08,CUST02626,ASWAN,WHOLESALE,CASH,6.0,COMPLETED,OMAR,WH-04
2026-01-26,ORD102636,SKU0103,2,140.47,0,280.94,CUST00616,LUXOR,STORE,BNPL,7.0,COMPLETED,SARA,WH-05
2026-03-22,ORD104843,SKU0151,6,30.15,20,144.72,CUST01179,CAIRO,ONLINE,BNPL,8.0,COMPLETED,ALI,WH-02
2025-12-30,ORD103351,SKU0084,2,97.9,35,127.27,CUST00445,CAIRO,MARKETPLACE,CARD,4.0,COMPLETED,OMAR,WH-04
2026-01-26,ORD102931,SKU0161,3,217.75,5,620.59,CUST01950,LUXOR,ONLINE,WALLET,4.0,COMPLETED,ALI,WH-04
2025-12-26,ORD102520,SKU0101,1,157.91,20,126.33,CUST02530,TANTA,WHOLESALE,BNPL,1.0,RETURNED,UNKNOWN,WH-01
2026-04-08,ORD102459,SKU0072,1,161.95,45,89.07,CUST01327,ASWAN,MARKETPLACE,BNPL,8.0,COMPLETED,YOUSSEF,WH-01
2026-03-27,ORD103966,SKU0018,1,428.99,30,300.29,CUST02270,GIZA,STORE,BNPL,10.0,COMPLETED,MONA,WH-05
2026-02-22,ORD103248,SKU0196,2,361.76,15,614.99,CUST00087,GIZA,WHOLESALE,CARD,6.0,COMPLETED,OMAR,WH-03
2026-06-23,ORD100759,SKU0041,2,361.58,25,542.37,CUST02183,ASWAN,ONLINE,UNKNOWN,10.0,COMPLETED,MONA,WH-04
2026-07-18,ORD100063,SKU0171,3,184.08,10,497.02,CUST01095,LUXOR,STORE,CASH,10.0,COMPLETED,SARA,WH-04
2026-07-14,ORD101286,SKU0041,5,350.24,15,1488.52,CUST00985,ASWAN,MARKETPLACE,UNKNOWN,10.0,COMPLETED,ALI,WH-03
2025-12-29,ORD100277,SKU0070,1,187.69,20,150.15,CUST02719,LUXOR,STORE,UNKNOWN,8.0,COMPLETED,ALI,WH-05
2026-01-03,ORD102540,SKU0069,4,200.57,30,561.6,CUST02537,MANSOURA,WHOLESALE,BNPL,0.0,COMPLETED,YOUSSEF,WH-04
2026-03-17,ORD103131,SKU0160,5,55.84,35,181.48,CUST00117,MANSOURA,ONLINE,BNPL,1.0,CANCELLED,ALI,WH-04
2026-01-20,ORD103896,SKU0077,1,63.95,5,60.75,CUST00770,GIZA,ONLINE,BNPL,2.0,COMPLETED,YOUSSEF,WH-04
2026-04-02,ORD103233,SKU0163,2,415.69,15,706.67,CUST01361,CAIRO,MARKETPLACE,UNKNOWN,8.0,COMPLETED,SARA,WH-03
2026-06-14,ORD103078,SKU0135,2,116.31,25,174.46,CUST02095,TANTA,MARKETPLACE,CARD,0.0,COMPLETED,ALI,WH-05
2026-04-05,ORD100285,SKU0042,1,82.45,20,65.96,CUST01441,MANSOURA,MARKETPLACE,CARD,3.0,COMPLETED,OMAR,WH-03
2026-06-15,ORD104823,SKU0083,6,48.25,25,217.12,CUST01017,GIZA,STORE,UNKNOWN,2.0,COMPLETED,OMAR,WH-05
2026-02-25,ORD100848,SKU0052,1,117.12,5,111.26,CUST01752,TANTA,ONLINE,CARD,3.0,COMPLETED,YOUSSEF,WH-04
2026-04-27,ORD104987,SKU0010,1,143.37,25,107.53,CUST02134,MANSOURA,WHOLESALE,CASH,10.0,COMPLETED,UNKNOWN,WH-01
2026-07-08,ORD103362,SKU0006,2,21.2,45,23.32,CUST01334,ASWAN,WHOLESALE,CARD,1.0,COMPLETED,SARA,WH-02
2026-06-01,ORD101521,SKU0140,1,296.42,10,266.78,CUST00510,ALEXANDRIA,STORE,BNPL,1.0,COMPLETED,OMAR,WH-05
2026-07-02,ORD103104,SKU0089,1,242.79,10,218.51,CUST00082,LUXOR,ONLINE,CARD,5.0,COMPLETED,SARA,WH-01
2026-02-24,ORD100199,SKU0005,2,255.3,0,510.6,CUST00998,LUXOR,ONLINE,CARD,3.0,COMPLETED,SARA,WH-03
2026-07-03,ORD103790,SKU0184,4,441.71,25,1325.13,CUST01227,GIZA,STORE,CARD,3.0,COMPLETED,SARA,WH-04
2026-03-19,ORD100378,SKU0074,1,226.57,15,192.58,CUST02123,MANSOURA,ONLINE,WALLET,1.0,RETURNED,ALI,WH-05
2026-02-13,ORD103319,SKU0167,1,10.06,10,9.05,CUST02033,LUXOR,MARKETPLACE,UNKNOWN,4.0,COMPLETED,SARA,WH-05
2026-04-15,ORD100283,SKU0169,4,343.46,20,1099.07,CUST02866,GIZA,WHOLESALE,BNPL,2.0,RETURNED,UNKNOWN,WH-03
2026-02-17,ORD100540,SKU0195,1,325.47,35,211.56,CUST02855,TANTA,WHOLESALE,WALLET,4.0,COMPLETED,SARA,WH-03
2026-01-24,ORD100683,SKU0130,3,162.83,20,390.79,CUST00004,GIZA,WHOLESALE,WALLET,9.0,COMPLETED,MONA,WH-02
2026-03-29,ORD100136,SKU0095,5,156.35,35,508.14,CUST02076,MANSOURA,STORE,CASH,5.0,COMPLETED,ALI,WH-04
2026-07-23,ORD100549,SKU0112,2,39.73,30,55.62,CUST00143,CAIRO,ONLINE,WALLET,4.0,COMPLETED,SARA,WH-05
2026-05-19,ORD100491,SKU0114,3,315.34,45,520.31,CUST00681,TANTA,ONLINE,UNKNOWN,9.0,COMPLETED,OMAR,WH-04
2026-03-19,ORD102505,SKU0159,3,119.03,30,249.96,CUST02397,GIZA,MARKETPLACE,BNPL,1.0,COMPLETED,OMAR,WH-02
2026-05-02,ORD104222,SKU0132,3,61.86,45,102.07,CUST00673,TANTA,MARKETPLACE,WALLET,8.0,COMPLETED,YOUSSEF,WH-03
2026-04-17,ORD104794,SKU0140,1,329.95,5,313.45,CUST01861,CAIRO,ONLINE,CARD,0.0,COMPLETED,OMAR,WH-03
2026-01-11,ORD104496,SKU0100,6,390.77,25,1758.46,CUST02993,TANTA,ONLINE,WALLET,0.0,COMPLETED,YOUSSEF,WH-02
2026-03-19,ORD100765,SKU0017,1,43.27,45,23.8,CUST02447,TANTA,WHOLESALE,UNKNOWN,9.0,COMPLETED,UNKNOWN,WH-03
2026-03-19,ORD101182,SKU0058,1,304.07,20,243.26,CUST02505,TANTA,STORE,WALLET,9.0,COMPLETED,SARA,WH-05
2026-02-22,ORD101409,SKU0032,1,266.42,45,146.53,CUST01397,GIZA,MARKETPLACE,CASH,9.0,COMPLETED,OMAR,WH-05
2026-04-21,ORD100295,SKU0168,2,16.86,10,30.35,CUST02627,ALEXANDRIA,WHOLESALE,BNPL,2.0,RETURNED,SARA,WH-05
2026-06-20,ORD102626,SKU0128,3,66.19,30,139.0,CUST00445,LUXOR,MARKETPLACE,BNPL,4.0,COMPLETED,ALI,WH-01
2026-07-02,ORD102092,SKU0102,3,89.93,20,215.83,CUST00336,TANTA,STORE,CARD,5.0,COMPLETED,UNKNOWN,WH-03
2026-07-15,ORD104520,SKU0031,3,118.02,20,283.25,CUST02287,CAIRO,ONLINE,CASH,8.0,COMPLETED,ALI,WH-05
2026-03-24,ORD103397,SKU0111,2,265.4,45,291.94,CUST01552,MANSOURA,WHOLESALE,BNPL,1.0,COMPLETED,YOUSSEF,WH-04
2026-02-02,ORD102013,SKU0085,1,27.08,45,14.89,CUST00270,MANSOURA,WHOLESALE,BNPL,7.0,COMPLETED,OMAR,WH-04
2026-04-29,ORD100935,SKU0199,2,272.63,30,381.68,CUST02099,TANTA,MARKETPLACE,CASH,0.0,COMPLETED,ALI,WH-01
2026-04-21,ORD103982,SKU0066,3,134.25,0,402.75,CUST00768,TANTA,STORE,UNKNOWN,7.0,CANCELLED,UNKNOWN,WH-04
2026-06-30,ORD103583,SKU0173,1,154.54,5,146.81,CUST02925,MANSOURA,STORE,WALLET,3.0,COMPLETED,MONA,WH-02
2026-06-19,ORD101912,SKU0166,4,165.96,5,630.65,CUST00143,MANSOURA,MARKETPLACE,WALLET,1.0,COMPLETED,ALI,WH-01
2026-01-15,ORD102101,SKU0181,4,157.36,25,472.08,CUST00136,ASWAN,WHOLESALE,BNPL,1.0,COMPLETED,MONA,WH-01
2026-02-03,ORD101732,SKU0029,4,33.83,30,94.72,CUST02001,LUXOR,STORE,CARD,10.0,COMPLETED,MONA,WH-02
2026-02-17,ORD103736,SKU0045,1,328.78,35,213.71,CUST01092,CAIRO,WHOLESALE,BNPL,2.0,COMPLETED,OMAR,WH-02
2026-01-11,ORD100077,SKU0090,5,256.44,45,705.21,CUST01540,CAIRO,MARKETPLACE,WALLET,1.0,COMPLETED,SARA,WH-04
2026-04-05,ORD102204,SKU0025,1,164.71,25,123.53,CUST02557,TANTA,ONLINE,CARD,2.0,COMPLETED,UNKNOWN,WH-04
2026-01-06,ORD104040,SKU0039,1,186.4,15,158.44,CUST01741,CAIRO,ONLINE,CARD,7.0,COMPLETED,MONA,WH-04
2026-05-07,ORD101078,SKU0145,1,122.37,35,79.54,CUST00403,LUXOR,MARKETPLACE,WALLET,8.0,COMPLETED,ALI,WH-05
2026-03-07,ORD102728,SKU0176,3,216.31,45,356.91,CUST01432,MANSOURA,MARKETPLACE,BNPL,1.0,COMPLETED,MONA,WH-03
2026-01-08,ORD102284,SKU0170,1,137.66,0,137.66,CUST00819,LUXOR,WHOLESALE,BNPL,4.0,COMPLETED,ALI,WH-03
2026-07-18,ORD100171,SKU0032,1,256.01,45,140.81,CUST02518,ASWAN,ONLINE,WALLET,5.0,COMPLETED,UNKNOWN,WH-02
2026-06-25,ORD103231,SKU0100,3,396.17,15,1010.23,CUST00533,MANSOURA,ONLINE,UNKNOWN,1.0,COMPLETED,ALI,WH-04
2026-02-12,ORD103114,SKU0198,2,159.02,15,270.33,CUST02394,LUXOR,ONLINE,UNKNOWN,4.0,COMPLETED,MONA,WH-02
2026-04-03,ORD102226,SKU0157,5,23.94,35,77.81,CUST01465,GIZA,ONLINE,CASH,1.0,COMPLETED,UNKNOWN,WH-02
2026-02-24,ORD100427,SKU0135,3,119.77,45,197.62,CUST02955,LUXOR,STORE,CARD,3.0,COMPLETED,SARA,WH-04
2026-01-16,ORD103325,SKU0153,6,343.92,10,1857.17,CUST01666,TANTA,STORE,UNKNOWN,4.0,COMPLETED,MONA,WH-03
2026-06-17,ORD100654,SKU0014,4,74.68,25,224.04,CUST02263,TANTA,STORE,BNPL,0.0,COMPLETED,MONA,WH-04
2026-01-21,ORD101129,SKU0044,1,282.89,30,198.02,CUST00999,ALEXANDRIA,WHOLESALE,CARD,0.0,RETURNED,MONA,WH-03
2026-01-08,ORD103665,SKU0198,2,163.78,25,245.67,CUST02460,ASWAN,MARKETPLACE,UNKNOWN,3.0,COMPLETED,SARA,WH-02
2026-05-31,ORD100648,SKU0176,2,236.04,45,259.64,CUST01492,LUXOR,STORE,BNPL,8.0,COMPLETED,YOUSSEF,WH-02
2026-02-05,ORD101179,SKU0018,3,408.36,10,1102.57,CUST01212,ASWAN,STORE,WALLET,1.0,COMPLETED,OMAR,WH-02
2026-03-15,ORD101079,SKU0066,2,124.79,0,249.58,CUST02763,LUXOR,WHOLESALE,CASH,2.0,COMPLETED,ALI,WH-03
2026-04-10,ORD100280,SKU0098,3,113.04,45,186.52,CUST00504,MANSOURA,WHOLESALE,CARD,6.0,RETURNED,ALI,WH-05
2026-03-16,ORD102041,SKU0186,1,31.99,25,23.99,CUST00297,ASWAN,WHOLESALE,CARD,5.0,COMPLETED,MONA,WH-03
2026-04-06,ORD104242,SKU0073,1,76.19,25,57.14,CUST00316,ALEXANDRIA,MARKETPLACE,CARD,6.0,COMPLETED,UNKNOWN,WH-02
2026-07-04,ORD102291,SKU0135,2,115.81,45,127.39,CUST00267,ASWAN,ONLINE,CASH,5.0,COMPLETED,MONA,WH-04
2026-05-19,ORD103487,SKU0140,1,297.7,10,267.93,CUST00785,ASWAN,ONLINE,WALLET,10.0,COMPLETED,ALI,WH-03
2026-01-06,ORD103834,SKU0109,1,155.0,0,155.0,CUST02641,TANTA,WHOLESALE,CARD,0.0,COMPLETED,YOUSSEF,WH-05
2026-02-09,ORD104431,SKU0012,2,97.63,25,146.44,CUST00607,CAIRO,MARKETPLACE,CARD,9.0,COMPLETED,OMAR,WH-05
2026-02-09,ORD103297,SKU0072,2,148.32,5,281.81,CUST01458,CAIRO,WHOLESALE,WALLET,8.0,COMPLETED,UNKNOWN,WH-01
2026-05-10,ORD102011,SKU0164,4,208.95,45,459.69,CUST02031,ALEXANDRIA,MARKETPLACE,CARD,8.0,CANCELLED,OMAR,WH-02
2026-07-18,ORD100352,SKU0064,1,379.91,30,265.94,CUST02995,TANTA,WHOLESALE,CASH,2.0,COMPLETED,UNKNOWN,WH-05
2026-06-30,ORD101232,SKU0125,2,438.14,25,657.21,CUST01423,MANSOURA,WHOLESALE,UNKNOWN,0.0,COMPLETED,SARA,WH-03
2026-01-26,ORD100904,SKU0102,3,85.24,25,191.79,CUST02985,TANTA,ONLINE,CASH,5.0,COMPLETED,UNKNOWN,WH-01
2026-01-13,ORD100248,SKU0145,1,112.78,30,78.95,CUST02983,GIZA,STORE,BNPL,1.0,COMPLETED,YOUSSEF,WH-04
2026-04-05,ORD101804,SKU0005,2,264.28,45,290.71,CUST01058,TANTA,WHOLESALE,CARD,6.0,COMPLETED,OMAR,WH-04
2026-05-28,ORD103624,SKU0096,5,49.25,35,160.06,CUST01101,MANSOURA,STORE,CASH,6.0,COMPLETED,OMAR,WH-04
2026-04-16,ORD100823,SKU0085,1,26.0,0,26.0,CUST02411,CAIRO,MARKETPLACE,BNPL,8.0,COMPLETED,ALI,WH-01
2026-04-08,ORD102612,SKU0121,2,412.13,10,741.83,CUST01045,ALEXANDRIA,ONLINE,CARD,1.0,COMPLETED,OMAR,WH-05
2026-04-26,ORD104660,SKU0070,1,188.53,30,131.97,CUST00781,LUXOR,STORE,CARD,3.0,COMPLETED,YOUSSEF,WH-02
2026-01-07,ORD103831,SKU0058,4,291.34,15,990.56,CUST01301,TANTA,STORE,BNPL,7.0,COMPLETED,ALI,WH-01
2026-03-13,ORD104330,SKU0060,6,348.47,25,1568.12,CUST00040,CAIRO,STORE,WALLET,10.0,COMPLETED,SARA,WH-02
2026-07-07,ORD101293,SKU0078,1,273.57,35,177.82,CUST00860,ASWAN,WHOLESALE,WALLET,1.0,COMPLETED,SARA,WH-05
2026-01-15,ORD102577,SKU0044,6,275.49,5,1570.29,CUST01796,ASWAN,ONLINE,CARD,1.0,COMPLETED,SARA,WH-04
2026-06-21,ORD104045,SKU0040,4,108.15,30,302.82,CUST02130,MANSOURA,STORE,WALLET,5.0,COMPLETED,OMAR,WH-02
2026-01-13,ORD103657,SKU0140,2,327.73,25,491.6,CUST02553,TANTA,ONLINE,BNPL,0.0,COMPLETED,OMAR,WH-02
2026-01-18,ORD101470,SKU0100,2,358.04,30,501.26,CUST01170,ASWAN,STORE,CARD,7.0,COMPLETED,OMAR,WH-01
2026-03-12,ORD102099,SKU0174,1,172.24,30,120.57,CUST01018,TANTA,WHOLESALE,CARD,2.0,COMPLETED,OMAR,WH-05
2026-02-19,ORD102433,SKU0077,2,58.81,45,64.69,CUST01877,LUXOR,STORE,BNPL,2.0,COMPLETED,SARA,WH-05
2026-04-07,ORD100368,SKU0101,3,173.67,0,521.01,CUST02309,MANSOURA,ONLINE,BNPL,5.0,COMPLETED,SARA,WH-03
2026-05-15,ORD100135,SKU0036,1,206.52,20,165.22,CUST01798,LUXOR,ONLINE,WALLET,7.0,COMPLETED,UNKNOWN,WH-01
2026-05-07,ORD103887,SKU0038,1,286.03,15,243.13,CUST01657,ALEXANDRIA,ONLINE,BNPL,6.0,CANCELLED,SARA,WH-02
2026-02-08,ORD100256,SKU0130,2,160.62,0,321.24,CUST00413,MANSOURA,WHOLESALE,WALLET,0.0,COMPLETED,MONA,WH-04
2026-03-01,ORD104971,SKU0081,4,159.53,5,606.21,CUST01596,ASWAN,ONLINE,CASH,0.0,COMPLETED,UNKNOWN,WH-04
2026-06-16,ORD104730,SKU0073,6,79.29,30,333.02,CUST01536,LUXOR,WHOLESALE,CASH,6.0,COMPLETED,SARA,WH-02
2026-03-17,ORD104692,SKU0059,2,217.41,45,239.15,CUST01269,ASWAN,ONLINE,WALLET,0.0,COMPLETED,SARA,WH-01
2026-05-20,ORD102005,SKU0004,6,38.69,20,185.71,CUST01025,MANSOURA,WHOLESALE,CARD,4.0,COMPLETED,OMAR,WH-04
2026-07-20,ORD103822,SKU0030,4,23.49,35,61.07,CUST01775,ALEXANDRIA,WHOLESALE,UNKNOWN,1.0,COMPLETED,ALI,WH-02
2026-03-19,ORD100214,SKU0057,1,431.84,15,367.06,CUST02555,ALEXANDRIA,WHOLESALE,CARD,0.0,COMPLETED,YOUSSEF,WH-03
2026-06-23,ORD101676,SKU0137,1,384.01,0,384.01,CUST01596,MANSOURA,STORE,UNKNOWN,3.0,COMPLETED,SARA,WH-03
2026-03-17,ORD100060,SKU0057,1,422.45,25,316.84,CUST01198,MANSOURA,MARKETPLACE,UNKNOWN,1.0,COMPLETED,ALI,WH-01
2026-07-21,ORD102483,SKU0024,1,124.25,30,86.98,CUST00285,ALEXANDRIA,ONLINE,BNPL,7.0,COMPLETED,YOUSSEF,WH-01
2026-04-22,ORD103903,SKU0155,1,253.23,5,240.57,CUST01393,LUXOR,STORE,UNKNOWN,8.0,COMPLETED,SARA,WH-01
2026-04-07,ORD103385,SKU0058,1,281.7,20,225.36,CUST00067,ASWAN,WHOLESALE,CARD,10.0,COMPLETED,MONA,WH-04
2026-04-23,ORD104430,SKU0024,2,125.14,30,175.2,CUST01221,ASWAN,MARKETPLACE,WALLET,5.0,COMPLETED,UNKNOWN,WH-05
2026-06-28,ORD101648,SKU0181,2,156.81,35,203.85,CUST00966,ALEXANDRIA,MARKETPLACE,BNPL,9.0,COMPLETED,UNKNOWN,WH-05
2026-07-07,ORD103751,SKU0157,6,26.06,15,132.91,CUST01232,CAIRO,WHOLESALE,BNPL,4.0,CANCELLED,YOUSSEF,WH-02
2026-04-15,ORD102583,SKU0034,1,74.25,25,55.69,CUST02307,CAIRO,WHOLESALE,UNKNOWN,3.0,COMPLETED,SARA,WH-04
2026-04-21,ORD104083,SKU0029,2,31.16,0,62.32,CUST02484,ASWAN,STORE,BNPL,2.0,COMPLETED,OMAR,WH-05
2026-02-14,ORD104688,SKU0196,2,332.89,25,499.34,CUST01532,ASWAN,MARKETPLACE,BNPL,9.0,COMPLETED,OMAR,WH-01
2025-12-30,ORD103973,SKU0044,1,274.65,0,274.65,CUST02535,CAIRO,ONLINE,BNPL,10.0,COMPLETED,OMAR,WH-03
2026-01-18,ORD102248,SKU0135,2,122.53,35,159.29,CUST02642,MANSOURA,WHOLESALE,UNKNOWN,3.0,COMPLETED,MONA,WH-05
2026-03-07,ORD103158,SKU0126,1,100.33,10,90.3,CUST01897,CAIRO,WHOLESALE,BNPL,9.0,COMPLETED,MONA,WH-03
2026-06-01,ORD103565,SKU0183,3,330.75,20,793.8,CUST02495,ALEXANDRIA,STORE,CARD,2.0,COMPLETED,MONA,WH-02
2026-06-11,ORD103994,SKU0035,3,50.97,0,152.91,CUST01570,GIZA,WHOLESALE,WALLET,6.0,COMPLETED,OMAR,WH-04
2026-03-29,ORD104135,SKU0036,2,223.43,15,379.83,CUST00078,LUXOR,STORE,BNPL,4.0,COMPLETED,MONA,WH-05
2026-05-31,ORD103154,SKU0018,1,440.94,15,374.8,CUST02046,MANSOURA,WHOLESALE,BNPL,2.0,COMPLETED,UNKNOWN,WH-02
2026-01-09,ORD104691,SKU0166,1,150.73,5,143.19,CUST00690,CAIRO,STORE,BNPL,10.0,COMPLETED,YOUSSEF,WH-01
2026-07-21,ORD101597,SKU0041,4,346.96,45,763.31,CUST00734,CAIRO,WHOLESALE,CARD,8.0,COMPLETED,OMAR,WH-03
2026-01-24,ORD103249,SKU0072,5,171.21,45,470.83,CUST01340,ASWAN,STORE,UNKNOWN,0.0,COMPLETED,UNKNOWN,WH-01
2026-07-21,ORD101261,SKU0007,3,241.76,30,507.7,CUST00179,TANTA,WHOLESALE,CASH,6.0,COMPLETED,OMAR,WH-01
2026-04-06,ORD101164,SKU0145,3,108.66,20,260.78,CUST02784,LUXOR,STORE,UNKNOWN,2.0,COMPLETED,SARA,WH-01
2026-04-16,ORD101267,SKU0057,1,392.14,10,352.93,CUST01218,ALEXANDRIA,MARKETPLACE,UNKNOWN,5.0,COMPLETED,YOUSSEF,WH-05
2026-01-10,ORD100668,SKU0002,2,299.34,35,389.14,CUST01653,ASWAN,MARKETPLACE,CARD,10.0,COMPLETED,ALI,WH-04
2026-05-01,ORD100376,SKU0170,5,136.01,0,680.05,CUST00172,LUXOR,ONLINE,BNPL,3.0,COMPLETED,SARA,WH-03
2026-02-15,ORD104355,SKU0196,2,329.45,30,461.23,CUST02690,MANSOURA,WHOLESALE,CARD,10.0,COMPLETED,YOUSSEF,WH-03
2026-05-07,ORD104714,SKU0198,4,179.36,45,394.59,CUST00933,CAIRO,STORE,WALLET,9.0,COMPLETED,UNKNOWN,WH-05
2026-02-05,ORD103595,SKU0132,3,63.85,45,105.35,CUST00403,ALEXANDRIA,STORE,WALLET,5.0,COMPLETED,UNKNOWN,WH-05
2026-03-02,ORD101706,SKU0133,1,375.53,15,319.2,CUST01822,MANSOURA,MARKETPLACE,CARD,5.0,COMPLETED,OMAR,WH-05
2026-05-29,ORD103781,SKU0058,2,307.16,5,583.6,CUST02425,ALEXANDRIA,STORE,CASH,3.0,COMPLETED,YOUSSEF,WH-05
2026-03-29,ORD104485,SKU0136,1,328.16,20,262.53,CUST01530,MANSOURA,WHOLESALE,BNPL,7.0,COMPLETED,YOUSSEF,WH-04
2026-04-01,ORD100151,SKU0052,6,129.9,25,584.55,CUST02736,ASWAN,WHOLESALE,CARD,2.0,COMPLETED,ALI,WH-03
2026-01-07,ORD100007,SKU0053,1,271.48,15,230.76,CUST02845,ASWAN,STORE,WALLET,0.0,COMPLETED,MONA,WH-05
2026-01-14,ORD100748,SKU0188,2,28.04,0,56.08,CUST01136,ALEXANDRIA,WHOLESALE,UNKNOWN,9.0,COMPLETED,OMAR,WH-05
2026-01-08,ORD103908,SKU0054,1,191.69,45,105.43,CUST01670,TANTA,WHOLESALE,WALLET,8.0,COMPLETED,SARA,WH-01
2026-04-14,ORD101487,SKU0123,6,19.7,45,65.01,CUST00016,GIZA,ONLINE,CARD,8.0,COMPLETED,UNKNOWN,WH-03
2026-02-03,ORD102812,SKU0048,1,281.56,45,154.86,CUST02205,ASWAN,MARKETPLACE,UNKNOWN,0.0,COMPLETED,OMAR,WH-04
2026-04-05,ORD103969,SKU0128,2,69.67,5,132.37,CUST02983,LUXOR,MARKETPLACE,CARD,3.0,COMPLETED,ALI,WH-01
2026-06-13,ORD103369,SKU0085,3,26.29,10,70.98,CUST02624,TANTA,STORE,WALLET,7.0,CANCELLED,YOUSSEF,WH-05
2026-07-01,ORD103963,SKU0138,1,188.93,10,170.04,CUST01237,TANTA,ONLINE,WALLET,8.0,COMPLETED,YOUSSEF,WH-02
2026-01-07,ORD103168,SKU0028,4,261.98,15,890.73,CUST01634,GIZA,WHOLESALE,CASH,9.0,COMPLETED,ALI,WH-02
2026-03-09,ORD103719,SKU0004,2,34.6,10,62.28,CUST01017,CAIRO,ONLINE,CARD,1.0,COMPLETED,ALI,WH-02
2026-05-04,ORD104704,SKU0053,2,279.45,15,475.06,CUST02956,TANTA,WHOLESALE,CARD,7.0,COMPLETED,OMAR,WH-04
2026-02-15,ORD104329,SKU0109,1,137.52,45,75.64,CUST02242,CAIRO,WHOLESALE,CASH,9.0,COMPLETED,YOUSSEF,WH-05
2026-06-01,ORD101354,SKU0064,1,384.57,45,211.51,CUST02661,MANSOURA,WHOLESALE,BNPL,6.0,COMPLETED,UNKNOWN,WH-01
2026-03-06,ORD100778,SKU0053,4,263.95,10,950.22,CUST01188,CAIRO,ONLINE,WALLET,5.0,COMPLETED,MONA,WH-03
2026-06-04,ORD102369,SKU0099,1,335.76,45,184.67,CUST02005,MANSOURA,ONLINE,CASH,1.0,COMPLETED,ALI,WH-01
2026-04-21,ORD102870,SKU0092,5,445.82,30,1560.37,CUST02672,MANSOURA,WHOLESALE,CARD,5.0,COMPLETED,SARA,WH-01
2026-04-04,ORD103382,SKU0024,4,122.78,5,466.56,CUST01809,CAIRO,ONLINE,CARD,1.0,COMPLETED,SARA,WH-03
2026-04-07,ORD102155,SKU0110,1,283.17,0,283.17,CUST01283,GIZA,WHOLESALE,BNPL,1.0,COMPLETED,SARA,WH-04
2026-06-13,ORD103589,SKU0192,3,273.88,25,616.23,CUST01583,MANSOURA,ONLINE,WALLET,9.0,COMPLETED,MONA,WH-01
2026-03-28,ORD103399,SKU0199,4,317.88,30,890.06,CUST00524,ASWAN,WHOLESALE,CARD,0.0,COMPLETED,SARA,WH-04
2026-05-13,ORD104849,SKU0011,6,176.79,25,795.56,CUST02735,ASWAN,MARKETPLACE,CASH,0.0,COMPLETED,MONA,WH-04
2026-06-05,ORD101183,SKU0140,2,322.41,45,354.65,CUST02121,MANSOURA,MARKETPLACE,UNKNOWN,6.0,COMPLETED,MONA,WH-05
2026-03-11,ORD101408,SKU0090,3,265.78,0,797.34,CUST02023,ASWAN,STORE,WALLET,0.0,COMPLETED,OMAR,WH-01
2026-02-28,ORD104302,SKU0139,4,301.36,25,904.08,CUST01312,ASWAN,MARKETPLACE,CARD,4.0,COMPLETED,OMAR,WH-05
2026-01-15,ORD102929,SKU0196,1,332.13,35,215.88,CUST00227,TANTA,MARKETPLACE,UNKNOWN,1.0,COMPLETED,UNKNOWN,WH-02
2026-02-28,ORD100308,SKU0096,2,50.25,20,80.4,CUST01731,TANTA,STORE,CARD,5.0,RETURNED,ALI,WH-01
2026-02-03,ORD100035,SKU0194,2,88.95,15,151.22,CUST02093,MANSOURA,MARKETPLACE,CASH,3.0,COMPLETED,UNKNOWN,WH-04
2026-01-24,ORD100551,SKU0150,2,165.82,10,298.48,CUST01503,GIZA,ONLINE,UNKNOWN,2.0,COMPLETED,MONA,WH-05
2026-02-24,ORD103174,SKU0096,3,53.62,25,120.64,CUST02456,TANTA,WHOLESALE,CASH,5.0,COMPLETED,SARA,WH-05
2026-04-27,ORD103581,SKU0014,2,85.44,35,111.07,CUST01746,CAIRO,MARKETPLACE,WALLET,3.0,COMPLETED,UNKNOWN,WH-03
2026-05-02,ORD104864,SKU0056,2,88.79,0,177.58,CUST02816,ASWAN,ONLINE,BNPL,0.0,COMPLETED,YOUSSEF,WH-04
2026-04-19,ORD104923,SKU0183,6,325.61,5,1855.98,CUST00148,GIZA,STORE,UNKNOWN,10.0,COMPLETED,ALI,WH-02
2026-07-07,ORD104391,SKU0003,4,52.01,0,208.04,CUST00856,ASWAN,WHOLESALE,WALLET,6.0,COMPLETED,UNKNOWN,WH-04
2026-02-19,ORD101364,SKU0097,1,347.16,15,295.09,CUST02740,CAIRO,ONLINE,UNKNOWN,1.0,COMPLETED,UNKNOWN,WH-03
2026-07-19,ORD102251,SKU0148,3,51.14,30,107.39,CUST02728,LUXOR,STORE,CASH,3.0,COMPLETED,OMAR,WH-01
2026-03-14,ORD103914,SKU0187,2,48.38,20,77.41,CUST00480,GIZA,WHOLESALE,UNKNOWN,6.0,COMPLETED,OMAR,WH-01
2026-01-08,ORD104306,SKU0025,4,153.7,20,491.84,CUST01156,CAIRO,WHOLESALE,UNKNOWN,8.0,COMPLETED,UNKNOWN,WH-04
2026-03-29,ORD104353,SKU0132,1,61.27,25,45.95,CUST02000,GIZA,ONLINE,CASH,10.0,COMPLETED,ALI,WH-02
2026-04-04,ORD103466,SKU0066,4,117.62,30,329.34,CUST01505,ALEXANDRIA,ONLINE,BNPL,7.0,COMPLETED,YOUSSEF,WH-03
2026-03-21,ORD100225,SKU0021,2,56.02,45,61.62,CUST00748,CAIRO,STORE,CASH,0.0,COMPLETED,ALI,WH-03
2026-05-11,ORD100300,SKU0039,1,205.91,45,113.25,CUST00445,MANSOURA,ONLINE,WALLET,1.0,COMPLETED,YOUSSEF,WH-01
2025-12-31,ORD100473,SKU0151,1,27.21,30,19.05,CUST01387,LUXOR,ONLINE,UNKNOWN,2.0,COMPLETED,MONA,WH-03
2025-12-28,ORD101253,SKU0006,3,21.19,45,34.96,CUST00210,LUXOR,STORE,UNKNOWN,5.0,COMPLETED,UNKNOWN,WH-04
2026-07-20,ORD101147,SKU0041,2,355.04,5,674.58,CUST01929,CAIRO,WHOLESALE,UNKNOWN,5.0,COMPLETED,ALI,WH-04
2026-04-23,ORD101012,SKU0101,2,164.62,10,296.32,CUST02056,LUXOR,STORE,CASH,0.0,COMPLETED,MONA,WH-02
2026-05-13,ORD101769,SKU0032,1,265.26,10,238.73,CUST02293,ALEXANDRIA,MARKETPLACE,UNKNOWN,4.0,CANCELLED,YOUSSEF,WH-05
2026-02-01,ORD103144,SKU0103,2,150.68,35,195.88,CUST01662,TANTA,ONLINE,CARD,0.0,COMPLETED,MONA,WH-01
2026-01-25,ORD104387,SKU0067,1,49.43,5,46.96,CUST01104,ASWAN,ONLINE,CARD,1.0,COMPLETED,YOUSSEF,WH-04
2026-03-23,ORD103378,SKU0178,5,36.1,35,117.32,CUST02966,ASWAN,WHOLESALE,BNPL,1.0,COMPLETED,SARA,WH-01
2026-03-12,ORD102161,SKU0133,1,357.82,35,232.58,CUST00951,TANTA,WHOLESALE,CASH,3.0,COMPLETED,MONA,WH-04
2026-05-17,ORD104617,SKU0103,5,140.51,10,632.29,CUST01343,CAIRO,MARKETPLACE,BNPL,7.0,COMPLETED,YOUSSEF,WH-04
2026-07-12,ORD100677,SKU0001,4,195.24,20,624.77,CUST01008,CAIRO,WHOLESALE,BNPL,8.0,COMPLETED,MONA,WH-04
2026-01-01,ORD102444,SKU0157,1,22.93,25,17.2,CUST01577,LUXOR,ONLINE,CARD,1.0,COMPLETED,ALI,WH-05
2026-03-06,ORD102805,SKU0025,2,165.79,5,315.0,CUST00995,ALEXANDRIA,ONLINE,BNPL,10.0,COMPLETED,YOUSSEF,WH-03
2026-02-16,ORD101940,SKU0112,6,41.06,0,246.36,CUST01343,CAIRO,MARKETPLACE,UNKNOWN,9.0,COMPLETED,ALI,WH-03
2026-03-05,ORD104926,SKU0089,6,231.26,5,1318.18,CUST00911,TANTA,MARKETPLACE,CASH,5.0,COMPLETED,MONA,WH-02
2026-05-28,ORD103582,SKU0110,2,306.24,5,581.86,CUST01734,ALEXANDRIA,STORE,CASH,0.0,COMPLETED,ALI,WH-03
2026-06-07,ORD102442,SKU0006,6,23.01,35,89.74,CUST00204,GIZA,ONLINE,CASH,2.0,CANCELLED,MONA,WH-03
2026-06-17,ORD103250,SKU0024,2,127.29,5,241.85,CUST01784,TANTA,WHOLESALE,CARD,2.0,COMPLETED,OMAR,WH-03
2026-06-04,ORD103518,SKU0010,4,137.81,15,468.55,CUST02693,CAIRO,MARKETPLACE,CASH,9.0,COMPLETED,MONA,WH-02
2026-05-02,ORD102789,SKU0161,1,228.28,5,216.87,CUST01650,GIZA,STORE,BNPL,1.0,COMPLETED,YOUSSEF,WH-05
2026-01-27,ORD100041,SKU0086,6,176.57,25,794.56,CUST00691,GIZA,STORE,WALLET,5.0,COMPLETED,UNKNOWN,WH-03
2026-07-23,ORD103638,SKU0186,4,30.08,35,78.21,CUST02673,TANTA,STORE,CASH,10.0,COMPLETED,ALI,WH-01
2026-01-18,ORD102585,SKU0079,3,282.28,0,846.84,CUST00851,LUXOR,ONLINE,CASH,1.0,COMPLETED,SARA,WH-02
2026-02-02,ORD102811,SKU0115,2,365.02,20,584.03,CUST01416,ASWAN,WHOLESALE,UNKNOWN,3.0,COMPLETED,UNKNOWN,WH-02
2026-03-24,ORD103959,SKU0174,4,172.38,35,448.19,CUST01143,ALEXANDRIA,MARKETPLACE,CASH,6.0,COMPLETED,SARA,WH-05
2026-06-27,ORD100737,SKU0039,1,188.38,15,160.12,CUST02651,LUXOR,MARKETPLACE,CARD,0.0,CANCELLED,ALI,WH-05
2026-01-09,ORD103808,SKU0101,1,178.24,45,98.03,CUST02151,TANTA,MARKETPLACE,BNPL,5.0,COMPLETED,MONA,WH-02
2026-07-16,ORD100680,SKU0066,2,118.21,10,212.78,CUST01022,LUXOR,WHOLESALE,CARD,2.0,COMPLETED,ALI,WH-01
2026-03-24,ORD101279,SKU0012,4,104.64,15,355.78,CUST02601,LUXOR,STORE,BNPL,10.0,COMPLETED,OMAR,WH-02
2026-02-18,ORD100398,SKU0147,2,275.24,25,412.86,CUST00619,ALEXANDRIA,ONLINE,CASH,0.0,COMPLETED,MONA,WH-02
2026-06-28,ORD100918,SKU0192,6,305.0,30,1281.0,CUST01038,LUXOR,STORE,UNKNOWN,7.0,COMPLETED,SARA,WH-02
2026-02-15,ORD101066,SKU0021,2,51.03,45,56.13,CUST01076,ALEXANDRIA,STORE,WALLET,8.0,COMPLETED,OMAR,WH-01
2026-04-16,ORD102796,SKU0075,5,21.81,45,59.98,CUST00931,GIZA,WHOLESALE,CASH,1.0,COMPLETED,YOUSSEF,WH-05
2026-04-22,ORD102426,SKU0049,5,194.25,5,922.69,CUST00868,ASWAN,ONLINE,CARD,0.0,COMPLETED,YOUSSEF,WH-04
2026-06-22,ORD101252,SKU0018,1,424.87,15,361.14,CUST00137,ASWAN,MARKETPLACE,CASH,1.0,COMPLETED,UNKNOWN,WH-01
2026-06-28,ORD102738,SKU0094,3,306.71,15,782.11,CUST02360,MANSOURA,STORE,BNPL,2.0,COMPLETED,UNKNOWN,WH-02
2026-05-03,ORD103029,SKU0163,3,417.03,30,875.76,CUST02804,TANTA,ONLINE,UNKNOWN,0.0,COMPLETED,OMAR,WH-03
2026-03-28,ORD104666,SKU0180,1,330.05,45,181.53,CUST01410,MANSOURA,MARKETPLACE,CARD,6.0,COMPLETED,ALI,WH-04
2026-04-06,ORD104221,SKU0195,2,334.03,35,434.24,CUST01753,TANTA,WHOLESALE,CARD,2.0,COMPLETED,SARA,WH-05
2026-02-05,ORD100786,SKU0009,3,113.34,30,238.01,CUST01769,ALEXANDRIA,ONLINE,CARD,4.0,COMPLETED,UNKNOWN,WH-04
2026-05-04,ORD103802,SKU0006,3,21.24,5,60.53,CUST02275,TANTA,MARKETPLACE,CASH,5.0,COMPLETED,ALI,WH-03
2026-07-16,ORD101198,SKU0085,2,25.01,15,42.52,CUST00094,TANTA,MARKETPLACE,WALLET,5.0,RETURNED,MONA,WH-02
2026-01-03,ORD102176,SKU0111,3,241.12,35,470.18,CUST02753,CAIRO,WHOLESALE,CARD,5.0,COMPLETED,MONA,WH-05
2026-07-18,ORD104347,SKU0071,4,307.09,10,1105.52,CUST00581,GIZA,WHOLESALE,WALLET,3.0,COMPLETED,YOUSSEF,WH-05
2026-03-03,ORD102210,SKU0160,3,49.49,10,133.62,CUST01957,LUXOR,STORE,BNPL,0.0,COMPLETED,UNKNOWN,WH-03
2026-04-30,ORD100826,SKU0032,1,262.02,45,144.11,CUST00239,LUXOR,ONLINE,BNPL,9.0,COMPLETED,SARA,WH-03
2026-02-25,ORD100975,SKU0043,1,98.45,35,63.99,CUST02153,LUXOR,STORE,CASH,5.0,COMPLETED,UNKNOWN,WH-05
2026-07-20,ORD100191,SKU0065,3,11.96,25,26.91,CUST02133,GIZA,ONLINE,CASH,1.0,COMPLETED,SARA,WH-04
2026-04-06,ORD101777,SKU0080,3,99.48,10,268.6,CUST02932,MANSOURA,WHOLESALE,UNKNOWN,10.0,COMPLETED,SARA,WH-02
2026-05-31,ORD100830,SKU0107,3,182.69,20,438.46,CUST02532,CAIRO,ONLINE,CASH,2.0,COMPLETED,ALI,WH-05
2026-05-26,ORD102394,SKU0084,1,97.88,10,88.09,CUST01078,ASWAN,MARKETPLACE,CASH,2.0,COMPLETED,UNKNOWN,WH-03
2026-02-25,ORD101914,SKU0165,2,140.58,25,210.87,CUST02000,LUXOR,ONLINE,CASH,4.0,COMPLETED,ALI,WH-01
2026-06-29,ORD101269,SKU0106,1,225.91,15,192.02,CUST01080,ASWAN,MARKETPLACE,BNPL,2.0,COMPLETED,SARA,WH-01
2026-02-10,ORD104000,SKU0063,1,82.57,45,45.41,CUST00193,MANSOURA,STORE,CASH,9.0,COMPLETED,ALI,WH-03
2026-01-01,ORD104778,SKU0153,4,342.43,10,1232.75,CUST01549,MANSOURA,MARKETPLACE,CASH,9.0,COMPLETED,ALI,WH-04
2026-04-21,ORD101155,SKU0170,4,123.66,20,395.71,CUST01753,TANTA,MARKETPLACE,UNKNOWN,2.0,COMPLETED,UNKNOWN,WH-01
2026-05-22,ORD103551,SKU0118,2,87.67,20,140.27,CUST01182,GIZA,ONLINE,BNPL,4.0,COMPLETED,SARA,WH-02
2026-02-16,ORD104825,SKU0095,2,167.85,10,302.13,CUST00385,CAIRO,ONLINE,UNKNOWN,5.0,COMPLETED,MONA,WH-03
2026-04-21,ORD101461,SKU0146,1,14.19,0,14.19,CUST00398,TANTA,MARKETPLACE,CASH,1.0,COMPLETED,MONA,WH-04
2026-06-03,ORD100633,SKU0083,2,46.67,25,70.0,CUST01751,GIZA,STORE,CARD,1.0,COMPLETED,ALI,WH-01
2026-02-19,ORD103182,SKU0124,4,213.79,0,855.16,CUST00805,ALEXANDRIA,ONLINE,UNKNOWN,6.0,COMPLETED,YOUSSEF,WH-05
2026-02-10,ORD104536,SKU0040,3,103.98,5,296.34,CUST02536,CAIRO,ONLINE,WALLET,9.0,COMPLETED,UNKNOWN,WH-01
2026-05-19,ORD100328,SKU0129,2,395.31,25,592.96,CUST01966,TANTA,WHOLESALE,UNKNOWN,2.0,COMPLETED,SARA,WH-04
2026-03-17,ORD101103,SKU0072,4,160.68,5,610.58,CUST01167,ASWAN,ONLINE,WALLET,7.0,COMPLETED,OMAR,WH-04
2026-03-02,ORD100746,SKU0153,3,357.85,45,590.45,CUST01041,CAIRO,WHOLESALE,UNKNOWN,8.0,COMPLETED,MONA,WH-01
2026-04-28,ORD104421,SKU0025,4,148.95,15,506.43,CUST02959,LUXOR,MARKETPLACE,BNPL,5.0,COMPLETED,ALI,WH-01
2026-06-22,ORD103721,SKU0078,4,279.34,20,893.89,CUST02873,MANSOURA,ONLINE,CARD,1.0,COMPLETED,YOUSSEF,WH-04
2026-06-22,ORD104334,SKU0113,4,79.96,35,207.9,CUST02689,MANSOURA,WHOLESALE,BNPL,5.0,COMPLETED,SARA,WH-05
2026-06-14,ORD101882,SKU0150,1,155.52,10,139.97,CUST01071,GIZA,MARKETPLACE,WALLET,1.0,COMPLETED,OMAR,WH-01
2026-01-26,ORD103147,SKU0127,4,257.18,35,668.67,CUST01910,GIZA,MARKETPLACE,WALLET,9.0,COMPLETED,OMAR,WH-05
2026-07-01,ORD101831,SKU0151,1,27.51,10,24.76,CUST01425,CAIRO,MARKETPLACE,BNPL,10.0,RETURNED,ALI,WH-05
2026-02-17,ORD101401,SKU0196,1,316.58,45,174.12,CUST01742,TANTA,ONLINE,BNPL,6.0,COMPLETED,SARA,WH-03
2026-03-30,ORD103852,SKU0071,6,281.26,5,1603.18,CUST01381,GIZA,STORE,UNKNOWN,9.0,RETURNED,MONA,WH-04
2026-05-17,ORD104902,SKU0082,2,233.29,5,443.25,CUST02714,ALEXANDRIA,WHOLESALE,WALLET,5.0,COMPLETED,UNKNOWN,WH-04
2026-06-29,ORD102663,SKU0049,4,189.64,15,644.78,CUST02664,MANSOURA,WHOLESALE,CASH,9.0,COMPLETED,YOUSSEF,WH-03
2026-02-16,ORD103326,SKU0127,5,277.44,15,1179.12,CUST01448,TANTA,STORE,CASH,0.0,COMPLETED,MONA,WH-03
2026-04-24,ORD104379,SKU0067,3,44.63,25,100.42,CUST02304,ALEXANDRIA,WHOLESALE,CARD,4.0,COMPLETED,ALI,WH-05
2026-02-27,ORD102591,SKU0076,4,258.9,30,724.92,CUST01801,GIZA,MARKETPLACE,UNKNOWN,2.0,COMPLETED,ALI,WH-05
2026-02-11,ORD103504,SKU0142,4,95.71,5,363.7,CUST01514,ASWAN,ONLINE,CASH,9.0,COMPLETED,SARA,WH-04
2026-05-25,ORD103475,SKU0167,2,10.31,10,18.56,CUST00197,LUXOR,WHOLESALE,CARD,10.0,COMPLETED,OMAR,WH-01
2026-04-19,ORD101627,SKU0028,2,284.28,45,312.71,CUST01704,ALEXANDRIA,MARKETPLACE,BNPL,6.0,COMPLETED,OMAR,WH-01
2026-02-20,ORD100434,SKU0050,5,14.09,10,63.4,CUST02247,ALEXANDRIA,WHOLESALE,UNKNOWN,1.0,COMPLETED,YOUSSEF,WH-04
2026-02-11,ORD104099,SKU0116,2,275.92,35,358.7,CUST02774,GIZA,STORE,WALLET,0.0,CANCELLED,ALI,WH-04
2026-05-23,ORD103711,SKU0072,2,169.97,25,254.96,CUST02565,LUXOR,ONLINE,UNKNOWN,8.0,COMPLETED,ALI,WH-01
2026-05-03,ORD100970,SKU0173,4,152.49,25,457.47,CUST01068,MANSOURA,STORE,BNPL,4.0,COMPLETED,UNKNOWN,WH-05
2026-05-28,ORD103458,SKU0100,2,367.04,45,403.74,CUST01495,ASWAN,STORE,CARD,10.0,COMPLETED,SARA,WH-04
2026-02-21,ORD103201,SKU0118,2,85.58,25,128.37,CUST02358,MANSOURA,STORE,UNKNOWN,5.0,COMPLETED,OMAR,WH-03
2026-03-10,ORD100941,SKU0162,2,217.39,0,434.78,CUST02189,MANSOURA,MARKETPLACE,UNKNOWN,2.0,COMPLETED,MONA,WH-05
2026-02-12,ORD104978,SKU0031,1,119.5,5,113.52,CUST01818,LUXOR,WHOLESALE,CASH,5.0,COMPLETED,MONA,WH-02
2026-06-26,ORD101168,SKU0144,1,189.36,15,160.96,CUST01374,TANTA,STORE,CARD,4.0,COMPLETED,MONA,WH-01
2026-02-27,ORD104680,SKU0133,1,365.53,10,328.98,CUST01945,GIZA,ONLINE,CARD,0.0,COMPLETED,MONA,WH-05
2026-05-26,ORD103759,SKU0026,3,439.37,35,856.77,CUST01697,TANTA,WHOLESALE,BNPL,4.0,RETURNED,YOUSSEF,WH-03
2026-01-23,ORD104963,SKU0145,2,120.26,35,156.34,CUST01766,TANTA,ONLINE,CARD,7.0,COMPLETED,ALI,WH-02
2026-06-08,ORD104827,SKU0069,2,215.98,35,280.77,CUST00474,MANSOURA,STORE,CARD,4.0,COMPLETED,UNKNOWN,WH-03
2026-02-25,ORD102485,SKU0184,1,453.47,5,430.8,CUST01650,ALEXANDRIA,STORE,CARD,10.0,COMPLETED,MONA,WH-05
2026-05-02,ORD102042,SKU0169,3,324.78,35,633.32,CUST01023,CAIRO,STORE,CASH,5.0,COMPLETED,OMAR,WH-01
2026-01-04,ORD102913,SKU0143,3,141.24,15,360.16,CUST00141,LUXOR,ONLINE,UNKNOWN,0.0,COMPLETED,UNKNOWN,WH-04
2026-03-30,ORD103317,SKU0155,3,235.04,35,458.33,CUST00396,LUXOR,STORE,WALLET,1.0,RETURNED,SARA,WH-04
2026-05-06,ORD103926,SKU0069,2,220.7,5,419.33,CUST01943,ASWAN,ONLINE,BNPL,7.0,COMPLETED,YOUSSEF,WH-04
2026-02-07,ORD102255,SKU0184,2,406.04,35,527.85,CUST00449,TANTA,WHOLESALE,CARD,0.0,COMPLETED,OMAR,WH-01
2026-03-31,ORD102706,SKU0148,2,55.48,10,99.86,CUST01864,TANTA,ONLINE,UNKNOWN,2.0,COMPLETED,SARA,WH-01
2026-04-29,ORD100785,SKU0148,1,54.96,15,46.72,CUST00994,GIZA,MARKETPLACE,CARD,9.0,COMPLETED,OMAR,WH-04
2026-03-04,ORD100625,SKU0007,3,234.56,15,598.13,CUST01834,ASWAN,MARKETPLACE,UNKNOWN,9.0,COMPLETED,YOUSSEF,WH-05
2026-05-11,ORD100803,SKU0008,1,57.79,10,52.01,CUST02967,LUXOR,WHOLESALE,BNPL,8.0,COMPLETED,UNKNOWN,WH-04
2026-06-14,ORD101632,SKU0017,3,41.6,20,99.84,CUST00533,CAIRO,WHOLESALE,UNKNOWN,8.0,COMPLETED,OMAR,WH-02
2026-07-09,ORD103897,SKU0084,1,93.95,20,75.16,CUST02977,ASWAN,MARKETPLACE,CARD,9.0,COMPLETED,OMAR,WH-04
2026-04-27,ORD102790,SKU0129,2,356.48,5,677.31,CUST02835,ALEXANDRIA,WHOLESALE,WALLET,7.0,RETURNED,ALI,WH-05
2026-03-02,ORD103046,SKU0084,1,90.98,35,59.14,CUST00387,LUXOR,ONLINE,UNKNOWN,5.0,COMPLETED,YOUSSEF,WH-01
2026-06-23,ORD104728,SKU0030,1,24.07,20,19.26,CUST01385,GIZA,STORE,CARD,5.0,COMPLETED,SARA,WH-05
2026-07-15,ORD102073,SKU0073,1,73.18,0,73.18,CUST02545,CAIRO,STORE,CASH,9.0,COMPLETED,UNKNOWN,WH-03
2026-02-17,ORD100726,SKU0200,3,335.05,20,804.12,CUST01793,ALEXANDRIA,MARKETPLACE,CASH,1.0,COMPLETED,MONA,WH-03
2026-05-17,ORD101678,SKU0023,1,108.55,15,92.27,CUST02598,ALEXANDRIA,STORE,UNKNOWN,5.0,COMPLETED,MONA,WH-01
2026-06-12,ORD102680,SKU0191,4,54.33,45,119.53,CUST02137,CAIRO,STORE,WALLET,0.0,COMPLETED,YOUSSEF,WH-01
2026-01-29,ORD100735,SKU0024,1,129.0,10,116.1,CUST00534,ALEXANDRIA,MARKETPLACE,WALLET,8.0,RETURNED,YOUSSEF,WH-05
2026-03-06,ORD102959,SKU0116,3,288.85,10,779.9,CUST01305,MANSOURA,ONLINE,WALLET,6.0,COMPLETED,YOUSSEF,WH-05
2026-06-06,ORD104539,SKU0196,1,340.52,25,255.39,CUST00625,CAIRO,STORE,CARD,9.0,COMPLETED,ALI,WH-04
2026-04-20,ORD101961,SKU0109,4,133.98,10,482.33,CUST02086,TANTA,WHOLESALE,WALLET,3.0,COMPLETED,YOUSSEF,WH-04
2026-03-09,ORD103323,SKU0192,2,298.24,15,507.01,CUST00719,CAIRO,ONLINE,CARD,0.0,RETURNED,UNKNOWN,WH-02
2026-05-07,ORD101326,SKU0136,2,357.51,5,679.27,CUST00082,ASWAN,STORE,BNPL,7.0,COMPLETED,SARA,WH-04
2026-05-23,ORD101665,SKU0180,4,358.61,15,1219.27,CUST01253,GIZA,MARKETPLACE,BNPL,0.0,COMPLETED,MONA,WH-01
2026-07-06,ORD100604,SKU0154,5,175.09,45,481.5,CUST00002,CAIRO,ONLINE,BNPL,7.0,COMPLETED,UNKNOWN,WH-01
2026-05-07,ORD104367,SKU0013,5,215.37,10,969.16,CUST01809,MANSOURA,WHOLESALE,BNPL,10.0,COMPLETED,SARA,WH-03
2026-05-01,ORD101705,SKU0162,3,218.44,35,425.96,CUST02943,GIZA,WHOLESALE,BNPL,5.0,COMPLETED,OMAR,WH-02
2025-12-27,ORD103917,SKU0124,1,222.47,45,122.36,CUST00532,GIZA,ONLINE,WALLET,5.0,COMPLETED,YOUSSEF,WH-03
2026-07-16,ORD102953,SKU0145,1,124.73,30,87.31,CUST02240,CAIRO,ONLINE,CASH,9.0,COMPLETED,OMAR,WH-02
2026-05-24,ORD101504,SKU0073,1,75.36,30,52.75,CUST02964,ALEXANDRIA,MARKETPLACE,CASH,10.0,COMPLETED,OMAR,WH-01
2026-07-19,ORD100042,SKU0135,1,112.49,45,61.87,CUST01522,TANTA,ONLINE,BNPL,2.0,COMPLETED,YOUSSEF,WH-05
2026-04-22,ORD100259,SKU0037,2,14.59,20,23.34,CUST00535,ASWAN,WHOLESALE,CARD,9.0,COMPLETED,UNKNOWN,WH-05
2026-06-12,ORD104709,SKU0153,1,355.96,5,338.16,CUST01005,CAIRO,ONLINE,CASH,9.0,COMPLETED,ALI,WH-03
2026-04-30,ORD103113,SKU0059,2,223.7,15,380.29,CUST01854,LUXOR,STORE,CASH,6.0,RETURNED,ALI,WH-03
2026-05-17,ORD103513,SKU0033,4,114.55,10,412.38,CUST02982,MANSOURA,ONLINE,WALLET,7.0,COMPLETED,MONA,WH-04
2026-03-14,ORD100098,SKU0143,1,137.44,0,137.44,CUST02625,CAIRO,ONLINE,WALLET,4.0,COMPLETED,YOUSSEF,WH-05
2026-05-08,ORD104232,SKU0138,6,203.83,15,1039.53,CUST00126,LUXOR,ONLINE,BNPL,9.0,COMPLETED,OMAR,WH-01
2026-07-22,ORD104919,SKU0140,1,296.25,30,207.38,CUST00729,ASWAN,ONLINE,WALLET,4.0,COMPLETED,MONA,WH-04
2026-04-20,ORD100341,SKU0164,2,207.43,25,311.14,CUST00761,TANTA,ONLINE,CASH,0.0,COMPLETED,YOUSSEF,WH-03
2026-02-18,ORD100815,SKU0010,5,128.59,0,642.95,CUST00090,CAIRO,ONLINE,BNPL,3.0,COMPLETED,MONA,WH-02
2026-06-14,ORD102055,SKU0101,6,173.06,5,986.44,CUST00276,CAIRO,MARKETPLACE,UNKNOWN,0.0,COMPLETED,ALI,WH-05
2026-06-19,ORD100510,SKU0090,3,237.08,10,640.12,CUST00255,GIZA,ONLINE,WALLET,0.0,COMPLETED,OMAR,WH-05
2026-04-22,ORD104988,SKU0197,2,164.63,30,230.48,CUST01786,CAIRO,MARKETPLACE,WALLET,10.0,COMPLETED,OMAR,WH-04
2026-06-30,ORD102852,SKU0071,3,309.43,15,789.05,CUST01636,ASWAN,WHOLESALE,CARD,7.0,COMPLETED,MONA,WH-05
2026-03-03,ORD101549,SKU0125,5,432.89,45,1190.45,CUST02865,ALEXANDRIA,ONLINE,CASH,1.0,COMPLETED,MONA,WH-05
2026-02-16,ORD103416,SKU0106,2,219.38,35,285.19,CUST02186,CAIRO,STORE,UNKNOWN,0.0,COMPLETED,MONA,WH-05
2026-01-01,ORD103318,SKU0083,2,47.11,10,84.8,CUST00524,LUXOR,MARKETPLACE,BNPL,6.0,COMPLETED,UNKNOWN,WH-04
2026-01-04,ORD100118,SKU0052,3,118.79,45,196.0,CUST01546,TANTA,WHOLESALE,CASH,10.0,COMPLETED,SARA,WH-05
2026-02-19,ORD103632,SKU0032,1,255.83,45,140.71,CUST00227,CAIRO,MARKETPLACE,CARD,7.0,COMPLETED,ALI,WH-03
2026-03-23,ORD103832,SKU0042,1,95.63,15,81.29,CUST02594,GIZA,MARKETPLACE,BNPL,1.0,CANCELLED,OMAR,WH-02
2026-07-04,ORD102412,SKU0068,1,289.57,5,275.09,CUST01712,ASWAN,MARKETPLACE,CARD,0.0,COMPLETED,UNKNOWN,WH-03
2026-06-29,ORD103052,SKU0007,1,233.05,45,128.18,CUST01059,CAIRO,ONLINE,CASH,7.0,COMPLETED,OMAR,WH-03
2026-05-18,ORD103229,SKU0062,6,87.61,10,473.09,CUST01029,ASWAN,ONLINE,CASH,2.0,COMPLETED,SARA,WH-04
2026-03-26,ORD101250,SKU0125,1,400.1,15,340.08,CUST02863,GIZA,WHOLESALE,UNKNOWN,10.0,COMPLETED,OMAR,WH-01
2026-02-21,ORD102730,SKU0180,4,350.77,25,1052.31,CUST01219,TANTA,STORE,WALLET,2.0,COMPLETED,SARA,WH-05
2026-02-02,ORD103181,SKU0060,2,335.07,35,435.59,CUST01380,GIZA,WHOLESALE,CASH,6.0,COMPLETED,ALI,WH-05
2026-06-29,ORD100166,SKU0110,2,279.92,25,419.88,CUST02135,ALEXANDRIA,ONLINE,CASH,4.0,COMPLETED,UNKNOWN,WH-04
2026-05-10,ORD103415,SKU0134,1,302.3,5,287.18,CUST00719,LUXOR,MARKETPLACE,CARD,0.0,COMPLETED,MONA,WH-02
2026-04-11,ORD100560,SKU0121,2,444.85,15,756.24,CUST00480,GIZA,STORE,UNKNOWN,7.0,COMPLETED,ALI,WH-04
2025-12-30,ORD104888,SKU0064,5,359.26,20,1437.04,CUST01671,GIZA,ONLINE,BNPL,2.0,COMPLETED,UNKNOWN,WH-02
2026-04-30,ORD102027,SKU0041,4,338.35,45,744.37,CUST01673,LUXOR,STORE,CASH,2.0,COMPLETED,OMAR,WH-03
2026-04-15,ORD104376,SKU0041,3,330.99,45,546.13,CUST00582,ALEXANDRIA,STORE,UNKNOWN,0.0,COMPLETED,ALI,WH-04
2026-05-29,ORD101138,SKU0104,1,52.32,5,49.7,CUST01439,MANSOURA,WHOLESALE,CARD,8.0,COMPLETED,MONA,WH-02
2026-01-15,ORD101920,SKU0185,2,60.03,45,66.03,CUST01850,LUXOR,ONLINE,BNPL,10.0,COMPLETED,ALI,WH-03
2026-03-17,ORD102128,SKU0076,3,272.41,5,776.37,CUST01537,ALEXANDRIA,STORE,CARD,4.0,COMPLETED,MONA,WH-01
2026-05-26,ORD100525,SKU0193,1,341.54,35,222.0,CUST02805,LUXOR,ONLINE,UNKNOWN,7.0,RETURNED,ALI,WH-05
2026-05-01,ORD101565,SKU0200,4,297.28,15,1010.75,CUST00413,TANTA,STORE,BNPL,0.0,COMPLETED,YOUSSEF,WH-05
2026-03-26,ORD102914,SKU0110,3,283.41,45,467.63,CUST02451,CAIRO,WHOLESALE,CARD,3.0,COMPLETED,ALI,WH-05
2026-07-11,ORD103675,SKU0055,2,61.36,20,98.18,CUST01958,GIZA,WHOLESALE,UNKNOWN,1.0,COMPLETED,ALI,WH-05
2026-04-30,ORD104867,SKU0063,5,87.64,10,394.38,CUST01048,LUXOR,WHOLESALE,UNKNOWN,1.0,COMPLETED,OMAR,WH-01
2026-07-23,ORD102002,SKU0119,1,72.11,30,50.48,CUST01631,MANSOURA,STORE,BNPL,3.0,COMPLETED,SARA,WH-05
2026-04-12,ORD100074,SKU0188,50,32.1,25,1203.75,CUST00625,ALEXANDRIA,ONLINE,UNKNOWN,1.0,COMPLETED,SARA,WH-01
2026-07-05,ORD100653,SKU0023,2,106.06,5,201.51,CUST01612,MANSOURA,WHOLESALE,WALLET,7.0,COMPLETED,MONA,WH-02
2026-01-05,ORD101092,SKU0159,3,126.97,10,342.82,CUST01686,TANTA,STORE,WALLET,8.0,COMPLETED,UNKNOWN,WH-01
2026-05-23,ORD104948,SKU0189,5,217.16,45,597.19,CUST02623,ALEXANDRIA,MARKETPLACE,BNPL,0.0,COMPLETED,OMAR,WH-02
2026-02-04,ORD101791,SKU0124,1,200.76,30,140.53,CUST00809,ALEXANDRIA,MARKETPLACE,UNKNOWN,6.0,COMPLETED,MONA,WH-05
2026-03-24,ORD102616,SKU0061,1,349.62,15,297.18,CUST00756,GIZA,ONLINE,WALLET,0.0,COMPLETED,SARA,WH-03
2026-06-12,ORD103554,SKU0047,3,304.6,10,822.42,CUST02991,LUXOR,WHOLESALE,UNKNOWN,5.0,COMPLETED,SARA,WH-02
2026-01-28,ORD102943,SKU0041,3,353.82,25,796.1,CUST01778,TANTA,MARKETPLACE,WALLET,10.0,COMPLETED,MONA,WH-02
2026-05-20,ORD104309,SKU0107,4,201.83,0,807.32,CUST00697,MANSOURA,STORE,WALLET,5.0,RETURNED,MONA,WH-01
2025-12-31,ORD100270,SKU0049,3,182.44,10,492.59,CUST01390,ALEXANDRIA,MARKETPLACE,UNKNOWN,4.0,COMPLETED,MONA,WH-01
2026-06-29,ORD104920,SKU0074,2,233.22,25,349.83,CUST02362,ASWAN,ONLINE,CASH,3.0,COMPLETED,MONA,WH-04
2026-01-27,ORD104189,SKU0058,3,302.64,15,771.73,CUST01888,TANTA,WHOLESALE,UNKNOWN,6.0,COMPLETED,UNKNOWN,WH-03
2026-07-18,ORD101338,SKU0056,2,83.27,25,124.9,CUST02520,ASWAN,MARKETPLACE,CARD,6.0,COMPLETED,YOUSSEF,WH-05
2026-03-12,ORD102875,SKU0123,4,17.86,5,67.87,CUST02905,TANTA,STORE,WALLET,5.0,COMPLETED,SARA,WH-04
2026-07-01,ORD100639,SKU0160,1,50.09,30,35.06,CUST01470,TANTA,WHOLESALE,CARD,3.0,COMPLETED,OMAR,WH-01
2026-07-14,ORD102869,SKU0002,2,284.3,5,540.17,CUST00860,LUXOR,ONLINE,CASH,9.0,COMPLETED,YOUSSEF,WH-01
2026-01-25,ORD102395,SKU0091,5,103.15,5,489.96,CUST00313,ASWAN,WHOLESALE,CASH,0.0,COMPLETED,YOUSSEF,WH-05
2026-06-07,ORD104911,SKU0021,2,55.35,15,94.1,CUST01999,MANSOURA,ONLINE,BNPL,6.0,COMPLETED,ALI,WH-01
2026-05-21,ORD103825,SKU0185,1,54.87,20,43.9,CUST02881,TANTA,ONLINE,UNKNOWN,0.0,COMPLETED,OMAR,WH-05
2026-02-16,ORD101672,SKU0173,1,168.72,25,126.54,CUST02367,CAIRO,STORE,BNPL,7.0,COMPLETED,ALI,WH-05
2026-01-06,ORD101307,SKU0014,4,85.19,45,187.42,CUST00803,CAIRO,MARKETPLACE,BNPL,9.0,COMPLETED,SARA,WH-02
2026-07-22,ORD100359,SKU0187,1,47.83,35,31.09,CUST02100,MANSOURA,WHOLESALE,CARD,5.0,COMPLETED,OMAR,WH-01
2026-02-14,ORD102836,SKU0038,5,299.99,25,1124.96,CUST00954,CAIRO,WHOLESALE,CASH,0.0,COMPLETED,SARA,WH-04
2026-04-24,ORD103521,SKU0195,3,305.65,10,825.26,CUST01988,ASWAN,MARKETPLACE,CASH,7.0,COMPLETED,ALI,WH-04
2026-04-11,ORD101613,SKU0177,2,197.2,0,394.4,CUST00480,LUXOR,WHOLESALE,CASH,6.0,COMPLETED,YOUSSEF,WH-03
2026-05-22,ORD101209,SKU0135,3,108.07,25,243.16,CUST01964,MANSOURA,WHOLESALE,BNPL,3.0,COMPLETED,SARA,WH-04
2026-06-19,ORD101963,SKU0104,2,52.54,25,78.81,CUST00167,MANSOURA,WHOLESALE,BNPL,9.0,RETURNED,MONA,WH-03
2026-03-01,ORD100335,SKU0190,1,251.88,30,176.32,CUST01174,CAIRO,MARKETPLACE,UNKNOWN,4.0,COMPLETED,OMAR,WH-02
2026-01-27,ORD100252,SKU0184,3,435.05,35,848.35,CUST00319,CAIRO,MARKETPLACE,CASH,5.0,COMPLETED,UNKNOWN,WH-05
2026-01-09,ORD101197,SKU0104,4,49.99,0,199.96,CUST02174,TANTA,ONLINE,WALLET,10.0,COMPLETED,YOUSSEF,WH-03
2026-06-07,ORD102973,SKU0137,1,402.39,15,342.03,CUST00134,CAIRO,MARKETPLACE,BNPL,8.0,RETURNED,SARA,WH-01
2026-04-27,ORD100678,SKU0098,1,124.45,20,99.56,CUST01393,ASWAN,ONLINE,CARD,0.0,COMPLETED,UNKNOWN,WH-05
2026-02-25,ORD101556,SKU0068,2,295.25,25,442.88,CUST00763,GIZA,STORE,CASH,8.0,COMPLETED,UNKNOWN,WH-03
2026-05-17,ORD102517,SKU0062,1,88.44,0,88.44,CUST00095,CAIRO,MARKETPLACE,CASH,6.0,COMPLETED,OMAR,WH-02
2026-05-15,ORD102855,SKU0010,2,144.07,25,216.1,CUST01990,ALEXANDRIA,ONLINE,CASH,8.0,COMPLETED,UNKNOWN,WH-04
2026-02-07,ORD104397,SKU0019,4,78.39,0,313.56,CUST01890,ALEXANDRIA,WHOLESALE,CARD,4.0,COMPLETED,MONA,WH-05
2026-05-13,ORD100228,SKU0081,5,145.04,30,507.64,CUST02416,CAIRO,STORE,UNKNOWN,5.0,COMPLETED,ALI,WH-05
2026-01-22,ORD100616,SKU0043,2,107.87,35,140.23,CUST01265,TANTA,MARKETPLACE,UNKNOWN,9.0,COMPLETED,YOUSSEF,WH-02
2026-03-31,ORD104437,SKU0123,4,19.09,35,49.63,CUST01645,MANSOURA,MARKETPLACE,CASH,0.0,RETURNED,YOUSSEF,WH-02
2026-02-20,ORD100363,SKU0139,1,336.11,45,184.86,CUST00772,CAIRO,WHOLESALE,UNKNOWN,7.0,COMPLETED,MONA,WH-04
2026-01-16,ORD103175,SKU0098,1,113.34,15,96.34,CUST02842,LUXOR,STORE,CARD,8.0,COMPLETED,ALI,WH-05
2026-03-15,ORD102785,SKU0062,5,85.26,35,277.1,CUST02990,GIZA,ONLINE,WALLET,9.0,COMPLETED,OMAR,WH-02
2026-04-17,ORD101290,SKU0168,1,17.32,45,9.53,CUST02483,MANSOURA,MARKETPLACE,BNPL,5.0,COMPLETED,SARA,WH-05
2026-05-07,ORD102294,SKU0079,3,274.33,45,452.64,CUST00341,LUXOR,WHOLESALE,CASH,10.0,COMPLETED,YOUSSEF,WH-01
2026-01-16,ORD101262,SKU0108,5,222.31,15,944.82,CUST02753,ASWAN,MARKETPLACE,BNPL,1.0,CANCELLED,YOUSSEF,WH-04
2026-05-10,ORD102850,SKU0123,3,17.98,5,51.24,CUST02647,LUXOR,WHOLESALE,CASH,4.0,COMPLETED,UNKNOWN,WH-03
2026-01-14,ORD102816,SKU0117,2,227.08,35,295.2,CUST00239,GIZA,MARKETPLACE,CASH,0.0,COMPLETED,UNKNOWN,WH-04
2026-07-19,ORD100054,SKU0046,3,58.03,45,95.75,CUST01972,GIZA,STORE,WALLET,4.0,COMPLETED,MONA,WH-03
2026-03-24,ORD102532,SKU0040,3,106.12,25,238.77,CUST02130,TANTA,STORE,CARD,2.0,COMPLETED,OMAR,WH-01
2026-06-22,ORD102435,SKU0008,4,60.1,20,192.32,CUST02203,MANSOURA,MARKETPLACE,CARD,4.0,COMPLETED,OMAR,WH-05
2026-06-07,ORD104584,SKU0173,1,160.02,0,160.02,CUST00894,TANTA,WHOLESALE,WALLET,3.0,COMPLETED,MONA,WH-01
2026-05-22,ORD102966,SKU0004,6,34.38,0,206.28,CUST00076,GIZA,ONLINE,BNPL,1.0,COMPLETED,ALI,WH-04
2026-06-05,ORD101828,SKU0163,1,406.65,15,345.65,CUST01703,ALEXANDRIA,WHOLESALE,CARD,0.0,COMPLETED,YOUSSEF,WH-05
2026-03-16,ORD102003,SKU0134,2,295.31,10,531.56,CUST01138,ALEXANDRIA,MARKETPLACE,CASH,4.0,RETURNED,YOUSSEF,WH-05
2026-03-22,ORD102323,SKU0111,5,258.05,25,967.69,CUST02184,ALEXANDRIA,MARKETPLACE,CARD,3.0,COMPLETED,ALI,WH-01
2026-01-12,ORD102193,SKU0178,4,38.89,25,116.67,CUST00952,ASWAN,MARKETPLACE,CASH,4.0,COMPLETED,SARA,WH-03
2026-01-16,ORD104023,SKU0149,2,233.56,30,326.98,CUST00269,GIZA,WHOLESALE,WALLET,8.0,COMPLETED,MONA,WH-02
2026-04-01,ORD100320,SKU0014,1,77.11,20,61.69,CUST00648,GIZA,STORE,WALLET,6.0,COMPLETED,MONA,WH-01
2026-04-01,ORD100107,SKU0042,5,90.47,0,452.35,CUST01954,ASWAN,MARKETPLACE,BNPL,9.0,RETURNED,UNKNOWN,WH-02
2026-02-09,ORD101995,SKU0199,2,295.53,15,502.4,CUST00973,ALEXANDRIA,WHOLESALE,WALLET,9.0,COMPLETED,OMAR,WH-05
2026-01-30,ORD103096,SKU0050,1,14.56,25,10.92,CUST02595,GIZA,STORE,UNKNOWN,9.0,COMPLETED,MONA,WH-03
2026-02-03,ORD102843,SKU0067,1,46.18,10,41.56,CUST01761,GIZA,ONLINE,CARD,8.0,COMPLETED,OMAR,WH-02
2026-02-20,ORD103119,SKU0051,5,21.39,15,90.91,CUST01046,GIZA,WHOLESALE,BNPL,6.0,COMPLETED,ALI,WH-03
2026-02-02,ORD103057,SKU0156,3,108.3,35,211.18,CUST01034,LUXOR,ONLINE,UNKNOWN,9.0,COMPLETED,OMAR,WH-03
2026-05-31,ORD104627,SKU0161,2,223.41,45,245.75,CUST00212,ASWAN,ONLINE,CASH,7.0,COMPLETED,UNKNOWN,WH-01
2026-02-01,ORD100351,SKU0140,2,322.12,0,644.24,CUST02889,CAIRO,ONLINE,BNPL,1.0,COMPLETED,SARA,WH-05
2026-01-21,ORD103995,SKU0169,4,349.29,5,1327.3,CUST01268,TANTA,ONLINE,UNKNOWN,0.0,COMPLETED,SARA,WH-02
2026-02-18,ORD100670,SKU0143,1,152.23,35,98.95,CUST01714,CAIRO,ONLINE,WALLET,10.0,COMPLETED,UNKNOWN,WH-03
2026-05-19,ORD101807,SKU0197,3,169.6,5,483.36,CUST00364,ASWAN,MARKETPLACE,WALLET,8.0,COMPLETED,ALI,WH-01
2026-07-15,ORD104014,SKU0115,4,367.28,30,1028.38,CUST00378,ASWAN,ONLINE,CASH,9.0,COMPLETED,MONA,WH-05
2026-01-16,ORD100872,SKU0125,1,420.09,30,294.06,CUST02613,ASWAN,WHOLESALE,UNKNOWN,5.0,COMPLETED,SARA,WH-02
2026-02-21,ORD100230,SKU0008,2,53.38,10,96.08,CUST01926,CAIRO,MARKETPLACE,BNPL,9.0,COMPLETED,ALI,WH-01
2026-07-01,ORD102887,SKU0093,1,103.62,15,88.08,CUST02789,ALEXANDRIA,STORE,WALLET,0.0,COMPLETED,YOUSSEF,WH-02
2026-04-19,ORD104523,SKU0193,3,334.27,0,1002.81,CUST00205,GIZA,WHOLESALE,WALLET,7.0,COMPLETED,MONA,WH-03
2026-02-19,ORD103540,SKU0133,2,351.88,20,563.01,CUST01818,ASWAN,ONLINE,BNPL,10.0,COMPLETED,ALI,WH-01
2026-01-01,ORD101280,SKU0123,2,20.58,10,37.04,CUST01434,TANTA,MARKETPLACE,CASH,0.0,COMPLETED,SARA,WH-01
2025-12-27,ORD102183,SKU0123,1,20.39,45,11.21,CUST00925,TANTA,ONLINE,WALLET,1.0,COMPLETED,OMAR,WH-03
2026-02-15,ORD102829,SKU0088,5,182.69,10,822.1,CUST00156,ASWAN,WHOLESALE,WALLET,4.0,COMPLETED,SARA,WH-03
2026-06-28,ORD102301,SKU0120,3,182.02,10,491.45,CUST02324,CAIRO,MARKETPLACE,UNKNOWN,6.0,COMPLETED,MONA,WH-04
2026-03-31,ORD100070,SKU0127,3,281.21,10,759.27,CUST01364,MANSOURA,STORE,CASH,7.0,COMPLETED,SARA,WH-02
2026-01-27,ORD101561,SKU0140,5,309.47,10,1392.62,CUST00935,ALEXANDRIA,STORE,UNKNOWN,8.0,COMPLETED,MONA,WH-02
2026-05-09,ORD100448,SKU0131,1,299.26,25,224.44,CUST00617,ALEXANDRIA,STORE,CASH,3.0,COMPLETED,SARA,WH-04
2026-06-09,ORD104770,SKU0091,3,89.07,45,146.97,CUST01108,GIZA,MARKETPLACE,CARD,0.0,COMPLETED,SARA,WH-02
2026-03-27,ORD103629,SKU0027,1,406.72,15,345.71,CUST01302,GIZA,WHOLESALE,CASH,9.0,COMPLETED,MONA,WH-05
2026-07-14,ORD100297,SKU0035,4,46.11,35,119.89,CUST00943,CAIRO,MARKETPLACE,WALLET,6.0,COMPLETED,MONA,WH-04
2026-04-26,ORD104097,SKU0107,4,202.37,25,607.11,CUST01083,TANTA,WHOLESALE,UNKNOWN,7.0,COMPLETED,OMAR,WH-01
2026-04-17,ORD102468,SKU0167,1,10.98,0,10.98,CUST00890,MANSOURA,WHOLESALE,UNKNOWN,10.0,COMPLETED,ALI,WH-04
2026-01-25,ORD104793,SKU0050,4,14.01,5,53.24,CUST02814,ALEXANDRIA,ONLINE,UNKNOWN,9.0,COMPLETED,SARA,WH-01
2026-07-22,ORD100878,SKU0034,2,71.43,15,121.43,CUST01069,CAIRO,WHOLESALE,UNKNOWN,3.0,RETURNED,OMAR,WH-02
2026-06-12,ORD100404,SKU0175,2,163.26,25,244.89,CUST02752,LUXOR,ONLINE,BNPL,8.0,COMPLETED,YOUSSEF,WH-04
2025-12-26,ORD101585,SKU0080,1,108.63,20,86.9,CUST01700,CAIRO,STORE,CARD,8.0,COMPLETED,YOUSSEF,WH-03
2026-01-01,ORD101075,SKU0168,3,17.65,25,39.71,CUST01230,ASWAN,STORE,BNPL,5.0,COMPLETED,SARA,WH-02
2026-03-20,ORD104162,SKU0090,1,239.92,10,215.93,CUST02175,TANTA,ONLINE,CARD,10.0,COMPLETED,SARA,WH-01
2026-07-11,ORD104652,SKU0139,1,317.21,25,237.91,CUST00162,MANSOURA,STORE,BNPL,0.0,RETURNED,ALI,WH-03
2026-03-07,ORD102326,SKU0120,5,170.59,20,682.36,CUST00758,ASWAN,STORE,BNPL,3.0,COMPLETED,SARA,WH-05
2026-07-15,ORD102760,SKU0117,1,197.03,30,137.92,CUST01906,LUXOR,MARKETPLACE,CARD,8.0,COMPLETED,OMAR,WH-03
2026-03-16,ORD104123,SKU0149,3,236.82,35,461.8,CUST01055,CAIRO,MARKETPLACE,BNPL,8.0,COMPLETED,MONA,WH-02
2026-04-26,ORD103835,SKU0193,5,296.29,5,1407.38,CUST02766,TANTA,WHOLESALE,WALLET,0.0,COMPLETED,UNKNOWN,WH-03
2026-03-17,ORD102703,SKU0049,3,192.09,25,432.2,CUST01722,MANSOURA,MARKETPLACE,CASH,0.0,COMPLETED,UNKNOWN,WH-03
2026-01-19,ORD101477,SKU0161,3,224.54,10,606.26,CUST01899,LUXOR,STORE,CARD,6.0,COMPLETED,ALI,WH-02
2026-07-23,ORD102614,SKU0131,50,285.01,25,10687.88,CUST01100,CAIRO,WHOLESALE,CARD,4.0,COMPLETED,YOUSSEF,WH-05
2026-01-06,ORD103964,SKU0128,3,72.55,5,206.77,CUST00070,CAIRO,WHOLESALE,BNPL,6.0,COMPLETED,ALI,WH-01
2026-02-06,ORD101929,SKU0148,4,52.2,10,187.92,CUST00040,MANSOURA,STORE,CARD,0.0,COMPLETED,MONA,WH-03
2026-05-11,ORD102471,SKU0173,1,148.08,35,96.25,CUST02829,MANSOURA,WHOLESALE,UNKNOWN,9.0,COMPLETED,OMAR,WH-05
2026-05-30,ORD102282,SKU0149,2,212.75,20,340.4,CUST00918,TANTA,WHOLESALE,CASH,2.0,RETURNED,YOUSSEF,WH-05
2026-02-26,ORD102061,SKU0101,2,169.62,25,254.43,CUST00368,LUXOR,MARKETPLACE,CARD,5.0,COMPLETED,MONA,WH-03
2026-02-25,ORD104187,SKU0118,4,90.05,0,360.2,CUST02643,ASWAN,WHOLESALE,BNPL,5.0,COMPLETED,UNKNOWN,WH-03
2026-04-24,ORD101498,SKU0127,2,272.69,25,409.04,CUST00088,ASWAN,ONLINE,CARD,5.0,COMPLETED,ALI,WH-05
2026-04-14,ORD100966,SKU0001,2,184.28,45,202.71,CUST00823,ASWAN,STORE,BNPL,10.0,COMPLETED,MONA,WH-05
2026-04-25,ORD101971,SKU0136,3,370.09,5,1054.76,CUST00467,MANSOURA,WHOLESALE,CASH,5.0,COMPLETED,SARA,WH-04
2026-03-10,ORD101759,SKU0108,1,218.23,45,120.03,CUST01493,ALEXANDRIA,ONLINE,CARD,4.0,COMPLETED,OMAR,WH-03
2026-02-27,ORD101703,SKU0167,1,10.76,45,5.92,CUST01195,ASWAN,STORE,CARD,5.0,COMPLETED,ALI,WH-01
2026-06-14,ORD100432,SKU0011,2,179.55,45,197.51,CUST01158,ALEXANDRIA,MARKETPLACE,CASH,5.0,RETURNED,SARA,WH-01
2026-05-09,ORD102916,SKU0071,2,269.06,0,538.12,CUST02348,ALEXANDRIA,WHOLESALE,UNKNOWN,8.0,COMPLETED,ALI,WH-03
2026-07-17,ORD103386,SKU0144,2,182.04,10,327.67,CUST01944,LUXOR,MARKETPLACE,CASH,3.0,COMPLETED,UNKNOWN,WH-04
2026-01-25,ORD100030,SKU0093,2,105.38,5,200.22,CUST02275,GIZA,STORE,UNKNOWN,6.0,CANCELLED,OMAR,WH-02
2026-04-19,ORD100934,SKU0097,2,339.89,30,475.85,CUST00136,ALEXANDRIA,STORE,BNPL,4.0,RETURNED,YOUSSEF,WH-03
2026-07-23,ORD102762,SKU0139,3,325.72,45,537.44,CUST01668,ASWAN,ONLINE,BNPL,2.0,COMPLETED,UNKNOWN,WH-05
2026-02-18,ORD101836,SKU0178,2,35.15,10,63.27,CUST02936,LUXOR,MARKETPLACE,CASH,3.0,COMPLETED,SARA,WH-04
2026-01-14,ORD103163,SKU0004,1,39.67,10,35.7,CUST02349,ALEXANDRIA,ONLINE,WALLET,4.0,COMPLETED,YOUSSEF,WH-04
2026-03-22,ORD102393,SKU0197,3,166.95,30,350.6,CUST01570,LUXOR,STORE,UNKNOWN,8.0,COMPLETED,SARA,WH-05
2026-06-10,ORD104217,SKU0029,2,31.55,25,47.32,CUST00223,TANTA,MARKETPLACE,CARD,0.0,COMPLETED,OMAR,WH-04
2026-02-01,ORD103257,SKU0013,5,199.35,20,797.4,CUST00586,LUXOR,ONLINE,CASH,7.0,COMPLETED,UNKNOWN,WH-02
2026-03-01,ORD100337,SKU0108,4,202.97,15,690.1,CUST02134,ASWAN,MARKETPLACE,UNKNOWN,6.0,RETURNED,OMAR,WH-02
2026-04-18,ORD101653,SKU0037,1,14.41,25,10.81,CUST02172,CAIRO,MARKETPLACE,CASH,6.0,COMPLETED,SARA,WH-01
2026-01-17,ORD104191,SKU0013,1,213.82,45,117.6,CUST02125,MANSOURA,STORE,BNPL,0.0,COMPLETED,YOUSSEF,WH-03
2026-01-01,ORD101779,SKU0039,6,210.31,25,946.4,CUST01203,TANTA,ONLINE,BNPL,9.0,RETURNED,OMAR,WH-04
2026-07-14,ORD100558,SKU0149,1,235.15,30,164.6,CUST02562,LUXOR,ONLINE,BNPL,8.0,COMPLETED,YOUSSEF,WH-02
2026-03-17,ORD103798,SKU0175,1,163.98,25,122.98,CUST00013,GIZA,WHOLESALE,CARD,1.0,COMPLETED,YOUSSEF,WH-03
2026-07-17,ORD104954,SKU0054,4,179.91,30,503.75,CUST02444,MANSOURA,WHOLESALE,CARD,4.0,COMPLETED,OMAR,WH-04
2026-05-27,ORD100772,SKU0181,1,155.62,5,147.84,CUST01034,MANSOURA,WHOLESALE,WALLET,5.0,COMPLETED,OMAR,WH-04
2026-01-05,ORD102832,SKU0112,3,36.73,25,82.64,CUST02506,TANTA,MARKETPLACE,CASH,4.0,CANCELLED,YOUSSEF,WH-04
2026-03-27,ORD100058,SKU0140,6,327.96,15,1672.6,CUST01004,ASWAN,ONLINE,BNPL,10.0,COMPLETED,OMAR,WH-01
2026-07-23,ORD101919,SKU0117,1,197.95,0,197.95,CUST02433,CAIRO,ONLINE,BNPL,3.0,CANCELLED,MONA,WH-05
2026-07-05,ORD102968,SKU0077,1,62.28,30,43.6,CUST02359,LUXOR,ONLINE,UNKNOWN,7.0,COMPLETED,YOUSSEF,WH-03
2026-02-23,ORD103426,SKU0180,3,361.83,15,922.67,CUST00176,GIZA,MARKETPLACE,WALLET,9.0,COMPLETED,YOUSSEF,WH-01
2026-07-19,ORD101958,SKU0195,2,351.61,5,668.06,CUST02609,CAIRO,ONLINE,WALLET,0.0,COMPLETED,ALI,WH-04
2026-06-02,ORD104296,SKU0047,5,305.36,15,1297.78,CUST00470,MANSOURA,MARKETPLACE,CARD,1.0,COMPLETED,ALI,WH-04
2026-07-24,ORD102446,SKU0054,1,180.42,35,117.27,CUST00045,MANSOURA,ONLINE,BNPL,9.0,COMPLETED,YOUSSEF,WH-05
2026-07-02,ORD103320,SKU0149,3,214.85,25,483.41,CUST00474,LUXOR,MARKETPLACE,UNKNOWN,1.0,COMPLETED,YOUSSEF,WH-05
2026-06-27,ORD104572,SKU0087,4,162.79,35,423.25,CUST01163,ALEXANDRIA,ONLINE,UNKNOWN,6.0,RETURNED,ALI,WH-01
2026-03-30,ORD103872,SKU0052,2,121.92,0,243.84,CUST02984,ASWAN,STORE,CARD,7.0,COMPLETED,OMAR,WH-01
2026-05-23,ORD103690,SKU0003,5,45.59,10,205.16,CUST00716,CAIRO,ONLINE,BNPL,7.0,COMPLETED,MONA,WH-02
2026-05-13,ORD101727,SKU0035,2,46.23,15,78.59,CUST01097,TANTA,WHOLESALE,UNKNOWN,7.0,COMPLETED,ALI,WH-02
2026-03-28,ORD102678,SKU0022,2,26.07,20,41.71,CUST01064,ALEXANDRIA,MARKETPLACE,WALLET,6.0,COMPLETED,MONA,WH-03
2026-03-26,ORD103877,SKU0162,2,192.49,30,269.49,CUST01535,TANTA,MARKETPLACE,CARD,7.0,COMPLETED,ALI,WH-05
2026-05-12,ORD104377,SKU0067,2,42.78,15,72.73,CUST00879,MANSOURA,MARKETPLACE,CASH,7.0,COMPLETED,ALI,WH-02
2026-02-06,ORD104002,SKU0059,3,245.84,5,700.64,CUST00047,ALEXANDRIA,MARKETPLACE,CARD,3.0,COMPLETED,SARA,WH-05
2026-06-05,ORD100185,SKU0002,3,284.38,30,597.2,CUST00695,CAIRO,STORE,UNKNOWN,0.0,CANCELLED,MONA,WH-01
2026-06-13,ORD100818,SKU0167,3,10.94,15,27.9,CUST01285,LUXOR,ONLINE,UNKNOWN,8.0,COMPLETED,SARA,WH-03
2026-05-05,ORD100518,SKU0037,1,14.39,15,12.23,CUST02408,LUXOR,WHOLESALE,UNKNOWN,10.0,RETURNED,MONA,WH-02
2026-04-25,ORD101270,SKU0052,5,111.41,5,529.2,CUST02582,ASWAN,STORE,BNPL,1.0,COMPLETED,SARA,WH-01
2026-03-25,ORD104786,SKU0074,1,208.5,30,145.95,CUST01513,MANSOURA,WHOLESALE,CARD,7.0,COMPLETED,UNKNOWN,WH-03
2026-07-15,ORD100082,SKU0017,2,42.61,35,55.39,CUST01512,GIZA,ONLINE,WALLET,7.0,COMPLETED,MONA,WH-03
2026-02-24,ORD100977,SKU0038,6,317.86,5,1811.8,CUST00997,CAIRO,WHOLESALE,WALLET,9.0,COMPLETED,SARA,WH-02
2026-02-28,ORD103939,SKU0093,2,104.21,35,135.47,CUST00267,TANTA,ONLINE,WALLET,0.0,COMPLETED,YOUSSEF,WH-01
2026-02-08,ORD104483,SKU0124,3,207.19,20,497.26,CUST02703,LUXOR,WHOLESALE,CASH,7.0,COMPLETED,UNKNOWN,WH-02
2026-04-22,ORD100579,SKU0137,2,378.69,25,568.04,CUST00229,ALEXANDRIA,STORE,UNKNOWN,7.0,COMPLETED,ALI,WH-03
2026-07-04,ORD103190,SKU0104,5,50.63,30,177.2,CUST01486,GIZA,MARKETPLACE,BNPL,2.0,COMPLETED,UNKNOWN,WH-05
2026-02-03,ORD100615,SKU0191,3,56.25,20,135.0,CUST00253,TANTA,STORE,BNPL,9.0,COMPLETED,SARA,WH-01
2026-05-25,ORD100541,SKU0010,2,143.06,30,200.28,CUST00989,LUXOR,STORE,CARD,2.0,CANCELLED,ALI,WH-05
2026-04-14,ORD101126,SKU0077,2,61.28,30,85.79,CUST02101,LUXOR,MARKETPLACE,CASH,3.0,COMPLETED,YOUSSEF,WH-03
2026-04-16,ORD103499,SKU0119,2,72.52,15,123.28,CUST00747,TANTA,WHOLESALE,BNPL,8.0,COMPLETED,YOUSSEF,WH-05
2025-12-29,ORD102021,SKU0007,3,247.53,5,705.46,CUST01384,ASWAN,ONLINE,UNKNOWN,8.0,COMPLETED,SARA,WH-01
2026-02-23,ORD103983,SKU0039,1,214.71,20,171.77,CUST02837,CAIRO,MARKETPLACE,CASH,4.0,COMPLETED,YOUSSEF,WH-02
2026-02-10,ORD104054,SKU0065,1,11.26,20,9.01,CUST02475,ALEXANDRIA,ONLINE,CASH,6.0,CANCELLED,OMAR,WH-05
2026-02-14,ORD102566,SKU0102,2,80.41,15,136.7,CUST02371,TANTA,STORE,CARD,6.0,COMPLETED,YOUSSEF,WH-02
2026-01-08,ORD102644,SKU0096,4,53.51,5,203.34,CUST02168,GIZA,STORE,CASH,0.0,COMPLETED,ALI,WH-05
2026-06-06,ORD101468,SKU0123,5,19.6,15,83.3,CUST00358,ALEXANDRIA,ONLINE,CARD,3.0,COMPLETED,OMAR,WH-05
2026-07-17,ORD104583,SKU0040,1,99.02,30,69.31,CUST02236,TANTA,MARKETPLACE,UNKNOWN,1.0,COMPLETED,UNKNOWN,WH-01
2026-04-05,ORD100377,SKU0101,3,156.65,0,469.95,CUST02989,TANTA,STORE,WALLET,2.0,RETURNED,ALI,WH-05
2026-06-23,ORD100782,SKU0098,2,120.47,35,156.61,CUST01126,ASWAN,MARKETPLACE,UNKNOWN,6.0,COMPLETED,SARA,WH-01
2026-05-04,ORD102589,SKU0014,3,81.96,20,196.7,CUST00583,CAIRO,MARKETPLACE,BNPL,2.0,COMPLETED,UNKNOWN,WH-05
2026-06-08,ORD103930,SKU0110,3,300.92,35,586.79,CUST01553,GIZA,WHOLESALE,WALLET,6.0,COMPLETED,UNKNOWN,WH-03
2026-02-03,ORD101800,SKU0169,2,330.62,25,495.93,CUST01812,ASWAN,MARKETPLACE,UNKNOWN,5.0,COMPLETED,UNKNOWN,WH-04
2026-04-05,ORD101407,SKU0104,1,46.32,10,41.69,CUST01554,CAIRO,ONLINE,CASH,7.0,COMPLETED,UNKNOWN,WH-01
2026-04-26,ORD103001,SKU0018,5,405.55,10,1824.98,CUST01608,TANTA,ONLINE,BNPL,9.0,RETURNED,SARA,WH-01
2026-03-29,ORD100598,SKU0091,1,95.8,30,67.06,CUST02183,CAIRO,WHOLESALE,CASH,7.0,COMPLETED,MONA,WH-01
2026-01-27,ORD103316,SKU0057,3,395.83,5,1128.12,CUST00804,ASWAN,MARKETPLACE,CASH,0.0,COMPLETED,MONA,WH-01
2026-03-19,ORD101856,SKU0039,1,205.83,5,195.54,CUST01974,ALEXANDRIA,WHOLESALE,CASH,10.0,COMPLETED,UNKNOWN,WH-04
2026-04-14,ORD101497,SKU0028,3,295.6,45,487.74,CUST01936,MANSOURA,MARKETPLACE,BNPL,6.0,COMPLETED,SARA,WH-01
2026-01-07,ORD104564,SKU0115,3,367.98,0,1103.94,CUST00032,ASWAN,WHOLESALE,CASH,1.0,COMPLETED,UNKNOWN,WH-04
2026-02-10,ORD104832,SKU0143,2,140.35,15,238.59,CUST01778,ALEXANDRIA,STORE,BNPL,3.0,COMPLETED,OMAR,WH-01
2026-05-29,ORD101511,SKU0192,2,284.92,30,398.89,CUST02958,ALEXANDRIA,MARKETPLACE,CARD,2.0,COMPLETED,ALI,WH-02
2026-02-20,ORD102058,SKU0118,2,85.47,5,162.39,CUST02410,MANSOURA,MARKETPLACE,UNKNOWN,3.0,COMPLETED,YOUSSEF,WH-05
2026-06-11,ORD101141,SKU0108,5,206.47,0,1032.35,CUST01693,GIZA,STORE,BNPL,7.0,COMPLETED,YOUSSEF,WH-03
2026-02-22,ORD102538,SKU0047,5,305.49,10,1374.71,CUST02946,GIZA,MARKETPLACE,CARD,9.0,COMPLETED,SARA,WH-02
2026-06-28,ORD101162,SKU0124,2,201.22,30,281.71,CUST02920,LUXOR,ONLINE,BNPL,1.0,COMPLETED,UNKNOWN,WH-04
2025-12-28,ORD102190,SKU0175,2,158.35,5,300.86,CUST00791,ALEXANDRIA,STORE,CASH,2.0,COMPLETED,ALI,WH-01
2026-01-22,ORD101485,SKU0162,5,209.17,15,888.97,CUST00061,GIZA,WHOLESALE,CASH,1.0,COMPLETED,ALI,WH-03
2026-04-16,ORD101884,SKU0101,1,168.65,15,143.35,CUST02553,MANSOURA,ONLINE,CASH,2.0,COMPLETED,MONA,WH-05
2026-05-08,ORD103630,SKU0167,2,11.55,25,17.33,CUST00055,ALEXANDRIA,WHOLESALE,UNKNOWN,1.0,COMPLETED,MONA,WH-01
2026-02-11,ORD100307,SKU0189,1,222.24,30,155.57,CUST01575,LUXOR,MARKETPLACE,WALLET,4.0,RETURNED,SARA,WH-03
2026-06-25,ORD103567,SKU0043,1,99.24,10,89.32,CUST01116,GIZA,MARKETPLACE,CASH,1.0,COMPLETED,YOUSSEF,WH-05
2026-04-14,ORD101755,SKU0061,4,380.63,25,1141.89,CUST01287,ALEXANDRIA,STORE,BNPL,1.0,COMPLETED,OMAR,WH-01
2026-05-21,ORD102604,SKU0006,1,20.79,15,17.67,CUST01879,ASWAN,ONLINE,UNKNOWN,8.0,RETURNED,UNKNOWN,WH-05
2026-05-17,ORD104414,SKU0177,2,182.5,20,292.0,CUST02122,TANTA,STORE,BNPL,4.0,COMPLETED,OMAR,WH-03
2026-03-02,ORD102169,SKU0007,2,233.76,5,444.14,CUST00212,LUXOR,MARKETPLACE,CASH,2.0,COMPLETED,MONA,WH-01
2026-02-15,ORD103371,SKU0102,2,88.57,30,124.0,CUST02055,ASWAN,STORE,UNKNOWN,4.0,COMPLETED,OMAR,WH-05
2026-05-03,ORD101236,SKU0011,1,157.38,45,86.56,CUST02606,CAIRO,STORE,CASH,6.0,COMPLETED,YOUSSEF,WH-01
2026-06-17,ORD101524,SKU0103,2,141.99,25,212.98,CUST01382,TANTA,MARKETPLACE,CARD,7.0,COMPLETED,MONA,WH-05
2026-05-06,ORD100951,SKU0063,2,86.42,15,146.91,CUST00502,ALEXANDRIA,ONLINE,BNPL,8.0,COMPLETED,OMAR,WH-05
2026-05-23,ORD103829,SKU0181,4,151.22,15,514.15,CUST00231,ASWAN,WHOLESALE,UNKNOWN,2.0,COMPLETED,OMAR,WH-05
2026-04-16,ORD103497,SKU0070,3,181.44,20,435.46,CUST00092,TANTA,MARKETPLACE,BNPL,5.0,COMPLETED,SARA,WH-03
2026-04-11,ORD103616,SKU0054,1,165.7,15,140.84,CUST00007,TANTA,MARKETPLACE,BNPL,6.0,COMPLETED,YOUSSEF,WH-01
2026-04-07,ORD100119,SKU0142,3,95.5,25,214.88,CUST02267,GIZA,MARKETPLACE,CASH,3.0,COMPLETED,SARA,WH-02
2026-01-06,ORD102399,SKU0128,1,68.85,30,48.19,CUST01447,ALEXANDRIA,WHOLESALE,BNPL,7.0,COMPLETED,ALI,WH-04
2026-05-12,ORD100253,SKU0056,4,85.63,30,239.76,CUST00256,MANSOURA,WHOLESALE,BNPL,8.0,COMPLETED,MONA,WH-03
2026-02-04,ORD104068,SKU0129,1,364.23,15,309.6,CUST02598,TANTA,WHOLESALE,BNPL,8.0,COMPLETED,OMAR,WH-03
2026-05-01,ORD103241,SKU0136,3,337.15,45,556.3,CUST00666,ASWAN,MARKETPLACE,CASH,1.0,COMPLETED,ALI,WH-01
2026-01-07,ORD101318,SKU0017,1,40.79,10,36.71,CUST02496,GIZA,WHOLESALE,CASH,3.0,COMPLETED,ALI,WH-04
2026-05-16,ORD104225,SKU0085,3,26.29,10,70.98,CUST00334,GIZA,WHOLESALE,BNPL,3.0,RETURNED,YOUSSEF,WH-05
2026-06-23,ORD102675,SKU0170,4,136.43,10,491.15,CUST01297,ASWAN,STORE,CASH,6.0,RETURNED,MONA,WH-04
2026-07-24,ORD100905,SKU0127,3,255.15,25,574.09,CUST00007,ALEXANDRIA,ONLINE,WALLET,5.0,COMPLETED,UNKNOWN,WH-04
2026-06-21,ORD103396,SKU0154,1,166.55,45,91.6,CUST02331,ALEXANDRIA,MARKETPLACE,CARD,6.0,COMPLETED,MONA,WH-03
2026-03-28,ORD100825,SKU0101,1,176.7,10,159.03,CUST02330,GIZA,STORE,CARD,0.0,CANCELLED,ALI,WH-05
2026-03-04,ORD100741,SKU0090,2,259.83,35,337.78,CUST01484,CAIRO,ONLINE,UNKNOWN,10.0,COMPLETED,SARA,WH-04
2026-07-23,ORD104321,SKU0074,3,214.35,0,643.05,CUST00578,MANSOURA,MARKETPLACE,CASH,5.0,COMPLETED,ALI,WH-03
2026-05-16,ORD100636,SKU0178,2,40.44,30,56.62,CUST01296,GIZA,WHOLESALE,CASH,4.0,COMPLETED,ALI,WH-05
2026-06-23,ORD103797,SKU0013,2,196.81,30,275.53,CUST02341,LUXOR,ONLINE,CASH,6.0,CANCELLED,ALI,WH-05
2025-12-31,ORD101492,SKU0005,4,245.14,45,539.31,CUST02981,LUXOR,ONLINE,BNPL,5.0,COMPLETED,OMAR,WH-05
2026-06-15,ORD102824,SKU0041,4,349.25,15,1187.45,CUST02550,CAIRO,WHOLESALE,UNKNOWN,6.0,COMPLETED,OMAR,WH-04
2026-06-16,ORD102552,SKU0027,1,434.26,15,369.12,CUST02654,ALEXANDRIA,ONLINE,WALLET,4.0,COMPLETED,SARA,WH-05
2026-04-07,ORD102941,SKU0141,2,272.72,20,436.35,CUST02254,GIZA,ONLINE,BNPL,0.0,COMPLETED,ALI,WH-03
2026-02-15,ORD103743,SKU0163,1,413.4,30,289.38,CUST02961,LUXOR,STORE,WALLET,4.0,COMPLETED,SARA,WH-02
2026-05-07,ORD101420,SKU0093,3,117.05,35,228.25,CUST02319,ASWAN,MARKETPLACE,CASH,10.0,COMPLETED,SARA,WH-01
2026-05-19,ORD101808,SKU0137,1,388.11,25,291.08,CUST02060,CAIRO,WHOLESALE,CASH,5.0,COMPLETED,ALI,WH-04
2026-01-06,ORD103537,SKU0161,3,225.08,20,540.19,CUST00320,TANTA,STORE,CARD,9.0,RETURNED,YOUSSEF,WH-01
2026-04-16,ORD102620,SKU0096,1,55.97,0,55.97,CUST01195,MANSOURA,STORE,WALLET,2.0,COMPLETED,ALI,WH-02
2026-06-28,ORD101258,SKU0195,1,329.63,15,280.19,CUST01161,ASWAN,ONLINE,WALLET,2.0,COMPLETED,YOUSSEF,WH-04
2026-04-13,ORD104491,SKU0066,3,122.77,20,294.65,CUST01513,GIZA,ONLINE,WALLET,6.0,COMPLETED,OMAR,WH-02
2026-04-23,ORD101104,SKU0023,4,105.44,5,400.67,CUST01048,TANTA,WHOLESALE,CASH,9.0,COMPLETED,UNKNOWN,WH-04
2026-07-04,ORD101440,SKU0021,3,48.41,35,94.4,CUST00250,MANSOURA,WHOLESALE,CASH,9.0,COMPLETED,YOUSSEF,WH-03
2026-06-20,ORD101532,SKU0099,4,348.14,35,905.16,CUST01850,MANSOURA,ONLINE,UNKNOWN,3.0,COMPLETED,ALI,WH-04
2026-06-05,ORD100757,SKU0070,2,166.05,20,265.68,CUST02986,ALEXANDRIA,WHOLESALE,WALLET,8.0,COMPLETED,OMAR,WH-01
2026-07-16,ORD102086,SKU0144,3,177.1,35,345.34,CUST02944,TANTA,STORE,CARD,10.0,COMPLETED,YOUSSEF,WH-01
2026-04-18,ORD100545,SKU0038,3,283.22,20,679.73,CUST00322,ALEXANDRIA,MARKETPLACE,CARD,2.0,COMPLETED,OMAR,WH-02
2026-04-23,ORD100184,SKU0164,2,210.96,5,400.82,CUST02452,GIZA,WHOLESALE,WALLET,9.0,COMPLETED,UNKNOWN,WH-04
2026-01-17,ORD100261,SKU0138,3,181.88,35,354.67,CUST02135,LUXOR,ONLINE,CASH,2.0,COMPLETED,SARA,WH-01
2026-03-11,ORD101034,SKU0131,3,281.97,10,761.32,CUST00901,MANSOURA,WHOLESALE,CASH,7.0,COMPLETED,ALI,WH-05
2026-04-22,ORD103288,SKU0166,3,157.78,15,402.34,CUST01045,LUXOR,STORE,UNKNOWN,5.0,CANCELLED,UNKNOWN,WH-05
2026-03-06,ORD101536,SKU0076,3,255.68,20,613.63,CUST02005,TANTA,ONLINE,CASH,1.0,COMPLETED,MONA,WH-01
2026-05-19,ORD104311,SKU0015,2,158.13,45,173.94,CUST01389,CAIRO,WHOLESALE,BNPL,6.0,COMPLETED,UNKNOWN,WH-01
2026-03-25,ORD101892,SKU0122,1,308.34,15,262.09,CUST02554,GIZA,MARKETPLACE,CASH,5.0,COMPLETED,ALI,WH-01
2026-01-01,ORD103436,SKU0061,2,369.48,15,628.12,CUST00366,MANSOURA,MARKETPLACE,UNKNOWN,8.0,RETURNED,SARA,WH-03
2025-12-31,ORD100223,SKU0164,1,227.18,15,193.1,CUST01819,CAIRO,WHOLESALE,CASH,0.0,COMPLETED,UNKNOWN,WH-03
2026-03-19,ORD101862,SKU0022,1,26.08,30,18.26,CUST02499,MANSOURA,MARKETPLACE,CASH,6.0,COMPLETED,YOUSSEF,WH-02
2026-02-09,ORD103280,SKU0026,1,431.06,5,409.51,CUST02699,TANTA,WHOLESALE,CARD,3.0,COMPLETED,SARA,WH-04
2026-05-17,ORD101268,SKU0096,2,54.37,5,103.3,CUST01311,GIZA,ONLINE,UNKNOWN,6.0,COMPLETED,ALI,WH-01
2026-02-01,ORD104609,SKU0020,1,227.27,0,227.27,CUST00380,CAIRO,WHOLESALE,WALLET,6.0,RETURNED,OMAR,WH-02
2026-06-20,ORD104787,SKU0129,4,399.77,25,1199.31,CUST02573,GIZA,WHOLESALE,CASH,3.0,COMPLETED,OMAR,WH-01
2026-05-01,ORD103574,SKU0075,2,24.75,25,37.12,CUST01847,LUXOR,STORE,WALLET,9.0,COMPLETED,ALI,WH-03
2026-02-08,ORD104710,SKU0022,1,26.48,5,25.16,CUST01099,TANTA,ONLINE,CASH,6.0,COMPLETED,UNKNOWN,WH-02
2026-04-10,ORD103723,SKU0134,1,286.57,45,157.61,CUST00296,GIZA,ONLINE,CASH,5.0,COMPLETED,YOUSSEF,WH-02
2026-03-23,ORD101743,SKU0098,5,107.87,5,512.38,CUST02235,TANTA,WHOLESALE,CASH,7.0,COMPLETED,MONA,WH-04
2026-07-17,ORD104618,SKU0110,4,302.47,20,967.9,CUST02976,MANSOURA,ONLINE,CARD,1.0,COMPLETED,YOUSSEF,WH-05
2026-02-07,ORD102860,SKU0022,6,26.45,25,119.02,CUST02614,CAIRO,ONLINE,WALLET,8.0,COMPLETED,UNKNOWN,WH-05
2026-02-23,ORD104484,SKU0097,3,377.16,25,848.61,CUST01495,MANSOURA,ONLINE,UNKNOWN,2.0,COMPLETED,YOUSSEF,WH-02
2026-05-30,ORD103654,SKU0152,2,222.01,15,377.42,CUST02342,TANTA,STORE,UNKNOWN,6.0,COMPLETED,OMAR,WH-04
2026-01-13,ORD103437,SKU0118,3,96.55,30,202.75,CUST01111,ALEXANDRIA,MARKETPLACE,CASH,1.0,COMPLETED,MONA,WH-04
2026-07-02,ORD104446,SKU0012,1,99.79,35,64.86,CUST02554,MANSOURA,MARKETPLACE,CARD,0.0,COMPLETED,UNKNOWN,WH-03
2026-02-16,ORD101473,SKU0036,6,239.31,20,1148.69,CUST01857,LUXOR,ONLINE,CARD,5.0,COMPLETED,MONA,WH-02
2026-06-05,ORD104163,SKU0118,2,94.51,20,151.22,CUST02909,TANTA,ONLINE,CARD,3.0,COMPLETED,OMAR,WH-03
2025-12-30,ORD104084,SKU0116,2,271.22,10,488.2,CUST01165,GIZA,STORE,BNPL,3.0,COMPLETED,MONA,WH-03
2026-01-30,ORD101071,SKU0161,2,234.32,35,304.62,CUST01677,TANTA,MARKETPLACE,WALLET,2.0,RETURNED,OMAR,WH-05
2026-05-11,ORD103179,SKU0145,1,116.2,20,92.96,CUST02469,CAIRO,STORE,BNPL,10.0,CANCELLED,UNKNOWN,WH-01
2026-01-24,ORD104412,SKU0160,3,57.92,15,147.7,CUST01446,TANTA,STORE,BNPL,4.0,COMPLETED,UNKNOWN,WH-05
2026-03-05,ORD101393,SKU0023,2,111.26,30,155.76,CUST00054,ASWAN,ONLINE,UNKNOWN,5.0,COMPLETED,YOUSSEF,WH-05
2026-07-16,ORD100149,SKU0060,5,319.71,10,1438.7,CUST01541,LUXOR,ONLINE,CASH,8.0,COMPLETED,SARA,WH-01
2026-07-22,ORD101967,SKU0077,4,63.79,45,140.34,CUST01913,CAIRO,MARKETPLACE,CASH,6.0,COMPLETED,MONA,WH-01
2026-03-27,ORD104883,SKU0190,2,248.41,5,471.98,CUST01409,TANTA,ONLINE,BNPL,4.0,COMPLETED,OMAR,WH-02
2026-06-01,ORD100853,SKU0069,4,212.88,15,723.79,CUST02510,LUXOR,ONLINE,BNPL,7.0,COMPLETED,MONA,WH-01
2026-06-01,ORD102775,SKU0041,1,322.29,15,273.95,CUST00575,LUXOR,WHOLESALE,CARD,1.0,COMPLETED,UNKNOWN,WH-02
2026-04-25,ORD101259,SKU0195,5,346.3,0,1731.5,CUST01176,MANSOURA,WHOLESALE,UNKNOWN,5.0,COMPLETED,SARA,WH-02
2026-04-19,ORD101922,SKU0064,1,348.78,10,313.9,CUST00727,GIZA,STORE,CASH,10.0,COMPLETED,UNKNOWN,WH-05
2026-05-07,ORD100405,SKU0080,1,114.61,0,114.61,CUST02835,CAIRO,STORE,CASH,1.0,COMPLETED,ALI,WH-04
2026-06-27,ORD101692,SKU0078,1,309.64,30,216.75,CUST02607,TANTA,STORE,UNKNOWN,10.0,COMPLETED,SARA,WH-02
2026-07-07,ORD100426,SKU0010,3,138.74,5,395.41,CUST00759,ALEXANDRIA,STORE,WALLET,6.0,COMPLETED,MONA,WH-04
2026-04-13,ORD103036,SKU0129,2,379.06,25,568.59,CUST02698,MANSOURA,ONLINE,BNPL,8.0,COMPLETED,OMAR,WH-01
2026-04-06,ORD101746,SKU0164,3,234.81,5,669.21,CUST02518,TANTA,ONLINE,CARD,1.0,COMPLETED,UNKNOWN,WH-05
2026-04-01,ORD101901,SKU0039,6,211.56,30,888.55,CUST00507,ALEXANDRIA,STORE,WALLET,8.0,COMPLETED,ALI,WH-02
2026-03-16,ORD100195,SKU0140,1,292.42,20,233.94,CUST00037,ALEXANDRIA,STORE,CARD,7.0,COMPLETED,OMAR,WH-02
2026-04-24,ORD101771,SKU0052,1,117.56,25,88.17,CUST01388,ALEXANDRIA,ONLINE,UNKNOWN,6.0,COMPLETED,ALI,WH-04
2026-07-14,ORD104137,SKU0090,5,235.82,5,1120.14,CUST01934,TANTA,WHOLESALE,CARD,10.0,COMPLETED,MONA,WH-01
2026-01-13,ORD104952,SKU0150,3,151.84,30,318.86,CUST01404,ALEXANDRIA,WHOLESALE,CARD,8.0,COMPLETED,ALI,WH-02
2026-07-22,ORD103424,SKU0012,2,100.71,0,201.42,CUST00751,CAIRO,STORE,UNKNOWN,2.0,COMPLETED,ALI,WH-01
2026-06-07,ORD102825,SKU0171,1,165.25,10,148.72,CUST01217,ALEXANDRIA,STORE,WALLET,6.0,COMPLETED,OMAR,WH-05
2026-01-05,ORD102717,SKU0036,2,223.45,45,245.8,CUST02925,ASWAN,MARKETPLACE,CASH,8.0,COMPLETED,YOUSSEF,WH-03
2026-01-30,ORD101871,SKU0175,5,153.29,15,651.48,CUST00887,GIZA,ONLINE,CASH,1.0,COMPLETED,ALI,WH-05
2026-02-03,ORD102054,SKU0161,3,248.99,35,485.53,CUST00814,CAIRO,WHOLESALE,BNPL,8.0,COMPLETED,MONA,WH-04
2026-04-11,ORD101416,SKU0029,3,32.38,30,68.0,CUST02929,GIZA,WHOLESALE,CASH,0.0,CANCELLED,YOUSSEF,WH-04
2026-07-16,ORD100511,SKU0045,2,290.16,35,377.21,CUST02144,GIZA,MARKETPLACE,BNPL,5.0,COMPLETED,OMAR,WH-03
2026-07-02,ORD104388,SKU0133,4,385.08,5,1463.3,CUST00314,ALEXANDRIA,STORE,CASH,4.0,COMPLETED,ALI,WH-03
2026-05-02,ORD100981,SKU0106,1,227.34,30,159.14,CUST02241,LUXOR,STORE,BNPL,3.0,COMPLETED,UNKNOWN,WH-03
2026-07-05,ORD102443,SKU0155,3,261.15,25,587.59,CUST01776,LUXOR,MARKETPLACE,CASH,10.0,COMPLETED,SARA,WH-01
2026-06-09,ORD102040,SKU0123,1,17.82,30,12.47,CUST00076,LUXOR,ONLINE,BNPL,1.0,COMPLETED,SARA,WH-03
2026-01-01,ORD102250,SKU0195,1,323.8,30,226.66,CUST01184,CAIRO,MARKETPLACE,UNKNOWN,1.0,COMPLETED,MONA,WH-05
2026-05-18,ORD102617,SKU0115,1,361.74,20,289.39,CUST02461,TANTA,STORE,CARD,6.0,CANCELLED,YOUSSEF,WH-05
2026-05-03,ORD103997,SKU0175,1,155.43,45,85.49,CUST02842,MANSOURA,MARKETPLACE,CARD,6.0,COMPLETED,ALI,WH-02
2026-04-07,ORD101495,SKU0086,1,170.86,35,111.06,CUST00495,MANSOURA,STORE,WALLET,8.0,COMPLETED,YOUSSEF,WH-01
2026-02-25,ORD101455,SKU0075,4,25.09,5,95.34,CUST02487,ASWAN,STORE,CARD,10.0,COMPLETED,MONA,WH-02
2026-01-18,ORD104758,SKU0030,6,21.41,20,102.77,CUST01600,ALEXANDRIA,WHOLESALE,BNPL,8.0,COMPLETED,UNKNOWN,WH-03
2026-06-05,ORD103618,SKU0084,2,100.4,0,200.8,CUST00460,ALEXANDRIA,STORE,CARD,0.0,COMPLETED,UNKNOWN,WH-05
2026-03-07,ORD102308,SKU0071,1,283.72,15,241.16,CUST02264,LUXOR,MARKETPLACE,UNKNOWN,3.0,COMPLETED,OMAR,WH-05
2026-03-27,ORD101231,SKU0119,5,72.22,5,343.04,CUST02514,TANTA,ONLINE,CARD,6.0,COMPLETED,SARA,WH-01
2026-03-14,ORD100660,SKU0109,2,141.68,25,212.52,CUST02847,CAIRO,MARKETPLACE,WALLET,3.0,COMPLETED,OMAR,WH-01
2026-02-28,ORD102839,SKU0173,1,166.14,30,116.3,CUST00079,TANTA,STORE,WALLET,2.0,COMPLETED,ALI,WH-05
2026-01-12,ORD100344,SKU0144,5,188.51,30,659.78,CUST01995,GIZA,ONLINE,UNKNOWN,4.0,COMPLETED,ALI,WH-05
2026-05-29,ORD104050,SKU0058,3,290.58,35,566.63,CUST02311,GIZA,WHOLESALE,UNKNOWN,6.0,COMPLETED,YOUSSEF,WH-02
2026-01-05,ORD103731,SKU0155,4,251.78,5,956.76,CUST00612,ASWAN,WHOLESALE,CASH,8.0,COMPLETED,OMAR,WH-01
2026-03-19,ORD103367,SKU0066,3,124.26,10,335.5,CUST01224,MANSOURA,MARKETPLACE,BNPL,7.0,COMPLETED,OMAR,WH-03
2026-02-14,ORD102686,SKU0124,2,217.17,45,238.89,CUST02309,ASWAN,ONLINE,CARD,7.0,COMPLETED,YOUSSEF,WH-02
2026-02-24,ORD102081,SKU0194,1,85.66,45,47.11,CUST01310,GIZA,ONLINE,CASH,10.0,COMPLETED,YOUSSEF,WH-04
2026-04-25,ORD101195,SKU0118,1,85.14,20,68.11,CUST02526,ALEXANDRIA,STORE,UNKNOWN,0.0,COMPLETED,UNKNOWN,WH-01
2026-03-15,ORD103111,SKU0062,3,95.76,20,229.82,CUST01931,GIZA,STORE,BNPL,6.0,COMPLETED,OMAR,WH-01
2026-02-25,ORD100929,SKU0109,2,132.47,30,185.46,CUST02814,MANSOURA,MARKETPLACE,WALLET,7.0,COMPLETED,YOUSSEF,WH-01
2026-07-03,ORD101348,SKU0116,2,294.89,5,560.29,CUST02346,LUXOR,WHOLESALE,CARD,2.0,COMPLETED,ALI,WH-03
2026-05-15,ORD103701,SKU0101,5,170.35,5,809.16,CUST02369,CAIRO,ONLINE,BNPL,0.0,COMPLETED,UNKNOWN,WH-02
2026-04-30,ORD102881,SKU0106,1,237.41,45,130.58,CUST00215,CAIRO,MARKETPLACE,CARD,5.0,COMPLETED,YOUSSEF,WH-04
2026-01-12,ORD102748,SKU0146,1,14.08,25,10.56,CUST01526,TANTA,MARKETPLACE,WALLET,4.0,COMPLETED,UNKNOWN,WH-04
2026-01-22,ORD100093,SKU0122,1,288.92,35,187.8,CUST02970,CAIRO,STORE,CASH,6.0,CANCELLED,MONA,WH-04
2026-05-07,ORD104044,SKU0171,1,169.81,15,144.34,CUST02464,LUXOR,WHOLESALE,CARD,10.0,COMPLETED,YOUSSEF,WH-01
2026-05-16,ORD103226,SKU0080,4,104.23,10,375.23,CUST02750,GIZA,WHOLESALE,WALLET,2.0,COMPLETED,MONA,WH-05
2026-05-05,ORD103902,SKU0170,1,118.91,20,95.13,CUST01904,GIZA,STORE,BNPL,3.0,COMPLETED,UNKNOWN,WH-05
2026-02-07,ORD103213,SKU0071,4,288.97,25,866.91,CUST01995,ALEXANDRIA,ONLINE,WALLET,2.0,COMPLETED,SARA,WH-02
2026-01-24,ORD104716,SKU0190,1,267.5,0,267.5,CUST02722,MANSOURA,MARKETPLACE,CASH,5.0,RETURNED,YOUSSEF,WH-02
2026-05-13,ORD103868,SKU0079,5,272.85,0,1364.25,CUST01569,MANSOURA,ONLINE,CARD,3.0,COMPLETED,SARA,WH-01
2026-06-18,ORD103480,SKU0007,2,231.01,20,369.62,CUST02412,MANSOURA,ONLINE,BNPL,10.0,COMPLETED,OMAR,WH-01
2026-04-17,ORD104037,SKU0172,2,68.3,45,75.13,CUST02354,ALEXANDRIA,WHOLESALE,WALLET,0.0,COMPLETED,UNKNOWN,WH-02
2026-03-24,ORD102151,SKU0081,2,148.2,15,251.94,CUST02660,TANTA,WHOLESALE,UNKNOWN,1.0,COMPLETED,ALI,WH-03
2026-01-16,ORD103799,SKU0120,1,196.55,45,108.1,CUST02322,GIZA,STORE,WALLET,2.0,COMPLETED,OMAR,WH-01
2026-02-23,ORD100424,SKU0075,1,25.24,15,21.45,CUST01103,ASWAN,ONLINE,BNPL,9.0,COMPLETED,MONA,WH-05
2026-04-09,ORD102530,SKU0007,1,233.68,30,163.58,CUST00628,CAIRO,ONLINE,WALLET,2.0,COMPLETED,MONA,WH-03
2026-05-11,ORD100750,SKU0114,2,313.64,35,407.73,CUST01106,ASWAN,ONLINE,UNKNOWN,6.0,COMPLETED,YOUSSEF,WH-03
2026-01-19,ORD103345,SKU0007,5,229.3,45,630.58,CUST00496,TANTA,WHOLESALE,CARD,7.0,COMPLETED,OMAR,WH-02
2026-04-23,ORD103247,SKU0137,1,417.72,45,229.75,CUST00960,MANSOURA,STORE,UNKNOWN,8.0,COMPLETED,MONA,WH-04
2026-06-20,ORD101915,SKU0116,1,285.08,20,228.06,CUST02057,ALEXANDRIA,MARKETPLACE,CASH,2.0,COMPLETED,UNKNOWN,WH-05
2026-01-20,ORD101879,SKU0119,2,79.62,15,135.35,CUST02690,ALEXANDRIA,WHOLESALE,UNKNOWN,4.0,COMPLETED,ALI,WH-04
2026-03-03,ORD101254,SKU0151,6,29.23,10,157.84,CUST01349,MANSOURA,WHOLESALE,UNKNOWN,10.0,COMPLETED,YOUSSEF,WH-05
2026-03-20,ORD103405,SKU0024,3,122.83,25,276.37,CUST02061,GIZA,WHOLESALE,CASH,7.0,COMPLETED,MONA,WH-05
2026-06-08,ORD101496,SKU0006,3,21.06,15,53.7,CUST01985,TANTA,WHOLESALE,BNPL,7.0,COMPLETED,YOUSSEF,WH-03
2026-01-04,ORD104997,SKU0063,3,82.83,10,223.64,CUST02972,GIZA,ONLINE,UNKNOWN,8.0,COMPLETED,OMAR,WH-04
2026-01-28,ORD103658,SKU0056,3,88.55,20,212.52,CUST02299,GIZA,STORE,BNPL,2.0,COMPLETED,UNKNOWN,WH-02
2026-02-06,ORD101555,SKU0153,3,356.09,30,747.79,CUST01947,LUXOR,MARKETPLACE,UNKNOWN,9.0,COMPLETED,ALI,WH-03
2026-03-26,ORD103773,SKU0073,1,72.4,35,47.06,CUST00634,CAIRO,ONLINE,CASH,5.0,RETURNED,MONA,WH-03
2026-04-02,ORD102879,SKU0052,1,124.84,5,118.6,CUST00993,CAIRO,WHOLESALE,CASH,8.0,COMPLETED,SARA,WH-05
2026-06-29,ORD101436,SKU0105,1,8.77,25,6.58,CUST01328,ALEXANDRIA,MARKETPLACE,WALLET,9.0,COMPLETED,YOUSSEF,WH-05
2026-02-08,ORD100312,SKU0129,1,387.41,20,309.93,CUST00343,TANTA,STORE,CARD,1.0,RETURNED,SARA,WH-04
2026-02-03,ORD101776,SKU0026,3,416.25,45,686.81,CUST00307,ALEXANDRIA,WHOLESALE,UNKNOWN,0.0,RETURNED,OMAR,WH-01
2026-04-05,ORD102584,SKU0111,4,248.66,45,547.05,CUST00969,ASWAN,ONLINE,UNKNOWN,3.0,COMPLETED,MONA,WH-01
2026-02-02,ORD100019,SKU0135,6,117.03,30,491.53,CUST02272,MANSOURA,MARKETPLACE,UNKNOWN,5.0,COMPLETED,SARA,WH-05
2026-03-08,ORD101403,SKU0045,1,304.86,20,243.89,CUST02758,LUXOR,WHOLESALE,CASH,9.0,COMPLETED,OMAR,WH-05
2026-07-14,ORD102265,SKU0020,1,235.16,25,176.37,CUST01171,CAIRO,ONLINE,WALLET,7.0,COMPLETED,YOUSSEF,WH-05
2026-02-09,ORD100170,SKU0001,1,180.07,0,180.07,CUST01262,ALEXANDRIA,STORE,CARD,6.0,COMPLETED,SARA,WH-05
2026-03-26,ORD101264,SKU0140,2,299.17,15,508.59,CUST00445,ALEXANDRIA,STORE,WALLET,6.0,CANCELLED,SARA,WH-01
2026-03-06,ORD102628,SKU0005,1,264.77,5,251.53,CUST00422,GIZA,MARKETPLACE,BNPL,3.0,COMPLETED,YOUSSEF,WH-03
2026-03-31,ORD101833,SKU0121,1,417.26,35,271.22,CUST01440,ALEXANDRIA,ONLINE,UNKNOWN,9.0,RETURNED,MONA,WH-01
2026-03-20,ORD103865,SKU0055,5,66.12,30,231.42,CUST02148,GIZA,MARKETPLACE,WALLET,6.0,COMPLETED,ALI,WH-04
2026-04-28,ORD102170,SKU0094,1,295.93,15,251.54,CUST02243,TANTA,MARKETPLACE,CASH,5.0,RETURNED,MONA,WH-02
2026-06-02,ORD101205,SKU0047,1,293.55,35,190.81,CUST01370,CAIRO,ONLINE,BNPL,0.0,COMPLETED,ALI,WH-01
2026-06-07,ORD101624,SKU0090,3,256.34,5,730.57,CUST00505,MANSOURA,STORE,BNPL,2.0,COMPLETED,ALI,WH-05
2026-01-30,ORD104337,SKU0074,5,232.11,5,1102.52,CUST01514,ASWAN,STORE,BNPL,4.0,COMPLETED,YOUSSEF,WH-03
2026-06-30,ORD103347,SKU0041,4,328.32,0,1313.28,CUST01951,GIZA,WHOLESALE,BNPL,1.0,COMPLETED,ALI,WH-05
2026-06-13,ORD100719,SKU0008,2,60.13,10,108.23,CUST01693,ALEXANDRIA,ONLINE,BNPL,2.0,COMPLETED,MONA,WH-05
2026-06-26,ORD102976,SKU0031,5,124.35,35,404.14,CUST01182,LUXOR,ONLINE,WALLET,5.0,COMPLETED,YOUSSEF,WH-02
2026-07-12,ORD100371,SKU0009,2,115.8,30,162.12,CUST00652,GIZA,STORE,CARD,7.0,COMPLETED,MONA,WH-02
2026-05-16,ORD100348,SKU0170,5,122.79,10,552.56,CUST01970,ASWAN,ONLINE,CASH,5.0,COMPLETED,SARA,WH-02
2026-04-15,ORD104759,SKU0085,4,23.74,5,90.21,CUST01964,TANTA,ONLINE,CASH,9.0,COMPLETED,MONA,WH-03
2026-07-07,ORD104128,SKU0141,3,304.87,30,640.23,CUST02022,LUXOR,ONLINE,CASH,10.0,COMPLETED,SARA,WH-01
2026-01-24,ORD104493,SKU0198,3,173.63,20,416.71,CUST00104,GIZA,WHOLESALE,CASH,3.0,COMPLETED,YOUSSEF,WH-03
2026-06-26,ORD102261,SKU0040,4,100.38,10,361.37,CUST00973,ASWAN,WHOLESALE,BNPL,0.0,COMPLETED,MONA,WH-03
2026-01-05,ORD103694,SKU0080,3,108.26,25,243.59,CUST02804,CAIRO,WHOLESALE,BNPL,7.0,COMPLETED,ALI,WH-05
2026-04-27,ORD100710,SKU0176,1,223.19,45,122.75,CUST02346,TANTA,ONLINE,UNKNOWN,0.0,COMPLETED,ALI,WH-04
2026-05-17,ORD101447,SKU0136,3,345.37,30,725.28,CUST01325,ALEXANDRIA,ONLINE,CARD,5.0,COMPLETED,MONA,WH-03
2026-07-01,ORD104461,SKU0039,3,201.04,25,452.34,CUST01185,MANSOURA,WHOLESALE,CARD,8.0,RETURNED,ALI,WH-03
2026-04-25,ORD104637,SKU0188,6,31.04,5,176.93,CUST02717,LUXOR,WHOLESALE,CASH,8.0,COMPLETED,UNKNOWN,WH-02
2026-04-01,ORD103484,SKU0080,3,113.39,10,306.15,CUST00928,LUXOR,WHOLESALE,UNKNOWN,4.0,COMPLETED,MONA,WH-05
2026-03-18,ORD100596,SKU0123,5,20.74,0,103.7,CUST02968,ALEXANDRIA,ONLINE,WALLET,8.0,COMPLETED,UNKNOWN,WH-03
2026-03-28,ORD100564,SKU0147,3,255.53,10,689.93,CUST00793,LUXOR,WHOLESALE,BNPL,1.0,COMPLETED,YOUSSEF,WH-01
2026-01-25,ORD103089,SKU0080,1,111.92,45,61.56,CUST01028,MANSOURA,STORE,UNKNOWN,6.0,COMPLETED,ALI,WH-05
2026-04-12,ORD102030,SKU0148,4,57.37,5,218.01,CUST02181,GIZA,MARKETPLACE,UNKNOWN,3.0,COMPLETED,UNKNOWN,WH-03
2026-01-02,ORD103440,SKU0002,2,281.36,30,393.9,CUST00165,CAIRO,ONLINE,BNPL,8.0,COMPLETED,YOUSSEF,WH-02
2026-03-31,ORD104069,SKU0067,2,49.49,35,64.34,CUST00509,TANTA,MARKETPLACE,CARD,4.0,RETURNED,UNKNOWN,WH-02
2026-07-14,ORD100990,SKU0124,2,199.56,0,399.12,CUST01464,TANTA,STORE,UNKNOWN,8.0,COMPLETED,YOUSSEF,WH-03
2026-02-27,ORD104904,SKU0012,2,108.05,20,172.88,CUST00964,TANTA,STORE,WALLET,2.0,COMPLETED,SARA,WH-03
2026-05-05,ORD104042,SKU0098,3,118.31,30,248.45,CUST00952,CAIRO,WHOLESALE,BNPL,10.0,COMPLETED,UNKNOWN,WH-03
2026-05-17,ORD102187,SKU0054,5,174.19,5,827.4,CUST02868,GIZA,MARKETPLACE,UNKNOWN,10.0,COMPLETED,UNKNOWN,WH-01
2026-04-25,ORD104752,SKU0136,1,326.47,5,310.15,CUST01373,ASWAN,ONLINE,BNPL,9.0,COMPLETED,YOUSSEF,WH-04
2026-04-23,ORD101820,SKU0072,2,166.44,45,183.08,CUST02820,ASWAN,ONLINE,UNKNOWN,5.0,COMPLETED,ALI,WH-03
2026-06-04,ORD103511,SKU0037,3,13.53,35,26.38,CUST02144,LUXOR,STORE,WALLET,5.0,CANCELLED,SARA,WH-03
2026-06-24,ORD103814,SKU0096,2,55.14,25,82.71,CUST01201,ALEXANDRIA,MARKETPLACE,CASH,4.0,COMPLETED,OMAR,WH-05
2026-06-29,ORD102698,SKU0035,3,47.05,30,98.8,CUST01905,ALEXANDRIA,WHOLESALE,WALLET,1.0,COMPLETED,MONA,WH-04
2026-04-06,ORD104884,SKU0140,1,303.21,35,197.09,CUST01580,ALEXANDRIA,WHOLESALE,CARD,2.0,COMPLETED,YOUSSEF,WH-03
2026-03-15,ORD102166,SKU0152,4,200.67,10,722.41,CUST00549,MANSOURA,STORE,UNKNOWN,7.0,CANCELLED,UNKNOWN,WH-02
2026-01-18,ORD103702,SKU0139,1,317.72,45,174.75,CUST01243,MANSOURA,STORE,UNKNOWN,3.0,COMPLETED,MONA,WH-04
2026-05-31,ORD103101,SKU0164,1,232.95,0,232.95,CUST01316,GIZA,MARKETPLACE,UNKNOWN,8.0,COMPLETED,YOUSSEF,WH-02
2026-02-03,ORD104259,SKU0061,50,386.69,30,13534.15,CUST00889,ASWAN,MARKETPLACE,BNPL,9.0,COMPLETED,YOUSSEF,WH-05
2026-02-19,ORD100921,SKU0122,3,301.09,5,858.11,CUST02444,TANTA,MARKETPLACE,UNKNOWN,3.0,COMPLETED,MONA,WH-02
2026-02-21,ORD100224,SKU0199,2,277.95,20,444.72,CUST02484,CAIRO,WHOLESALE,WALLET,9.0,COMPLETED,ALI,WH-01
2026-03-07,ORD102903,SKU0101,1,159.03,10,143.13,CUST01663,ALEXANDRIA,MARKETPLACE,BNPL,0.0,COMPLETED,SARA,WH-02
2026-01-18,ORD102565,SKU0058,2,296.98,15,504.87,CUST02943,LUXOR,ONLINE,CARD,1.0,COMPLETED,OMAR,WH-04
2026-05-19,ORD100938,SKU0175,5,145.53,10,654.88,CUST00219,TANTA,STORE,UNKNOWN,10.0,COMPLETED,UNKNOWN,WH-04
2026-02-03,ORD100309,SKU0140,1,282.24,30,197.57,CUST01344,CAIRO,WHOLESALE,CARD,1.0,COMPLETED,YOUSSEF,WH-03
2026-03-01,ORD104800,SKU0020,1,247.37,35,160.79,CUST00254,MANSOURA,STORE,UNKNOWN,10.0,COMPLETED,ALI,WH-03
2026-06-22,ORD100231,SKU0063,1,83.24,0,83.24,CUST02652,MANSOURA,MARKETPLACE,UNKNOWN,2.0,COMPLETED,OMAR,WH-01
2026-05-02,ORD102268,SKU0161,1,213.45,0,213.45,CUST00548,ALEXANDRIA,MARKETPLACE,BNPL,2.0,COMPLETED,OMAR,WH-03
2026-03-24,ORD103659,SKU0190,6,260.71,45,860.34,CUST01972,TANTA,WHOLESALE,CASH,8.0,COMPLETED,ALI,WH-05
2026-04-27,ORD101426,SKU0068,3,309.45,0,928.35,CUST01194,TANTA,ONLINE,BNPL,2.0,COMPLETED,MONA,WH-04
2026-01-02,ORD104517,SKU0131,1,302.49,0,302.49,CUST02232,TANTA,ONLINE,BNPL,0.0,COMPLETED,MONA,WH-05
2026-06-14,ORD103081,SKU0120,2,191.29,25,286.94,CUST00133,CAIRO,STORE,CASH,7.0,COMPLETED,ALI,WH-03
2026-02-25,ORD102658,SKU0076,4,278.72,45,613.18,CUST02458,ASWAN,ONLINE,UNKNOWN,10.0,COMPLETED,YOUSSEF,WH-01
2026-05-02,ORD102384,SKU0050,2,13.17,15,22.39,CUST01347,GIZA,MARKETPLACE,WALLET,7.0,COMPLETED,SARA,WH-05
2026-01-08,ORD102523,SKU0157,2,24.35,15,41.4,CUST01154,GIZA,STORE,UNKNOWN,2.0,CANCELLED,ALI,WH-05
2026-02-26,ORD104763,SKU0053,4,275.3,5,1046.14,CUST01747,LUXOR,STORE,CARD,3.0,COMPLETED,UNKNOWN,WH-04
2026-01-25,ORD103132,SKU0047,3,288.49,25,649.1,CUST00465,CAIRO,ONLINE,BNPL,5.0,COMPLETED,UNKNOWN,WH-03
2026-05-17,ORD104192,SKU0038,4,319.52,0,1278.08,CUST01006,TANTA,MARKETPLACE,CASH,1.0,COMPLETED,YOUSSEF,WH-03
2026-01-24,ORD100948,SKU0059,3,237.24,25,533.79,CUST01779,LUXOR,STORE,CASH,9.0,COMPLETED,MONA,WH-02
2026-04-01,ORD100033,SKU0183,6,329.38,30,1383.4,CUST01364,ASWAN,ONLINE,BNPL,2.0,COMPLETED,MONA,WH-04
2026-01-25,ORD104727,SKU0043,4,98.72,45,217.18,CUST01692,TANTA,MARKETPLACE,CASH,2.0,COMPLETED,MONA,WH-01
2026-04-02,ORD100969,SKU0014,2,74.76,30,104.66,CUST00751,ALEXANDRIA,MARKETPLACE,CASH,5.0,COMPLETED,UNKNOWN,WH-03
2026-02-11,ORD102661,SKU0129,2,373.02,45,410.32,CUST01953,GIZA,ONLINE,CASH,9.0,COMPLETED,ALI,WH-02
2026-04-24,ORD100608,SKU0113,4,79.42,20,254.14,CUST01311,ASWAN,STORE,BNPL,7.0,COMPLETED,SARA,WH-02
2026-02-26,ORD102935,SKU0131,2,318.28,15,541.08,CUST00429,LUXOR,MARKETPLACE,CARD,10.0,RETURNED,OMAR,WH-01
2026-06-19,ORD100813,SKU0117,3,223.39,20,536.14,CUST01789,TANTA,STORE,UNKNOWN,0.0,COMPLETED,MONA,WH-02
2026-02-18,ORD102967,SKU0144,5,181.77,25,681.64,CUST01929,ALEXANDRIA,ONLINE,UNKNOWN,3.0,COMPLETED,UNKNOWN,WH-05
2026-05-22,ORD101342,SKU0034,2,74.56,25,111.84,CUST01547,MANSOURA,WHOLESALE,CASH,3.0,COMPLETED,ALI,WH-04
2026-04-07,ORD102504,SKU0123,1,18.97,35,12.33,CUST01217,TANTA,STORE,CASH,1.0,COMPLETED,ALI,WH-04
2026-02-05,ORD101386,SKU0175,1,164.47,35,106.91,CUST00833,MANSOURA,STORE,WALLET,2.0,COMPLETED,YOUSSEF,WH-03
2026-01-20,ORD100126,SKU0183,1,309.38,25,232.04,CUST02667,ASWAN,WHOLESALE,CASH,5.0,COMPLETED,MONA,WH-04
2026-07-16,ORD101724,SKU0152,4,220.02,0,880.08,CUST01454,TANTA,STORE,BNPL,1.0,RETURNED,ALI,WH-04
2025-12-31,ORD100254,SKU0155,2,242.85,5,461.42,CUST02209,ASWAN,ONLINE,CARD,0.0,COMPLETED,SARA,WH-05
2026-01-07,ORD101643,SKU0052,1,127.54,30,89.28,CUST02057,GIZA,WHOLESALE,UNKNOWN,5.0,COMPLETED,MONA,WH-03
2026-05-13,ORD100085,SKU0013,2,190.43,30,266.6,CUST00733,ASWAN,MARKETPLACE,WALLET,10.0,COMPLETED,YOUSSEF,WH-03
2026-04-26,ORD100669,SKU0057,5,384.77,20,1539.08,CUST00774,MANSOURA,WHOLESALE,UNKNOWN,10.0,COMPLETED,MONA,WH-04
2026-01-02,ORD103763,SKU0130,2,158.34,15,269.18,CUST01451,CAIRO,WHOLESALE,BNPL,7.0,COMPLETED,YOUSSEF,WH-01
2026-01-22,ORD102924,SKU0107,3,195.57,20,469.37,CUST00436,ALEXANDRIA,STORE,WALLET,10.0,COMPLETED,SARA,WH-04
2026-01-02,ORD102137,SKU0094,2,311.8,15,530.06,CUST01154,GIZA,WHOLESALE,UNKNOWN,4.0,COMPLETED,YOUSSEF,WH-01
2026-06-20,ORD102484,SKU0198,1,157.0,5,149.15,CUST02288,GIZA,STORE,BNPL,4.0,COMPLETED,ALI,WH-01
2026-06-07,ORD104228,SKU0039,4,189.59,45,417.1,CUST01377,LUXOR,MARKETPLACE,WALLET,2.0,COMPLETED,MONA,WH-04
2026-05-03,ORD104392,SKU0021,5,54.42,10,244.89,CUST01742,LUXOR,WHOLESALE,UNKNOWN,5.0,COMPLETED,ALI,WH-04
2026-07-24,ORD101750,SKU0016,4,186.88,25,560.64,CUST01121,GIZA,ONLINE,UNKNOWN,6.0,RETURNED,ALI,WH-01
2026-01-07,ORD101260,SKU0033,4,108.37,15,368.46,CUST00657,MANSOURA,MARKETPLACE,CASH,6.0,COMPLETED,YOUSSEF,WH-02
2026-06-27,ORD102035,SKU0171,1,176.66,30,123.66,CUST02784,CAIRO,ONLINE,BNPL,8.0,COMPLETED,SARA,WH-03
2026-06-15,ORD100271,SKU0150,2,157.91,0,315.82,CUST01295,ALEXANDRIA,STORE,CASH,2.0,COMPLETED,ALI,WH-01
2026-02-01,ORD100161,SKU0037,1,13.09,20,10.47,CUST00518,MANSOURA,ONLINE,CARD,1.0,COMPLETED,SARA,WH-05
2026-01-30,ORD100255,SKU0076,1,286.71,5,272.37,CUST00673,ASWAN,MARKETPLACE,CARD,8.0,COMPLETED,SARA,WH-02
2026-06-24,ORD101238,SKU0004,1,36.84,35,23.95,CUST01998,ALEXANDRIA,ONLINE,CARD,5.0,COMPLETED,UNKNOWN,WH-04
2026-02-15,ORD103713,SKU0060,3,310.43,25,698.47,CUST00818,MANSOURA,ONLINE,BNPL,1.0,COMPLETED,MONA,WH-01
2026-07-15,ORD104813,SKU0122,2,310.71,25,466.06,CUST00301,LUXOR,ONLINE,CARD,5.0,COMPLETED,SARA,WH-04
2026-03-15,ORD103177,SKU0064,2,344.89,45,379.38,CUST02532,CAIRO,ONLINE,CARD,6.0,COMPLETED,MONA,WH-02
2026-06-27,ORD101282,SKU0091,2,99.47,30,139.26,CUST01685,GIZA,WHOLESALE,BNPL,5.0,COMPLETED,OMAR,WH-03
2026-02-11,ORD103716,SKU0140,2,310.68,20,497.09,CUST00620,ASWAN,WHOLESALE,CASH,6.0,CANCELLED,YOUSSEF,WH-05
2026-01-25,ORD103862,SKU0076,2,291.42,0,582.84,CUST00021,ALEXANDRIA,WHOLESALE,CASH,8.0,COMPLETED,UNKNOWN,WH-02
2026-01-28,ORD103275,SKU0161,4,227.7,20,728.64,CUST02127,ALEXANDRIA,WHOLESALE,BNPL,8.0,COMPLETED,SARA,WH-02
2026-07-01,ORD102164,SKU0017,2,41.74,15,70.96,CUST02687,LUXOR,ONLINE,WALLET,5.0,COMPLETED,ALI,WH-04
2026-05-03,ORD100355,SKU0054,2,189.26,15,321.74,CUST00303,LUXOR,STORE,WALLET,9.0,COMPLETED,ALI,WH-03
2026-02-18,ORD103535,SKU0098,1,119.95,5,113.95,CUST00145,ALEXANDRIA,STORE,BNPL,5.0,COMPLETED,SARA,WH-01
2026-03-13,ORD104657,SKU0082,5,228.28,45,627.77,CUST00638,TANTA,MARKETPLACE,UNKNOWN,6.0,COMPLETED,MONA,WH-02
2026-01-22,ORD102634,SKU0129,3,394.95,30,829.39,CUST02747,TANTA,STORE,WALLET,6.0,COMPLETED,SARA,WH-02
2026-04-21,ORD104927,SKU0017,2,42.61,25,63.92,CUST00924,TANTA,STORE,CASH,7.0,COMPLETED,UNKNOWN,WH-04
2026-05-30,ORD102894,SKU0077,5,61.07,0,305.35,CUST01081,ALEXANDRIA,ONLINE,CASH,3.0,RETURNED,SARA,WH-05
2026-07-01,ORD101324,SKU0023,4,105.26,35,273.68,CUST00541,ALEXANDRIA,MARKETPLACE,CARD,2.0,COMPLETED,ALI,WH-04
2026-02-20,ORD104313,SKU0193,1,301.44,0,301.44,CUST02130,ASWAN,STORE,WALLET,6.0,COMPLETED,UNKNOWN,WH-02
2026-05-05,ORD104683,SKU0062,5,86.12,5,409.07,CUST00217,TANTA,WHOLESALE,CASH,0.0,COMPLETED,UNKNOWN,WH-02
2026-01-01,ORD103681,SKU0014,1,79.6,0,79.6,CUST02742,CAIRO,WHOLESALE,UNKNOWN,9.0,COMPLETED,UNKNOWN,WH-01
2026-03-28,ORD104398,SKU0004,3,39.29,20,94.3,CUST00384,GIZA,MARKETPLACE,UNKNOWN,8.0,COMPLETED,MONA,WH-03
2026-06-03,ORD102547,SKU0120,3,191.04,20,458.5,CUST01539,MANSOURA,MARKETPLACE,UNKNOWN,5.0,RETURNED,YOUSSEF,WH-01
2026-03-20,ORD102721,SKU0081,4,153.91,20,492.51,CUST00875,TANTA,STORE,UNKNOWN,2.0,COMPLETED,YOUSSEF,WH-05
2026-01-16,ORD101002,SKU0012,6,109.3,5,623.01,CUST00576,LUXOR,ONLINE,WALLET,10.0,COMPLETED,MONA,WH-03
2026-05-13,ORD103461,SKU0100,1,400.37,30,280.26,CUST00810,MANSOURA,MARKETPLACE,WALLET,5.0,COMPLETED,UNKNOWN,WH-05
2026-04-29,ORD100002,SKU0053,4,265.86,5,1010.27,CUST00285,ALEXANDRIA,ONLINE,CARD,0.0,COMPLETED,MONA,WH-02
2026-05-12,ORD103476,SKU0095,4,169.42,35,440.49,CUST01109,GIZA,MARKETPLACE,CASH,5.0,COMPLETED,UNKNOWN,WH-05
2026-04-28,ORD101106,SKU0087,2,157.06,20,251.3,CUST02823,CAIRO,WHOLESALE,CASH,8.0,RETURNED,UNKNOWN,WH-02
2026-06-29,ORD103612,SKU0197,3,157.2,20,377.28,CUST01114,ASWAN,STORE,BNPL,10.0,COMPLETED,OMAR,WH-01
2026-05-04,ORD104886,SKU0127,4,273.86,0,1095.44,CUST01813,TANTA,STORE,BNPL,3.0,COMPLETED,MONA,WH-05
2026-01-27,ORD102963,SKU0141,3,302.95,20,727.08,CUST00134,CAIRO,MARKETPLACE,UNKNOWN,9.0,COMPLETED,YOUSSEF,WH-05
2026-02-23,ORD101086,SKU0120,5,183.72,15,780.81,CUST00405,TANTA,WHOLESALE,CARD,2.0,COMPLETED,SARA,WH-04
2026-06-30,ORD104256,SKU0048,3,256.35,5,730.6,CUST00829,TANTA,MARKETPLACE,UNKNOWN,9.0,RETURNED,ALI,WH-01
2026-02-17,ORD100584,SKU0002,1,305.78,0,305.78,CUST00104,LUXOR,STORE,CARD,2.0,COMPLETED,YOUSSEF,WH-01
2026-01-26,ORD100494,SKU0125,1,449.74,5,427.25,CUST02522,GIZA,MARKETPLACE,UNKNOWN,5.0,COMPLETED,SARA,WH-04
2026-06-19,ORD100353,SKU0010,6,136.12,35,530.87,CUST00885,ASWAN,WHOLESALE,CARD,0.0,COMPLETED,SARA,WH-03
2026-03-30,ORD101591,SKU0193,3,316.46,0,949.38,CUST02556,LUXOR,MARKETPLACE,CASH,0.0,COMPLETED,OMAR,WH-02
2026-02-24,ORD101819,SKU0092,1,385.71,45,212.14,CUST01632,CAIRO,MARKETPLACE,UNKNOWN,5.0,COMPLETED,SARA,WH-02
2026-07-19,ORD103755,SKU0164,1,216.35,25,162.26,CUST01994,GIZA,MARKETPLACE,UNKNOWN,9.0,COMPLETED,ALI,WH-04
2026-04-11,ORD101999,SKU0173,1,153.14,5,145.48,CUST02658,ASWAN,STORE,UNKNOWN,10.0,COMPLETED,MONA,WH-01
2026-04-01,ORD100795,SKU0199,3,292.28,45,482.26,CUST01497,GIZA,STORE,BNPL,1.0,COMPLETED,MONA,WH-03
2026-01-08,ORD100083,SKU0160,2,54.23,45,59.65,CUST02031,CAIRO,MARKETPLACE,CASH,4.0,CANCELLED,SARA,WH-05
2026-03-07,ORD101525,SKU0103,1,139.59,25,104.69,CUST02467,GIZA,STORE,WALLET,5.0,COMPLETED,YOUSSEF,WH-02
2026-06-08,ORD103828,SKU0040,3,96.53,20,231.67,CUST01462,CAIRO,MARKETPLACE,CASH,4.0,COMPLETED,UNKNOWN,WH-03
2026-03-04,ORD100196,SKU0088,4,181.22,10,652.39,CUST01805,LUXOR,WHOLESALE,UNKNOWN,9.0,COMPLETED,ALI,WH-02
2026-05-03,ORD103210,SKU0018,1,421.43,20,337.14,CUST02888,CAIRO,STORE,UNKNOWN,4.0,COMPLETED,MONA,WH-01
2026-01-13,ORD103999,SKU0065,1,12.79,35,8.31,CUST00260,ASWAN,MARKETPLACE,BNPL,4.0,COMPLETED,SARA,WH-05
2026-07-02,ORD102072,SKU0036,4,211.08,30,591.02,CUST02135,CAIRO,WHOLESALE,CARD,0.0,COMPLETED,OMAR,WH-02
2026-01-26,ORD103138,SKU0092,3,413.83,0,1241.49,CUST02566,TANTA,MARKETPLACE,WALLET,2.0,COMPLETED,MONA,WH-05
2026-06-17,ORD102998,SKU0151,6,27.98,0,167.88,CUST01930,MANSOURA,STORE,CASH,10.0,COMPLETED,MONA,WH-04
2026-02-27,ORD103942,SKU0140,3,289.58,25,651.56,CUST01386,LUXOR,WHOLESALE,WALLET,7.0,CANCELLED,OMAR,WH-05
2026-06-23,ORD101714,SKU0020,3,234.6,5,668.61,CUST00693,ASWAN,MARKETPLACE,WALLET,8.0,COMPLETED,SARA,WH-01
2026-04-17,ORD101298,SKU0111,1,256.3,15,217.86,CUST01722,ASWAN,ONLINE,UNKNOWN,9.0,COMPLETED,ALI,WH-02
2026-05-24,ORD104444,SKU0134,1,284.0,35,184.6,CUST01813,GIZA,MARKETPLACE,CASH,1.0,COMPLETED,UNKNOWN,WH-05
2026-04-13,ORD103544,SKU0180,3,376.65,5,1073.45,CUST01124,LUXOR,STORE,CASH,9.0,COMPLETED,OMAR,WH-05
2026-06-09,ORD103596,SKU0102,1,81.33,45,44.73,CUST00699,MANSOURA,MARKETPLACE,CASH,4.0,COMPLETED,SARA,WH-04
2026-05-26,ORD104847,SKU0172,2,63.67,20,101.87,CUST01950,MANSOURA,STORE,UNKNOWN,3.0,COMPLETED,UNKNOWN,WH-03
2026-04-18,ORD102596,SKU0198,1,167.85,35,109.1,CUST01246,MANSOURA,MARKETPLACE,BNPL,1.0,COMPLETED,SARA,WH-03
2026-02-18,ORD104245,SKU0006,1,23.48,10,21.13,CUST00518,ALEXANDRIA,WHOLESALE,UNKNOWN,7.0,COMPLETED,MONA,WH-01
2026-06-25,ORD104009,SKU0081,2,139.46,5,264.97,CUST01480,MANSOURA,ONLINE,BNPL,4.0,COMPLETED,SARA,WH-01
2026-03-04,ORD104364,SKU0034,1,68.88,45,37.88,CUST00809,TANTA,ONLINE,UNKNOWN,10.0,COMPLETED,UNKNOWN,WH-05
2026-07-16,ORD103842,SKU0171,1,171.8,15,146.03,CUST02493,LUXOR,ONLINE,BNPL,4.0,COMPLETED,YOUSSEF,WH-02
2026-05-04,ORD104951,SKU0045,3,323.43,10,873.26,CUST01145,GIZA,MARKETPLACE,CARD,0.0,COMPLETED,SARA,WH-04
2026-02-01,ORD101321,SKU0035,1,46.12,10,41.51,CUST02141,TANTA,STORE,UNKNOWN,3.0,COMPLETED,MONA,WH-02
2026-04-01,ORD100045,SKU0140,5,327.49,10,1473.71,CUST02744,ASWAN,MARKETPLACE,BNPL,3.0,RETURNED,UNKNOWN,WH-03
2026-07-06,ORD104644,SKU0159,4,117.09,10,421.52,CUST02864,CAIRO,STORE,CASH,6.0,RETURNED,ALI,WH-03
2026-07-17,ORD100722,SKU0092,3,387.0,5,1102.95,CUST01054,CAIRO,MARKETPLACE,CASH,0.0,COMPLETED,ALI,WH-05
2026-02-18,ORD103194,SKU0139,4,298.03,15,1013.3,CUST00599,LUXOR,ONLINE,WALLET,2.0,COMPLETED,YOUSSEF,WH-03
2026-02-15,ORD100382,SKU0183,3,289.7,35,564.92,CUST00431,ALEXANDRIA,MARKETPLACE,CASH,2.0,COMPLETED,SARA,WH-05
2026-05-07,ORD104019,SKU0103,1,157.6,25,118.2,CUST02591,ALEXANDRIA,MARKETPLACE,CASH,3.0,COMPLETED,YOUSSEF,WH-02
2026-02-23,ORD102709,SKU0061,4,382.05,5,1451.79,CUST02721,GIZA,MARKETPLACE,WALLET,6.0,COMPLETED,ALI,WH-04
2026-03-10,ORD102779,SKU0054,3,184.9,25,416.02,CUST00419,TANTA,ONLINE,BNPL,9.0,COMPLETED,SARA,WH-02
2026-06-16,ORD100565,SKU0088,3,175.7,35,342.61,CUST00350,MANSOURA,STORE,CARD,2.0,COMPLETED,UNKNOWN,WH-01
2026-01-04,ORD103003,SKU0108,3,214.62,45,354.12,CUST01875,ASWAN,STORE,UNKNOWN,2.0,COMPLETED,UNKNOWN,WH-03
2026-05-08,ORD103923,SKU0150,2,169.73,5,322.49,CUST02729,GIZA,ONLINE,WALLET,1.0,COMPLETED,OMAR,WH-04
2026-03-25,ORD100425,SKU0009,2,112.85,25,169.27,CUST00407,TANTA,ONLINE,CARD,9.0,COMPLETED,YOUSSEF,WH-05
2026-06-29,ORD103149,SKU0061,6,369.68,0,2218.08,CUST02715,ASWAN,ONLINE,CASH,1.0,COMPLETED,MONA,WH-04
2026-07-17,ORD104557,SKU0169,4,332.47,30,930.92,CUST01903,MANSOURA,WHOLESALE,WALLET,2.0,COMPLETED,UNKNOWN,WH-04
2026-06-01,ORD100621,SKU0199,2,291.41,15,495.4,CUST01435,LUXOR,STORE,WALLET,4.0,COMPLETED,ALI,WH-04
2026-05-16,ORD103548,SKU0072,1,155.72,20,124.58,CUST02012,ALEXANDRIA,MARKETPLACE,CARD,5.0,COMPLETED,ALI,WH-02
2026-06-30,ORD100563,SKU0187,4,44.36,30,124.21,CUST01240,MANSOURA,WHOLESALE,WALLET,7.0,COMPLETED,MONA,WH-05
2026-04-30,ORD104205,SKU0073,5,74.86,15,318.16,CUST00491,ASWAN,MARKETPLACE,CARD,6.0,COMPLETED,MONA,WH-01
2026-01-24,ORD103010,SKU0088,4,178.01,35,462.83,CUST00932,ASWAN,ONLINE,CARD,5.0,COMPLETED,ALI,WH-03
2026-02-27,ORD101975,SKU0077,5,59.22,10,266.49,CUST01305,TANTA,MARKETPLACE,WALLET,8.0,COMPLETED,MONA,WH-02
2026-05-05,ORD100064,SKU0041,1,339.05,25,254.29,CUST00482,GIZA,STORE,UNKNOWN,6.0,COMPLETED,ALI,WH-01
2026-03-05,ORD101418,SKU0172,2,62.96,0,125.92,CUST00565,TANTA,WHOLESALE,CASH,9.0,COMPLETED,SARA,WH-04
2026-01-18,ORD101508,SKU0135,1,122.54,5,116.41,CUST02899,CAIRO,MARKETPLACE,BNPL,3.0,RETURNED,SARA,WH-05
2026-02-04,ORD103506,SKU0120,3,188.08,20,451.39,CUST01313,CAIRO,ONLINE,CASH,9.0,COMPLETED,ALI,WH-05
2026-05-20,ORD103493,SKU0060,2,308.56,0,617.12,CUST00756,MANSOURA,MARKETPLACE,CARD,4.0,COMPLETED,UNKNOWN,WH-02
2026-03-18,ORD100586,SKU0016,1,177.56,20,142.05,CUST02133,ASWAN,WHOLESALE,CASH,0.0,COMPLETED,SARA,WH-03
2026-04-14,ORD103627,SKU0129,1,383.73,20,306.98,CUST02888,MANSOURA,WHOLESALE,WALLET,0.0,COMPLETED,SARA,WH-03
2026-01-04,ORD100264,SKU0186,3,28.6,25,64.35,CUST00863,MANSOURA,STORE,UNKNOWN,7.0,COMPLETED,SARA,WH-01
2026-03-16,ORD103159,SKU0154,2,176.44,20,282.3,CUST01041,GIZA,ONLINE,UNKNOWN,3.0,RETURNED,OMAR,WH-05
2026-07-20,ORD100713,SKU0047,4,268.65,10,967.14,CUST00756,ALEXANDRIA,ONLINE,UNKNOWN,8.0,COMPLETED,OMAR,WH-03
2026-01-30,ORD103841,SKU0156,1,115.9,20,92.72,CUST01055,GIZA,ONLINE,BNPL,6.0,COMPLETED,ALI,WH-02
2026-07-23,ORD101534,SKU0018,1,398.74,45,219.31,CUST00804,TANTA,WHOLESALE,WALLET,3.0,COMPLETED,OMAR,WH-03
2026-04-13,ORD102406,SKU0181,1,162.9,5,154.76,CUST01895,MANSOURA,WHOLESALE,WALLET,10.0,COMPLETED,YOUSSEF,WH-01
2026-04-03,ORD100452,SKU0187,2,46.17,0,92.34,CUST01935,GIZA,ONLINE,UNKNOWN,9.0,COMPLETED,MONA,WH-03
2026-03-10,ORD103673,SKU0041,4,350.45,5,1331.71,CUST01546,ASWAN,WHOLESALE,UNKNOWN,4.0,COMPLETED,OMAR,WH-03
2026-07-04,ORD101343,SKU0178,2,40.13,5,76.25,CUST00617,ASWAN,WHOLESALE,CARD,8.0,COMPLETED,OMAR,WH-03
2026-03-11,ORD103631,SKU0054,6,176.91,10,955.31,CUST02269,CAIRO,STORE,UNKNOWN,8.0,COMPLETED,YOUSSEF,WH-01
2026-07-23,ORD100495,SKU0014,5,86.62,30,303.17,CUST01043,GIZA,WHOLESALE,CARD,1.0,COMPLETED,YOUSSEF,WH-01
2026-02-20,ORD100807,SKU0017,2,44.54,5,84.63,CUST00632,MANSOURA,STORE,BNPL,0.0,COMPLETED,SARA,WH-02
2026-01-31,ORD101794,SKU0170,3,134.08,0,402.24,CUST02171,LUXOR,ONLINE,UNKNOWN,9.0,COMPLETED,MONA,WH-02
2026-07-21,ORD102791,SKU0069,2,225.35,25,338.02,CUST00591,CAIRO,MARKETPLACE,CASH,1.0,COMPLETED,OMAR,WH-04
2026-05-02,ORD102229,SKU0065,2,12.59,0,25.18,CUST00161,TANTA,STORE,CASH,8.0,COMPLETED,ALI,WH-05
2026-05-22,ORD100188,SKU0105,1,8.51,25,6.38,CUST02089,CAIRO,WHOLESALE,BNPL,1.0,COMPLETED,ALI,WH-04
2026-06-06,ORD102842,SKU0023,2,117.19,5,222.66,CUST01842,ALEXANDRIA,WHOLESALE,WALLET,8.0,COMPLETED,ALI,WH-02
2026-01-03,ORD100333,SKU0006,5,21.26,5,100.98,CUST00567,ALEXANDRIA,ONLINE,UNKNOWN,6.0,COMPLETED,ALI,WH-01
2026-03-21,ORD104338,SKU0015,50,155.41,5,7381.98,CUST02726,ASWAN,ONLINE,UNKNOWN,5.0,COMPLETED,ALI,WH-01
2026-06-10,ORD100775,SKU0194,2,86.12,20,137.79,CUST00199,MANSOURA,MARKETPLACE,CARD,5.0,COMPLETED,SARA,WH-04
2026-02-22,ORD104769,SKU0084,3,98.96,5,282.04,CUST02149,LUXOR,ONLINE,BNPL,4.0,COMPLETED,ALI,WH-01
2026-07-19,ORD100761,SKU0087,5,162.2,10,729.9,CUST00935,GIZA,ONLINE,WALLET,0.0,CANCELLED,ALI,WH-01
2026-01-22,ORD103087,SKU0120,3,183.78,15,468.64,CUST01773,CAIRO,STORE,CASH,2.0,COMPLETED,MONA,WH-01
2026-06-16,ORD103307,SKU0116,1,273.03,15,232.08,CUST02480,ASWAN,ONLINE,UNKNOWN,0.0,COMPLETED,MONA,WH-01
2026-06-24,ORD104432,SKU0086,1,174.08,0,174.08,CUST02223,LUXOR,ONLINE,WALLET,3.0,RETURNED,MONA,WH-01
2026-07-05,ORD103823,SKU0184,2,438.52,45,482.37,CUST01867,LUXOR,WHOLESALE,WALLET,6.0,COMPLETED,YOUSSEF,WH-03
2026-02-14,ORD100187,SKU0050,2,13.13,15,22.32,CUST02287,GIZA,ONLINE,BNPL,9.0,COMPLETED,SARA,WH-02
2026-04-22,ORD103308,SKU0146,2,13.94,0,27.88,CUST01580,GIZA,STORE,CASH,6.0,COMPLETED,ALI,WH-02
2026-03-17,ORD102714,SKU0034,5,71.57,30,250.49,CUST01795,TANTA,MARKETPLACE,WALLET,0.0,COMPLETED,SARA,WH-02
2026-03-01,ORD102549,SKU0179,3,21.28,35,41.5,CUST00388,MANSOURA,WHOLESALE,BNPL,7.0,COMPLETED,MONA,WH-01
2026-01-05,ORD103286,SKU0069,5,234.3,5,1112.92,CUST02973,MANSOURA,MARKETPLACE,WALLET,10.0,RETURNED,SARA,WH-05
2026-03-28,ORD102813,SKU0112,1,40.4,0,40.4,CUST01508,ALEXANDRIA,WHOLESALE,CARD,1.0,COMPLETED,OMAR,WH-01
2026-05-10,ORD101194,SKU0105,2,8.48,30,11.87,CUST01530,CAIRO,STORE,WALLET,4.0,COMPLETED,ALI,WH-01
2026-06-01,ORD101782,SKU0027,2,400.59,45,440.65,CUST02119,TANTA,STORE,WALLET,4.0,COMPLETED,YOUSSEF,WH-04
2026-06-25,ORD100366,SKU0193,2,299.16,20,478.66,CUST00431,GIZA,MARKETPLACE,BNPL,4.0,COMPLETED,OMAR,WH-02
2026-01-14,ORD101675,SKU0097,2,358.32,45,394.15,CUST02054,LUXOR,MARKETPLACE,CARD,6.0,COMPLETED,YOUSSEF,WH-03
2026-03-21,ORD100399,SKU0071,2,270.73,15,460.24,CUST01045,CAIRO,STORE,WALLET,2.0,COMPLETED,UNKNOWN,WH-05
2026-03-16,ORD100734,SKU0010,2,131.85,0,263.7,CUST00045,MANSOURA,WHOLESALE,WALLET,8.0,COMPLETED,ALI,WH-05
2026-05-23,ORD100544,SKU0172,3,67.76,35,132.13,CUST00422,LUXOR,WHOLESALE,CARD,7.0,COMPLETED,UNKNOWN,WH-04
2026-02-26,ORD102341,SKU0117,6,215.41,30,904.72,CUST01776,LUXOR,STORE,CARD,10.0,COMPLETED,ALI,WH-01
2026-06-15,ORD104460,SKU0047,5,302.63,45,832.23,CUST01316,LUXOR,ONLINE,BNPL,4.0,COMPLETED,UNKNOWN,WH-01
2026-03-28,ORD102216,SKU0113,3,86.95,30,182.6,CUST02732,CAIRO,ONLINE,WALLET,5.0,COMPLETED,UNKNOWN,WH-02
2026-03-31,ORD103076,SKU0077,5,61.37,35,199.45,CUST02813,LUXOR,WHOLESALE,WALLET,2.0,COMPLETED,MONA,WH-01
2026-02-22,ORD100301,SKU0002,3,262.48,45,433.09,CUST01313,MANSOURA,WHOLESALE,WALLET,7.0,COMPLETED,ALI,WH-04
2026-01-08,ORD102637,SKU0054,5,189.01,45,519.78,CUST01396,LUXOR,WHOLESALE,CASH,10.0,COMPLETED,ALI,WH-02
2026-04-04,ORD104174,SKU0139,1,329.68,30,230.78,CUST02981,CAIRO,ONLINE,UNKNOWN,1.0,COMPLETED,SARA,WH-05
2026-02-28,ORD100456,SKU0069,1,211.77,25,158.83,CUST02793,ASWAN,STORE,CASH,10.0,COMPLETED,YOUSSEF,WH-05
2026-02-26,ORD103062,SKU0112,2,39.72,35,51.64,CUST00287,ALEXANDRIA,STORE,CASH,9.0,COMPLETED,MONA,WH-04
2026-01-22,ORD101043,SKU0172,1,69.2,10,62.28,CUST02663,MANSOURA,WHOLESALE,UNKNOWN,3.0,COMPLETED,OMAR,WH-04
2026-04-23,ORD104325,SKU0082,1,251.58,25,188.68,CUST02144,CAIRO,WHOLESALE,UNKNOWN,8.0,COMPLETED,MONA,WH-04
2026-05-03,ORD100389,SKU0059,3,224.05,10,604.94,CUST01434,ALEXANDRIA,WHOLESALE,CASH,2.0,COMPLETED,MONA,WH-05
2026-07-03,ORD103391,SKU0180,3,331.47,45,546.93,CUST02090,ASWAN,WHOLESALE,CASH,1.0,COMPLETED,SARA,WH-05
2025-12-31,ORD101216,SKU0047,1,280.04,35,182.03,CUST00872,TANTA,STORE,CARD,10.0,COMPLETED,SARA,WH-02
2026-03-27,ORD104979,SKU0048,3,271.76,15,692.99,CUST02146,MANSOURA,MARKETPLACE,CARD,0.0,RETURNED,MONA,WH-02
2026-04-07,ORD102346,SKU0131,2,298.51,25,447.76,CUST02485,TANTA,ONLINE,UNKNOWN,1.0,COMPLETED,MONA,WH-03
2026-01-04,ORD102244,SKU0129,2,378.49,5,719.13,CUST01564,GIZA,WHOLESALE,CASH,0.0,COMPLETED,ALI,WH-03
2026-07-20,ORD104100,SKU0119,3,79.27,10,214.03,CUST01045,TANTA,MARKETPLACE,UNKNOWN,0.0,COMPLETED,SARA,WH-02
2026-01-10,ORD102223,SKU0052,1,129.61,0,129.61,CUST00312,TANTA,ONLINE,CARD,2.0,COMPLETED,OMAR,WH-03
2026-04-13,ORD102693,SKU0083,4,52.4,35,136.24,CUST02422,TANTA,WHOLESALE,CASH,2.0,CANCELLED,UNKNOWN,WH-04
2026-03-24,ORD101479,SKU0059,3,223.69,20,536.86,CUST02360,GIZA,STORE,CASH,8.0,COMPLETED,ALI,WH-04
2026-02-07,ORD102753,SKU0073,1,69.94,25,52.46,CUST00028,TANTA,WHOLESALE,UNKNOWN,8.0,COMPLETED,SARA,WH-05
2026-01-06,ORD101081,SKU0124,1,197.26,10,177.53,CUST02880,ALEXANDRIA,STORE,CASH,0.0,COMPLETED,SARA,WH-05
2026-02-05,ORD104880,SKU0101,3,178.15,20,427.56,CUST01454,MANSOURA,STORE,CASH,0.0,COMPLETED,ALI,WH-01
2026-01-14,ORD104965,SKU0032,3,259.59,20,623.02,CUST01915,CAIRO,ONLINE,BNPL,8.0,COMPLETED,MONA,WH-04
2026-06-18,ORD102400,SKU0185,3,59.57,35,116.16,CUST01297,GIZA,STORE,CASH,9.0,COMPLETED,MONA,WH-04
2026-05-04,ORD100903,SKU0090,1,237.09,15,201.53,CUST00944,CAIRO,STORE,UNKNOWN,0.0,COMPLETED,OMAR,WH-05
2026-02-02,ORD103140,SKU0062,1,88.89,30,62.22,CUST00927,CAIRO,STORE,CARD,4.0,COMPLETED,SARA,WH-03
2026-03-29,ORD102480,SKU0041,1,319.57,10,287.61,CUST01153,GIZA,MARKETPLACE,WALLET,2.0,COMPLETED,UNKNOWN,WH-04
2026-01-23,ORD104738,SKU0100,2,371.25,15,631.12,CUST02137,MANSOURA,ONLINE,WALLET,5.0,COMPLETED,MONA,WH-04
2025-12-27,ORD101176,SKU0008,2,54.87,30,76.82,CUST01637,ALEXANDRIA,STORE,CARD,1.0,COMPLETED,UNKNOWN,WH-01
2026-05-19,ORD103204,SKU0001,1,181.87,20,145.5,CUST00616,TANTA,MARKETPLACE,BNPL,1.0,COMPLETED,ALI,WH-04
2026-01-14,ORD103492,SKU0086,3,178.99,20,429.58,CUST00513,LUXOR,MARKETPLACE,CASH,8.0,RETURNED,ALI,WH-03
2026-03-26,ORD102792,SKU0120,50,192.67,20,7706.8,CUST00967,LUXOR,MARKETPLACE,UNKNOWN,8.0,COMPLETED,UNKNOWN,WH-03
2026-05-02,ORD103157,SKU0175,2,148.85,0,297.7,CUST01580,ASWAN,STORE,BNPL,2.0,COMPLETED,YOUSSEF,WH-03
2026-07-21,ORD103448,SKU0196,6,355.19,10,1918.03,CUST02891,ALEXANDRIA,STORE,CARD,8.0,COMPLETED,OMAR,WH-04
2026-03-17,ORD101294,SKU0192,3,303.5,45,500.78,CUST00898,TANTA,STORE,CASH,6.0,COMPLETED,OMAR,WH-04
2026-05-03,ORD104817,SKU0182,5,174.05,25,652.69,CUST01044,ALEXANDRIA,WHOLESALE,WALLET,0.0,COMPLETED,ALI,WH-04
2026-05-24,ORD101973,SKU0112,2,41.51,10,74.72,CUST00956,ALEXANDRIA,MARKETPLACE,WALLET,4.0,COMPLETED,UNKNOWN,WH-04
2026-06-15,ORD103388,SKU0103,3,141.32,45,233.18,CUST01635,GIZA,STORE,WALLET,1.0,COMPLETED,SARA,WH-01
2026-05-28,ORD104670,SKU0193,3,339.44,30,712.82,CUST00313,CAIRO,STORE,BNPL,9.0,COMPLETED,ALI,WH-04
2026-03-10,ORD102611,SKU0006,1,22.53,15,19.15,CUST00493,GIZA,ONLINE,UNKNOWN,1.0,COMPLETED,MONA,WH-01
2026-03-01,ORD103523,SKU0176,1,223.43,20,178.74,CUST02069,TANTA,WHOLESALE,CARD,4.0,COMPLETED,ALI,WH-04
2026-05-03,ORD100513,SKU0195,5,311.5,10,1401.75,CUST02222,TANTA,STORE,BNPL,4.0,COMPLETED,YOUSSEF,WH-01
2026-04-23,ORD103427,SKU0083,2,46.81,20,74.9,CUST01452,GIZA,WHOLESALE,CASH,10.0,COMPLETED,ALI,WH-01
2026-05-23,ORD101466,SKU0081,4,148.33,35,385.66,CUST00021,ASWAN,ONLINE,CARD,7.0,COMPLETED,SARA,WH-01
2026-06-20,ORD101123,SKU0124,3,214.17,25,481.88,CUST01469,GIZA,ONLINE,CARD,6.0,COMPLETED,OMAR,WH-03
2026-03-05,ORD100524,SKU0039,4,206.41,45,454.1,CUST02327,GIZA,WHOLESALE,CARD,5.0,COMPLETED,SARA,WH-05
2026-05-04,ORD103025,SKU0150,1,172.7,0,172.7,CUST02827,ASWAN,ONLINE,CASH,5.0,COMPLETED,UNKNOWN,WH-05
2026-03-10,ORD103121,SKU0025,3,164.93,15,420.57,CUST00551,ALEXANDRIA,MARKETPLACE,WALLET,7.0,RETURNED,MONA,WH-01
2026-06-19,ORD102056,SKU0168,4,17.49,25,52.47,CUST01502,GIZA,ONLINE,BNPL,9.0,COMPLETED,UNKNOWN,WH-04
2026-04-24,ORD101523,SKU0009,2,122.09,25,183.14,CUST00545,MANSOURA,MARKETPLACE,WALLET,3.0,RETURNED,MONA,WH-04
2026-01-27,ORD102910,SKU0138,4,203.38,45,447.44,CUST01044,TANTA,WHOLESALE,BNPL,6.0,RETURNED,OMAR,WH-03
2026-02-15,ORD101160,SKU0011,1,178.6,30,125.02,CUST00596,TANTA,WHOLESALE,WALLET,6.0,COMPLETED,UNKNOWN,WH-03
2026-01-12,ORD102129,SKU0041,2,312.32,10,562.18,CUST00461,CAIRO,MARKETPLACE,CARD,4.0,COMPLETED,ALI,WH-01
2026-01-24,ORD102097,SKU0010,1,148.93,20,119.14,CUST01164,LUXOR,STORE,BNPL,5.0,COMPLETED,MONA,WH-03
2026-06-15,ORD103004,SKU0023,2,106.96,30,149.74,CUST00178,ASWAN,ONLINE,CASH,4.0,COMPLETED,MONA,WH-02
2026-06-04,ORD104289,SKU0119,3,69.22,35,134.98,CUST02389,CAIRO,WHOLESALE,UNKNOWN,5.0,CANCELLED,UNKNOWN,WH-02
2026-06-21,ORD102677,SKU0054,2,167.6,25,251.4,CUST02060,GIZA,MARKETPLACE,BNPL,4.0,RETURNED,OMAR,WH-03
2026-02-17,ORD104252,SKU0043,4,99.05,30,277.34,CUST02699,TANTA,MARKETPLACE,CARD,9.0,COMPLETED,UNKNOWN,WH-01
2026-06-29,ORD103925,SKU0068,50,320.36,20,12814.4,CUST02837,ALEXANDRIA,ONLINE,WALLET,5.0,COMPLETED,ALI,WH-03
2026-01-31,ORD101634,SKU0042,2,87.82,10,158.08,CUST02402,MANSOURA,STORE,BNPL,5.0,CANCELLED,OMAR,WH-05
2026-04-06,ORD103384,SKU0126,2,104.93,30,146.9,CUST01576,GIZA,WHOLESALE,UNKNOWN,5.0,COMPLETED,ALI,WH-04
2026-04-09,ORD100436,SKU0028,3,266.01,5,758.13,CUST00079,TANTA,WHOLESALE,UNKNOWN,9.0,COMPLETED,YOUSSEF,WH-03
2026-04-21,ORD104684,SKU0171,2,172.73,0,345.46,CUST00262,ALEXANDRIA,WHOLESALE,CARD,10.0,COMPLETED,ALI,WH-04
2026-06-16,ORD102980,SKU0078,5,271.18,45,745.75,CUST01958,ASWAN,STORE,WALLET,4.0,COMPLETED,UNKNOWN,WH-01
2026-03-23,ORD101412,SKU0140,3,329.76,5,939.82,CUST02229,LUXOR,MARKETPLACE,CARD,9.0,COMPLETED,SARA,WH-02
2026-01-08,ORD101499,SKU0188,1,32.5,0,32.5,CUST02423,CAIRO,STORE,WALLET,0.0,COMPLETED,SARA,WH-04
2026-07-09,ORD100304,SKU0085,3,26.53,20,63.67,CUST01586,MANSOURA,STORE,BNPL,2.0,COMPLETED,UNKNOWN,WH-02
2026-01-19,ORD103710,SKU0070,1,165.91,20,132.73,CUST01066,GIZA,WHOLESALE,WALLET,9.0,COMPLETED,YOUSSEF,WH-02
2026-05-22,ORD104836,SKU0025,1,157.6,25,118.2,CUST01369,ALEXANDRIA,WHOLESALE,BNPL,6.0,COMPLETED,OMAR,WH-02
2026-05-11,ORD104882,SKU0111,5,230.91,45,635.0,CUST02912,TANTA,WHOLESALE,BNPL,4.0,COMPLETED,ALI,WH-03
2026-03-21,ORD104090,SKU0196,1,324.71,25,243.53,CUST02899,MANSOURA,MARKETPLACE,CARD,7.0,COMPLETED,ALI,WH-01
2026-06-06,ORD101633,SKU0067,4,45.98,10,165.53,CUST02613,MANSOURA,WHOLESALE,WALLET,4.0,COMPLETED,SARA,WH-04
2026-06-17,ORD100008,SKU0068,5,288.53,30,1009.85,CUST00715,GIZA,ONLINE,CARD,8.0,COMPLETED,UNKNOWN,WH-03
2026-07-22,ORD100590,SKU0129,3,363.78,15,927.64,CUST01468,GIZA,ONLINE,UNKNOWN,7.0,RETURNED,ALI,WH-05
2026-04-27,ORD104022,SKU0058,5,275.85,45,758.59,CUST01893,LUXOR,ONLINE,CASH,0.0,COMPLETED,UNKNOWN,WH-05
2025-12-31,ORD104373,SKU0189,6,210.39,0,1262.34,CUST00871,MANSOURA,STORE,BNPL,6.0,COMPLETED,SARA,WH-02
2026-01-09,ORD104180,SKU0145,1,124.81,15,106.09,CUST00681,ALEXANDRIA,MARKETPLACE,CASH,2.0,COMPLETED,SARA,WH-05
2026-05-14,ORD101501,SKU0058,1,302.89,15,257.46,CUST01534,TANTA,STORE,WALLET,0.0,COMPLETED,SARA,WH-02
2026-03-23,ORD103757,SKU0118,2,86.75,20,138.8,CUST02564,ASWAN,ONLINE,WALLET,9.0,COMPLETED,UNKNOWN,WH-01
2026-05-07,ORD102266,SKU0148,4,53.08,5,201.7,CUST01729,LUXOR,WHOLESALE,UNKNOWN,8.0,COMPLETED,SARA,WH-02
2026-01-03,ORD102749,SKU0116,1,311.29,10,280.16,CUST01082,MANSOURA,ONLINE,UNKNOWN,10.0,COMPLETED,ALI,WH-03
2026-04-18,ORD102015,SKU0174,3,169.84,15,433.09,CUST02417,GIZA,MARKETPLACE,WALLET,7.0,COMPLETED,MONA,WH-01
2026-01-10,ORD103704,SKU0086,1,171.55,15,145.82,CUST01543,LUXOR,MARKETPLACE,CARD,7.0,COMPLETED,OMAR,WH-05
2026-04-03,ORD102028,SKU0091,6,94.41,10,509.81,CUST02620,ASWAN,MARKETPLACE,BNPL,1.0,COMPLETED,MONA,WH-02
2026-07-01,ORD104921,SKU0155,2,262.17,15,445.69,CUST02380,ALEXANDRIA,ONLINE,BNPL,9.0,COMPLETED,ALI,WH-01
2026-06-17,ORD100114,SKU0163,2,395.67,0,791.34,CUST02334,GIZA,MARKETPLACE,UNKNOWN,8.0,RETURNED,SARA,WH-03
2026-03-27,ORD101378,SKU0110,3,301.74,5,859.96,CUST00826,ASWAN,STORE,CARD,4.0,COMPLETED,MONA,WH-02
2026-07-17,ORD103269,SKU0008,2,61.58,10,110.84,CUST02252,ALEXANDRIA,STORE,CASH,7.0,COMPLETED,MONA,WH-02
2026-06-02,ORD104231,SKU0105,1,8.99,15,7.64,CUST01133,CAIRO,ONLINE,UNKNOWN,10.0,COMPLETED,SARA,WH-02
2026-02-27,ORD100536,SKU0188,1,32.72,10,29.45,CUST01094,ASWAN,ONLINE,CASH,0.0,COMPLETED,ALI,WH-03
2026-06-13,ORD101659,SKU0076,2,287.52,0,575.04,CUST02426,ASWAN,MARKETPLACE,WALLET,7.0,COMPLETED,SARA,WH-02
2026-02-22,ORD103193,SKU0183,2,291.48,35,378.92,CUST00773,CAIRO,ONLINE,CASH,9.0,CANCELLED,UNKNOWN,WH-05
2026-01-07,ORD101529,SKU0121,6,466.7,0,2800.2,CUST02167,GIZA,WHOLESALE,BNPL,0.0,COMPLETED,OMAR,WH-02
2026-02-10,ORD102076,SKU0091,1,99.46,10,89.51,CUST02918,ASWAN,MARKETPLACE,CASH,0.0,COMPLETED,MONA,WH-05
2026-01-01,ORD100731,SKU0163,2,375.09,35,487.62,CUST00729,MANSOURA,MARKETPLACE,UNKNOWN,8.0,COMPLETED,OMAR,WH-03
2026-05-12,ORD100729,SKU0181,4,154.1,25,462.3,CUST02383,ALEXANDRIA,ONLINE,CARD,2.0,COMPLETED,MONA,WH-01
2026-04-16,ORD101907,SKU0186,3,31.9,0,95.7,CUST02947,ALEXANDRIA,WHOLESALE,CARD,8.0,COMPLETED,SARA,WH-05
2026-03-06,ORD101038,SKU0026,1,445.87,45,245.23,CUST02906,ASWAN,STORE,CARD,3.0,COMPLETED,YOUSSEF,WH-04
2026-06-25,ORD104892,SKU0187,2,51.4,10,92.52,CUST01409,ALEXANDRIA,WHOLESALE,CARD,3.0,COMPLETED,ALI,WH-04
2026-05-31,ORD100509,SKU0080,2,113.97,20,182.35,CUST01289,ASWAN,STORE,WALLET,8.0,COMPLETED,OMAR,WH-03
2026-06-21,ORD104501,SKU0103,1,143.69,30,100.58,CUST00356,TANTA,ONLINE,CARD,6.0,COMPLETED,ALI,WH-03
2025-12-31,ORD102429,SKU0172,1,67.35,35,43.78,CUST02234,LUXOR,STORE,UNKNOWN,9.0,COMPLETED,OMAR,WH-04
2026-03-13,ORD104247,SKU0147,6,288.22,20,1383.46,CUST01485,GIZA,WHOLESALE,CARD,3.0,COMPLETED,ALI,WH-02
2026-06-20,ORD100209,SKU0060,3,318.76,30,669.4,CUST00017,GIZA,ONLINE,WALLET,6.0,COMPLETED,SARA,WH-02
2026-02-21,ORD100647,SKU0181,3,162.61,20,390.26,CUST01485,TANTA,MARKETPLACE,WALLET,0.0,CANCELLED,MONA,WH-02
2026-01-05,ORD102182,SKU0162,1,192.37,45,105.8,CUST00868,GIZA,MARKETPLACE,CASH,1.0,COMPLETED,SARA,WH-04
2026-02-22,ORD101960,SKU0001,4,184.01,35,478.43,CUST00407,CAIRO,WHOLESALE,CASH,5.0,COMPLETED,MONA,WH-01
2026-05-27,ORD102784,SKU0041,1,335.72,5,318.93,CUST00269,GIZA,STORE,CASH,7.0,COMPLETED,YOUSSEF,WH-01
2026-02-27,ORD101539,SKU0104,1,46.61,0,46.61,CUST01610,TANTA,WHOLESALE,CARD,2.0,COMPLETED,ALI,WH-04
2026-01-21,ORD103170,SKU0149,1,211.28,35,137.33,CUST01561,LUXOR,MARKETPLACE,BNPL,10.0,COMPLETED,ALI,WH-02
2026-02-23,ORD103954,SKU0157,4,23.71,15,80.61,CUST02387,ALEXANDRIA,ONLINE,WALLET,10.0,COMPLETED,SARA,WH-04
2026-01-14,ORD103276,SKU0102,2,78.96,30,110.54,CUST00736,MANSOURA,ONLINE,WALLET,9.0,COMPLETED,OMAR,WH-02
2026-05-25,ORD102743,SKU0018,2,414.23,45,455.65,CUST01249,LUXOR,WHOLESALE,WALLET,7.0,COMPLETED,UNKNOWN,WH-04
2026-04-16,ORD100447,SKU0196,4,336.33,45,739.93,CUST02910,GIZA,ONLINE,CARD,9.0,COMPLETED,SARA,WH-01
2026-03-24,ORD101962,SKU0187,2,46.99,20,75.18,CUST00423,GIZA,MARKETPLACE,CASH,8.0,COMPLETED,OMAR,WH-04
2026-04-16,ORD102358,SKU0071,1,289.04,10,260.14,CUST01953,LUXOR,MARKETPLACE,UNKNOWN,5.0,COMPLETED,SARA,WH-03
2026-07-16,ORD100831,SKU0172,1,64.11,15,54.49,CUST01240,LUXOR,WHOLESALE,BNPL,0.0,COMPLETED,SARA,WH-02
2026-02-03,ORD101772,SKU0120,6,177.3,35,691.47,CUST01397,ALEXANDRIA,WHOLESALE,WALLET,8.0,COMPLETED,ALI,WH-05
2026-05-15,ORD103718,SKU0150,4,152.92,5,581.1,CUST00690,TANTA,WHOLESALE,BNPL,5.0,COMPLETED,YOUSSEF,WH-03
2026-06-15,ORD104514,SKU0169,2,341.97,30,478.76,CUST01570,LUXOR,ONLINE,WALLET,9.0,COMPLETED,YOUSSEF,WH-05
2026-01-13,ORD100205,SKU0123,2,18.81,5,35.74,CUST02142,CAIRO,STORE,WALLET,3.0,COMPLETED,SARA,WH-02
2026-07-18,ORD100646,SKU0185,3,53.44,35,104.21,CUST00161,LUXOR,MARKETPLACE,BNPL,7.0,COMPLETED,ALI,WH-02
2026-03-22,ORD104204,SKU0011,1,174.08,25,130.56,CUST02624,TANTA,STORE,BNPL,0.0,COMPLETED,OMAR,WH-02
2026-02-10,ORD100517,SKU0040,2,98.87,0,197.74,CUST01106,MANSOURA,STORE,CARD,1.0,COMPLETED,SARA,WH-01
2026-07-22,ORD103712,SKU0052,2,119.95,30,167.93,CUST02560,MANSOURA,STORE,CASH,10.0,COMPLETED,SARA,WH-01
2026-03-02,ORD103459,SKU0156,3,109.03,20,261.67,CUST02354,ALEXANDRIA,ONLINE,CASH,3.0,COMPLETED,OMAR,WH-04
2026-01-27,ORD100122,SKU0115,1,356.52,15,303.04,CUST01541,TANTA,ONLINE,UNKNOWN,9.0,COMPLETED,SARA,WH-01
2026-05-29,ORD100845,SKU0049,1,197.7,25,148.27,CUST00602,MANSOURA,STORE,CARD,8.0,COMPLETED,MONA,WH-03
2026-03-21,ORD100839,SKU0140,4,295.72,30,828.02,CUST01818,ASWAN,WHOLESALE,UNKNOWN,8.0,COMPLETED,ALI,WH-04
2026-02-24,ORD102025,SKU0007,2,249.46,30,349.24,CUST00077,CAIRO,STORE,BNPL,5.0,COMPLETED,YOUSSEF,WH-04
2026-02-17,ORD102165,SKU0122,3,308.11,25,693.25,CUST01938,LUXOR,WHOLESALE,CASH,5.0,COMPLETED,UNKNOWN,WH-03
2026-06-29,ORD101189,SKU0004,4,35.12,5,133.46,CUST01236,ASWAN,WHOLESALE,WALLET,6.0,COMPLETED,ALI,WH-02
2026-01-27,ORD104328,SKU0133,1,369.93,20,295.94,CUST02456,MANSOURA,WHOLESALE,WALLET,8.0,COMPLETED,OMAR,WH-03
2026-01-20,ORD102946,SKU0049,2,184.36,30,258.1,CUST00689,CAIRO,WHOLESALE,BNPL,7.0,COMPLETED,YOUSSEF,WH-04
2026-04-17,ORD101415,SKU0011,1,172.66,10,155.39,CUST01351,TANTA,ONLINE,CARD,4.0,COMPLETED,MONA,WH-04
2026-06-17,ORD102593,SKU0033,3,103.07,5,293.75,CUST02865,TANTA,STORE,CARD,8.0,COMPLETED,MONA,WH-04
2026-01-05,ORD100993,SKU0037,2,14.9,35,19.37,CUST02796,ASWAN,STORE,BNPL,8.0,COMPLETED,UNKNOWN,WH-04
2026-04-20,ORD103145,SKU0185,6,55.6,25,250.2,CUST01300,GIZA,MARKETPLACE,CASH,2.0,COMPLETED,SARA,WH-04
2026-03-28,ORD100908,SKU0041,3,340.58,35,664.13,CUST00321,MANSOURA,WHOLESALE,BNPL,7.0,COMPLETED,MONA,WH-02
2026-01-31,ORD102194,SKU0189,4,199.61,45,439.14,CUST02147,MANSOURA,STORE,BNPL,0.0,COMPLETED,SARA,WH-04
2026-06-22,ORD101292,SKU0079,1,290.63,15,247.04,CUST00607,MANSOURA,WHOLESALE,CASH,8.0,COMPLETED,SARA,WH-02
2026-04-27,ORD104073,SKU0023,1,110.78,20,88.62,CUST00801,TANTA,STORE,UNKNOWN,9.0,COMPLETED,ALI,WH-04
2026-03-26,ORD100572,SKU0022,1,27.38,35,17.8,CUST00558,MANSOURA,MARKETPLACE,UNKNOWN,2.0,COMPLETED,YOUSSEF,WH-05
2026-03-21,ORD101846,SKU0084,5,95.99,10,431.96,CUST00422,CAIRO,STORE,CARD,0.0,RETURNED,SARA,WH-02
2026-04-04,ORD104562,SKU0147,1,268.82,30,188.17,CUST02172,CAIRO,MARKETPLACE,WALLET,8.0,COMPLETED,YOUSSEF,WH-03
2026-07-17,ORD100174,SKU0146,2,14.49,30,20.29,CUST02647,CAIRO,ONLINE,BNPL,6.0,COMPLETED,YOUSSEF,WH-04
2026-01-26,ORD101363,SKU0154,3,154.63,10,417.5,CUST02203,ALEXANDRIA,MARKETPLACE,WALLET,0.0,COMPLETED,MONA,WH-05
2026-04-14,ORD102533,SKU0098,1,124.45,30,87.12,CUST01441,LUXOR,ONLINE,CARD,1.0,COMPLETED,ALI,WH-05
2026-05-22,ORD104029,SKU0114,1,332.75,35,216.29,CUST01705,LUXOR,ONLINE,WALLET,2.0,COMPLETED,OMAR,WH-03
2026-05-28,ORD100144,SKU0168,3,17.77,0,53.31,CUST00494,ALEXANDRIA,STORE,CARD,0.0,COMPLETED,UNKNOWN,WH-03
2026-06-16,ORD101872,SKU0016,2,164.98,10,296.96,CUST01504,MANSOURA,WHOLESALE,BNPL,9.0,COMPLETED,MONA,WH-04
2026-05-24,ORD102688,SKU0074,1,207.1,30,144.97,CUST00298,MANSOURA,ONLINE,BNPL,2.0,COMPLETED,OMAR,WH-04
2026-04-04,ORD102752,SKU0144,4,186.12,15,632.81,CUST01666,ALEXANDRIA,STORE,BNPL,7.0,COMPLETED,SARA,WH-02
2026-06-07,ORD102233,SKU0144,1,178.62,30,125.03,CUST00768,GIZA,ONLINE,CASH,7.0,COMPLETED,UNKNOWN,WH-01
2026-02-22,ORD100508,SKU0103,2,147.09,10,264.76,CUST01259,LUXOR,STORE,CASH,1.0,COMPLETED,UNKNOWN,WH-02
2026-03-02,ORD103948,SKU0122,6,299.15,35,1166.68,CUST01906,TANTA,ONLINE,UNKNOWN,8.0,COMPLETED,MONA,WH-04
2026-07-12,ORD100751,SKU0050,3,13.48,45,22.24,CUST02619,ALEXANDRIA,WHOLESALE,CASH,4.0,COMPLETED,SARA,WH-04
2026-03-31,ORD101891,SKU0179,2,21.05,25,31.58,CUST00112,CAIRO,WHOLESALE,CASH,4.0,COMPLETED,MONA,WH-05
2026-03-18,ORD101095,SKU0073,5,77.22,15,328.18,CUST00900,ASWAN,WHOLESALE,WALLET,0.0,COMPLETED,YOUSSEF,WH-04
2026-07-21,ORD102638,SKU0041,5,362.76,35,1178.97,CUST02463,MANSOURA,STORE,WALLET,8.0,RETURNED,ALI,WH-03
2026-05-20,ORD100940,SKU0156,4,109.71,15,373.01,CUST01530,MANSOURA,MARKETPLACE,WALLET,2.0,COMPLETED,SARA,WH-04
2026-03-28,ORD103670,SKU0043,5,110.32,25,413.7,CUST01398,LUXOR,MARKETPLACE,CASH,6.0,COMPLETED,OMAR,WH-04
2026-06-29,ORD101125,SKU0051,1,22.3,20,17.84,CUST01875,GIZA,STORE,BNPL,7.0,COMPLETED,SARA,WH-03
2026-03-22,ORD100658,SKU0085,2,25.06,25,37.59,CUST02394,ASWAN,MARKETPLACE,WALLET,6.0,COMPLETED,ALI,WH-05
2026-01-17,ORD100087,SKU0125,1,424.78,35,276.11,CUST02805,ALEXANDRIA,WHOLESALE,CASH,3.0,COMPLETED,YOUSSEF,WH-04
2026-07-22,ORD104284,SKU0155,3,224.8,20,539.52,CUST00405,LUXOR,ONLINE,CASH,2.0,COMPLETED,OMAR,WH-05
2026-02-17,ORD100733,SKU0076,6,282.4,0,1694.4,CUST01108,MANSOURA,WHOLESALE,UNKNOWN,6.0,COMPLETED,SARA,WH-05
2026-07-20,ORD101187,SKU0031,3,116.55,25,262.24,CUST01859,MANSOURA,ONLINE,CARD,3.0,COMPLETED,YOUSSEF,WH-05
2026-02-07,ORD100960,SKU0112,4,40.83,35,106.16,CUST01499,ALEXANDRIA,ONLINE,CARD,1.0,COMPLETED,MONA,WH-04
2026-05-18,ORD104955,SKU0064,1,376.01,0,376.01,CUST01612,GIZA,STORE,UNKNOWN,3.0,COMPLETED,ALI,WH-05
2026-06-20,ORD103244,SKU0153,1,329.69,10,296.72,CUST01660,ALEXANDRIA,WHOLESALE,UNKNOWN,7.0,COMPLETED,SARA,WH-05
2026-05-17,ORD100458,SKU0010,2,135.8,15,230.86,CUST02633,MANSOURA,MARKETPLACE,CASH,3.0,COMPLETED,SARA,WH-02
2026-01-24,ORD101571,SKU0032,3,269.72,30,566.41,CUST00705,LUXOR,MARKETPLACE,CASH,5.0,COMPLETED,UNKNOWN,WH-04
2026-03-25,ORD100113,SKU0181,2,151.62,35,197.11,CUST01642,ASWAN,STORE,BNPL,5.0,COMPLETED,MONA,WH-01
2026-01-26,ORD100158,SKU0168,2,18.41,0,36.82,CUST02874,CAIRO,STORE,CARD,5.0,COMPLETED,SARA,WH-04
2026-04-05,ORD103577,SKU0164,4,222.11,15,755.17,CUST01472,TANTA,WHOLESALE,WALLET,9.0,COMPLETED,UNKNOWN,WH-02
2026-03-17,ORD101161,SKU0153,4,374.84,45,824.65,CUST00847,LUXOR,MARKETPLACE,CARD,5.0,RETURNED,MONA,WH-02
2026-01-23,ORD100356,SKU0013,5,193.09,45,531.0,CUST01862,CAIRO,WHOLESALE,UNKNOWN,10.0,RETURNED,ALI,WH-03
2026-04-25,ORD101740,SKU0186,5,28.86,0,144.3,CUST02461,ASWAN,STORE,CASH,3.0,COMPLETED,MONA,WH-03
2026-05-23,ORD104281,SKU0030,1,23.71,10,21.34,CUST02952,CAIRO,MARKETPLACE,BNPL,1.0,COMPLETED,YOUSSEF,WH-04
2026-05-17,ORD102259,SKU0026,1,389.81,10,350.83,CUST00976,ASWAN,STORE,CASH,0.0,COMPLETED,OMAR,WH-02
2026-02-07,ORD101041,SKU0115,2,326.16,15,554.47,CUST01925,GIZA,ONLINE,CARD,0.0,COMPLETED,OMAR,WH-04
2026-06-23,ORD100189,SKU0069,3,218.05,25,490.61,CUST01172,CAIRO,ONLINE,UNKNOWN,8.0,COMPLETED,UNKNOWN,WH-02
2026-02-23,ORD102242,SKU0176,4,227.81,45,501.18,CUST01591,ALEXANDRIA,WHOLESALE,CARD,6.0,COMPLETED,UNKNOWN,WH-03
2026-03-28,ORD103099,SKU0018,5,418.65,20,1674.6,CUST02499,TANTA,WHOLESALE,BNPL,0.0,COMPLETED,ALI,WH-04
2026-03-30,ORD103547,SKU0081,2,162.54,5,308.83,CUST01244,ALEXANDRIA,ONLINE,CASH,3.0,COMPLETED,UNKNOWN,WH-03
2026-01-07,ORD104154,SKU0092,5,443.88,35,1442.61,CUST02907,MANSOURA,MARKETPLACE,BNPL,7.0,COMPLETED,OMAR,WH-04
2026-02-11,ORD103134,SKU0060,5,356.71,10,1605.2,CUST01477,LUXOR,WHOLESALE,UNKNOWN,4.0,COMPLETED,SARA,WH-04
2026-02-05,ORD101246,SKU0041,1,312.68,25,234.51,CUST00795,ASWAN,MARKETPLACE,WALLET,2.0,COMPLETED,UNKNOWN,WH-05
2026-04-04,ORD103155,SKU0035,1,44.39,0,44.39,CUST01172,ALEXANDRIA,ONLINE,BNPL,7.0,COMPLETED,UNKNOWN,WH-02
2026-02-15,ORD103605,SKU0191,3,58.64,45,96.76,CUST01313,MANSOURA,MARKETPLACE,BNPL,9.0,COMPLETED,MONA,WH-04
2026-06-22,ORD100724,SKU0120,3,192.55,45,317.71,CUST01547,LUXOR,WHOLESALE,CASH,5.0,COMPLETED,ALI,WH-01
2026-05-22,ORD103536,SKU0199,5,280.07,20,1120.28,CUST01439,ALEXANDRIA,WHOLESALE,BNPL,0.0,COMPLETED,SARA,WH-03
2026-02-24,ORD102849,SKU0133,6,386.82,20,1856.74,CUST00236,GIZA,ONLINE,UNKNOWN,2.0,COMPLETED,YOUSSEF,WH-05
2026-03-17,ORD103875,SKU0195,2,305.64,5,580.72,CUST00561,GIZA,STORE,CASH,3.0,COMPLETED,OMAR,WH-02
2026-03-29,ORD101475,SKU0184,3,404.92,0,1214.76,CUST01322,TANTA,MARKETPLACE,CASH,4.0,RETURNED,YOUSSEF,WH-05
2026-07-12,ORD100013,SKU0113,1,83.63,45,46.0,CUST01215,MANSOURA,WHOLESALE,UNKNOWN,2.0,COMPLETED,ALI,WH-04
2026-05-16,ORD104855,SKU0070,1,171.12,35,111.23,CUST01932,TANTA,STORE,CASH,8.0,COMPLETED,SARA,WH-05
2026-02-03,ORD103026,SKU0016,2,179.96,10,323.93,CUST02861,TANTA,ONLINE,UNKNOWN,9.0,COMPLETED,YOUSSEF,WH-02
2026-06-08,ORD102430,SKU0187,2,47.49,20,75.98,CUST00917,TANTA,WHOLESALE,CASH,8.0,COMPLETED,SARA,WH-04
2026-05-21,ORD102218,SKU0092,1,425.54,5,404.26,CUST00714,LUXOR,ONLINE,WALLET,1.0,RETURNED,ALI,WH-05
2026-03-20,ORD102332,SKU0082,2,246.37,15,418.83,CUST01856,ALEXANDRIA,WHOLESALE,UNKNOWN,7.0,COMPLETED,MONA,WH-04
2026-01-25,ORD104114,SKU0195,1,334.27,0,334.27,CUST00081,ALEXANDRIA,STORE,UNKNOWN,0.0,COMPLETED,YOUSSEF,WH-05
2026-05-03,ORD100414,SKU0161,1,225.39,5,214.12,CUST02176,CAIRO,WHOLESALE,CASH,4.0,COMPLETED,MONA,WH-02
2026-07-02,ORD104762,SKU0130,5,164.01,45,451.03,CUST02604,LUXOR,ONLINE,UNKNOWN,9.0,RETURNED,OMAR,WH-03
2026-02-21,ORD103789,SKU0088,2,191.77,45,210.95,CUST02448,CAIRO,MARKETPLACE,UNKNOWN,9.0,COMPLETED,YOUSSEF,WH-04
2026-02-23,ORD100559,SKU0069,2,216.19,30,302.67,CUST01931,TANTA,WHOLESALE,CARD,4.0,COMPLETED,MONA,WH-03
2026-04-07,ORD103339,SKU0168,5,17.57,15,74.67,CUST00690,TANTA,MARKETPLACE,CASH,1.0,COMPLETED,UNKNOWN,WH-05
2026-01-05,ORD102181,SKU0079,3,270.92,25,609.57,CUST01411,GIZA,ONLINE,CASH,3.0,COMPLETED,OMAR,WH-03
2026-05-25,ORD101630,SKU0181,1,166.74,30,116.72,CUST00304,LUXOR,STORE,CARD,6.0,COMPLETED,OMAR,WH-02
2026-04-03,ORD104469,SKU0110,1,293.53,25,220.15,CUST02198,TANTA,MARKETPLACE,WALLET,8.0,COMPLETED,UNKNOWN,WH-03
2026-06-28,ORD102145,SKU0020,6,254.92,30,1070.66,CUST00900,TANTA,STORE,CASH,9.0,COMPLETED,SARA,WH-05
2026-02-04,ORD103669,SKU0085,1,26.81,30,18.77,CUST01046,MANSOURA,WHOLESALE,CASH,10.0,COMPLETED,OMAR,WH-05
2026-05-19,ORD104207,SKU0042,2,94.29,25,141.44,CUST00737,MANSOURA,WHOLESALE,CASH,4.0,RETURNED,OMAR,WH-01
2026-06-30,ORD101517,SKU0115,1,369.93,5,351.43,CUST00878,GIZA,WHOLESALE,CASH,4.0,COMPLETED,ALI,WH-05
2026-04-01,ORD103863,SKU0161,2,228.76,15,388.89,CUST02912,LUXOR,STORE,CASH,5.0,COMPLETED,YOUSSEF,WH-02
2026-06-20,ORD100594,SKU0101,6,156.99,35,612.26,CUST01246,LUXOR,ONLINE,WALLET,10.0,COMPLETED,OMAR,WH-05
2026-07-05,ORD102143,SKU0011,3,178.89,15,456.17,CUST01385,MANSOURA,STORE,CASH,8.0,COMPLETED,SARA,WH-02
2026-05-26,ORD104035,SKU0187,3,48.36,10,130.57,CUST00956,MANSOURA,MARKETPLACE,BNPL,6.0,COMPLETED,ALI,WH-01
2026-03-17,ORD100097,SKU0012,1,95.44,20,76.35,CUST01053,MANSOURA,STORE,CASH,7.0,RETURNED,ALI,WH-02
2026-01-17,ORD103028,SKU0071,1,276.49,15,235.02,CUST02915,CAIRO,WHOLESALE,WALLET,5.0,COMPLETED,UNKNOWN,WH-05
2026-03-18,ORD104253,SKU0056,1,91.02,30,63.71,CUST02057,GIZA,ONLINE,BNPL,10.0,COMPLETED,OMAR,WH-03
2026-05-28,ORD101203,SKU0189,4,209.51,15,712.33,CUST02764,ALEXANDRIA,WHOLESALE,CARD,9.0,COMPLETED,MONA,WH-04
2026-01-18,ORD101085,SKU0080,3,101.06,0,303.18,CUST00769,ALEXANDRIA,STORE,WALLET,5.0,COMPLETED,ALI,WH-05
2026-03-24,ORD102803,SKU0136,2,380.28,5,722.53,CUST02998,ASWAN,WHOLESALE,WALLET,1.0,COMPLETED,OMAR,WH-01
2026-07-18,ORD103463,SKU0090,5,272.32,45,748.88,CUST01005,CAIRO,STORE,CASH,1.0,COMPLETED,UNKNOWN,WH-05
2026-06-12,ORD101444,SKU0127,1,284.62,35,185.0,CUST01047,ALEXANDRIA,STORE,WALLET,5.0,COMPLETED,ALI,WH-05
2026-05-28,ORD100593,SKU0013,1,207.88,20,166.3,CUST01912,CAIRO,WHOLESALE,UNKNOWN,5.0,COMPLETED,SARA,WH-04
2026-03-16,ORD104925,SKU0097,1,367.86,10,331.07,CUST02483,GIZA,ONLINE,CASH,10.0,COMPLETED,OMAR,WH-02
2026-02-16,ORD100933,SKU0117,6,218.18,0,1309.08,CUST01089,LUXOR,STORE,WALLET,2.0,RETURNED,UNKNOWN,WH-02
2026-01-01,ORD104874,SKU0155,5,246.89,20,987.56,CUST00443,CAIRO,WHOLESALE,UNKNOWN,9.0,COMPLETED,UNKNOWN,WH-03
2026-02-14,ORD101950,SKU0026,2,423.76,25,635.64,CUST02585,GIZA,ONLINE,CASH,7.0,COMPLETED,SARA,WH-01
2026-03-05,ORD100675,SKU0192,4,287.1,45,631.62,CUST01163,LUXOR,ONLINE,BNPL,6.0,COMPLETED,YOUSSEF,WH-03
2026-01-26,ORD102639,SKU0049,5,191.75,15,814.94,CUST00131,LUXOR,ONLINE,WALLET,8.0,COMPLETED,SARA,WH-03
2026-07-03,ORD104466,SKU0130,2,147.9,20,236.64,CUST01493,LUXOR,WHOLESALE,CASH,8.0,COMPLETED,SARA,WH-02
2026-06-23,ORD102975,SKU0049,3,191.26,35,372.96,CUST02934,GIZA,ONLINE,CASH,1.0,COMPLETED,OMAR,WH-03
2026-03-27,ORD101229,SKU0145,5,120.08,20,480.32,CUST02211,LUXOR,STORE,BNPL,2.0,COMPLETED,MONA,WH-04
2026-03-07,ORD102958,SKU0064,3,391.41,25,880.67,CUST02897,MANSOURA,MARKETPLACE,CASH,8.0,COMPLETED,YOUSSEF,WH-05
2026-07-07,ORD104582,SKU0078,1,308.95,10,278.06,CUST02529,GIZA,ONLINE,CASH,3.0,COMPLETED,YOUSSEF,WH-04
2026-01-07,ORD100557,SKU0070,4,166.53,35,432.98,CUST01894,ASWAN,ONLINE,UNKNOWN,0.0,COMPLETED,OMAR,WH-01
2026-07-13,ORD104375,SKU0116,2,266.3,35,346.19,CUST00518,MANSOURA,STORE,CASH,6.0,COMPLETED,ALI,WH-02
2026-06-04,ORD104851,SKU0174,1,165.03,5,156.78,CUST02695,GIZA,STORE,UNKNOWN,10.0,COMPLETED,OMAR,WH-05
2026-01-17,ORD104343,SKU0138,50,203.12,35,6601.4,CUST01571,ALEXANDRIA,STORE,CASH,7.0,COMPLETED,SARA,WH-04
2026-01-02,ORD103623,SKU0026,2,430.26,5,817.49,CUST00833,MANSOURA,ONLINE,CASH,10.0,COMPLETED,OMAR,WH-05
2025-12-28,ORD101660,SKU0168,2,17.94,30,25.12,CUST02365,GIZA,ONLINE,BNPL,7.0,COMPLETED,OMAR,WH-05
2026-07-23,ORD103465,SKU0101,2,166.19,0,332.38,CUST02187,MANSOURA,MARKETPLACE,BNPL,3.0,COMPLETED,UNKNOWN,WH-04
2026-07-02,ORD101615,SKU0034,1,65.56,20,52.45,CUST02225,LUXOR,WHOLESALE,WALLET,9.0,COMPLETED,SARA,WH-04
2026-03-25,ORD101419,SKU0003,1,47.9,25,35.92,CUST01769,TANTA,ONLINE,WALLET,10.0,COMPLETED,OMAR,WH-01
2026-03-14,ORD104202,SKU0020,3,229.71,45,379.02,CUST02332,GIZA,MARKETPLACE,BNPL,8.0,COMPLETED,OMAR,WH-04
2026-07-16,ORD102280,SKU0137,5,424.88,10,1911.96,CUST00499,ASWAN,WHOLESALE,UNKNOWN,1.0,COMPLETED,MONA,WH-02
2026-02-24,ORD101148,SKU0178,2,36.35,45,39.99,CUST00871,LUXOR,WHOLESALE,UNKNOWN,0.0,COMPLETED,YOUSSEF,WH-02
2026-01-17,ORD101768,SKU0152,2,202.8,15,344.76,CUST02603,ASWAN,ONLINE,CARD,2.0,RETURNED,YOUSSEF,WH-04
2026-06-21,ORD101314,SKU0058,3,275.19,30,577.9,CUST02029,ALEXANDRIA,MARKETPLACE,CASH,4.0,COMPLETED,MONA,WH-01
2026-02-27,ORD101192,SKU0195,1,317.31,10,285.58,CUST00542,MANSOURA,STORE,UNKNOWN,4.0,COMPLETED,MONA,WH-01
2026-03-30,ORD102465,SKU0169,1,367.3,5,348.94,CUST01202,TANTA,STORE,BNPL,7.0,RETURNED,ALI,WH-02
2026-07-04,ORD103293,SKU0046,4,63.19,0,252.76,CUST00825,MANSOURA,ONLINE,CASH,9.0,COMPLETED,ALI,WH-03
2026-03-03,ORD101133,SKU0052,3,121.66,30,255.49,CUST01088,GIZA,STORE,CASH,8.0,COMPLETED,SARA,WH-03
2026-03-31,ORD100521,SKU0085,3,25.86,0,77.58,CUST01078,ASWAN,WHOLESALE,BNPL,8.0,COMPLETED,YOUSSEF,WH-05
2026-02-15,ORD103341,SKU0180,1,379.5,10,341.55,CUST01527,CAIRO,STORE,WALLET,2.0,RETURNED,MONA,WH-04
2026-01-30,ORD103717,SKU0129,5,411.61,5,1955.15,CUST02613,ASWAN,WHOLESALE,WALLET,6.0,COMPLETED,SARA,WH-02
2026-05-16,ORD101333,SKU0170,4,129.91,5,493.66,CUST01641,ASWAN,WHOLESALE,CASH,7.0,RETURNED,YOUSSEF,WH-04
2026-01-31,ORD104129,SKU0063,3,85.66,45,141.34,CUST01146,GIZA,STORE,UNKNOWN,2.0,COMPLETED,YOUSSEF,WH-02
2026-06-14,ORD101985,SKU0136,1,381.33,20,305.06,CUST00561,ASWAN,ONLINE,CASH,4.0,COMPLETED,ALI,WH-02
2026-03-22,ORD101350,SKU0047,2,279.61,5,531.26,CUST00912,CAIRO,STORE,WALLET,1.0,CANCELLED,OMAR,WH-05
2026-02-24,ORD103049,SKU0073,1,75.71,5,71.92,CUST00322,GIZA,MARKETPLACE,UNKNOWN,7.0,COMPLETED,ALI,WH-05
2026-06-06,ORD100088,SKU0047,1,275.65,5,261.87,CUST01035,CAIRO,MARKETPLACE,UNKNOWN,1.0,COMPLETED,YOUSSEF,WH-02
2026-07-19,ORD104506,SKU0186,2,32.76,5,62.24,CUST02119,ASWAN,STORE,UNKNOWN,0.0,COMPLETED,OMAR,WH-05
2026-01-28,ORD104447,SKU0130,3,153.64,0,460.92,CUST02374,CAIRO,ONLINE,CASH,6.0,COMPLETED,SARA,WH-05
2026-02-13,ORD100198,SKU0142,2,106.4,0,212.8,CUST01566,MANSOURA,STORE,UNKNOWN,1.0,COMPLETED,UNKNOWN,WH-02
2026-02-08,ORD100071,SKU0040,1,97.51,45,53.63,CUST02288,LUXOR,MARKETPLACE,BNPL,1.0,COMPLETED,MONA,WH-05
2026-02-06,ORD102392,SKU0051,6,23.39,45,77.19,CUST02729,MANSOURA,MARKETPLACE,WALLET,1.0,COMPLETED,OMAR,WH-04
2026-07-04,ORD104499,SKU0089,4,230.32,0,921.28,CUST00519,ALEXANDRIA,WHOLESALE,WALLET,0.0,COMPLETED,UNKNOWN,WH-02
2025-12-27,ORD103340,SKU0052,6,114.01,10,615.65,CUST01714,MANSOURA,ONLINE,CARD,2.0,COMPLETED,OMAR,WH-02
2026-04-17,ORD102514,SKU0009,1,118.64,20,94.91,CUST02221,GIZA,STORE,BNPL,4.0,COMPLETED,SARA,WH-05
2026-07-19,ORD104065,SKU0033,1,102.33,45,56.28,CUST02412,CAIRO,ONLINE,BNPL,6.0,COMPLETED,YOUSSEF,WH-03
2026-02-03,ORD104056,SKU0007,1,232.54,5,220.91,CUST01697,TANTA,MARKETPLACE,CARD,9.0,RETURNED,MONA,WH-05
2026-05-30,ORD101574,SKU0005,5,242.89,5,1153.73,CUST02337,GIZA,STORE,UNKNOWN,1.0,COMPLETED,MONA,WH-05
2026-04-17,ORD103239,SKU0095,3,168.35,5,479.8,CUST02923,CAIRO,STORE,UNKNOWN,5.0,COMPLETED,UNKNOWN,WH-01
2026-03-01,ORD104748,SKU0045,3,293.0,25,659.25,CUST02059,ALEXANDRIA,WHOLESALE,UNKNOWN,10.0,RETURNED,SARA,WH-05
2026-05-01,ORD100770,SKU0012,1,105.72,45,58.15,CUST02304,LUXOR,STORE,WALLET,1.0,COMPLETED,YOUSSEF,WH-02
2026-01-19,ORD104136,SKU0078,2,311.1,15,528.87,CUST00977,MANSOURA,STORE,CARD,1.0,COMPLETED,SARA,WH-02
2026-04-08,ORD104922,SKU0134,2,288.86,5,548.83,CUST00954,GIZA,MARKETPLACE,UNKNOWN,10.0,COMPLETED,ALI,WH-02
2026-03-27,ORD103562,SKU0032,2,259.94,45,285.93,CUST01652,TANTA,STORE,CARD,10.0,COMPLETED,YOUSSEF,WH-02
2026-02-21,ORD101299,SKU0026,3,416.34,45,686.96,CUST01509,ASWAN,MARKETPLACE,CARD,10.0,COMPLETED,OMAR,WH-02
2026-04-19,ORD100123,SKU0064,4,341.75,45,751.85,CUST01740,TANTA,MARKETPLACE,CARD,10.0,COMPLETED,MONA,WH-05
2026-02-03,ORD101026,SKU0147,2,284.43,10,511.97,CUST00119,GIZA,WHOLESALE,BNPL,1.0,COMPLETED,ALI,WH-04
2026-02-04,ORD102699,SKU0165,5,126.06,15,535.76,CUST01438,TANTA,MARKETPLACE,CARD,0.0,COMPLETED,YOUSSEF,WH-04
2026-06-21,ORD103578,SKU0129,4,410.78,0,1643.12,CUST01937,ALEXANDRIA,WHOLESALE,BNPL,1.0,COMPLETED,UNKNOWN,WH-01
2026-01-03,ORD100392,SKU0057,2,375.85,5,714.12,CUST00338,MANSOURA,WHOLESALE,CASH,5.0,CANCELLED,ALI,WH-03
2026-07-14,ORD102932,SKU0193,2,334.59,10,602.26,CUST02536,MANSOURA,MARKETPLACE,BNPL,6.0,COMPLETED,MONA,WH-01
2026-01-27,ORD102996,SKU0092,3,389.13,35,758.8,CUST02871,CAIRO,MARKETPLACE,WALLET,8.0,COMPLETED,OMAR,WH-02
2026-03-06,ORD102228,SKU0018,6,437.73,35,1707.15,CUST01297,GIZA,ONLINE,CASH,9.0,COMPLETED,OMAR,WH-05
2026-06-03,ORD102893,SKU0125,5,436.38,45,1200.04,CUST01676,GIZA,MARKETPLACE,CARD,0.0,COMPLETED,OMAR,WH-04
2026-06-24,ORD102945,SKU0148,2,56.17,20,89.87,CUST02883,TANTA,MARKETPLACE,BNPL,10.0,COMPLETED,MONA,WH-03
2026-05-24,ORD100663,SKU0100,4,406.56,10,1463.62,CUST02795,ASWAN,MARKETPLACE,UNKNOWN,7.0,COMPLETED,OMAR,WH-02
2026-04-21,ORD101411,SKU0155,3,245.1,15,625.0,CUST00113,MANSOURA,STORE,BNPL,7.0,COMPLETED,OMAR,WH-03
2026-03-01,ORD100169,SKU0142,2,104.99,10,188.98,CUST01961,TANTA,WHOLESALE,BNPL,3.0,COMPLETED,UNKNOWN,WH-04
2026-01-15,ORD101059,SKU0181,1,160.33,20,128.26,CUST01500,GIZA,WHOLESALE,BNPL,1.0,COMPLETED,SARA,WH-05
2026-03-26,ORD102249,SKU0096,1,49.2,30,34.44,CUST00401,GIZA,MARKETPLACE,CASH,2.0,COMPLETED,UNKNOWN,WH-04
2026-07-10,ORD103336,SKU0180,4,380.55,30,1065.54,CUST01819,TANTA,ONLINE,BNPL,8.0,COMPLETED,UNKNOWN,WH-02
2026-02-26,ORD100589,SKU0041,1,354.67,45,195.07,CUST02598,LUXOR,ONLINE,UNKNOWN,1.0,COMPLETED,ALI,WH-02
2026-07-02,ORD101658,SKU0191,2,56.22,10,101.2,CUST00449,CAIRO,ONLINE,BNPL,2.0,COMPLETED,ALI,WH-04
2026-01-09,ORD103224,SKU0116,3,282.8,10,763.56,CUST02921,GIZA,WHOLESALE,CARD,7.0,COMPLETED,SARA,WH-04
2026-02-04,ORD100052,SKU0008,1,57.42,0,57.42,CUST01831,GIZA,ONLINE,UNKNOWN,3.0,COMPLETED,ALI,WH-03
2026-05-28,ORD104804,SKU0105,2,8.11,35,10.54,CUST00974,LUXOR,MARKETPLACE,CASH,1.0,COMPLETED,MONA,WH-05
2026-05-06,ORD101903,SKU0012,5,96.97,10,436.36,CUST02391,LUXOR,MARKETPLACE,BNPL,3.0,RETURNED,OMAR,WH-03
2026-04-03,ORD104961,SKU0114,5,317.64,20,1270.56,CUST01415,GIZA,STORE,UNKNOWN,1.0,COMPLETED,YOUSSEF,WH-02
2026-05-23,ORD101240,SKU0173,5,171.88,20,687.52,CUST00207,TANTA,WHOLESALE,UNKNOWN,1.0,COMPLETED,ALI,WH-02
2026-03-15,ORD104326,SKU0019,2,89.68,0,179.36,CUST00826,ALEXANDRIA,STORE,BNPL,9.0,CANCELLED,MONA,WH-05
2026-01-14,ORD101213,SKU0001,3,177.97,20,427.13,CUST01052,CAIRO,ONLINE,CARD,7.0,COMPLETED,MONA,WH-04
2026-03-09,ORD103442,SKU0130,2,148.92,15,253.16,CUST00761,ASWAN,WHOLESALE,BNPL,5.0,COMPLETED,MONA,WH-03
2026-01-31,ORD101239,SKU0106,3,234.33,35,456.94,CUST00070,GIZA,WHOLESALE,WALLET,4.0,COMPLETED,SARA,WH-01
2026-02-28,ORD103698,SKU0193,4,337.33,30,944.52,CUST00905,MANSOURA,STORE,BNPL,5.0,COMPLETED,YOUSSEF,WH-05
2026-02-16,ORD100238,SKU0073,4,79.32,45,174.5,CUST01843,GIZA,WHOLESALE,CASH,3.0,CANCELLED,MONA,WH-02
2026-03-31,ORD101273,SKU0156,2,120.16,15,204.27,CUST02323,MANSOURA,ONLINE,BNPL,6.0,COMPLETED,MONA,WH-03
2026-04-22,ORD104283,SKU0050,3,13.29,15,33.89,CUST01971,LUXOR,ONLINE,WALLET,10.0,COMPLETED,SARA,WH-02
2026-03-18,ORD103944,SKU0032,1,262.36,20,209.89,CUST01776,ALEXANDRIA,ONLINE,CASH,7.0,COMPLETED,MONA,WH-02
2026-07-01,ORD104457,SKU0082,1,235.79,45,129.68,CUST02419,TANTA,STORE,UNKNOWN,3.0,COMPLETED,OMAR,WH-02
2026-02-28,ORD101458,SKU0041,2,329.19,30,460.87,CUST02229,ALEXANDRIA,WHOLESALE,CARD,6.0,COMPLETED,OMAR,WH-03
2026-04-30,ORD104341,SKU0162,4,218.8,0,875.2,CUST02479,ASWAN,WHOLESALE,BNPL,8.0,COMPLETED,SARA,WH-03
2026-04-25,ORD101381,SKU0066,1,129.93,15,110.44,CUST02201,CAIRO,STORE,UNKNOWN,2.0,COMPLETED,MONA,WH-04
2026-01-17,ORD102469,SKU0020,2,236.22,45,259.84,CUST01008,GIZA,ONLINE,CASH,10.0,COMPLETED,ALI,WH-01
2026-06-22,ORD104005,SKU0070,1,183.95,10,165.56,CUST01288,ASWAN,WHOLESALE,UNKNOWN,3.0,COMPLETED,YOUSSEF,WH-04
2026-02-06,ORD104944,SKU0087,1,146.87,20,117.5,CUST02671,ALEXANDRIA,STORE,CARD,4.0,COMPLETED,UNKNOWN,WH-01
2026-01-31,ORD103918,SKU0193,5,327.35,20,1309.4,CUST00681,MANSOURA,STORE,UNKNOWN,4.0,COMPLETED,YOUSSEF,WH-02
2026-06-02,ORD104272,SKU0117,4,219.57,10,790.45,CUST02051,CAIRO,MARKETPLACE,UNKNOWN,1.0,COMPLETED,ALI,WH-01
2026-05-21,ORD104368,SKU0089,4,225.04,45,495.09,CUST00153,LUXOR,ONLINE,CASH,0.0,COMPLETED,ALI,WH-05
2026-01-18,ORD103905,SKU0187,1,50.55,10,45.5,CUST00891,LUXOR,STORE,WALLET,4.0,COMPLETED,SARA,WH-05
2026-06-30,ORD104408,SKU0143,3,146.86,5,418.55,CUST02421,GIZA,ONLINE,BNPL,7.0,COMPLETED,ALI,WH-02
2026-05-20,ORD103236,SKU0110,3,312.8,5,891.48,CUST01048,GIZA,WHOLESALE,UNKNOWN,7.0,COMPLETED,SARA,WH-01
2026-03-13,ORD100542,SKU0022,1,25.91,0,25.91,CUST00931,ALEXANDRIA,ONLINE,UNKNOWN,5.0,COMPLETED,MONA,WH-04
2026-04-01,ORD103894,SKU0104,4,49.79,30,139.41,CUST02574,MANSOURA,ONLINE,CASH,3.0,COMPLETED,SARA,WH-05
2026-07-04,ORD102501,SKU0009,2,121.24,0,242.48,CUST01989,ALEXANDRIA,ONLINE,CASH,6.0,COMPLETED,ALI,WH-05
2026-06-13,ORD102045,SKU0118,1,83.59,15,71.05,CUST00479,TANTA,WHOLESALE,CASH,6.0,COMPLETED,ALI,WH-05
2026-04-09,ORD103088,SKU0171,1,172.05,20,137.64,CUST00314,LUXOR,ONLINE,CASH,9.0,COMPLETED,YOUSSEF,WH-04
2026-05-20,ORD100991,SKU0050,1,13.73,15,11.67,CUST02857,ALEXANDRIA,MARKETPLACE,UNKNOWN,0.0,COMPLETED,SARA,WH-04
2026-01-30,ORD102119,SKU0142,2,109.56,0,219.12,CUST02749,CAIRO,ONLINE,BNPL,2.0,COMPLETED,MONA,WH-03
2025-12-30,ORD100155,SKU0169,3,354.32,25,797.22,CUST00381,ASWAN,MARKETPLACE,WALLET,9.0,COMPLETED,OMAR,WH-02
2026-02-05,ORD102837,SKU0178,2,37.63,0,75.26,CUST01267,MANSOURA,STORE,UNKNOWN,5.0,COMPLETED,MONA,WH-02
2026-01-13,ORD101992,SKU0115,1,355.63,30,248.94,CUST01731,TANTA,ONLINE,BNPL,7.0,COMPLETED,MONA,WH-03
2026-01-22,ORD102276,SKU0104,2,48.39,20,77.42,CUST00418,LUXOR,WHOLESALE,CASH,2.0,COMPLETED,ALI,WH-03
2025-12-27,ORD102314,SKU0051,6,22.28,5,127.0,CUST02247,LUXOR,WHOLESALE,UNKNOWN,10.0,RETURNED,YOUSSEF,WH-05
2026-06-01,ORD101795,SKU0162,1,197.8,5,187.91,CUST00105,ALEXANDRIA,ONLINE,UNKNOWN,8.0,COMPLETED,MONA,WH-03
2026-03-21,ORD101410,SKU0022,1,27.47,10,24.72,CUST00599,LUXOR,ONLINE,UNKNOWN,8.0,COMPLETED,UNKNOWN,WH-05
2026-01-01,ORD102060,SKU0104,4,53.42,25,160.26,CUST01528,CAIRO,STORE,CASH,3.0,COMPLETED,UNKNOWN,WH-03
2026-06-04,ORD102783,SKU0073,5,72.1,45,198.28,CUST02080,TANTA,ONLINE,UNKNOWN,4.0,COMPLETED,ALI,WH-03
2026-01-04,ORD103451,SKU0123,3,20.1,20,48.24,CUST00130,ASWAN,MARKETPLACE,BNPL,5.0,COMPLETED,YOUSSEF,WH-05
2026-01-17,ORD100332,SKU0159,3,124.56,35,242.89,CUST00247,CAIRO,STORE,CARD,9.0,RETURNED,OMAR,WH-03
2026-05-07,ORD101693,SKU0043,4,108.91,20,348.51,CUST02567,GIZA,STORE,UNKNOWN,7.0,COMPLETED,UNKNOWN,WH-02
2026-04-19,ORD101063,SKU0084,1,91.58,10,82.42,CUST01046,GIZA,WHOLESALE,UNKNOWN,0.0,COMPLETED,UNKNOWN,WH-05
2026-06-11,ORD102610,SKU0183,4,308.88,35,803.09,CUST00868,TANTA,STORE,CASH,8.0,COMPLETED,OMAR,WH-01
2026-05-06,ORD103394,SKU0047,3,271.19,35,528.82,CUST00604,LUXOR,ONLINE,CARD,8.0,COMPLETED,OMAR,WH-01
2026-01-27,ORD101760,SKU0014,4,79.98,5,303.92,CUST02034,LUXOR,ONLINE,WALLET,9.0,COMPLETED,SARA,WH-02
2026-05-03,ORD101537,SKU0023,2,108.4,25,162.6,CUST00691,LUXOR,MARKETPLACE,WALLET,0.0,COMPLETED,MONA,WH-03
2026-03-16,ORD103172,SKU0156,6,115.41,5,657.84,CUST00080,TANTA,WHOLESALE,CARD,5.0,COMPLETED,OMAR,WH-03
2026-07-11,ORD104095,SKU0169,2,330.93,35,430.21,CUST01629,ALEXANDRIA,MARKETPLACE,UNKNOWN,3.0,COMPLETED,UNKNOWN,WH-05
2026-03-05,ORD102774,SKU0001,3,187.92,5,535.57,CUST00602,CAIRO,MARKETPLACE,CARD,7.0,COMPLETED,ALI,WH-01
2026-06-10,ORD102302,SKU0126,2,104.1,35,135.33,CUST00550,MANSOURA,STORE,BNPL,10.0,COMPLETED,ALI,WH-02
2026-03-14,ORD101699,SKU0193,4,320.77,10,1154.77,CUST01186,ASWAN,MARKETPLACE,BNPL,4.0,COMPLETED,UNKNOWN,WH-02
2026-06-01,ORD104592,SKU0063,1,85.38,15,72.57,CUST00119,CAIRO,ONLINE,CARD,0.0,COMPLETED,UNKNOWN,WH-05
2026-03-27,ORD103728,SKU0124,3,192.85,15,491.77,CUST00089,GIZA,MARKETPLACE,CASH,0.0,COMPLETED,SARA,WH-03
2026-07-13,ORD100562,SKU0065,3,11.71,0,35.13,CUST00896,ALEXANDRIA,ONLINE,WALLET,2.0,COMPLETED,MONA,WH-03
2026-04-15,ORD104176,SKU0014,2,86.24,10,155.23,CUST02452,TANTA,WHOLESALE,BNPL,10.0,COMPLETED,OMAR,WH-05
2026-05-11,ORD101655,SKU0136,3,370.48,5,1055.87,CUST00004,LUXOR,WHOLESALE,CARD,1.0,COMPLETED,SARA,WH-02
2026-05-02,ORD104932,SKU0018,2,413.39,30,578.75,CUST01733,CAIRO,ONLINE,WALLET,1.0,COMPLETED,MONA,WH-04
2026-01-11,ORD101841,SKU0113,2,80.32,10,144.58,CUST02651,LUXOR,STORE,BNPL,1.0,COMPLETED,ALI,WH-04
2026-02-27,ORD104194,SKU0086,1,160.56,10,144.5,CUST01619,GIZA,MARKETPLACE,CARD,5.0,COMPLETED,SARA,WH-02
2026-04-21,ORD101735,SKU0034,2,68.86,25,103.29,CUST01546,LUXOR,WHOLESALE,CARD,1.0,COMPLETED,SARA,WH-02
2026-05-13,ORD102347,SKU0027,3,420.59,5,1198.68,CUST01355,CAIRO,MARKETPLACE,WALLET,3.0,COMPLETED,ALI,WH-05
2026-04-08,ORD103164,SKU0042,5,92.17,20,368.68,CUST02293,CAIRO,STORE,CARD,8.0,COMPLETED,OMAR,WH-02
2026-06-26,ORD102044,SKU0108,3,209.11,45,345.03,CUST01475,TANTA,STORE,WALLET,4.0,COMPLETED,ALI,WH-01
2026-07-16,ORD103262,SKU0053,1,283.48,25,212.61,CUST01010,LUXOR,STORE,WALLET,2.0,COMPLETED,MONA,WH-02
2026-06-03,ORD102482,SKU0069,3,212.39,45,350.44,CUST01678,LUXOR,WHOLESALE,BNPL,6.0,COMPLETED,ALI,WH-03
2026-04-18,ORD103764,SKU0198,3,167.17,20,401.21,CUST00700,ASWAN,WHOLESALE,CARD,9.0,COMPLETED,MONA,WH-05
2026-07-06,ORD104308,SKU0008,1,57.9,20,46.32,CUST02049,ALEXANDRIA,WHOLESALE,CARD,5.0,COMPLETED,SARA,WH-03
2026-03-07,ORD103110,SKU0172,1,67.61,10,60.85,CUST01047,LUXOR,STORE,CASH,5.0,CANCELLED,YOUSSEF,WH-01
2026-02-08,ORD103836,SKU0169,1,326.27,10,293.64,CUST00498,GIZA,ONLINE,UNKNOWN,5.0,COMPLETED,MONA,WH-03
2026-06-08,ORD100887,SKU0140,5,288.02,45,792.06,CUST02750,CAIRO,WHOLESALE,CARD,4.0,COMPLETED,MONA,WH-03
2026-07-18,ORD104785,SKU0001,3,174.56,35,340.39,CUST01668,TANTA,MARKETPLACE,BNPL,10.0,COMPLETED,UNKNOWN,WH-02
2026-04-12,ORD103065,SKU0149,1,225.33,20,180.26,CUST00134,ALEXANDRIA,ONLINE,UNKNOWN,6.0,COMPLETED,YOUSSEF,WH-03
2025-12-26,ORD102719,SKU0108,2,228.15,30,319.41,CUST00037,ASWAN,ONLINE,WALLET,7.0,COMPLETED,MONA,WH-04
2026-07-22,ORD103559,SKU0037,3,12.94,0,38.82,CUST01839,TANTA,WHOLESALE,WALLET,6.0,COMPLETED,ALI,WH-01
2026-04-28,ORD100137,SKU0104,5,46.37,25,173.89,CUST02932,MANSOURA,ONLINE,BNPL,4.0,COMPLETED,UNKNOWN,WH-05
2026-02-16,ORD104653,SKU0071,1,280.74,25,210.56,CUST01498,ALEXANDRIA,WHOLESALE,BNPL,7.0,RETURNED,OMAR,WH-05
2026-05-24,ORD100067,SKU0146,4,14.62,30,40.94,CUST02461,LUXOR,ONLINE,CARD,10.0,COMPLETED,YOUSSEF,WH-04
2026-04-03,ORD102408,SKU0106,1,223.88,20,179.1,CUST00990,MANSOURA,WHOLESALE,WALLET,7.0,COMPLETED,YOUSSEF,WH-04
2026-03-25,ORD104707,SKU0038,3,273.58,15,697.63,CUST00822,MANSOURA,MARKETPLACE,WALLET,9.0,COMPLETED,MONA,WH-05
2026-04-19,ORD102865,SKU0003,3,46.12,35,89.93,CUST00001,ASWAN,WHOLESALE,CASH,1.0,COMPLETED,OMAR,WH-05
2026-05-30,ORD100699,SKU0064,1,355.91,20,284.73,CUST01868,GIZA,STORE,CASH,2.0,COMPLETED,MONA,WH-03
2026-03-28,ORD103992,SKU0021,2,51.32,45,56.45,CUST01632,ASWAN,ONLINE,CASH,5.0,COMPLETED,ALI,WH-01
2026-05-30,ORD100850,SKU0158,1,319.29,5,303.33,CUST00021,GIZA,ONLINE,WALLET,7.0,COMPLETED,YOUSSEF,WH-04
2026-02-07,ORD103748,SKU0008,2,58.8,45,64.68,CUST01140,GIZA,WHOLESALE,CARD,0.0,COMPLETED,SARA,WH-01
2026-05-12,ORD104860,SKU0154,1,180.66,45,99.36,CUST02077,ALEXANDRIA,WHOLESALE,WALLET,1.0,COMPLETED,ALI,WH-03
2026-06-02,ORD104723,SKU0132,2,64.04,45,70.44,CUST01278,ASWAN,WHOLESALE,BNPL,5.0,RETURNED,YOUSSEF,WH-01
2026-04-24,ORD101494,SKU0050,2,12.95,25,19.42,CUST01543,GIZA,ONLINE,CARD,5.0,COMPLETED,UNKNOWN,WH-01
2026-01-28,ORD103418,SKU0052,2,115.62,10,208.12,CUST02431,MANSOURA,STORE,WALLET,2.0,COMPLETED,OMAR,WH-05
2026-02-24,ORD101322,SKU0200,50,338.56,35,11003.2,CUST01360,ALEXANDRIA,STORE,BNPL,7.0,COMPLETED,ALI,WH-05
2026-02-04,ORD100533,SKU0085,1,25.14,30,17.6,CUST02037,ASWAN,WHOLESALE,CASH,3.0,COMPLETED,SARA,WH-02
2026-06-19,ORD103425,SKU0087,3,150.71,20,361.7,CUST01386,MANSOURA,ONLINE,BNPL,4.0,COMPLETED,UNKNOWN,WH-04
2026-02-17,ORD104865,SKU0154,2,180.97,30,253.36,CUST00855,CAIRO,WHOLESALE,CASH,6.0,COMPLETED,MONA,WH-03
2026-02-02,ORD104502,SKU0021,1,56.35,35,36.63,CUST00407,ALEXANDRIA,STORE,WALLET,2.0,COMPLETED,ALI,WH-02
2026-03-31,ORD103520,SKU0029,1,30.9,5,29.35,CUST02964,GIZA,MARKETPLACE,CASH,1.0,COMPLETED,YOUSSEF,WH-03
2026-06-22,ORD103961,SKU0195,2,303.2,10,545.76,CUST00285,ASWAN,STORE,CASH,5.0,COMPLETED,YOUSSEF,WH-03
2026-07-19,ORD102670,SKU0015,1,142.07,15,120.76,CUST01775,MANSOURA,ONLINE,BNPL,0.0,COMPLETED,UNKNOWN,WH-05
2026-02-14,ORD102212,SKU0049,6,194.01,5,1105.86,CUST02799,LUXOR,STORE,CARD,3.0,COMPLETED,SARA,WH-04
2026-01-01,ORD103593,SKU0177,1,179.86,45,98.92,CUST01519,ASWAN,WHOLESALE,CARD,4.0,COMPLETED,YOUSSEF,WH-05
2026-05-01,ORD103040,SKU0009,4,123.67,30,346.28,CUST01884,GIZA,MARKETPLACE,BNPL,10.0,COMPLETED,MONA,WH-03
2026-07-01,ORD102542,SKU0147,2,262.54,25,393.81,CUST01360,ALEXANDRIA,ONLINE,CARD,4.0,COMPLETED,MONA,WH-04
2026-01-15,ORD103600,SKU0125,3,425.6,35,829.92,CUST02617,CAIRO,STORE,UNKNOWN,2.0,COMPLETED,UNKNOWN,WH-04
2026-05-30,ORD102149,SKU0082,3,236.69,25,532.55,CUST02866,MANSOURA,WHOLESALE,CASH,3.0,COMPLETED,UNKNOWN,WH-01
2026-07-17,ORD104995,SKU0178,2,35.3,10,63.54,CUST01350,LUXOR,STORE,UNKNOWN,10.0,COMPLETED,MONA,WH-03
2026-02-02,ORD102100,SKU0071,6,307.94,5,1755.26,CUST00288,TANTA,MARKETPLACE,CARD,1.0,COMPLETED,ALI,WH-02
2026-06-20,ORD100514,SKU0133,2,367.97,5,699.14,CUST01857,LUXOR,ONLINE,BNPL,0.0,COMPLETED,MONA,WH-03
2026-01-02,ORD102120,SKU0160,2,50.11,15,85.19,CUST02024,LUXOR,STORE,CARD,4.0,COMPLETED,YOUSSEF,WH-03
2026-05-07,ORD104451,SKU0158,1,335.56,35,218.11,CUST02613,LUXOR,ONLINE,CASH,9.0,COMPLETED,UNKNOWN,WH-01
2026-02-02,ORD104060,SKU0105,3,9.34,5,26.62,CUST02702,GIZA,MARKETPLACE,BNPL,7.0,COMPLETED,ALI,WH-05
2026-01-11,ORD104718,SKU0041,1,315.86,30,221.1,CUST01597,MANSOURA,MARKETPLACE,CASH,5.0,COMPLETED,UNKNOWN,WH-03
2026-01-05,ORD104263,SKU0017,3,44.52,15,113.53,CUST00744,MANSOURA,ONLINE,WALLET,9.0,COMPLETED,MONA,WH-02
2026-01-01,ORD103327,SKU0111,1,265.01,10,238.51,CUST02432,GIZA,ONLINE,UNKNOWN,10.0,COMPLETED,UNKNOWN,WH-04
2026-01-21,ORD100762,SKU0139,3,322.59,10,870.99,CUST02975,ALEXANDRIA,MARKETPLACE,CARD,10.0,COMPLETED,YOUSSEF,WH-05
2026-07-05,ORD101857,SKU0095,3,155.14,25,349.06,CUST00300,GIZA,ONLINE,CASH,3.0,COMPLETED,UNKNOWN,WH-02
2026-01-23,ORD101417,SKU0172,2,66.57,35,86.54,CUST00477,MANSOURA,STORE,CASH,2.0,COMPLETED,YOUSSEF,WH-01
2026-01-01,ORD100243,SKU0116,2,272.16,25,408.24,CUST00455,LUXOR,ONLINE,WALLET,6.0,RETURNED,YOUSSEF,WH-05
2026-05-12,ORD102198,SKU0157,1,24.34,15,20.69,CUST00539,CAIRO,STORE,WALLET,2.0,CANCELLED,UNKNOWN,WH-04
2026-01-06,ORD101618,SKU0039,4,214.57,15,729.54,CUST02755,ASWAN,MARKETPLACE,CASH,10.0,COMPLETED,ALI,WH-04
2026-05-23,ORD103649,SKU0034,3,70.49,20,169.18,CUST01074,TANTA,ONLINE,UNKNOWN,1.0,CANCELLED,SARA,WH-02
2026-05-21,ORD103387,SKU0043,2,108.73,0,217.46,CUST01772,TANTA,ONLINE,CASH,2.0,COMPLETED,UNKNOWN,WH-01
2026-01-30,ORD103786,SKU0158,4,362.86,15,1233.72,CUST01706,GIZA,WHOLESALE,CASH,3.0,COMPLETED,YOUSSEF,WH-03
2026-04-01,ORD102553,SKU0088,1,172.54,10,155.29,CUST02802,GIZA,MARKETPLACE,CASH,5.0,COMPLETED,SARA,WH-03
2026-07-23,ORD102643,SKU0162,3,200.22,20,480.53,CUST01692,CAIRO,WHOLESALE,CASH,8.0,COMPLETED,YOUSSEF,WH-05
2026-04-27,ORD103197,SKU0169,1,346.13,15,294.21,CUST02943,TANTA,STORE,BNPL,5.0,COMPLETED,ALI,WH-01
2026-05-17,ORD102965,SKU0072,2,163.3,30,228.62,CUST01147,GIZA,ONLINE,CASH,2.0,COMPLETED,ALI,WH-05
2025-12-26,ORD104699,SKU0024,4,122.01,20,390.43,CUST00507,ASWAN,ONLINE,CASH,2.0,COMPLETED,SARA,WH-04
2026-03-18,ORD100939,SKU0016,5,170.03,35,552.6,CUST00613,ASWAN,WHOLESALE,UNKNOWN,5.0,COMPLETED,MONA,WH-01
2026-05-27,ORD100430,SKU0018,4,391.69,25,1175.07,CUST02817,ALEXANDRIA,ONLINE,CARD,5.0,COMPLETED,OMAR,WH-02
2026-06-08,ORD101478,SKU0053,2,279.62,35,363.51,CUST00473,CAIRO,WHOLESALE,CASH,5.0,COMPLETED,OMAR,WH-03
2026-03-09,ORD101806,SKU0128,6,71.46,5,407.32,CUST01071,CAIRO,WHOLESALE,WALLET,5.0,COMPLETED,UNKNOWN,WH-05
2026-03-22,ORD102858,SKU0166,3,153.01,20,367.22,CUST02397,ASWAN,STORE,CARD,4.0,COMPLETED,SARA,WH-05
2026-03-06,ORD101977,SKU0162,5,219.54,0,1097.7,CUST00894,CAIRO,ONLINE,CASH,0.0,COMPLETED,SARA,WH-05
2026-04-16,ORD100417,SKU0137,1,408.37,15,347.11,CUST00449,LUXOR,MARKETPLACE,WALLET,0.0,COMPLETED,OMAR,WH-05
2026-06-25,ORD101993,SKU0182,6,181.15,30,760.83,CUST00231,MANSOURA,STORE,WALLET,7.0,COMPLETED,YOUSSEF,WH-03
2026-04-16,ORD102225,SKU0039,4,196.91,25,590.73,CUST02819,GIZA,MARKETPLACE,CARD,9.0,COMPLETED,ALI,WH-03
2026-02-20,ORD104552,SKU0106,1,230.0,10,207.0,CUST02417,GIZA,STORE,BNPL,7.0,COMPLETED,ALI,WH-03
2026-01-31,ORD104863,SKU0013,1,211.62,5,201.04,CUST01276,LUXOR,MARKETPLACE,CASH,0.0,RETURNED,SARA,WH-05
2026-06-25,ORD101482,SKU0142,3,104.25,35,203.29,CUST01695,CAIRO,WHOLESALE,WALLET,5.0,COMPLETED,MONA,WH-01
2026-03-14,ORD104643,SKU0025,1,151.69,45,83.43,CUST02221,GIZA,WHOLESALE,BNPL,3.0,COMPLETED,UNKNOWN,WH-05
2026-04-06,ORD102052,SKU0116,1,283.83,30,198.68,CUST02351,TANTA,STORE,WALLET,7.0,COMPLETED,YOUSSEF,WH-04
2026-01-15,ORD101251,SKU0105,1,9.1,35,5.92,CUST01686,LUXOR,WHOLESALE,CASH,10.0,COMPLETED,YOUSSEF,WH-05
2026-01-29,ORD100407,SKU0004,2,39.3,5,74.67,CUST00610,GIZA,STORE,UNKNOWN,5.0,COMPLETED,MONA,WH-02
2026-06-12,ORD104119,SKU0105,2,9.42,25,14.13,CUST00660,MANSOURA,STORE,WALLET,2.0,COMPLETED,UNKNOWN,WH-02
2026-06-19,ORD103689,SKU0046,3,61.59,15,157.05,CUST00134,ALEXANDRIA,STORE,UNKNOWN,10.0,COMPLETED,MONA,WH-05
2026-04-04,ORD104126,SKU0130,3,152.98,10,413.05,CUST01324,ALEXANDRIA,WHOLESALE,UNKNOWN,3.0,COMPLETED,OMAR,WH-05
2026-01-15,ORD103788,SKU0087,1,147.52,15,125.39,CUST02520,MANSOURA,MARKETPLACE,WALLET,1.0,RETURNED,YOUSSEF,WH-02
2026-02-19,ORD104968,SKU0175,1,160.85,15,136.72,CUST00972,ALEXANDRIA,STORE,CASH,1.0,COMPLETED,MONA,WH-01
2026-01-23,ORD103343,SKU0067,5,42.99,30,150.46,CUST02254,MANSOURA,ONLINE,CASH,4.0,COMPLETED,SARA,WH-02
2026-07-04,ORD101392,SKU0131,3,278.47,15,710.1,CUST00850,MANSOURA,ONLINE,BNPL,8.0,COMPLETED,MONA,WH-04
2026-05-15,ORD103219,SKU0047,4,284.7,25,854.1,CUST00764,ASWAN,WHOLESALE,BNPL,1.0,COMPLETED,MONA,WH-01
2025-12-28,ORD100393,SKU0015,3,142.5,25,320.62,CUST01789,CAIRO,MARKETPLACE,BNPL,4.0,COMPLETED,MONA,WH-05
2026-01-26,ORD101996,SKU0071,1,278.17,45,152.99,CUST01280,GIZA,MARKETPLACE,BNPL,10.0,COMPLETED,ALI,WH-05
2026-05-02,ORD102527,SKU0044,3,276.42,20,663.41,CUST01427,ASWAN,ONLINE,CARD,9.0,COMPLETED,OMAR,WH-05
2026-03-19,ORD103921,SKU0049,3,180.88,15,461.24,CUST02899,MANSOURA,STORE,CASH,1.0,COMPLETED,SARA,WH-01
2026-05-05,ORD104547,SKU0140,1,299.74,45,164.86,CUST01390,ALEXANDRIA,ONLINE,BNPL,3.0,COMPLETED,ALI,WH-02
2026-06-27,ORD104270,SKU0040,1,105.91,45,58.25,CUST02753,ALEXANDRIA,ONLINE,BNPL,4.0,COMPLETED,OMAR,WH-02
2026-07-09,ORD102633,SKU0108,1,198.41,35,128.97,CUST02193,MANSOURA,ONLINE,WALLET,1.0,COMPLETED,UNKNOWN,WH-02
2026-02-17,ORD102755,SKU0170,3,131.29,35,256.02,CUST01729,ASWAN,WHOLESALE,CASH,1.0,COMPLETED,ALI,WH-01
2026-07-21,ORD102445,SKU0038,1,313.49,30,219.44,CUST00338,LUXOR,MARKETPLACE,BNPL,8.0,COMPLETED,YOUSSEF,WH-03
2026-07-09,ORD103348,SKU0016,1,164.67,45,90.57,CUST00301,TANTA,MARKETPLACE,WALLET,0.0,COMPLETED,OMAR,WH-04
2026-03-05,ORD101007,SKU0062,2,86.6,45,95.26,CUST00336,ASWAN,STORE,WALLET,0.0,COMPLETED,YOUSSEF,WH-01
2026-02-19,ORD103816,SKU0145,2,114.77,25,172.16,CUST00078,LUXOR,STORE,BNPL,6.0,COMPLETED,ALI,WH-01
2026-02-02,ORD100472,SKU0186,2,32.3,15,54.91,CUST02106,GIZA,STORE,CASH,1.0,COMPLETED,YOUSSEF,WH-01
2026-07-24,ORD103700,SKU0045,2,304.65,30,426.51,CUST02148,TANTA,STORE,WALLET,10.0,COMPLETED,UNKNOWN,WH-02
2026-04-04,ORD102892,SKU0132,3,56.94,30,119.57,CUST01662,CAIRO,MARKETPLACE,CASH,7.0,COMPLETED,UNKNOWN,WH-02
2026-07-13,ORD104739,SKU0080,3,99.78,20,239.47,CUST01889,GIZA,MARKETPLACE,CASH,6.0,COMPLETED,SARA,WH-01
2026-07-02,ORD101812,SKU0140,2,287.02,35,373.13,CUST02200,ASWAN,MARKETPLACE,CASH,1.0,COMPLETED,MONA,WH-04
2026-06-30,ORD101054,SKU0171,1,180.43,45,99.24,CUST00032,ALEXANDRIA,MARKETPLACE,BNPL,5.0,COMPLETED,YOUSSEF,WH-02
2025-12-31,ORD104039,SKU0081,4,162.63,25,487.89,CUST02110,TANTA,STORE,CASH,2.0,RETURNED,UNKNOWN,WH-03
2026-07-17,ORD104004,SKU0049,2,168.8,35,219.44,CUST00666,ASWAN,STORE,BNPL,7.0,RETURNED,MONA,WH-03
2026-01-11,ORD104297,SKU0038,4,310.67,30,869.88,CUST02688,CAIRO,ONLINE,CARD,5.0,COMPLETED,SARA,WH-02
2026-07-20,ORD103246,SKU0107,3,207.68,35,404.98,CUST01719,CAIRO,STORE,CASH,0.0,COMPLETED,OMAR,WH-05
2026-01-21,ORD102254,SKU0002,3,281.92,10,761.18,CUST02962,ALEXANDRIA,WHOLESALE,CARD,3.0,COMPLETED,YOUSSEF,WH-04
2026-07-18,ORD101581,SKU0103,2,150.37,15,255.63,CUST00486,GIZA,MARKETPLACE,CARD,3.0,COMPLETED,SARA,WH-04
2026-05-07,ORD103528,SKU0026,3,387.51,25,871.9,CUST02561,CAIRO,MARKETPLACE,UNKNOWN,1.0,COMPLETED,YOUSSEF,WH-03
2026-02-15,ORD101237,SKU0098,1,123.35,0,123.35,CUST01574,GIZA,ONLINE,UNKNOWN,10.0,COMPLETED,ALI,WH-04
2026-05-23,ORD101431,SKU0195,2,337.76,5,641.74,CUST00340,LUXOR,STORE,CASH,3.0,COMPLETED,ALI,WH-01
2026-02-13,ORD104183,SKU0149,5,225.66,5,1071.88,CUST00662,GIZA,MARKETPLACE,UNKNOWN,4.0,COMPLETED,YOUSSEF,WH-04
2026-04-15,ORD104991,SKU0120,1,172.52,30,120.76,CUST01357,ASWAN,MARKETPLACE,UNKNOWN,1.0,COMPLETED,OMAR,WH-02
2026-01-19,ORD101723,SKU0016,1,164.07,35,106.65,CUST01565,ASWAN,ONLINE,CASH,1.0,COMPLETED,YOUSSEF,WH-05
2026-02-18,ORD102049,SKU0120,2,189.03,35,245.74,CUST00938,GIZA,MARKETPLACE,WALLET,3.0,COMPLETED,OMAR,WH-05
2026-01-09,ORD102866,SKU0062,3,86.91,20,208.58,CUST02559,TANTA,MARKETPLACE,UNKNOWN,4.0,COMPLETED,YOUSSEF,WH-01
2025-12-29,ORD102365,SKU0068,4,276.86,30,775.21,CUST00028,TANTA,ONLINE,BNPL,4.0,COMPLETED,UNKNOWN,WH-03
2026-04-14,ORD100620,SKU0068,5,314.67,35,1022.68,CUST00979,MANSOURA,WHOLESALE,WALLET,7.0,COMPLETED,OMAR,WH-02
2026-03-04,ORD103150,SKU0109,2,133.62,10,240.52,CUST01537,GIZA,ONLINE,CARD,5.0,COMPLETED,MONA,WH-05
2026-01-13,ORD100672,SKU0018,2,405.72,35,527.44,CUST00965,CAIRO,ONLINE,BNPL,5.0,CANCELLED,YOUSSEF,WH-02
2026-03-19,ORD102907,SKU0029,2,31.96,15,54.33,CUST00669,ALEXANDRIA,WHOLESALE,CASH,6.0,COMPLETED,MONA,WH-05
2026-03-30,ORD103073,SKU0067,3,49.58,20,118.99,CUST00851,ASWAN,STORE,UNKNOWN,3.0,COMPLETED,ALI,WH-05
2026-06-22,ORD102720,SKU0028,1,284.73,30,199.31,CUST01826,ASWAN,WHOLESALE,BNPL,8.0,COMPLETED,MONA,WH-03
2026-05-03,ORD102333,SKU0084,4,91.56,0,366.24,CUST02742,ASWAN,WHOLESALE,CASH,7.0,COMPLETED,MONA,WH-04
2026-02-16,ORD100043,SKU0097,3,337.26,10,910.6,CUST01408,CAIRO,WHOLESALE,WALLET,5.0,COMPLETED,ALI,WH-04
2026-01-22,ORD101120,SKU0076,1,251.85,10,226.66,CUST01584,CAIRO,STORE,CASH,4.0,COMPLETED,YOUSSEF,WH-03
2026-04-13,ORD103018,SKU0015,1,160.97,25,120.73,CUST00924,MANSOURA,WHOLESALE,CASH,8.0,COMPLETED,YOUSSEF,WH-02
2025-12-31,ORD103507,SKU0118,3,87.04,10,235.01,CUST02050,MANSOURA,STORE,UNKNOWN,2.0,COMPLETED,ALI,WH-04
2026-01-22,ORD104401,SKU0179,2,20.27,25,30.4,CUST00623,TANTA,WHOLESALE,CARD,0.0,COMPLETED,SARA,WH-04
2026-05-29,ORD104001,SKU0141,4,292.69,20,936.61,CUST02675,TANTA,WHOLESALE,CARD,5.0,COMPLETED,UNKNOWN,WH-05
2026-06-17,ORD101801,SKU0048,3,262.3,35,511.49,CUST00320,GIZA,ONLINE,BNPL,3.0,COMPLETED,UNKNOWN,WH-02
2026-05-06,ORD101255,SKU0049,2,196.01,10,352.82,CUST00782,GIZA,ONLINE,UNKNOWN,8.0,COMPLETED,SARA,WH-01
2026-03-28,ORD103695,SKU0071,1,285.49,20,228.39,CUST02793,LUXOR,STORE,BNPL,8.0,COMPLETED,ALI,WH-01
2026-07-09,ORD102891,SKU0056,1,79.19,45,43.55,CUST02470,TANTA,STORE,UNKNOWN,1.0,COMPLETED,UNKNOWN,WH-01
2026-02-16,ORD103203,SKU0105,1,9.5,5,9.02,CUST02079,MANSOURA,MARKETPLACE,WALLET,8.0,COMPLETED,OMAR,WH-02
2026-06-29,ORD104386,SKU0110,4,309.27,25,927.81,CUST01421,ALEXANDRIA,ONLINE,BNPL,1.0,COMPLETED,SARA,WH-04
2026-01-30,ORD104086,SKU0113,4,80.71,25,242.13,CUST02847,ASWAN,STORE,CASH,7.0,COMPLETED,ALI,WH-05
2026-05-02,ORD103235,SKU0190,2,240.39,30,336.55,CUST02815,GIZA,WHOLESALE,BNPL,0.0,COMPLETED,ALI,WH-01
2026-02-22,ORD102776,SKU0022,4,26.01,5,98.84,CUST01399,MANSOURA,WHOLESALE,UNKNOWN,5.0,CANCELLED,SARA,WH-02
2026-05-05,ORD104305,SKU0113,5,89.29,30,312.52,CUST02653,MANSOURA,MARKETPLACE,UNKNOWN,8.0,COMPLETED,ALI,WH-05
2026-05-20,ORD103309,SKU0049,1,174.1,0,174.1,CUST01169,MANSOURA,WHOLESALE,BNPL,3.0,CANCELLED,OMAR,WH-05
2026-03-22,ORD102156,SKU0087,4,149.49,30,418.57,CUST02937,LUXOR,STORE,WALLET,4.0,COMPLETED,UNKNOWN,WH-04
2026-05-29,ORD104138,SKU0043,2,101.38,30,141.93,CUST00838,ASWAN,ONLINE,CASH,0.0,COMPLETED,ALI,WH-04
2026-05-21,ORD101278,SKU0030,3,21.69,25,48.8,CUST02734,ALEXANDRIA,ONLINE,CARD,6.0,COMPLETED,ALI,WH-01
2026-03-22,ORD100294,SKU0140,1,298.72,5,283.78,CUST01928,MANSOURA,MARKETPLACE,CASH,3.0,COMPLETED,SARA,WH-03
2026-06-15,ORD101351,SKU0176,1,229.97,5,218.47,CUST00805,LUXOR,MARKETPLACE,BNPL,4.0,COMPLETED,MONA,WH-01
2026-05-20,ORD103423,SKU0166,1,149.6,5,142.12,CUST02774,MANSOURA,MARKETPLACE,WALLET,1.0,COMPLETED,SARA,WH-04
2026-01-28,ORD103854,SKU0078,1,306.36,15,260.41,CUST02239,CAIRO,MARKETPLACE,CARD,3.0,COMPLETED,SARA,WH-04
2026-03-27,ORD100018,SKU0140,5,296.44,30,1037.54,CUST02177,MANSOURA,ONLINE,BNPL,7.0,COMPLETED,MONA,WH-02
2026-04-24,ORD101220,SKU0074,4,241.01,35,626.63,CUST02658,MANSOURA,STORE,BNPL,7.0,COMPLETED,MONA,WH-02
2026-05-21,ORD101666,SKU0013,3,204.14,35,398.07,CUST00380,MANSOURA,WHOLESALE,UNKNOWN,4.0,COMPLETED,UNKNOWN,WH-04
2026-03-17,ORD103375,SKU0198,3,161.63,45,266.69,CUST00331,TANTA,MARKETPLACE,BNPL,2.0,COMPLETED,ALI,WH-05
2026-04-22,ORD102906,SKU0010,5,136.04,20,544.16,CUST00478,TANTA,ONLINE,CASH,1.0,COMPLETED,SARA,WH-05
2025-12-26,ORD100212,SKU0005,1,270.04,20,216.03,CUST00310,MANSOURA,STORE,CARD,8.0,COMPLETED,UNKNOWN,WH-02
2026-01-15,ORD101507,SKU0144,50,170.91,35,5554.58,CUST01243,TANTA,ONLINE,UNKNOWN,8.0,COMPLETED,UNKNOWN,WH-03
2026-06-17,ORD100906,SKU0009,1,124.14,0,124.14,CUST02439,LUXOR,MARKETPLACE,CARD,10.0,COMPLETED,OMAR,WH-02
2026-05-17,ORD100181,SKU0150,1,157.12,25,117.84,CUST01662,CAIRO,ONLINE,CASH,1.0,COMPLETED,MONA,WH-01
2026-04-29,ORD101991,SKU0009,4,127.4,30,356.72,CUST01542,TANTA,WHOLESALE,BNPL,2.0,COMPLETED,OMAR,WH-01
2026-05-28,ORD100299,SKU0046,1,61.65,10,55.48,CUST01692,ALEXANDRIA,STORE,WALLET,6.0,CANCELLED,ALI,WH-04
2026-06-20,ORD104385,SKU0126,1,98.3,30,68.81,CUST02712,TANTA,WHOLESALE,UNKNOWN,0.0,COMPLETED,UNKNOWN,WH-04
2026-06-07,ORD103587,SKU0069,6,205.42,25,924.39,CUST01809,ASWAN,ONLINE,WALLET,3.0,COMPLETED,YOUSSEF,WH-02
2026-07-04,ORD100571,SKU0091,4,93.97,15,319.5,CUST01635,TANTA,STORE,WALLET,5.0,COMPLETED,OMAR,WH-03
2026-01-07,ORD102135,SKU0041,3,333.08,10,899.32,CUST00985,GIZA,WHOLESALE,WALLET,0.0,COMPLETED,UNKNOWN,WH-02
2026-06-17,ORD101786,SKU0006,2,21.49,5,40.83,CUST00691,ASWAN,ONLINE,BNPL,8.0,COMPLETED,YOUSSEF,WH-03
2026-01-28,ORD101974,SKU0089,2,220.71,15,375.21,CUST00930,MANSOURA,WHOLESALE,CASH,6.0,COMPLETED,SARA,WH-02
2026-06-18,ORD103922,SKU0048,1,298.52,45,164.19,CUST01094,CAIRO,WHOLESALE,CASH,3.0,COMPLETED,MONA,WH-04
2026-04-16,ORD102902,SKU0009,1,125.83,20,100.66,CUST02003,LUXOR,ONLINE,CARD,0.0,COMPLETED,OMAR,WH-03
2026-01-20,ORD102506,SKU0131,5,292.04,0,1460.2,CUST01591,CAIRO,ONLINE,CASH,0.0,COMPLETED,MONA,WH-05
2026-06-13,ORD104753,SKU0122,2,324.99,10,584.98,CUST02286,TANTA,MARKETPLACE,CARD,10.0,COMPLETED,MONA,WH-01
2026-05-26,ORD102939,SKU0084,1,96.39,5,91.57,CUST00569,MANSOURA,ONLINE,BNPL,4.0,COMPLETED,ALI,WH-04
2026-02-22,ORD100358,SKU0160,3,50.59,35,98.65,CUST00185,ALEXANDRIA,ONLINE,CASH,6.0,COMPLETED,OMAR,WH-04
2026-01-21,ORD103884,SKU0002,4,278.38,45,612.44,CUST00326,MANSOURA,STORE,WALLET,6.0,COMPLETED,ALI,WH-02
2026-01-01,ORD102222,SKU0076,2,280.12,45,308.13,CUST02586,ALEXANDRIA,WHOLESALE,BNPL,0.0,COMPLETED,ALI,WH-01
2026-06-05,ORD100820,SKU0038,2,290.17,30,406.24,CUST00725,CAIRO,ONLINE,CASH,0.0,COMPLETED,SARA,WH-02
2026-07-05,ORD102168,SKU0047,3,306.35,10,827.15,CUST02786,LUXOR,WHOLESALE,CARD,7.0,COMPLETED,YOUSSEF,WH-02
2026-03-27,ORD100411,SKU0166,5,145.85,35,474.01,CUST02722,TANTA,STORE,CARD,9.0,COMPLETED,SARA,WH-05
2026-07-19,ORD101230,SKU0097,1,363.46,30,254.42,CUST02571,TANTA,ONLINE,CASH,6.0,COMPLETED,SARA,WH-03
2026-05-11,ORD102599,SKU0143,6,151.66,5,864.46,CUST02555,GIZA,WHOLESALE,WALLET,8.0,COMPLETED,SARA,WH-01
2026-05-13,ORD100838,SKU0009,6,111.51,20,535.25,CUST02806,ASWAN,WHOLESALE,BNPL,2.0,COMPLETED,ALI,WH-03
2026-02-26,ORD100459,SKU0158,3,359.67,45,593.46,CUST02138,TANTA,WHOLESALE,WALLET,2.0,COMPLETED,SARA,WH-04
2026-04-04,ORD102118,SKU0139,3,329.28,5,938.45,CUST01125,ASWAN,ONLINE,UNKNOWN,10.0,COMPLETED,MONA,WH-01
2025-12-29,ORD102046,SKU0135,1,124.56,35,80.96,CUST02104,ALEXANDRIA,ONLINE,BNPL,6.0,COMPLETED,UNKNOWN,WH-04
2026-05-21,ORD100949,SKU0085,4,26.08,30,73.02,CUST02534,LUXOR,WHOLESALE,WALLET,9.0,COMPLETED,UNKNOWN,WH-03
2026-02-20,ORD101710,SKU0122,3,316.73,15,807.66,CUST01689,ASWAN,WHOLESALE,WALLET,3.0,COMPLETED,YOUSSEF,WH-04
2026-05-25,ORD100229,SKU0015,3,154.45,5,440.18,CUST01048,MANSOURA,ONLINE,UNKNOWN,9.0,RETURNED,UNKNOWN,WH-01
2026-02-08,ORD103572,SKU0057,6,389.18,5,2218.33,CUST00339,ASWAN,ONLINE,WALLET,3.0,COMPLETED,ALI,WH-05
2026-05-29,ORD102082,SKU0004,3,35.02,20,84.05,CUST00950,ALEXANDRIA,WHOLESALE,UNKNOWN,4.0,COMPLETED,SARA,WH-05
2026-06-11,ORD103933,SKU0132,2,60.53,30,84.74,CUST02987,TANTA,WHOLESALE,WALLET,0.0,COMPLETED,YOUSSEF,WH-01
2026-07-11,ORD104477,SKU0084,1,92.26,5,87.65,CUST00486,ASWAN,ONLINE,BNPL,4.0,COMPLETED,ALI,WH-02
2026-01-22,ORD102835,SKU0110,3,278.07,25,625.66,CUST01807,MANSOURA,STORE,CARD,1.0,COMPLETED,SARA,WH-01
2026-01-16,ORD102641,SKU0111,5,251.7,10,1132.65,CUST01911,GIZA,ONLINE,CASH,10.0,COMPLETED,UNKNOWN,WH-04
2026-07-01,ORD100381,SKU0175,1,152.14,5,144.53,CUST02328,ALEXANDRIA,WHOLESALE,CARD,5.0,COMPLETED,UNKNOWN,WH-01
2026-06-30,ORD100958,SKU0076,5,259.16,45,712.69,CUST00198,MANSOURA,WHOLESALE,UNKNOWN,8.0,COMPLETED,YOUSSEF,WH-04
2026-05-15,ORD104734,SKU0020,1,231.28,5,219.72,CUST02319,LUXOR,WHOLESALE,WALLET,9.0,COMPLETED,MONA,WH-02
2026-06-16,ORD102652,SKU0198,2,161.81,35,210.35,CUST01751,CAIRO,MARKETPLACE,CASH,2.0,COMPLETED,UNKNOWN,WH-01
2026-04-11,ORD103080,SKU0018,1,398.72,0,398.72,CUST02795,ASWAN,WHOLESALE,BNPL,6.0,COMPLETED,ALI,WH-01
2026-02-27,ORD101454,SKU0051,1,21.49,10,19.34,CUST01035,TANTA,MARKETPLACE,UNKNOWN,1.0,COMPLETED,YOUSSEF,WH-01
2026-01-22,ORD101304,SKU0117,3,222.16,0,666.48,CUST01493,MANSOURA,STORE,CARD,7.0,COMPLETED,YOUSSEF,WH-04
2026-05-20,ORD100232,SKU0169,1,373.66,25,280.24,CUST00765,MANSOURA,WHOLESALE,CASH,1.0,COMPLETED,OMAR,WH-04
2026-05-11,ORD101276,SKU0049,1,183.95,15,156.36,CUST02755,MANSOURA,ONLINE,UNKNOWN,9.0,COMPLETED,MONA,WH-04
2026-04-09,ORD100502,SKU0157,4,25.08,45,55.18,CUST01634,LUXOR,ONLINE,BNPL,9.0,COMPLETED,UNKNOWN,WH-01
2026-07-03,ORD103953,SKU0023,2,105.75,25,158.62,CUST01807,TANTA,ONLINE,WALLET,3.0,COMPLETED,MONA,WH-04
2026-06-10,ORD101911,SKU0140,3,289.17,5,824.13,CUST00560,TANTA,STORE,UNKNOWN,4.0,COMPLETED,UNKNOWN,WH-03
2025-12-31,ORD101062,SKU0133,1,343.95,20,275.16,CUST01040,ASWAN,MARKETPLACE,CASH,1.0,COMPLETED,ALI,WH-01
2026-05-16,ORD102687,SKU0006,3,23.22,0,69.66,CUST00638,GIZA,MARKETPLACE,CASH,4.0,COMPLETED,OMAR,WH-02
2026-04-05,ORD103072,SKU0139,3,305.2,35,595.14,CUST00719,ALEXANDRIA,WHOLESALE,CARD,9.0,COMPLETED,MONA,WH-04
2026-07-11,ORD100506,SKU0188,3,28.96,15,73.85,CUST02280,GIZA,STORE,BNPL,4.0,COMPLETED,ALI,WH-04
2026-03-31,ORD104463,SKU0182,1,161.86,10,145.67,CUST02840,CAIRO,MARKETPLACE,CARD,3.0,COMPLETED,OMAR,WH-02
2026-02-22,ORD104573,SKU0062,3,89.79,0,269.37,CUST02676,CAIRO,ONLINE,UNKNOWN,9.0,COMPLETED,ALI,WH-03
2026-02-28,ORD104561,SKU0176,2,241.42,35,313.85,CUST02555,TANTA,WHOLESALE,UNKNOWN,10.0,COMPLETED,UNKNOWN,WH-01
2026-04-05,ORD102243,SKU0099,2,323.02,35,419.93,CUST00171,CAIRO,STORE,CARD,2.0,COMPLETED,SARA,WH-03
2026-03-16,ORD100822,SKU0113,2,91.06,15,154.8,CUST01432,MANSOURA,STORE,CARD,7.0,COMPLETED,YOUSSEF,WH-05
2026-06-03,ORD101323,SKU0091,3,95.69,45,157.89,CUST02097,GIZA,STORE,WALLET,2.0,COMPLETED,YOUSSEF,WH-01
2026-01-19,ORD104356,SKU0045,1,306.52,5,291.19,CUST02376,TANTA,WHOLESALE,WALLET,7.0,COMPLETED,YOUSSEF,WH-02
2026-04-15,ORD104554,SKU0084,4,94.72,20,303.1,CUST01816,LUXOR,ONLINE,BNPL,4.0,COMPLETED,SARA,WH-03
2026-04-04,ORD100962,SKU0048,3,257.9,20,618.96,CUST02113,GIZA,ONLINE,CARD,6.0,COMPLETED,MONA,WH-03
2026-06-15,ORD102381,SKU0024,3,112.28,0,336.84,CUST01443,LUXOR,STORE,BNPL,9.0,COMPLETED,SARA,WH-04
2026-01-23,ORD100612,SKU0071,3,282.82,10,763.61,CUST02519,MANSOURA,MARKETPLACE,CARD,3.0,COMPLETED,ALI,WH-04
2026-02-19,ORD101047,SKU0181,1,158.52,35,103.04,CUST02099,ASWAN,ONLINE,WALLET,7.0,COMPLETED,UNKNOWN,WH-01
2026-06-08,ORD100318,SKU0090,1,274.94,10,247.45,CUST02411,LUXOR,ONLINE,BNPL,10.0,COMPLETED,OMAR,WH-03
2026-01-30,ORD101302,SKU0015,5,154.28,5,732.83,CUST01321,ALEXANDRIA,ONLINE,CARD,3.0,COMPLETED,SARA,WH-02
2026-02-27,ORD100992,SKU0029,4,31.46,45,69.21,CUST02246,LUXOR,WHOLESALE,BNPL,5.0,COMPLETED,MONA,WH-05
2026-05-04,ORD102895,SKU0130,1,157.66,20,126.13,CUST02702,ASWAN,WHOLESALE,CASH,9.0,COMPLETED,SARA,WH-01
2026-03-16,ORD103991,SKU0189,1,193.64,10,174.28,CUST01324,CAIRO,STORE,BNPL,3.0,COMPLETED,ALI,WH-05
2026-04-30,ORD100769,SKU0118,2,83.93,35,109.11,CUST02198,TANTA,ONLINE,WALLET,0.0,COMPLETED,UNKNOWN,WH-04
2026-04-03,ORD101180,SKU0144,5,172.96,35,562.12,CUST02354,GIZA,MARKETPLACE,CARD,9.0,CANCELLED,MONA,WH-03
2026-06-06,ORD100627,SKU0098,2,115.65,30,161.91,CUST02866,TANTA,STORE,UNKNOWN,6.0,COMPLETED,UNKNOWN,WH-03
2026-04-02,ORD103542,SKU0116,3,290.61,25,653.87,CUST00133,ASWAN,ONLINE,BNPL,7.0,COMPLETED,SARA,WH-03
2026-07-14,ORD104077,SKU0139,3,322.48,20,773.95,CUST00538,GIZA,STORE,WALLET,2.0,COMPLETED,ALI,WH-02
2026-03-17,ORD104852,SKU0109,3,135.89,25,305.75,CUST00107,GIZA,ONLINE,UNKNOWN,9.0,COMPLETED,MONA,WH-01
2026-05-07,ORD101989,SKU0168,2,17.46,35,22.7,CUST01621,GIZA,MARKETPLACE,CARD,9.0,COMPLETED,UNKNOWN,WH-01
2026-07-06,ORD102556,SKU0191,1,61.19,5,58.13,CUST02106,CAIRO,STORE,BNPL,3.0,COMPLETED,SARA,WH-01
2026-04-07,ORD102597,SKU0146,3,13.77,30,28.92,CUST01887,ASWAN,ONLINE,BNPL,5.0,COMPLETED,MONA,WH-05
2026-06-10,ORD100784,SKU0164,1,206.04,20,164.83,CUST00959,TANTA,MARKETPLACE,WALLET,9.0,RETURNED,OMAR,WH-03
2026-01-07,ORD104036,SKU0166,3,166.65,45,274.97,CUST02051,GIZA,ONLINE,CASH,3.0,RETURNED,ALI,WH-02
2025-12-27,ORD102189,SKU0089,3,232.44,25,522.99,CUST00983,CAIRO,MARKETPLACE,WALLET,8.0,RETURNED,MONA,WH-05
2025-12-28,ORD101685,SKU0067,6,44.25,5,252.22,CUST03000,ALEXANDRIA,WHOLESALE,CASH,8.0,COMPLETED,UNKNOWN,WH-02
2026-05-24,ORD100691,SKU0019,2,87.02,15,147.93,CUST00697,TANTA,ONLINE,WALLET,0.0,COMPLETED,OMAR,WH-05
2026-04-12,ORD101650,SKU0110,1,294.44,10,265.0,CUST02654,TANTA,ONLINE,CARD,8.0,COMPLETED,SARA,WH-02
2026-04-19,ORD100516,SKU0021,6,52.24,0,313.44,CUST01163,MANSOURA,ONLINE,CASH,3.0,COMPLETED,YOUSSEF,WH-01
2026-07-17,ORD103929,SKU0062,2,94.29,25,141.44,CUST02511,GIZA,STORE,WALLET,1.0,COMPLETED,SARA,WH-05
2026-01-15,ORD104294,SKU0106,5,219.52,25,823.2,CUST02709,GIZA,STORE,BNPL,0.0,COMPLETED,OMAR,WH-04
2026-05-17,ORD101526,SKU0038,4,291.83,25,875.49,CUST00971,ALEXANDRIA,STORE,UNKNOWN,5.0,RETURNED,ALI,WH-02
2026-01-13,ORD100873,SKU0160,4,55.09,15,187.31,CUST02131,LUXOR,MARKETPLACE,BNPL,4.0,COMPLETED,YOUSSEF,WH-03
2026-01-13,ORD104266,SKU0190,3,270.51,10,730.38,CUST00787,TANTA,MARKETPLACE,UNKNOWN,5.0,COMPLETED,OMAR,WH-01
2026-05-31,ORD104889,SKU0017,2,45.29,15,76.99,CUST02968,MANSOURA,MARKETPLACE,WALLET,3.0,COMPLETED,UNKNOWN,WH-05
2026-01-08,ORD102215,SKU0091,1,91.66,5,87.08,CUST02185,CAIRO,MARKETPLACE,WALLET,0.0,COMPLETED,ALI,WH-05
2026-04-04,ORD104160,SKU0156,1,115.48,5,109.71,CUST02354,LUXOR,MARKETPLACE,CASH,6.0,COMPLETED,YOUSSEF,WH-02
2026-03-14,ORD101271,SKU0152,5,203.54,30,712.39,CUST00993,GIZA,WHOLESALE,BNPL,7.0,COMPLETED,UNKNOWN,WH-01
2026-07-11,ORD100483,SKU0185,4,55.22,25,165.66,CUST00118,ALEXANDRIA,MARKETPLACE,WALLET,10.0,COMPLETED,SARA,WH-04
2026-05-30,ORD102138,SKU0123,1,18.67,30,13.07,CUST01614,ASWAN,ONLINE,BNPL,10.0,COMPLETED,SARA,WH-04
2026-06-17,ORD101606,SKU0121,2,426.25,10,767.25,CUST00638,LUXOR,STORE,UNKNOWN,10.0,COMPLETED,SARA,WH-02
2026-06-23,ORD102970,SKU0016,1,180.79,15,153.67,CUST02519,MANSOURA,STORE,CARD,5.0,COMPLETED,OMAR,WH-02
2026-04-14,ORD102747,SKU0151,2,26.94,0,53.88,CUST00917,ALEXANDRIA,ONLINE,WALLET,8.0,COMPLETED,ALI,WH-04
2026-06-22,ORD102088,SKU0191,3,59.73,20,143.35,CUST02676,ASWAN,MARKETPLACE,BNPL,4.0,COMPLETED,ALI,WH-04
2025-12-29,ORD102140,SKU0108,1,200.37,25,150.28,CUST00395,LUXOR,MARKETPLACE,UNKNOWN,1.0,COMPLETED,SARA,WH-02
2026-06-13,ORD104198,SKU0065,1,11.78,10,10.6,CUST00305,GIZA,WHOLESALE,WALLET,5.0,RETURNED,OMAR,WH-01
2026-07-17,ORD101947,SKU0031,1,120.19,10,108.17,CUST00877,GIZA,STORE,UNKNOWN,3.0,RETURNED,MONA,WH-02
2026-01-14,ORD104236,SKU0173,3,156.73,15,399.66,CUST00467,CAIRO,MARKETPLACE,CARD,7.0,COMPLETED,ALI,WH-01
2026-03-07,ORD104196,SKU0119,2,79.29,25,118.94,CUST01984,LUXOR,WHOLESALE,WALLET,8.0,COMPLETED,ALI,WH-02
2026-02-21,ORD101885,SKU0049,2,180.98,15,307.67,CUST00160,LUXOR,MARKETPLACE,WALLET,10.0,RETURNED,YOUSSEF,WH-02
2026-07-06,ORD100101,SKU0156,1,120.42,15,102.36,CUST00452,GIZA,STORE,CARD,6.0,COMPLETED,YOUSSEF,WH-04
2026-06-17,ORD104966,SKU0076,4,282.68,25,848.04,CUST00553,MANSOURA,WHOLESALE,UNKNOWN,0.0,COMPLETED,MONA,WH-03
2026-01-14,ORD101758,SKU0028,2,270.77,45,297.85,CUST00485,ASWAN,ONLINE,WALLET,3.0,COMPLETED,YOUSSEF,WH-02
2026-07-05,ORD104206,SKU0039,4,197.15,10,709.74,CUST01881,ALEXANDRIA,MARKETPLACE,UNKNOWN,0.0,COMPLETED,ALI,WH-03
2026-03-05,ORD101575,SKU0015,2,160.22,25,240.33,CUST01981,MANSOURA,ONLINE,CARD,9.0,COMPLETED,UNKNOWN,WH-04
2026-03-01,ORD101639,SKU0194,4,88.74,20,283.97,CUST01763,GIZA,ONLINE,CASH,1.0,CANCELLED,OMAR,WH-02
2026-03-17,ORD104079,SKU0051,2,23.24,30,32.54,CUST00084,TANTA,WHOLESALE,WALLET,6.0,COMPLETED,SARA,WH-04
2026-03-09,ORD104359,SKU0105,3,8.96,0,26.88,CUST00740,ALEXANDRIA,WHOLESALE,UNKNOWN,7.0,COMPLETED,YOUSSEF,WH-04
2026-07-04,ORD103849,SKU0002,1,286.94,35,186.51,CUST00470,ASWAN,MARKETPLACE,UNKNOWN,3.0,COMPLETED,UNKNOWN,WH-01
2026-07-02,ORD104624,SKU0105,2,8.19,25,12.28,CUST00980,ALEXANDRIA,STORE,CARD,6.0,COMPLETED,YOUSSEF,WH-01
2026-05-16,ORD101945,SKU0112,1,35.94,20,28.75,CUST02028,GIZA,MARKETPLACE,CARD,0.0,COMPLETED,OMAR,WH-02
2026-04-18,ORD104982,SKU0103,1,150.39,25,112.79,CUST00236,ALEXANDRIA,WHOLESALE,BNPL,6.0,COMPLETED,MONA,WH-04
2026-04-01,ORD100011,SKU0036,2,227.25,30,318.15,CUST01993,CAIRO,MARKETPLACE,WALLET,7.0,COMPLETED,MONA,WH-05
2026-07-02,ORD100031,SKU0175,2,141.66,35,184.16,CUST01564,CAIRO,MARKETPLACE,CARD,9.0,COMPLETED,UNKNOWN,WH-05
2026-04-10,ORD100622,SKU0157,3,24.57,0,73.71,CUST01202,ASWAN,MARKETPLACE,CASH,0.0,COMPLETED,SARA,WH-05
2026-04-23,ORD102441,SKU0124,1,203.35,25,152.51,CUST01682,ALEXANDRIA,WHOLESALE,WALLET,5.0,COMPLETED,YOUSSEF,WH-02
2026-03-15,ORD103747,SKU0113,2,88.92,45,97.81,CUST00733,ALEXANDRIA,STORE,CARD,5.0,COMPLETED,SARA,WH-02
2026-03-23,ORD100862,SKU0018,6,416.66,25,1874.97,CUST01250,MANSOURA,STORE,UNKNOWN,9.0,COMPLETED,ALI,WH-04
2026-05-13,ORD101873,SKU0165,5,134.22,45,369.1,CUST00217,MANSOURA,WHOLESALE,BNPL,3.0,COMPLETED,YOUSSEF,WH-02
2025-12-27,ORD100885,SKU0091,2,95.45,45,105.0,CUST02450,ALEXANDRIA,WHOLESALE,WALLET,9.0,COMPLETED,OMAR,WH-01
2026-03-30,ORD102993,SKU0063,3,88.04,10,237.71,CUST00422,MANSOURA,ONLINE,UNKNOWN,9.0,COMPLETED,UNKNOWN,WH-01
2025-12-28,ORD100626,SKU0049,2,194.96,15,331.43,CUST02728,LUXOR,STORE,BNPL,10.0,COMPLETED,MONA,WH-03
2026-06-25,ORD101048,SKU0086,2,173.56,5,329.76,CUST01798,ASWAN,STORE,CASH,5.0,COMPLETED,YOUSSEF,WH-02
2026-02-05,ORD103560,SKU0005,1,231.03,15,196.38,CUST00200,ALEXANDRIA,ONLINE,CASH,1.0,COMPLETED,MONA,WH-01
2026-01-05,ORD104858,SKU0112,1,40.3,5,38.28,CUST02233,ASWAN,STORE,CARD,10.0,COMPLETED,MONA,WH-03
2026-06-13,ORD102551,SKU0122,2,313.39,45,344.73,CUST01102,TANTA,WHOLESALE,CARD,4.0,COMPLETED,OMAR,WH-02
2026-04-20,ORD100529,SKU0172,3,70.53,25,158.69,CUST00571,ASWAN,WHOLESALE,WALLET,1.0,CANCELLED,UNKNOWN,WH-02
2026-02-03,ORD104636,SKU0195,4,350.82,45,771.8,CUST00135,CAIRO,STORE,BNPL,6.0,COMPLETED,ALI,WH-02
2026-04-21,ORD101890,SKU0062,3,91.93,10,248.21,CUST01006,CAIRO,MARKETPLACE,WALLET,2.0,COMPLETED,SARA,WH-04
2026-06-18,ORD103899,SKU0175,3,143.75,10,388.12,CUST01198,TANTA,ONLINE,WALLET,1.0,COMPLETED,OMAR,WH-04
2026-03-19,ORD100160,SKU0165,5,137.54,20,550.16,CUST01796,ALEXANDRIA,MARKETPLACE,CARD,9.0,COMPLETED,YOUSSEF,WH-01
2026-02-21,ORD100127,SKU0119,1,72.18,0,72.18,CUST02354,TANTA,STORE,CASH,9.0,COMPLETED,ALI,WH-03
2026-01-13,ORD103898,SKU0099,1,348.87,20,279.1,CUST00119,GIZA,WHOLESALE,CASH,10.0,COMPLETED,OMAR,WH-03
2026-04-21,ORD104197,SKU0114,5,317.51,10,1428.8,CUST01835,TANTA,WHOLESALE,CASH,10.0,COMPLETED,OMAR,WH-04
2026-03-15,ORD100745,SKU0101,3,181.44,0,544.32,CUST00537,TANTA,WHOLESALE,BNPL,6.0,COMPLETED,SARA,WH-03
2026-02-26,ORD101925,SKU0131,1,299.71,25,224.78,CUST02058,MANSOURA,MARKETPLACE,CASH,5.0,RETURNED,SARA,WH-01
2026-06-27,ORD104941,SKU0192,4,304.1,15,1033.94,CUST01776,TANTA,STORE,UNKNOWN,0.0,COMPLETED,UNKNOWN,WH-04
2026-06-15,ORD103491,SKU0108,1,223.87,0,223.87,CUST00684,GIZA,STORE,WALLET,4.0,COMPLETED,MONA,WH-04
2026-07-03,ORD104404,SKU0039,2,187.85,20,300.56,CUST02923,CAIRO,ONLINE,BNPL,0.0,COMPLETED,ALI,WH-01
2026-03-29,ORD104419,SKU0022,3,26.68,30,56.03,CUST01469,GIZA,STORE,UNKNOWN,7.0,COMPLETED,UNKNOWN,WH-03
2026-03-21,ORD103696,SKU0152,2,212.49,15,361.23,CUST02618,ASWAN,STORE,WALLET,7.0,COMPLETED,UNKNOWN,WH-04
2026-04-20,ORD104949,SKU0179,1,21.37,30,14.96,CUST00414,CAIRO,STORE,BNPL,5.0,COMPLETED,UNKNOWN,WH-05
2025-12-31,ORD104801,SKU0033,5,105.57,20,422.28,CUST00412,GIZA,ONLINE,UNKNOWN,5.0,COMPLETED,MONA,WH-02
2026-01-28,ORD100017,SKU0151,3,30.1,0,90.3,CUST00623,LUXOR,ONLINE,CASH,6.0,COMPLETED,OMAR,WH-01
2026-07-21,ORD100928,SKU0020,1,241.08,5,229.03,CUST00030,LUXOR,STORE,WALLET,2.0,COMPLETED,UNKNOWN,WH-02
2026-04-13,ORD101325,SKU0001,4,179.25,10,645.3,CUST00910,GIZA,MARKETPLACE,BNPL,9.0,COMPLETED,SARA,WH-03
2026-03-03,ORD102342,SKU0175,4,152.34,20,487.49,CUST01449,CAIRO,WHOLESALE,BNPL,3.0,COMPLETED,MONA,WH-02
2026-03-07,ORD103938,SKU0165,6,124.14,35,484.15,CUST01338,ALEXANDRIA,ONLINE,BNPL,1.0,COMPLETED,ALI,WH-03
2026-07-10,ORD102383,SKU0092,2,412.27,10,742.09,CUST01880,GIZA,MARKETPLACE,BNPL,1.0,COMPLETED,SARA,WH-05
2026-07-13,ORD102453,SKU0069,4,233.6,20,747.52,CUST01113,TANTA,STORE,WALLET,6.0,COMPLETED,UNKNOWN,WH-04
2026-02-20,ORD100276,SKU0184,4,431.79,25,1295.37,CUST00901,TANTA,ONLINE,WALLET,3.0,RETURNED,MONA,WH-01
2026-01-23,ORD103253,SKU0056,2,89.76,30,125.66,CUST01981,LUXOR,ONLINE,CASH,1.0,COMPLETED,YOUSSEF,WH-05
2026-03-05,ORD101548,SKU0148,3,57.22,20,137.33,CUST00457,LUXOR,MARKETPLACE,UNKNOWN,9.0,RETURNED,ALI,WH-01
2026-01-14,ORD100867,SKU0140,1,327.12,30,228.98,CUST01410,ASWAN,MARKETPLACE,UNKNOWN,8.0,COMPLETED,OMAR,WH-05
2026-03-06,ORD102286,SKU0005,1,252.17,20,201.74,CUST01405,LUXOR,MARKETPLACE,CASH,6.0,COMPLETED,YOUSSEF,WH-05
2026-06-29,ORD104540,SKU0133,1,373.1,10,335.79,CUST02922,LUXOR,MARKETPLACE,CARD,7.0,COMPLETED,UNKNOWN,WH-04
2025-12-30,ORD102357,SKU0077,2,63.25,15,107.52,CUST01667,TANTA,MARKETPLACE,CASH,2.0,COMPLETED,ALI,WH-05
2026-05-27,ORD104178,SKU0158,1,344.39,5,327.17,CUST01457,LUXOR,MARKETPLACE,CARD,0.0,COMPLETED,SARA,WH-03
2026-07-18,ORD101090,SKU0033,3,115.37,35,224.97,CUST00604,ASWAN,WHOLESALE,CASH,9.0,COMPLETED,YOUSSEF,WH-05
2026-06-25,ORD101091,SKU0004,1,34.34,20,27.47,CUST00545,MANSOURA,WHOLESALE,UNKNOWN,2.0,COMPLETED,SARA,WH-05
2026-04-07,ORD104812,SKU0060,3,311.78,25,701.5,CUST02839,ASWAN,ONLINE,BNPL,5.0,COMPLETED,ALI,WH-04
2026-05-09,ORD103324,SKU0171,1,165.22,15,140.44,CUST02137,LUXOR,WHOLESALE,CARD,8.0,COMPLETED,UNKNOWN,WH-05
2026-07-06,ORD104605,SKU0060,3,332.32,25,747.72,CUST02417,ALEXANDRIA,MARKETPLACE,CASH,9.0,COMPLETED,SARA,WH-04
2026-01-19,ORD100194,SKU0117,6,218.93,0,1313.58,CUST00418,TANTA,STORE,WALLET,9.0,COMPLETED,ALI,WH-04
2026-03-01,ORD103674,SKU0123,3,20.09,10,54.24,CUST01185,MANSOURA,WHOLESALE,UNKNOWN,3.0,COMPLETED,SARA,WH-03
2026-07-14,ORD100613,SKU0110,2,297.73,5,565.69,CUST00985,MANSOURA,ONLINE,UNKNOWN,7.0,COMPLETED,ALI,WH-04
2026-01-02,ORD103446,SKU0111,1,254.7,0,254.7,CUST01841,ASWAN,WHOLESALE,WALLET,2.0,COMPLETED,MONA,WH-05
2026-04-11,ORD102306,SKU0125,2,405.87,10,730.57,CUST00044,LUXOR,WHOLESALE,CASH,8.0,COMPLETED,ALI,WH-01
2026-04-20,ORD101296,SKU0047,1,303.57,30,212.5,CUST00365,GIZA,ONLINE,UNKNOWN,5.0,COMPLETED,UNKNOWN,WH-04
2026-05-16,ORD103538,SKU0080,5,112.06,5,532.28,CUST01654,ASWAN,ONLINE,WALLET,1.0,COMPLETED,OMAR,WH-04
2025-12-27,ORD101156,SKU0070,3,176.39,0,529.17,CUST02056,ASWAN,STORE,BNPL,4.0,COMPLETED,YOUSSEF,WH-01
2026-01-19,ORD102355,SKU0165,50,130.49,0,6524.5,CUST02097,GIZA,WHOLESALE,WALLET,9.0,COMPLETED,SARA,WH-04
2025-12-26,ORD102157,SKU0129,4,360.58,0,1442.32,CUST01228,ASWAN,WHOLESALE,BNPL,1.0,COMPLETED,ALI,WH-02
2026-03-16,ORD101852,SKU0136,2,328.3,35,426.79,CUST00491,CAIRO,WHOLESALE,UNKNOWN,6.0,COMPLETED,YOUSSEF,WH-03
2026-01-16,ORD101265,SKU0007,4,237.14,5,901.13,CUST02377,CAIRO,STORE,UNKNOWN,2.0,COMPLETED,SARA,WH-04
2026-06-12,ORD101360,SKU0189,2,215.43,10,387.77,CUST01189,LUXOR,WHOLESALE,BNPL,2.0,COMPLETED,UNKNOWN,WH-03
2026-05-31,ORD103614,SKU0035,2,48.64,20,77.82,CUST01949,CAIRO,ONLINE,BNPL,7.0,COMPLETED,OMAR,WH-02
2026-02-16,ORD102708,SKU0053,2,282.63,30,395.68,CUST01361,GIZA,WHOLESALE,CARD,4.0,COMPLETED,ALI,WH-03
2026-05-22,ORD104494,SKU0115,1,366.71,5,348.37,CUST02030,ASWAN,STORE,CARD,10.0,COMPLETED,YOUSSEF,WH-05
2026-07-13,ORD100115,SKU0200,5,313.96,20,1255.84,CUST02877,GIZA,MARKETPLACE,UNKNOWN,5.0,RETURNED,SARA,WH-02
2026-07-14,ORD103314,SKU0191,1,61.84,25,46.38,CUST02688,ASWAN,MARKETPLACE,UNKNOWN,7.0,COMPLETED,OMAR,WH-02
2026-07-14,ORD100044,SKU0124,1,193.31,0,193.31,CUST00829,CAIRO,WHOLESALE,CASH,5.0,RETURNED,UNKNOWN,WH-04
2026-05-24,ORD104623,SKU0087,50,144.63,25,5423.62,CUST02374,ALEXANDRIA,WHOLESALE,WALLET,0.0,COMPLETED,OMAR,WH-01
2026-03-27,ORD104121,SKU0166,5,157.77,0,788.85,CUST01063,ALEXANDRIA,WHOLESALE,CASH,5.0,COMPLETED,UNKNOWN,WH-04
2026-03-27,ORD103796,SKU0138,6,184.38,20,885.02,CUST00595,CAIRO,MARKETPLACE,WALLET,1.0,COMPLETED,SARA,WH-03
2026-01-19,ORD104783,SKU0183,5,318.52,30,1114.82,CUST01949,LUXOR,WHOLESALE,CASH,1.0,COMPLETED,SARA,WH-04
2026-01-04,ORD103591,SKU0002,2,264.16,45,290.58,CUST00677,TANTA,STORE,CARD,6.0,COMPLETED,ALI,WH-02
2026-01-10,ORD101781,SKU0196,1,334.83,30,234.38,CUST02761,ASWAN,ONLINE,UNKNOWN,8.0,COMPLETED,SARA,WH-04
2026-02-17,ORD103950,SKU0132,2,62.1,30,86.94,CUST01888,LUXOR,WHOLESALE,UNKNOWN,3.0,COMPLETED,UNKNOWN,WH-02
2026-04-27,ORD102802,SKU0063,4,87.37,30,244.64,CUST00284,ASWAN,ONLINE,CASH,7.0,COMPLETED,UNKNOWN,WH-05
2026-07-09,ORD100291,SKU0165,1,133.22,35,86.59,CUST02839,TANTA,ONLINE,CASH,1.0,COMPLETED,YOUSSEF,WH-04
2026-05-05,ORD104937,SKU0132,1,57.09,0,57.09,CUST02708,LUXOR,MARKETPLACE,CASH,2.0,COMPLETED,UNKNOWN,WH-04
2026-02-17,ORD100375,SKU0016,4,160.46,10,577.66,CUST01343,ASWAN,MARKETPLACE,CASH,7.0,CANCELLED,YOUSSEF,WH-03
2026-06-17,ORD100994,SKU0071,3,310.38,0,931.14,CUST02225,GIZA,STORE,BNPL,8.0,COMPLETED,SARA,WH-01
2025-12-26,ORD100900,SKU0186,1,32.87,15,27.94,CUST02055,MANSOURA,STORE,WALLET,5.0,COMPLETED,OMAR,WH-01
2026-06-28,ORD104719,SKU0003,1,49.24,0,49.24,CUST00714,ALEXANDRIA,MARKETPLACE,WALLET,7.0,COMPLETED,UNKNOWN,WH-03
2026-04-24,ORD101227,SKU0123,4,19.35,35,50.31,CUST01523,LUXOR,STORE,UNKNOWN,1.0,COMPLETED,MONA,WH-05
2026-01-03,ORD101783,SKU0127,3,254.46,25,572.54,CUST01472,MANSOURA,STORE,CARD,5.0,CANCELLED,OMAR,WH-03
2026-04-30,ORD101281,SKU0142,1,101.43,5,96.36,CUST01571,MANSOURA,ONLINE,CARD,6.0,COMPLETED,YOUSSEF,WH-05
2026-01-10,ORD100925,SKU0165,2,119.98,20,191.97,CUST00031,TANTA,WHOLESALE,BNPL,6.0,COMPLETED,MONA,WH-05
2026-03-18,ORD102179,SKU0176,1,238.55,20,190.84,CUST01014,GIZA,STORE,CARD,9.0,COMPLETED,YOUSSEF,WH-04
2026-01-31,ORD103837,SKU0182,3,177.61,20,426.26,CUST02675,ASWAN,MARKETPLACE,UNKNOWN,1.0,COMPLETED,YOUSSEF,WH-05
2026-01-18,ORD103329,SKU0009,2,113.22,15,192.47,CUST02780,ALEXANDRIA,MARKETPLACE,CASH,8.0,COMPLETED,YOUSSEF,WH-01
2026-06-28,ORD100963,SKU0022,4,29.21,15,99.31,CUST01444,ASWAN,MARKETPLACE,WALLET,0.0,COMPLETED,ALI,WH-02
2026-06-20,ORD103647,SKU0012,1,94.86,0,94.86,CUST01253,TANTA,MARKETPLACE,UNKNOWN,8.0,COMPLETED,UNKNOWN,WH-03
2026-05-30,ORD103390,SKU0063,1,82.47,20,65.98,CUST02883,TANTA,ONLINE,CARD,6.0,COMPLETED,UNKNOWN,WH-01
2026-06-02,ORD101785,SKU0033,2,108.7,15,184.79,CUST01475,ALEXANDRIA,MARKETPLACE,CARD,2.0,RETURNED,MONA,WH-05
2026-06-22,ORD103483,SKU0129,2,393.96,5,748.52,CUST01595,CAIRO,ONLINE,CARD,3.0,COMPLETED,YOUSSEF,WH-02
2026-02-25,ORD101040,SKU0158,3,321.15,15,818.93,CUST02223,ALEXANDRIA,ONLINE,UNKNOWN,8.0,COMPLETED,SARA,WH-04
2026-02-06,ORD103023,SKU0134,6,290.65,45,959.14,CUST00174,MANSOURA,ONLINE,CARD,8.0,COMPLETED,UNKNOWN,WH-04
2026-01-17,ORD104210,SKU0044,2,268.76,35,349.39,CUST02480,ASWAN,WHOLESALE,BNPL,0.0,COMPLETED,OMAR,WH-03
2026-05-31,ORD100497,SKU0051,1,24.28,25,18.21,CUST00246,ALEXANDRIA,WHOLESALE,BNPL,10.0,COMPLETED,OMAR,WH-04
2026-04-17,ORD103883,SKU0151,2,28.95,5,55.0,CUST01994,LUXOR,STORE,WALLET,2.0,COMPLETED,SARA,WH-01
2025-12-30,ORD104312,SKU0075,2,21.74,35,28.26,CUST02152,ALEXANDRIA,STORE,WALLET,3.0,RETURNED,MONA,WH-01
2026-05-26,ORD103586,SKU0146,1,14.44,5,13.72,CUST02921,ASWAN,WHOLESALE,BNPL,6.0,COMPLETED,ALI,WH-03
2026-04-17,ORD104782,SKU0025,2,157.28,10,283.1,CUST01035,GIZA,WHOLESALE,UNKNOWN,0.0,COMPLETED,MONA,WH-03
2026-06-09,ORD102303,SKU0073,1,76.6,25,57.45,CUST01319,LUXOR,STORE,BNPL,2.0,COMPLETED,MONA,WH-01
2026-03-30,ORD101924,SKU0055,1,69.6,25,52.2,CUST01419,ALEXANDRIA,WHOLESALE,UNKNOWN,7.0,COMPLETED,OMAR,WH-03
2026-01-31,ORD103609,SKU0167,1,11.57,25,8.68,CUST00251,TANTA,WHOLESALE,CASH,10.0,COMPLETED,MONA,WH-04
2026-04-08,ORD100706,SKU0050,1,12.85,5,12.21,CUST01941,MANSOURA,ONLINE,UNKNOWN,3.0,COMPLETED,YOUSSEF,WH-05
2026-06-17,ORD100841,SKU0026,5,383.91,5,1823.57,CUST01982,ALEXANDRIA,STORE,CARD,2.0,COMPLETED,OMAR,WH-03
2026-04-01,ORD101990,SKU0151,5,28.4,35,92.3,CUST01933,LUXOR,STORE,CASH,9.0,COMPLETED,MONA,WH-05
2026-07-11,ORD102134,SKU0058,1,274.08,0,274.08,CUST02652,MANSOURA,ONLINE,WALLET,5.0,COMPLETED,MONA,WH-05
2026-07-21,ORD104788,SKU0078,2,308.23,20,493.17,CUST01258,LUXOR,STORE,CASH,5.0,COMPLETED,ALI,WH-03
2026-06-03,ORD100971,SKU0067,1,44.62,10,40.16,CUST02441,ALEXANDRIA,WHOLESALE,CARD,5.0,COMPLETED,OMAR,WH-01
2026-01-23,ORD101398,SKU0069,1,215.93,30,151.15,CUST02628,CAIRO,ONLINE,CASH,10.0,COMPLETED,SARA,WH-04
2026-04-26,ORD104125,SKU0082,2,227.07,35,295.19,CUST01071,LUXOR,MARKETPLACE,CASH,5.0,COMPLETED,YOUSSEF,WH-03
2026-02-24,ORD102529,SKU0041,3,357.94,10,966.44,CUST00874,LUXOR,WHOLESALE,BNPL,5.0,COMPLETED,ALI,WH-01
2026-04-28,ORD100370,SKU0018,2,436.63,5,829.6,CUST00092,TANTA,STORE,CASH,5.0,COMPLETED,UNKNOWN,WH-04
2026-04-03,ORD102632,SKU0068,4,281.73,20,901.54,CUST00036,TANTA,STORE,UNKNOWN,3.0,COMPLETED,YOUSSEF,WH-01
2026-07-05,ORD101052,SKU0180,5,346.48,15,1472.54,CUST02266,TANTA,STORE,WALLET,8.0,COMPLETED,YOUSSEF,WH-02
2026-06-02,ORD103641,SKU0041,2,355.84,30,498.18,CUST00476,ALEXANDRIA,WHOLESALE,UNKNOWN,4.0,COMPLETED,UNKNOWN,WH-01
2026-02-15,ORD100003,SKU0189,2,201.52,5,382.89,CUST02436,MANSOURA,STORE,CARD,0.0,COMPLETED,SARA,WH-02
2026-01-18,ORD104177,SKU0115,3,367.23,15,936.44,CUST02197,GIZA,ONLINE,WALLET,3.0,COMPLETED,UNKNOWN,WH-01
2026-06-14,ORD103207,SKU0125,1,445.37,35,289.49,CUST00473,MANSOURA,WHOLESALE,CASH,2.0,COMPLETED,UNKNOWN,WH-04
2026-03-29,ORD102710,SKU0083,1,52.43,30,36.7,CUST00854,CAIRO,WHOLESALE,CASH,9.0,COMPLETED,UNKNOWN,WH-02
2026-01-25,ORD103777,SKU0041,3,360.27,5,1026.77,CUST02262,ALEXANDRIA,STORE,BNPL,2.0,COMPLETED,ALI,WH-02
2026-04-04,ORD104567,SKU0147,2,256.12,10,461.02,CUST01018,ALEXANDRIA,ONLINE,CARD,10.0,COMPLETED,SARA,WH-03
2026-01-04,ORD102338,SKU0061,1,346.58,30,242.61,CUST00590,CAIRO,ONLINE,BNPL,3.0,COMPLETED,YOUSSEF,WH-03
2026-05-31,ORD100747,SKU0194,4,82.85,30,231.98,CUST02208,CAIRO,MARKETPLACE,WALLET,0.0,COMPLETED,MONA,WH-05
2026-03-08,ORD102937,SKU0047,5,300.85,30,1052.97,CUST02286,MANSOURA,MARKETPLACE,BNPL,4.0,COMPLETED,OMAR,WH-05
2026-03-30,ORD101074,SKU0132,2,54.86,15,93.26,CUST01311,CAIRO,ONLINE,BNPL,3.0,COMPLETED,ALI,WH-01
2026-07-18,ORD101951,SKU0133,4,382.05,45,840.51,CUST00894,MANSOURA,STORE,UNKNOWN,2.0,COMPLETED,SARA,WH-04
2026-06-16,ORD100871,SKU0151,2,27.49,10,49.48,CUST01282,MANSOURA,WHOLESALE,WALLET,1.0,RETURNED,OMAR,WH-04
2026-07-14,ORD103846,SKU0003,1,51.15,0,51.15,CUST02886,LUXOR,STORE,UNKNOWN,7.0,COMPLETED,OMAR,WH-04
2026-07-04,ORD103864,SKU0011,2,158.69,15,269.77,CUST01467,CAIRO,ONLINE,UNKNOWN,8.0,COMPLETED,MONA,WH-02
2026-04-08,ORD104304,SKU0168,2,16.51,15,28.07,CUST02733,ASWAN,MARKETPLACE,WALLET,8.0,COMPLETED,UNKNOWN,WH-01
2026-04-05,ORD104934,SKU0152,1,233.08,10,209.77,CUST00094,GIZA,ONLINE,CARD,9.0,RETURNED,SARA,WH-01
2026-06-20,ORD103934,SKU0092,3,398.73,15,1016.76,CUST00266,CAIRO,MARKETPLACE,WALLET,7.0,COMPLETED,UNKNOWN,WH-02
2026-05-22,ORD103152,SKU0180,3,336.15,5,958.03,CUST01788,ALEXANDRIA,WHOLESALE,CASH,1.0,COMPLETED,OMAR,WH-03
2026-03-24,ORD103409,SKU0157,2,23.85,30,33.39,CUST01910,ASWAN,ONLINE,CARD,9.0,COMPLETED,OMAR,WH-02
2026-04-01,ORD103610,SKU0059,2,228.28,20,365.25,CUST02016,GIZA,WHOLESALE,WALLET,4.0,COMPLETED,MONA,WH-01
2026-02-01,ORD103588,SKU0141,4,272.01,30,761.63,CUST00100,MANSOURA,WHOLESALE,CASH,3.0,COMPLETED,SARA,WH-05
2026-07-14,ORD104930,SKU0051,1,23.48,5,22.31,CUST00666,ALEXANDRIA,WHOLESALE,CASH,1.0,COMPLETED,SARA,WH-02
2026-04-23,ORD100086,SKU0018,4,429.41,30,1202.35,CUST01940,GIZA,STORE,UNKNOWN,3.0,COMPLETED,OMAR,WH-03
2026-02-28,ORD104429,SKU0004,1,37.64,10,33.88,CUST01676,CAIRO,STORE,WALLET,5.0,COMPLETED,OMAR,WH-03
2026-01-15,ORD100105,SKU0137,1,373.38,45,205.36,CUST01681,TANTA,WHOLESALE,BNPL,6.0,COMPLETED,UNKNOWN,WH-01
2026-04-16,ORD101196,SKU0127,2,281.64,5,535.12,CUST01071,MANSOURA,WHOLESALE,BNPL,9.0,COMPLETED,ALI,WH-04
2026-06-18,ORD102236,SKU0068,1,304.28,35,197.78,CUST02046,LUXOR,MARKETPLACE,CASH,4.0,COMPLETED,ALI,WH-02
2026-04-29,ORD104736,SKU0017,2,42.42,35,55.15,CUST02317,GIZA,WHOLESALE,CARD,6.0,COMPLETED,SARA,WH-02
2026-04-21,ORD103051,SKU0001,2,187.5,30,262.5,CUST02021,CAIRO,STORE,BNPL,5.0,COMPLETED,UNKNOWN,WH-05
2026-07-02,ORD104200,SKU0123,2,20.21,15,34.36,CUST00807,ALEXANDRIA,WHOLESALE,CASH,4.0,COMPLETED,OMAR,WH-03
2026-07-11,ORD100804,SKU0185,3,59.48,20,142.75,CUST00551,ASWAN,MARKETPLACE,CASH,7.0,COMPLETED,OMAR,WH-04
2026-02-18,ORD104169,SKU0108,4,214.59,30,600.85,CUST00194,CAIRO,STORE,BNPL,1.0,COMPLETED,UNKNOWN,WH-04
2026-04-10,ORD102656,SKU0180,1,359.38,20,287.5,CUST02052,ASWAN,MARKETPLACE,CASH,10.0,COMPLETED,MONA,WH-01
2026-05-31,ORD103043,SKU0126,2,102.4,10,184.32,CUST01585,TANTA,WHOLESALE,CASH,10.0,COMPLETED,MONA,WH-03
2026-03-03,ORD103263,SKU0195,1,318.61,5,302.68,CUST02591,TANTA,STORE,CARD,7.0,COMPLETED,YOUSSEF,WH-02
2026-04-23,ORD100861,SKU0172,1,65.28,0,65.28,CUST01844,CAIRO,STORE,WALLET,10.0,COMPLETED,UNKNOWN,WH-01
2026-04-02,ORD101109,SKU0079,4,301.86,0,1207.44,CUST00840,LUXOR,WHOLESALE,WALLET,2.0,CANCELLED,ALI,WH-04
2026-07-12,ORD104243,SKU0102,1,83.5,10,75.15,CUST00349,GIZA,WHOLESALE,WALLET,7.0,COMPLETED,SARA,WH-03
2026-04-12,ORD103546,SKU0160,2,54.5,15,92.65,CUST01120,GIZA,ONLINE,WALLET,1.0,COMPLETED,MONA,WH-01
2026-03-24,ORD103804,SKU0160,3,52.25,35,101.89,CUST00468,TANTA,WHOLESALE,CARD,9.0,COMPLETED,MONA,WH-02
2026-04-28,ORD101210,SKU0200,3,324.76,35,633.28,CUST01101,CAIRO,ONLINE,UNKNOWN,5.0,COMPLETED,MONA,WH-03
2026-01-18,ORD103579,SKU0103,4,150.77,5,572.93,CUST02945,GIZA,WHOLESALE,CASH,5.0,COMPLETED,ALI,WH-05
2026-02-25,ORD102831,SKU0172,5,65.3,5,310.18,CUST02959,CAIRO,WHOLESALE,CASH,3.0,COMPLETED,SARA,WH-05
2026-06-05,ORD100342,SKU0198,1,155.71,25,116.78,CUST01882,LUXOR,MARKETPLACE,CASH,3.0,COMPLETED,ALI,WH-01
2026-04-11,ORD101983,SKU0046,2,56.77,30,79.48,CUST00065,ALEXANDRIA,STORE,CASH,2.0,RETURNED,ALI,WH-02
2026-04-28,ORD102497,SKU0141,1,292.86,45,161.07,CUST01694,TANTA,WHOLESALE,BNPL,1.0,COMPLETED,SARA,WH-02
2026-04-16,ORD103091,SKU0112,4,41.12,20,131.58,CUST01076,ALEXANDRIA,MARKETPLACE,WALLET,5.0,COMPLETED,OMAR,WH-03
2026-05-20,ORD104254,SKU0135,3,114.36,35,223.0,CUST02864,ASWAN,MARKETPLACE,CASH,10.0,COMPLETED,UNKNOWN,WH-02
2026-03-08,ORD100532,SKU0179,4,20.71,20,66.27,CUST02442,GIZA,MARKETPLACE,CARD,10.0,COMPLETED,MONA,WH-04
2026-03-15,ORD104553,SKU0114,2,304.86,10,548.75,CUST00894,LUXOR,MARKETPLACE,BNPL,10.0,COMPLETED,YOUSSEF,WH-03
2026-06-06,ORD104103,SKU0026,2,397.84,25,596.76,CUST00194,TANTA,MARKETPLACE,UNKNOWN,7.0,COMPLETED,UNKNOWN,WH-01
2025-12-29,ORD101449,SKU0056,1,80.14,35,52.09,CUST00282,ALEXANDRIA,MARKETPLACE,CARD,0.0,COMPLETED,ALI,WH-04
2026-03-05,ORD101366,SKU0087,4,160.41,15,545.39,CUST01741,ASWAN,WHOLESALE,BNPL,2.0,COMPLETED,ALI,WH-02
2026-01-07,ORD105000,SKU0038,4,273.32,30,765.3,CUST00494,ASWAN,STORE,UNKNOWN,1.0,COMPLETED,ALI,WH-05
2026-04-10,ORD101367,SKU0129,3,361.54,35,705.0,CUST02554,ASWAN,ONLINE,CASH,9.0,COMPLETED,SARA,WH-04
2026-03-19,ORD104663,SKU0169,3,324.43,30,681.3,CUST01601,CAIRO,ONLINE,CARD,5.0,COMPLETED,MONA,WH-05
2026-04-20,ORD102437,SKU0116,3,275.71,0,827.13,CUST01231,GIZA,ONLINE,CARD,0.0,COMPLETED,UNKNOWN,WH-04
2026-01-31,ORD100162,SKU0116,2,282.39,0,564.78,CUST01777,ASWAN,ONLINE,CARD,2.0,COMPLETED,YOUSSEF,WH-04
2026-01-03,ORD101135,SKU0086,2,157.6,25,236.4,CUST00939,LUXOR,STORE,CARD,4.0,COMPLETED,ALI,WH-01
2026-05-03,ORD103611,SKU0083,3,52.33,45,86.34,CUST01368,TANTA,STORE,UNKNOWN,9.0,COMPLETED,ALI,WH-02
2026-05-22,ORD100888,SKU0194,2,83.74,15,142.36,CUST00907,CAIRO,WHOLESALE,WALLET,9.0,CANCELLED,SARA,WH-05
2026-05-10,ORD102936,SKU0171,1,170.98,20,136.78,CUST01433,GIZA,WHOLESALE,CARD,7.0,COMPLETED,YOUSSEF,WH-03
2026-04-27,ORD102452,SKU0168,2,17.78,15,30.23,CUST02853,MANSOURA,STORE,BNPL,0.0,COMPLETED,SARA,WH-05
2026-05-25,ORD102488,SKU0140,1,319.95,15,271.96,CUST02917,TANTA,STORE,WALLET,7.0,RETURNED,YOUSSEF,WH-01
2026-03-09,ORD101878,SKU0156,4,125.51,30,351.43,CUST02364,CAIRO,WHOLESALE,CARD,10.0,COMPLETED,YOUSSEF,WH-02
2026-06-20,ORD104697,SKU0142,4,97.81,45,215.18,CUST01737,CAIRO,MARKETPLACE,BNPL,1.0,COMPLETED,YOUSSEF,WH-04
2026-02-09,ORD102672,SKU0102,2,83.25,20,133.2,CUST00357,MANSOURA,ONLINE,CARD,6.0,COMPLETED,UNKNOWN,WH-05
2026-01-07,ORD100945,SKU0144,1,186.6,10,167.94,CUST01761,CAIRO,MARKETPLACE,UNKNOWN,4.0,COMPLETED,UNKNOWN,WH-04
2026-03-21,ORD102327,SKU0163,6,416.2,30,1748.04,CUST02080,TANTA,ONLINE,UNKNOWN,5.0,COMPLETED,SARA,WH-04
2026-03-17,ORD104672,SKU0164,1,231.82,10,208.64,CUST01670,LUXOR,STORE,BNPL,3.0,COMPLETED,SARA,WH-04
2026-06-29,ORD100959,SKU0091,3,96.6,20,231.84,CUST02374,MANSOURA,MARKETPLACE,CARD,5.0,COMPLETED,ALI,WH-01
2026-05-12,ORD103498,SKU0042,1,87.09,15,74.03,CUST02882,CAIRO,ONLINE,CARD,8.0,RETURNED,OMAR,WH-04
2026-02-17,ORD104578,SKU0086,2,162.87,15,276.88,CUST02597,ASWAN,WHOLESALE,WALLET,1.0,COMPLETED,MONA,WH-04
2026-01-11,ORD101792,SKU0042,4,91.12,30,255.14,CUST01386,GIZA,ONLINE,WALLET,6.0,CANCELLED,UNKNOWN,WH-05
2026-01-10,ORD101337,SKU0117,2,227.24,35,295.41,CUST02682,LUXOR,STORE,CASH,3.0,COMPLETED,SARA,WH-03
2026-06-14,ORD102305,SKU0048,1,284.03,35,184.62,CUST01571,LUXOR,STORE,CASH,8.0,COMPLETED,ALI,WH-03
2026-04-05,ORD103368,SKU0018,1,425.1,0,425.1,CUST00949,GIZA,WHOLESALE,CARD,9.0,COMPLETED,OMAR,WH-01
2026-03-12,ORD101612,SKU0041,6,360.1,10,1944.54,CUST01562,LUXOR,ONLINE,CASH,5.0,COMPLETED,UNKNOWN,WH-01
2026-04-14,ORD104354,SKU0091,5,98.88,45,271.92,CUST02985,ALEXANDRIA,STORE,BNPL,1.0,COMPLETED,YOUSSEF,WH-02
2026-07-22,ORD103858,SKU0037,2,14.73,45,16.2,CUST00114,MANSOURA,STORE,CASH,0.0,COMPLETED,MONA,WH-03
2026-05-11,ORD103467,SKU0177,4,188.42,10,678.31,CUST00051,GIZA,WHOLESALE,UNKNOWN,3.0,COMPLETED,YOUSSEF,WH-01
2026-05-26,ORD103981,SKU0142,4,97.88,10,352.37,CUST01608,MANSOURA,WHOLESALE,WALLET,6.0,COMPLETED,MONA,WH-04
2026-06-11,ORD104530,SKU0025,2,153.35,10,276.03,CUST01508,ASWAN,WHOLESALE,CARD,0.0,COMPLETED,YOUSSEF,WH-01
2026-05-25,ORD102032,SKU0154,4,175.66,5,667.51,CUST00441,TANTA,STORE,BNPL,1.0,COMPLETED,UNKNOWN,WH-01
2026-04-09,ORD102861,SKU0152,2,230.86,45,253.95,CUST00100,ALEXANDRIA,MARKETPLACE,CARD,10.0,COMPLETED,ALI,WH-02
2026-07-20,ORD100742,SKU0110,2,274.7,20,439.52,CUST02568,TANTA,WHOLESALE,CARD,0.0,COMPLETED,SARA,WH-01
2026-07-08,ORD102356,SKU0006,3,20.89,25,47.0,CUST00333,MANSOURA,MARKETPLACE,CASH,7.0,COMPLETED,ALI,WH-05
2025-12-27,ORD102627,SKU0026,2,387.89,45,426.68,CUST00594,MANSOURA,MARKETPLACE,BNPL,9.0,COMPLETED,ALI,WH-02
2026-03-11,ORD101334,SKU0174,4,170.61,45,375.34,CUST02927,ASWAN,MARKETPLACE,UNKNOWN,6.0,RETURNED,UNKNOWN,WH-05
2026-01-19,ORD103123,SKU0095,3,172.57,5,491.82,CUST00591,GIZA,MARKETPLACE,WALLET,10.0,COMPLETED,SARA,WH-01
2026-06-28,ORD104509,SKU0006,1,21.39,15,18.18,CUST02479,ASWAN,WHOLESALE,WALLET,3.0,COMPLETED,UNKNOWN,WH-01
2026-01-22,ORD104185,SKU0091,1,91.42,0,91.42,CUST02023,GIZA,ONLINE,CASH,10.0,COMPLETED,YOUSSEF,WH-01
2026-03-26,ORD103604,SKU0036,3,220.75,35,430.46,CUST01895,GIZA,MARKETPLACE,WALLET,1.0,COMPLETED,YOUSSEF,WH-05
2026-06-03,ORD101598,SKU0165,1,120.39,25,90.29,CUST01242,ALEXANDRIA,WHOLESALE,UNKNOWN,6.0,COMPLETED,SARA,WH-04
2026-07-02,ORD100601,SKU0120,4,180.57,10,650.05,CUST02051,CAIRO,MARKETPLACE,UNKNOWN,9.0,COMPLETED,OMAR,WH-02
2026-07-11,ORD104528,SKU0195,4,312.54,35,812.6,CUST02426,MANSOURA,ONLINE,CASH,0.0,COMPLETED,ALI,WH-04
2026-07-01,ORD101970,SKU0182,6,179.9,35,701.61,CUST01704,CAIRO,STORE,CARD,4.0,COMPLETED,UNKNOWN,WH-01
2026-06-03,ORD100692,SKU0179,2,19.51,35,25.36,CUST01752,CAIRO,ONLINE,WALLET,9.0,COMPLETED,YOUSSEF,WH-04
2026-04-03,ORD103302,SKU0005,3,254.12,35,495.53,CUST01122,GIZA,MARKETPLACE,UNKNOWN,5.0,COMPLETED,SARA,WH-03
2026-03-19,ORD100936,SKU0110,1,302.62,45,166.44,CUST01158,MANSOURA,WHOLESALE,CASH,9.0,COMPLETED,OMAR,WH-01
2026-02-03,ORD100278,SKU0071,1,283.67,5,269.49,CUST02975,ASWAN,MARKETPLACE,BNPL,3.0,COMPLETED,ALI,WH-04
2026-01-11,ORD104513,SKU0042,1,87.96,5,83.56,CUST02190,GIZA,ONLINE,BNPL,10.0,COMPLETED,ALI,WH-05
2026-01-27,ORD101110,SKU0039,5,215.9,15,917.58,CUST02177,ALEXANDRIA,STORE,CARD,7.0,RETURNED,ALI,WH-05
2025-12-30,ORD100202,SKU0006,3,23.31,45,38.46,CUST00765,MANSOURA,ONLINE,UNKNOWN,7.0,COMPLETED,UNKNOWN,WH-05
2026-01-01,ORD102691,SKU0083,3,50.4,0,151.2,CUST02122,GIZA,MARKETPLACE,UNKNOWN,4.0,COMPLETED,YOUSSEF,WH-05
2026-02-01,ORD103769,SKU0181,3,163.93,30,344.25,CUST01250,CAIRO,WHOLESALE,WALLET,8.0,CANCELLED,YOUSSEF,WH-01
2026-06-29,ORD100651,SKU0023,2,114.59,45,126.05,CUST01551,MANSOURA,ONLINE,BNPL,9.0,COMPLETED,OMAR,WH-03
2026-04-13,ORD101859,SKU0150,1,176.92,25,132.69,CUST01834,LUXOR,WHOLESALE,WALLET,10.0,COMPLETED,SARA,WH-03
2026-04-14,ORD104439,SKU0146,5,13.2,25,49.5,CUST01424,ALEXANDRIA,WHOLESALE,CARD,0.0,COMPLETED,MONA,WH-03
2026-07-09,ORD102235,SKU0140,6,312.13,15,1591.86,CUST00028,CAIRO,WHOLESALE,UNKNOWN,7.0,COMPLETED,ALI,WH-03
2026-02-14,ORD104641,SKU0063,4,83.6,25,250.8,CUST00707,GIZA,ONLINE,BNPL,9.0,COMPLETED,UNKNOWN,WH-02
2026-03-11,ORD100602,SKU0049,6,196.4,10,1060.56,CUST01921,LUXOR,STORE,CARD,7.0,COMPLETED,SARA,WH-01
2026-01-30,ORD102952,SKU0004,2,36.23,0,72.46,CUST01434,TANTA,WHOLESALE,CASH,6.0,COMPLETED,OMAR,WH-01
2026-04-21,ORD100954,SKU0044,3,278.04,30,583.88,CUST02608,CAIRO,MARKETPLACE,UNKNOWN,1.0,COMPLETED,ALI,WH-01
2026-05-12,ORD103270,SKU0166,2,158.68,25,238.02,CUST01563,TANTA,ONLINE,CARD,10.0,COMPLETED,ALI,WH-03
2026-02-21,ORD101365,SKU0140,1,307.49,0,307.49,CUST02644,LUXOR,MARKETPLACE,WALLET,8.0,COMPLETED,YOUSSEF,WH-04
2026-04-25,ORD103422,SKU0004,5,35.96,30,125.86,CUST00713,ASWAN,MARKETPLACE,CARD,8.0,COMPLETED,ALI,WH-03
2026-04-19,ORD102066,SKU0129,5,394.01,45,1083.53,CUST02233,CAIRO,MARKETPLACE,BNPL,9.0,COMPLETED,ALI,WH-01
2026-01-21,ORD102997,SKU0132,1,56.79,35,36.91,CUST01703,CAIRO,STORE,CASH,5.0,COMPLETED,MONA,WH-04
2026-02-02,ORD103833,SKU0106,5,226.05,35,734.66,CUST02224,ALEXANDRIA,ONLINE,CASH,8.0,COMPLETED,SARA,WH-02
2026-07-08,ORD103206,SKU0073,1,71.56,15,60.83,CUST00734,TANTA,WHOLESALE,UNKNOWN,2.0,COMPLETED,SARA,WH-02
2026-06-14,ORD103471,SKU0177,3,187.25,35,365.14,CUST00472,MANSOURA,ONLINE,UNKNOWN,7.0,COMPLETED,OMAR,WH-03
2026-05-18,ORD101753,SKU0147,1,261.23,10,235.11,CUST02661,GIZA,WHOLESALE,WALLET,3.0,COMPLETED,YOUSSEF,WH-04
2026-07-05,ORD102554,SKU0152,1,209.71,25,157.28,CUST01109,GIZA,ONLINE,UNKNOWN,2.0,COMPLETED,YOUSSEF,WH-03
2026-02-09,ORD101177,SKU0107,5,197.98,5,940.4,CUST02625,CAIRO,ONLINE,BNPL,7.0,COMPLETED,OMAR,WH-02
2026-03-13,ORD100336,SKU0028,1,287.38,20,229.9,CUST01822,ALEXANDRIA,STORE,CASH,4.0,COMPLETED,MONA,WH-05
2026-06-02,ORD100061,SKU0189,1,224.75,25,168.56,CUST00849,GIZA,WHOLESALE,WALLET,9.0,COMPLETED,ALI,WH-04
2026-04-30,ORD101851,SKU0178,4,36.88,35,95.89,CUST01447,MANSOURA,MARKETPLACE,WALLET,1.0,COMPLETED,OMAR,WH-03
2026-01-15,ORD101928,SKU0143,1,153.26,5,145.6,CUST02940,MANSOURA,WHOLESALE,CARD,10.0,COMPLETED,MONA,WH-02
2026-04-12,ORD104132,SKU0024,2,117.39,30,164.35,CUST01333,CAIRO,WHOLESALE,CASH,0.0,RETURNED,OMAR,WH-01
2026-04-28,ORD102871,SKU0123,1,18.8,30,13.16,CUST01866,ASWAN,ONLINE,CARD,8.0,COMPLETED,UNKNOWN,WH-04
2026-02-27,ORD103143,SKU0125,1,451.46,35,293.45,CUST00483,CAIRO,STORE,CASH,2.0,COMPLETED,ALI,WH-01
2026-03-27,ORD104487,SKU0034,1,73.31,10,65.98,CUST01902,ASWAN,MARKETPLACE,BNPL,4.0,COMPLETED,YOUSSEF,WH-05
2026-01-13,ORD103597,SKU0064,1,345.01,25,258.76,CUST00630,LUXOR,STORE,BNPL,10.0,COMPLETED,MONA,WH-05
2026-07-14,ORD101432,SKU0181,2,159.59,0,319.18,CUST02997,GIZA,MARKETPLACE,CASH,9.0,COMPLETED,SARA,WH-05
2026-07-01,ORD102884,SKU0041,2,324.06,25,486.09,CUST02140,ASWAN,ONLINE,BNPL,5.0,COMPLETED,UNKNOWN,WH-02
2026-01-24,ORD103644,SKU0124,2,205.89,5,391.19,CUST01062,ASWAN,STORE,UNKNOWN,2.0,COMPLETED,UNKNOWN,WH-04
2026-03-10,ORD101414,SKU0092,1,404.99,0,404.99,CUST02189,LUXOR,STORE,CASH,0.0,COMPLETED,OMAR,WH-03
2026-01-16,ORD101400,SKU0170,2,119.8,25,179.7,CUST02162,ASWAN,ONLINE,CASH,9.0,COMPLETED,MONA,WH-02
2026-03-18,ORD101206,SKU0140,2,308.81,30,432.33,CUST01100,ALEXANDRIA,ONLINE,CARD,1.0,COMPLETED,MONA,WH-05
2026-06-02,ORD101923,SKU0146,6,13.94,20,66.91,CUST02313,MANSOURA,MARKETPLACE,CARD,2.0,COMPLETED,OMAR,WH-03
2026-05-30,ORD104033,SKU0134,2,306.26,15,520.64,CUST01869,GIZA,ONLINE,BNPL,1.0,COMPLETED,MONA,WH-01
2026-05-10,ORD104262,SKU0091,3,101.96,25,229.41,CUST01578,CAIRO,ONLINE,WALLET,5.0,COMPLETED,ALI,WH-04
2026-01-06,ORD104101,SKU0070,1,182.88,35,118.87,CUST00803,MANSOURA,ONLINE,UNKNOWN,10.0,COMPLETED,ALI,WH-02
2026-06-01,ORD102340,SKU0190,5,260.38,45,716.04,CUST00303,TANTA,MARKETPLACE,CASH,5.0,COMPLETED,UNKNOWN,WH-01
2026-06-28,ORD100340,SKU0129,1,392.06,30,274.44,CUST02726,GIZA,STORE,CARD,0.0,COMPLETED,YOUSSEF,WH-01
2026-01-05,ORD101745,SKU0195,3,304.52,30,639.49,CUST02500,GIZA,WHOLESALE,UNKNOWN,2.0,COMPLETED,UNKNOWN,WH-05
2026-04-26,ORD101396,SKU0042,1,92.81,30,64.97,CUST02196,LUXOR,ONLINE,BNPL,3.0,COMPLETED,OMAR,WH-02
2026-05-26,ORD103067,SKU0090,2,254.55,30,356.37,CUST00855,TANTA,ONLINE,BNPL,0.0,COMPLETED,YOUSSEF,WH-01
2026-05-16,ORD104615,SKU0066,2,118.54,5,225.23,CUST00159,ALEXANDRIA,ONLINE,CARD,3.0,COMPLETED,UNKNOWN,WH-03
2026-01-20,ORD102712,SKU0117,6,213.01,15,1086.35,CUST02731,LUXOR,STORE,CASH,0.0,COMPLETED,MONA,WH-04
2026-04-18,ORD100535,SKU0197,1,165.97,20,132.78,CUST00102,MANSOURA,STORE,BNPL,8.0,COMPLETED,ALI,WH-03
2026-01-07,ORD101853,SKU0052,2,117.76,15,200.19,CUST00154,CAIRO,MARKETPLACE,CASH,6.0,COMPLETED,YOUSSEF,WH-02
2026-06-13,ORD101306,SKU0053,1,275.96,45,151.78,CUST02604,ALEXANDRIA,ONLINE,WALLET,2.0,RETURNED,OMAR,WH-05
2026-02-04,ORD103481,SKU0146,2,12.93,5,24.57,CUST00723,ASWAN,ONLINE,WALLET,6.0,COMPLETED,SARA,WH-01
2026-06-19,ORD100566,SKU0156,3,114.44,25,257.49,CUST00110,LUXOR,MARKETPLACE,UNKNOWN,6.0,RETURNED,MONA,WH-04
2026-01-22,ORD101652,SKU0098,2,108.69,0,217.38,CUST00711,ALEXANDRIA,ONLINE,CARD,6.0,COMPLETED,OMAR,WH-04
2026-03-24,ORD104277,SKU0057,1,419.93,5,398.93,CUST02678,CAIRO,ONLINE,CARD,9.0,COMPLETED,UNKNOWN,WH-05
2026-01-08,ORD102759,SKU0100,6,366.74,15,1870.37,CUST01623,LUXOR,STORE,CARD,0.0,COMPLETED,MONA,WH-03
2026-07-14,ORD100023,SKU0194,4,85.42,20,273.34,CUST02044,ASWAN,STORE,CARD,3.0,COMPLETED,UNKNOWN,WH-01
2026-04-15,ORD103652,SKU0177,6,173.43,30,728.41,CUST01814,ASWAN,STORE,CASH,4.0,COMPLETED,YOUSSEF,WH-05
2026-02-10,ORD100854,SKU0101,2,174.75,15,297.08,CUST00510,CAIRO,STORE,UNKNOWN,5.0,COMPLETED,MONA,WH-04
2026-05-17,ORD104286,SKU0105,1,9.2,25,6.9,CUST02761,MANSOURA,STORE,CASH,10.0,COMPLETED,OMAR,WH-05
2026-05-12,ORD104658,SKU0082,2,253.1,15,430.27,CUST02144,LUXOR,STORE,BNPL,7.0,COMPLETED,MONA,WH-05
2026-06-14,ORD102010,SKU0182,1,180.69,30,126.48,CUST02036,TANTA,ONLINE,CARD,4.0,RETURNED,ALI,WH-01
2026-01-26,ORD101114,SKU0116,2,271.32,35,352.72,CUST01302,TANTA,STORE,UNKNOWN,10.0,COMPLETED,YOUSSEF,WH-03
2026-06-22,ORD103803,SKU0064,2,392.29,45,431.52,CUST00930,TANTA,MARKETPLACE,UNKNOWN,9.0,COMPLETED,ALI,WH-03
2026-01-24,ORD104574,SKU0191,4,54.83,45,120.63,CUST00119,ALEXANDRIA,WHOLESALE,BNPL,1.0,COMPLETED,UNKNOWN,WH-02
2026-03-25,ORD101682,SKU0018,1,430.64,30,301.45,CUST00084,LUXOR,MARKETPLACE,WALLET,5.0,RETURNED,ALI,WH-01
2026-06-29,ORD101519,SKU0114,1,311.94,45,171.57,CUST01684,MANSOURA,MARKETPLACE,CASH,7.0,COMPLETED,OMAR,WH-03
2026-06-03,ORD104933,SKU0162,3,212.52,45,350.66,CUST00178,ASWAN,STORE,CARD,1.0,COMPLETED,SARA,WH-02
2026-06-14,ORD103069,SKU0127,4,255.26,15,867.88,CUST02258,MANSOURA,ONLINE,CARD,2.0,COMPLETED,UNKNOWN,WH-01
2026-06-16,ORD100578,SKU0002,1,265.08,35,172.3,CUST01870,MANSOURA,MARKETPLACE,CARD,10.0,COMPLETED,OMAR,WH-02
2026-03-14,ORD102840,SKU0072,2,155.5,0,311.0,CUST02942,LUXOR,WHOLESALE,CARD,8.0,COMPLETED,SARA,WH-04
2026-02-15,ORD103640,SKU0028,6,302.89,30,1272.14,CUST01471,TANTA,WHOLESALE,CARD,5.0,COMPLETED,OMAR,WH-02
2026-03-10,ORD100435,SKU0114,1,347.3,45,191.02,CUST02093,CAIRO,ONLINE,UNKNOWN,4.0,COMPLETED,SARA,WH-04
2026-04-25,ORD102487,SKU0118,3,87.05,5,248.09,CUST00596,TANTA,MARKETPLACE,WALLET,3.0,COMPLETED,MONA,WH-01
2026-07-14,ORD100635,SKU0174,2,173.99,0,347.98,CUST00830,ALEXANDRIA,WHOLESALE,UNKNOWN,2.0,COMPLETED,YOUSSEF,WH-03
2026-04-30,ORD103242,SKU0170,6,120.58,5,687.31,CUST02896,ASWAN,WHOLESALE,UNKNOWN,9.0,COMPLETED,YOUSSEF,WH-03
2026-03-13,ORD101702,SKU0042,2,95.41,30,133.57,CUST01180,ALEXANDRIA,MARKETPLACE,BNPL,6.0,CANCELLED,YOUSSEF,WH-05
2026-05-24,ORD101490,SKU0081,3,140.43,25,315.97,CUST02254,ASWAN,MARKETPLACE,CASH,6.0,COMPLETED,ALI,WH-03
2026-01-31,ORD102602,SKU0078,1,303.67,45,167.02,CUST01757,MANSOURA,WHOLESALE,WALLET,1.0,RETURNED,MONA,WH-01
2026-02-18,ORD102904,SKU0068,2,298.98,10,538.16,CUST01033,MANSOURA,ONLINE,CASH,2.0,COMPLETED,UNKNOWN,WH-04
2026-01-14,ORD102922,SKU0091,3,93.85,0,281.55,CUST00767,LUXOR,MARKETPLACE,BNPL,9.0,COMPLETED,UNKNOWN,WH-05
2026-01-18,ORD101036,SKU0033,3,103.09,5,293.81,CUST00850,GIZA,MARKETPLACE,WALLET,5.0,COMPLETED,OMAR,WH-04
2026-04-24,ORD102020,SKU0112,3,41.71,10,112.62,CUST01126,CAIRO,MARKETPLACE,WALLET,0.0,COMPLETED,ALI,WH-05
2026-01-18,ORD101628,SKU0150,3,163.28,25,367.38,CUST02263,MANSOURA,ONLINE,CARD,8.0,COMPLETED,ALI,WH-03
2026-01-24,ORD103100,SKU0187,5,48.9,10,220.05,CUST01243,ASWAN,STORE,UNKNOWN,1.0,COMPLETED,MONA,WH-01
2026-05-03,ORD102167,SKU0111,6,251.18,25,1130.31,CUST02380,CAIRO,STORE,CASH,5.0,COMPLETED,OMAR,WH-05
2026-03-13,ORD103277,SKU0126,4,96.09,0,384.36,CUST01877,TANTA,MARKETPLACE,UNKNOWN,9.0,COMPLETED,SARA,WH-02
2026-05-27,ORD104112,SKU0156,3,124.68,15,317.93,CUST02419,CAIRO,MARKETPLACE,CARD,3.0,COMPLETED,UNKNOWN,WH-03
2026-03-06,ORD104676,SKU0140,3,291.01,15,742.08,CUST00877,LUXOR,MARKETPLACE,WALLET,1.0,CANCELLED,UNKNOWN,WH-01
2026-03-01,ORD100709,SKU0065,3,12.45,20,29.88,CUST00625,CAIRO,MARKETPLACE,UNKNOWN,4.0,COMPLETED,SARA,WH-02
2026-02-12,ORD102878,SKU0007,1,228.54,0,228.54,CUST02350,ASWAN,ONLINE,BNPL,7.0,COMPLETED,SARA,WH-03
2025-12-27,ORD102385,SKU0068,3,314.18,0,942.54,CUST00225,MANSOURA,MARKETPLACE,WALLET,0.0,RETURNED,UNKNOWN,WH-04
2026-01-12,ORD100989,SKU0090,5,249.62,15,1060.88,CUST00867,MANSOURA,STORE,CASH,0.0,COMPLETED,UNKNOWN,WH-04
2026-05-02,ORD100059,SKU0176,2,221.52,45,243.67,CUST02767,ASWAN,ONLINE,BNPL,9.0,COMPLETED,SARA,WH-03
2026-04-23,ORD100457,SKU0090,1,245.58,30,171.91,CUST01960,ASWAN,STORE,CASH,0.0,RETURNED,ALI,WH-04
2026-02-07,ORD103093,SKU0176,3,222.23,30,466.68,CUST00786,GIZA,MARKETPLACE,WALLET,0.0,COMPLETED,OMAR,WH-04
2026-01-15,ORD103398,SKU0034,3,70.42,5,200.7,CUST02124,TANTA,MARKETPLACE,CARD,1.0,COMPLETED,MONA,WH-04
2026-02-01,ORD104953,SKU0197,4,156.1,25,468.3,CUST01543,TANTA,MARKETPLACE,BNPL,7.0,COMPLETED,SARA,WH-03
2026-05-01,ORD103749,SKU0151,5,30.47,35,99.03,CUST02850,LUXOR,ONLINE,WALLET,3.0,COMPLETED,YOUSSEF,WH-02
2026-05-26,ORD104706,SKU0019,6,85.56,45,282.35,CUST00023,ALEXANDRIA,WHOLESALE,BNPL,8.0,COMPLETED,ALI,WH-04
2026-01-22,ORD100005,SKU0150,1,156.72,15,133.21,CUST02775,ASWAN,ONLINE,CARD,7.0,COMPLETED,SARA,WH-01
2026-04-12,ORD102123,SKU0084,2,102.26,5,194.29,CUST02069,ASWAN,ONLINE,UNKNOWN,0.0,COMPLETED,UNKNOWN,WH-05
2026-07-22,ORD101941,SKU0139,4,339.68,25,1019.04,CUST02386,CAIRO,MARKETPLACE,UNKNOWN,7.0,COMPLETED,SARA,WH-02
2026-01-19,ORD102684,SKU0075,1,21.73,0,21.73,CUST01537,MANSOURA,STORE,UNKNOWN,7.0,COMPLETED,ALI,WH-02
2025-12-31,ORD104048,SKU0099,1,336.24,0,336.24,CUST00452,LUXOR,ONLINE,UNKNOWN,0.0,COMPLETED,ALI,WH-05
2026-04-23,ORD101112,SKU0149,3,211.56,0,634.68,CUST00554,ALEXANDRIA,WHOLESALE,CARD,7.0,RETURNED,UNKNOWN,WH-03
2026-03-24,ORD102521,SKU0120,1,184.2,25,138.15,CUST01848,CAIRO,ONLINE,WALLET,0.0,COMPLETED,OMAR,WH-05
2026-07-24,ORD100522,SKU0040,4,101.29,45,222.84,CUST01815,TANTA,STORE,CARD,6.0,COMPLETED,MONA,WH-04
2026-02-26,ORD100776,SKU0086,2,175.97,20,281.55,CUST01192,LUXOR,ONLINE,BNPL,1.0,COMPLETED,YOUSSEF,WH-02
2026-02-20,ORD102418,SKU0108,3,210.78,10,569.11,CUST00874,GIZA,MARKETPLACE,WALLET,7.0,COMPLETED,YOUSSEF,WH-01
2026-04-22,ORD104378,SKU0023,4,119.11,15,404.97,CUST00656,CAIRO,ONLINE,BNPL,9.0,CANCELLED,ALI,WH-04
2026-01-30,ORD100870,SKU0184,1,442.79,10,398.51,CUST01710,CAIRO,ONLINE,CARD,9.0,COMPLETED,YOUSSEF,WH-03
2025-12-27,ORD103737,SKU0190,1,255.43,45,140.49,CUST00850,CAIRO,ONLINE,CARD,8.0,COMPLETED,OMAR,WH-03
2026-03-09,ORD104994,SKU0094,3,302.94,45,499.85,CUST02335,CAIRO,MARKETPLACE,BNPL,2.0,COMPLETED,YOUSSEF,WH-01
2026-04-26,ORD101817,SKU0193,4,329.65,10,1186.74,CUST00242,LUXOR,STORE,UNKNOWN,8.0,CANCELLED,ALI,WH-02
2026-05-28,ORD101984,SKU0181,6,148.21,15,755.87,CUST01651,GIZA,MARKETPLACE,CASH,9.0,COMPLETED,UNKNOWN,WH-03
2026-07-04,ORD101413,SKU0097,1,373.32,30,261.32,CUST00324,ALEXANDRIA,WHOLESALE,BNPL,6.0,COMPLETED,UNKNOWN,WH-02
2026-07-19,ORD101545,SKU0069,1,213.82,45,117.6,CUST00763,TANTA,STORE,WALLET,10.0,COMPLETED,YOUSSEF,WH-01
2026-07-16,ORD102726,SKU0016,5,162.91,20,651.64,CUST00879,GIZA,MARKETPLACE,WALLET,8.0,COMPLETED,SARA,WH-03
2026-01-28,ORD102065,SKU0126,3,99.12,25,223.02,CUST00135,LUXOR,MARKETPLACE,CASH,2.0,COMPLETED,UNKNOWN,WH-01
2026-05-21,ORD102956,SKU0008,2,59.52,30,83.33,CUST02143,MANSOURA,STORE,BNPL,6.0,COMPLETED,SARA,WH-05
2026-06-26,ORD100010,SKU0135,2,111.79,20,178.86,CUST02491,ASWAN,WHOLESALE,UNKNOWN,0.0,RETURNED,ALI,WH-01
2026-01-23,ORD100441,SKU0083,3,52.85,15,134.77,CUST00564,CAIRO,WHOLESALE,WALLET,8.0,COMPLETED,YOUSSEF,WH-03
2026-03-20,ORD104116,SKU0133,2,367.95,5,699.1,CUST01294,ASWAN,WHOLESALE,CARD,3.0,COMPLETED,ALI,WH-05
2026-05-22,ORD103406,SKU0193,2,299.78,15,509.63,CUST00360,MANSOURA,STORE,WALLET,0.0,COMPLETED,ALI,WH-04
2026-01-05,ORD104973,SKU0024,4,112.91,5,429.06,CUST00056,ASWAN,STORE,BNPL,8.0,COMPLETED,YOUSSEF,WH-02
2026-06-21,ORD100595,SKU0131,1,299.36,10,269.42,CUST00913,LUXOR,ONLINE,WALLET,3.0,COMPLETED,SARA,WH-05
2026-07-14,ORD101698,SKU0177,2,174.86,45,192.35,CUST00633,MANSOURA,WHOLESALE,UNKNOWN,4.0,RETURNED,UNKNOWN,WH-01
2026-06-11,ORD103198,SKU0198,3,175.82,45,290.1,CUST00997,GIZA,STORE,CARD,1.0,COMPLETED,OMAR,WH-03
2026-03-05,ORD101886,SKU0136,1,375.9,5,357.1,CUST00523,ALEXANDRIA,MARKETPLACE,CASH,5.0,COMPLETED,YOUSSEF,WH-01
2026-03-28,ORD100326,SKU0114,1,328.77,10,295.89,CUST02998,TANTA,MARKETPLACE,CASH,8.0,COMPLETED,UNKNOWN,WH-04
2026-02-18,ORD101734,SKU0190,3,259.46,10,700.54,CUST01968,LUXOR,MARKETPLACE,CASH,7.0,COMPLETED,MONA,WH-01
2026-04-16,ORD104319,SKU0152,50,230.19,25,8632.12,CUST01678,TANTA,ONLINE,CARD,3.0,CANCELLED,OMAR,WH-04
2026-06-14,ORD101739,SKU0113,4,89.57,5,340.37,CUST00027,GIZA,STORE,UNKNOWN,0.0,COMPLETED,UNKNOWN,WH-01
2026-07-15,ORD101893,SKU0050,1,14.02,45,7.71,CUST02863,LUXOR,MARKETPLACE,CASH,2.0,COMPLETED,YOUSSEF,WH-04
2026-03-23,ORD104647,SKU0106,3,232.86,0,698.58,CUST00642,TANTA,WHOLESALE,CASH,10.0,COMPLETED,YOUSSEF,WH-02
2026-06-22,ORD102751,SKU0188,5,32.6,15,138.55,CUST00431,MANSOURA,STORE,WALLET,7.0,COMPLETED,SARA,WH-01
2026-05-25,ORD103285,SKU0005,2,256.07,35,332.89,CUST00322,CAIRO,MARKETPLACE,WALLET,0.0,COMPLETED,UNKNOWN,WH-05
2026-07-20,ORD101609,SKU0179,6,19.9,45,65.67,CUST03000,CAIRO,WHOLESALE,UNKNOWN,7.0,COMPLETED,UNKNOWN,WH-05
2026-06-25,ORD103733,SKU0007,1,255.19,30,178.63,CUST00697,MANSOURA,WHOLESALE,CARD,2.0,COMPLETED,MONA,WH-02
2026-02-04,ORD102522,SKU0018,2,420.19,30,588.27,CUST02591,LUXOR,ONLINE,BNPL,8.0,COMPLETED,MONA,WH-04
2026-02-18,ORD100040,SKU0104,50,47.22,30,1652.7,CUST01962,ASWAN,WHOLESALE,BNPL,9.0,RETURNED,SARA,WH-02
2026-06-29,ORD102037,SKU0076,1,257.79,25,193.34,CUST02101,LUXOR,WHOLESALE,CASH,9.0,COMPLETED,OMAR,WH-01
2026-01-19,ORD100700,SKU0004,1,36.99,10,33.29,CUST02146,CAIRO,MARKETPLACE,CARD,8.0,COMPLETED,YOUSSEF,WH-04
2025-12-26,ORD101546,SKU0056,4,82.59,5,313.84,CUST01055,GIZA,WHOLESALE,CARD,1.0,COMPLETED,UNKNOWN,WH-04
2026-02-14,ORD101874,SKU0176,1,217.93,20,174.34,CUST02135,LUXOR,STORE,UNKNOWN,3.0,COMPLETED,SARA,WH-02
2026-04-22,ORD103312,SKU0199,5,311.03,5,1477.39,CUST01619,MANSOURA,STORE,CASH,0.0,COMPLETED,ALI,WH-01
2026-01-23,ORD102724,SKU0020,3,224.38,25,504.86,CUST00398,CAIRO,ONLINE,CASH,1.0,COMPLETED,OMAR,WH-01
2026-02-15,ORD102780,SKU0019,4,82.81,0,331.24,CUST00733,CAIRO,STORE,WALLET,0.0,COMPLETED,SARA,WH-04
2026-04-18,ORD104396,SKU0042,1,88.11,10,79.3,CUST00439,MANSOURA,ONLINE,CASH,1.0,COMPLETED,SARA,WH-04
2026-05-22,ORD102324,SKU0007,1,257.77,35,167.55,CUST02980,MANSOURA,ONLINE,BNPL,5.0,COMPLETED,MONA,WH-01
2026-04-25,ORD104669,SKU0093,2,105.88,0,211.76,CUST01708,CAIRO,ONLINE,BNPL,10.0,COMPLETED,YOUSSEF,WH-04
2026-02-15,ORD104335,SKU0103,5,139.59,20,558.36,CUST00617,LUXOR,MARKETPLACE,BNPL,0.0,COMPLETED,OMAR,WH-04
2026-02-20,ORD100569,SKU0147,5,291.09,15,1237.13,CUST02469,CAIRO,MARKETPLACE,CASH,3.0,COMPLETED,YOUSSEF,WH-04
2026-02-12,ORD104093,SKU0075,4,23.25,10,83.7,CUST00298,ASWAN,ONLINE,BNPL,0.0,COMPLETED,YOUSSEF,WH-03
2026-05-20,ORD104133,SKU0166,2,155.77,35,202.5,CUST01338,MANSOURA,MARKETPLACE,UNKNOWN,5.0,RETURNED,SARA,WH-05
2026-02-03,ORD104875,SKU0014,3,85.64,30,179.84,CUST00815,ASWAN,ONLINE,CARD,9.0,CANCELLED,UNKNOWN,WH-05
2026-01-30,ORD102705,SKU0050,2,14.32,0,28.64,CUST01093,GIZA,MARKETPLACE,UNKNOWN,10.0,COMPLETED,UNKNOWN,WH-05
2026-07-13,ORD100575,SKU0193,1,338.07,35,219.75,CUST00047,CAIRO,MARKETPLACE,UNKNOWN,10.0,RETURNED,OMAR,WH-04
2026-03-25,ORD100099,SKU0131,1,305.29,15,259.5,CUST02694,TANTA,MARKETPLACE,UNKNOWN,8.0,COMPLETED,OMAR,WH-01
2026-06-02,ORD101550,SKU0161,2,237.4,45,261.14,CUST01082,ALEXANDRIA,MARKETPLACE,WALLET,7.0,COMPLETED,UNKNOWN,WH-02
2026-02-04,ORD100894,SKU0159,4,113.3,5,430.54,CUST00391,GIZA,WHOLESALE,UNKNOWN,1.0,COMPLETED,UNKNOWN,WH-04
2026-02-16,ORD103267,SKU0076,6,257.09,10,1388.29,CUST00277,GIZA,ONLINE,CASH,6.0,COMPLETED,MONA,WH-04
2026-01-04,ORD104381,SKU0067,4,49.0,0,196.0,CUST01294,MANSOURA,WHOLESALE,UNKNOWN,3.0,COMPLETED,ALI,WH-02
2026-07-16,ORD102490,SKU0003,1,50.59,30,35.41,CUST01280,TANTA,ONLINE,BNPL,1.0,COMPLETED,YOUSSEF,WH-04
2026-02-23,ORD102912,SKU0171,3,176.87,45,291.84,CUST00578,MANSOURA,WHOLESALE,CARD,10.0,COMPLETED,OMAR,WH-05
2026-06-12,ORD104568,SKU0098,4,109.21,45,240.26,CUST00585,TANTA,WHOLESALE,CASH,6.0,COMPLETED,OMAR,WH-01
2026-06-30,ORD100234,SKU0093,1,115.89,45,63.74,CUST00465,ASWAN,MARKETPLACE,UNKNOWN,1.0,COMPLETED,SARA,WH-05
2026-03-08,ORD102899,SKU0087,3,143.38,15,365.62,CUST01862,GIZA,STORE,UNKNOWN,1.0,COMPLETED,OMAR,WH-01
2026-06-24,ORD103774,SKU0066,2,135.33,45,148.86,CUST02096,GIZA,ONLINE,WALLET,2.0,COMPLETED,OMAR,WH-01
2026-05-22,ORD104372,SKU0078,2,291.19,15,495.02,CUST02229,CAIRO,WHOLESALE,BNPL,10.0,RETURNED,YOUSSEF,WH-01
2026-02-17,ORD101610,SKU0176,1,222.79,30,155.95,CUST02535,TANTA,MARKETPLACE,WALLET,7.0,COMPLETED,ALI,WH-01
2026-04-12,ORD101073,SKU0041,5,346.66,15,1473.3,CUST01827,GIZA,STORE,UNKNOWN,2.0,CANCELLED,UNKNOWN,WH-02
2026-01-11,ORD104165,SKU0142,2,104.35,0,208.7,CUST02639,GIZA,MARKETPLACE,BNPL,7.0,COMPLETED,ALI,WH-05
2026-05-13,ORD101037,SKU0045,3,317.12,25,713.52,CUST00618,ASWAN,MARKETPLACE,BNPL,4.0,COMPLETED,ALI,WH-05
2026-01-26,ORD103281,SKU0134,3,300.15,10,810.4,CUST00421,LUXOR,WHOLESALE,UNKNOWN,3.0,COMPLETED,YOUSSEF,WH-03
2026-05-30,ORD103951,SKU0154,3,160.46,5,457.31,CUST00122,ASWAN,ONLINE,BNPL,4.0,COMPLETED,SARA,WH-03
2026-01-02,ORD103941,SKU0120,4,188.05,35,488.93,CUST00423,CAIRO,STORE,UNKNOWN,0.0,COMPLETED,YOUSSEF,WH-02
2026-06-14,ORD100687,SKU0091,5,100.22,0,501.1,CUST01791,ALEXANDRIA,STORE,CASH,3.0,COMPLETED,OMAR,WH-03
2026-02-27,ORD104109,SKU0170,3,128.44,10,346.79,CUST00206,TANTA,WHOLESALE,UNKNOWN,1.0,COMPLETED,UNKNOWN,WH-04
2026-06-15,ORD104078,SKU0008,1,54.05,30,37.83,CUST00775,LUXOR,WHOLESALE,CASH,7.0,COMPLETED,MONA,WH-05
2026-01-05,ORD103800,SKU0057,3,426.5,35,831.68,CUST02567,ASWAN,MARKETPLACE,UNKNOWN,6.0,COMPLETED,SARA,WH-05
2026-06-18,ORD104974,SKU0024,1,116.44,45,64.04,CUST00738,CAIRO,ONLINE,BNPL,5.0,COMPLETED,OMAR,WH-01
2026-01-31,ORD104986,SKU0041,3,318.98,15,813.4,CUST00335,ASWAN,WHOLESALE,CARD,9.0,COMPLETED,OMAR,WH-02
2026-05-11,ORD101738,SKU0136,1,367.67,35,238.99,CUST00099,TANTA,WHOLESALE,BNPL,3.0,COMPLETED,UNKNOWN,WH-02
2026-01-21,ORD101009,SKU0167,3,11.41,20,27.38,CUST02352,MANSOURA,WHOLESALE,UNKNOWN,7.0,COMPLETED,SARA,WH-04
2026-02-16,ORD103642,SKU0146,3,13.14,5,37.45,CUST02363,GIZA,STORE,CASH,8.0,COMPLETED,MONA,WH-02
2026-04-13,ORD104548,SKU0123,1,20.19,25,15.14,CUST01492,CAIRO,MARKETPLACE,WALLET,2.0,COMPLETED,UNKNOWN,WH-03
2026-07-05,ORD104524,SKU0180,5,350.0,25,1312.5,CUST00493,GIZA,MARKETPLACE,CARD,8.0,COMPLETED,UNKNOWN,WH-03
2026-04-24,ORD104620,SKU0079,2,305.99,0,611.98,CUST02955,ALEXANDRIA,ONLINE,WALLET,10.0,COMPLETED,MONA,WH-01
2026-06-16,ORD101353,SKU0194,3,88.93,10,240.11,CUST01150,CAIRO,STORE,WALLET,7.0,COMPLETED,YOUSSEF,WH-02
2026-05-13,ORD102396,SKU0064,3,396.33,10,1070.09,CUST02125,MANSOURA,MARKETPLACE,CASH,6.0,COMPLETED,ALI,WH-05
2026-07-12,ORD103047,SKU0070,1,176.06,20,140.85,CUST02127,GIZA,STORE,CASH,8.0,COMPLETED,OMAR,WH-01
2026-01-10,ORD102901,SKU0055,5,62.14,10,279.63,CUST01671,GIZA,WHOLESALE,UNKNOWN,0.0,COMPLETED,OMAR,WH-04
2026-07-16,ORD100475,SKU0032,3,251.23,5,716.01,CUST00094,CAIRO,ONLINE,CASH,0.0,COMPLETED,ALI,WH-04
2026-02-21,ORD102758,SKU0194,1,84.6,15,71.91,CUST02888,ASWAN,WHOLESALE,BNPL,5.0,CANCELLED,YOUSSEF,WH-04
2026-03-14,ORD101287,SKU0175,4,141.24,5,536.71,CUST00526,TANTA,WHOLESALE,BNPL,10.0,COMPLETED,OMAR,WH-02
2026-04-21,ORD103142,SKU0028,3,271.62,25,611.14,CUST01558,ASWAN,STORE,UNKNOWN,5.0,COMPLETED,YOUSSEF,WH-01
2026-06-10,ORD101715,SKU0033,3,116.71,25,262.6,CUST00038,ASWAN,WHOLESALE,BNPL,1.0,COMPLETED,OMAR,WH-03
2026-07-03,ORD104504,SKU0142,2,96.13,30,134.58,CUST00587,ASWAN,WHOLESALE,WALLET,7.0,COMPLETED,MONA,WH-02
2026-04-19,ORD100203,SKU0060,5,312.16,45,858.44,CUST01892,GIZA,MARKETPLACE,BNPL,8.0,COMPLETED,YOUSSEF,WH-01
2026-04-05,ORD101142,SKU0018,1,445.17,45,244.84,CUST01192,ASWAN,WHOLESALE,BNPL,7.0,COMPLETED,OMAR,WH-02
2026-03-09,ORD103859,SKU0184,5,413.8,10,1862.1,CUST02175,ASWAN,WHOLESALE,CARD,7.0,COMPLETED,UNKNOWN,WH-02
2026-06-22,ORD101645,SKU0063,2,82.61,20,132.18,CUST01279,ALEXANDRIA,WHOLESALE,CASH,10.0,COMPLETED,SARA,WH-01
2026-02-06,ORD100440,SKU0173,3,153.35,0,460.05,CUST02010,TANTA,ONLINE,CASH,7.0,CANCELLED,MONA,WH-05
2026-04-20,ORD100095,SKU0192,1,278.52,25,208.89,CUST01781,LUXOR,ONLINE,BNPL,9.0,COMPLETED,OMAR,WH-03
2026-07-17,ORD100879,SKU0185,1,55.56,10,50.0,CUST00301,ASWAN,WHOLESALE,CASH,10.0,COMPLETED,SARA,WH-01
2026-07-24,ORD103303,SKU0063,2,85.93,20,137.49,CUST02308,CAIRO,STORE,CARD,9.0,COMPLETED,UNKNOWN,WH-03
2026-01-27,ORD100504,SKU0169,1,373.39,45,205.36,CUST01409,LUXOR,MARKETPLACE,WALLET,0.0,COMPLETED,ALI,WH-02
2026-03-25,ORD102440,SKU0102,1,85.39,10,76.85,CUST01030,TANTA,STORE,WALLET,4.0,COMPLETED,YOUSSEF,WH-03
2026-06-01,ORD104906,SKU0137,2,393.5,25,590.25,CUST01598,TANTA,WHOLESALE,UNKNOWN,1.0,RETURNED,MONA,WH-04
2026-04-24,ORD104402,SKU0104,1,49.68,15,42.23,CUST00014,ASWAN,STORE,UNKNOWN,7.0,COMPLETED,SARA,WH-05
2026-07-06,ORD103664,SKU0042,2,84.88,45,93.37,CUST02828,MANSOURA,ONLINE,BNPL,1.0,RETURNED,SARA,WH-02
2026-03-16,ORD104526,SKU0172,5,64.19,45,176.52,CUST00853,LUXOR,WHOLESALE,BNPL,0.0,COMPLETED,UNKNOWN,WH-05
2026-04-15,ORD102647,SKU0071,1,294.85,35,191.65,CUST02210,GIZA,MARKETPLACE,CASH,9.0,COMPLETED,ALI,WH-05
2026-01-04,ORD101694,SKU0157,6,25.29,30,106.22,CUST00970,TANTA,WHOLESALE,CARD,6.0,COMPLETED,SARA,WH-03
2026-02-03,ORD104047,SKU0138,1,182.68,35,118.74,CUST00908,CAIRO,ONLINE,WALLET,2.0,COMPLETED,ALI,WH-02
2026-03-08,ORD101226,SKU0068,6,313.06,45,1033.1,CUST00271,CAIRO,WHOLESALE,CASH,0.0,RETURNED,YOUSSEF,WH-03
2026-05-19,ORD104251,SKU0054,1,186.05,5,176.75,CUST02084,LUXOR,ONLINE,CASH,6.0,RETURNED,UNKNOWN,WH-04
2026-01-22,ORD103196,SKU0040,1,94.02,45,51.71,CUST02365,ALEXANDRIA,STORE,UNKNOWN,7.0,COMPLETED,ALI,WH-01
2026-04-28,ORD104866,SKU0002,3,304.25,25,684.56,CUST02393,TANTA,STORE,CASH,6.0,COMPLETED,UNKNOWN,WH-05
2026-02-26,ORD100723,SKU0194,3,84.18,10,227.29,CUST00824,TANTA,MARKETPLACE,WALLET,6.0,COMPLETED,UNKNOWN,WH-04
2026-04-20,ORD101513,SKU0200,1,300.34,45,165.19,CUST01817,ASWAN,MARKETPLACE,BNPL,6.0,COMPLETED,SARA,WH-01
2026-04-28,ORD102977,SKU0097,2,376.84,25,565.26,CUST00506,MANSOURA,STORE,BNPL,5.0,COMPLETED,UNKNOWN,WH-01
2025-12-30,ORD100787,SKU0026,5,423.17,10,1904.26,CUST02170,TANTA,MARKETPLACE,UNKNOWN,9.0,COMPLETED,MONA,WH-05
2026-04-23,ORD104300,SKU0068,1,317.26,35,206.22,CUST01744,CAIRO,WHOLESALE,WALLET,1.0,COMPLETED,OMAR,WH-02
2026-02-23,ORD100910,SKU0087,1,142.82,5,135.68,CUST02567,GIZA,WHOLESALE,BNPL,6.0,COMPLETED,OMAR,WH-05
2026-06-20,ORD100973,SKU0192,5,273.41,45,751.88,CUST02117,ASWAN,WHOLESALE,CASH,4.0,COMPLETED,MONA,WH-02
2026-02-21,ORD104767,SKU0150,4,172.87,0,691.48,CUST00674,TANTA,MARKETPLACE,WALLET,5.0,CANCELLED,MONA,WH-05
2026-06-21,ORD100833,SKU0049,2,176.48,0,352.96,CUST01722,ALEXANDRIA,MARKETPLACE,CARD,10.0,RETURNED,UNKNOWN,WH-04
2026-07-02,ORD103217,SKU0107,6,203.77,0,1222.62,CUST01555,LUXOR,WHOLESALE,BNPL,1.0,COMPLETED,MONA,WH-02
2026-05-31,ORD104235,SKU0111,3,251.1,20,602.64,CUST01099,CAIRO,WHOLESALE,CARD,0.0,COMPLETED,UNKNOWN,WH-01
2026-05-18,ORD100324,SKU0126,4,111.81,45,245.98,CUST01115,ASWAN,ONLINE,CARD,2.0,COMPLETED,ALI,WH-02
2026-04-14,ORD102807,SKU0142,1,102.18,0,102.18,CUST00984,LUXOR,MARKETPLACE,CARD,3.0,COMPLETED,ALI,WH-01
2026-06-27,ORD101456,SKU0140,3,311.38,15,794.02,CUST00410,MANSOURA,ONLINE,BNPL,8.0,COMPLETED,YOUSSEF,WH-01
2026-01-16,ORD101330,SKU0060,1,331.54,25,248.66,CUST02883,MANSOURA,STORE,UNKNOWN,9.0,COMPLETED,MONA,WH-01
2026-06-03,ORD104080,SKU0160,1,55.25,35,35.91,CUST00793,ALEXANDRIA,MARKETPLACE,UNKNOWN,3.0,COMPLETED,OMAR,WH-03
2026-01-19,ORD102653,SKU0045,2,330.43,30,462.6,CUST01222,ASWAN,WHOLESALE,CASH,5.0,COMPLETED,UNKNOWN,WH-05
2026-02-27,ORD100898,SKU0077,4,55.8,25,167.4,CUST01254,TANTA,ONLINE,BNPL,5.0,COMPLETED,SARA,WH-05
2026-06-04,ORD101683,SKU0109,1,152.02,15,129.22,CUST01113,ALEXANDRIA,WHOLESALE,WALLET,10.0,COMPLETED,SARA,WH-01
2026-05-04,ORD103935,SKU0065,4,12.05,25,36.15,CUST02374,LUXOR,MARKETPLACE,CARD,7.0,COMPLETED,UNKNOWN,WH-05
2026-02-21,ORD102378,SKU0064,6,364.14,0,2184.84,CUST02739,CAIRO,MARKETPLACE,BNPL,2.0,COMPLETED,YOUSSEF,WH-04
2026-04-18,ORD100016,SKU0014,4,79.6,30,222.88,CUST00503,MANSOURA,WHOLESALE,CARD,8.0,COMPLETED,YOUSSEF,WH-03
2026-01-25,ORD100365,SKU0011,2,174.04,20,278.46,CUST02995,CAIRO,STORE,WALLET,1.0,COMPLETED,SARA,WH-04
2026-02-12,ORD101469,SKU0034,2,66.13,25,99.2,CUST00199,TANTA,MARKETPLACE,BNPL,6.0,COMPLETED,ALI,WH-04
2025-12-27,ORD100263,SKU0064,1,396.04,30,277.23,CUST02019,TANTA,ONLINE,CARD,1.0,CANCELLED,SARA,WH-03
2026-06-15,ORD103186,SKU0038,2,286.25,15,486.62,CUST01593,ASWAN,MARKETPLACE,UNKNOWN,0.0,COMPLETED,UNKNOWN,WH-03
2026-04-15,ORD102994,SKU0072,6,170.92,35,666.59,CUST02040,LUXOR,STORE,BNPL,2.0,COMPLETED,MONA,WH-05
2026-04-13,ORD104360,SKU0107,2,196.29,15,333.69,CUST01721,ALEXANDRIA,ONLINE,WALLET,3.0,COMPLETED,SARA,WH-05
2026-06-15,ORD102524,SKU0112,3,35.68,20,85.63,CUST02397,ASWAN,STORE,CARD,7.0,COMPLETED,SARA,WH-04
2026-05-08,ORD101679,SKU0142,2,98.97,20,158.35,CUST01898,ASWAN,WHOLESALE,CASH,7.0,COMPLETED,UNKNOWN,WH-05
2026-07-24,ORD103912,SKU0101,2,172.04,30,240.86,CUST00697,CAIRO,WHOLESALE,UNKNOWN,8.0,COMPLETED,UNKNOWN,WH-02
2026-05-26,ORD103315,SKU0005,3,253.71,0,761.13,CUST01309,LUXOR,STORE,CARD,7.0,COMPLETED,UNKNOWN,WH-03
2026-02-18,ORD101805,SKU0025,1,147.98,10,133.18,CUST00661,MANSOURA,MARKETPLACE,UNKNOWN,4.0,COMPLETED,UNKNOWN,WH-05
2026-05-13,ORD100413,SKU0064,4,389.85,0,1559.4,CUST02381,ALEXANDRIA,WHOLESALE,CARD,6.0,COMPLETED,OMAR,WH-01
2026-01-27,ORD101181,SKU0105,3,9.3,15,23.72,CUST00953,GIZA,MARKETPLACE,CASH,6.0,COMPLETED,YOUSSEF,WH-01
2026-03-03,ORD102432,SKU0178,2,37.83,25,56.74,CUST00591,LUXOR,ONLINE,WALLET,0.0,COMPLETED,UNKNOWN,WH-01
2026-01-22,ORD100200,SKU0184,2,451.34,35,586.74,CUST02381,LUXOR,ONLINE,UNKNOWN,7.0,COMPLETED,OMAR,WH-01
2026-06-12,ORD100890,SKU0110,1,311.37,15,264.66,CUST02842,GIZA,WHOLESALE,BNPL,8.0,COMPLETED,UNKNOWN,WH-01
2026-04-28,ORD101704,SKU0166,4,147.22,0,588.88,CUST02782,LUXOR,WHOLESALE,BNPL,10.0,COMPLETED,ALI,WH-01
2026-05-04,ORD100717,SKU0126,2,108.66,25,162.99,CUST00537,GIZA,MARKETPLACE,BNPL,2.0,COMPLETED,MONA,WH-05
2026-01-02,ORD104879,SKU0050,2,12.63,45,13.89,CUST01632,CAIRO,MARKETPLACE,BNPL,10.0,COMPLETED,ALI,WH-03
2026-05-15,ORD104780,SKU0032,1,250.41,35,162.77,CUST00358,ASWAN,STORE,WALLET,0.0,COMPLETED,OMAR,WH-05
2026-05-02,ORD103117,SKU0049,3,190.77,30,400.62,CUST02597,CAIRO,MARKETPLACE,CASH,9.0,COMPLETED,SARA,WH-01
2026-01-31,ORD101789,SKU0078,1,301.5,20,241.2,CUST00689,ASWAN,STORE,CASH,5.0,COMPLETED,ALI,WH-05
2026-05-25,ORD101749,SKU0065,3,12.91,20,30.98,CUST01351,TANTA,ONLINE,BNPL,7.0,COMPLETED,UNKNOWN,WH-03
2026-01-17,ORD101483,SKU0006,3,23.63,20,56.71,CUST01483,CAIRO,STORE,UNKNOWN,5.0,COMPLETED,YOUSSEF,WH-03
2026-03-17,ORD100094,SKU0122,1,290.45,30,203.31,CUST00369,ASWAN,ONLINE,WALLET,0.0,COMPLETED,MONA,WH-05
2026-04-14,ORD102700,SKU0005,4,264.92,45,582.82,CUST02552,CAIRO,STORE,CASH,8.0,COMPLETED,MONA,WH-04
2026-03-06,ORD104912,SKU0004,3,39.62,15,101.03,CUST00680,LUXOR,WHOLESALE,CARD,0.0,COMPLETED,UNKNOWN,WH-04
2026-03-04,ORD101946,SKU0042,1,82.23,10,74.01,CUST00873,MANSOURA,MARKETPLACE,BNPL,8.0,COMPLETED,MONA,WH-05
2026-02-07,ORD100244,SKU0058,3,300.42,35,585.82,CUST00783,CAIRO,STORE,CARD,9.0,COMPLETED,UNKNOWN,WH-01
2026-04-28,ORD104456,SKU0087,2,149.25,15,253.72,CUST01099,CAIRO,WHOLESALE,CARD,8.0,COMPLETED,OMAR,WH-04
2026-03-24,ORD103793,SKU0025,1,155.74,15,132.38,CUST02877,GIZA,STORE,CASH,6.0,COMPLETED,SARA,WH-04
2026-07-15,ORD102512,SKU0033,1,112.56,5,106.93,CUST01419,GIZA,MARKETPLACE,CASH,1.0,COMPLETED,ALI,WH-05
2026-07-04,ORD102707,SKU0196,3,328.23,20,787.75,CUST01393,CAIRO,ONLINE,CARD,5.0,COMPLETED,UNKNOWN,WH-01
2026-05-14,ORD103221,SKU0121,5,410.08,20,1640.32,CUST00298,ASWAN,MARKETPLACE,BNPL,8.0,COMPLETED,YOUSSEF,WH-02
2026-02-21,ORD102826,SKU0193,2,316.01,25,474.02,CUST01731,CAIRO,STORE,WALLET,1.0,COMPLETED,UNKNOWN,WH-04
2026-07-13,ORD100685,SKU0090,3,241.7,0,725.1,CUST01975,ALEXANDRIA,ONLINE,WALLET,10.0,COMPLETED,SARA,WH-03
2026-03-06,ORD100331,SKU0053,1,283.03,25,212.27,CUST01647,CAIRO,STORE,CASH,8.0,COMPLETED,OMAR,WH-02
2026-03-28,ORD102466,SKU0141,5,302.89,10,1363.0,CUST02135,MANSOURA,ONLINE,UNKNOWN,1.0,COMPLETED,MONA,WH-05
2026-06-11,ORD101626,SKU0030,1,23.42,5,22.25,CUST00692,MANSOURA,MARKETPLACE,CASH,4.0,COMPLETED,SARA,WH-03
2026-01-30,ORD103819,SKU0027,5,409.38,15,1739.86,CUST01589,MANSOURA,WHOLESALE,UNKNOWN,5.0,COMPLETED,SARA,WH-01
2026-05-17,ORD101245,SKU0157,3,23.52,5,67.03,CUST02390,ALEXANDRIA,MARKETPLACE,CASH,0.0,COMPLETED,SARA,WH-03
2026-05-13,ORD101166,SKU0079,3,286.66,25,644.98,CUST00486,ALEXANDRIA,ONLINE,BNPL,6.0,COMPLETED,OMAR,WH-05
2026-07-10,ORD102271,SKU0131,5,306.45,35,995.96,CUST00310,TANTA,ONLINE,BNPL,9.0,COMPLETED,MONA,WH-01
2026-02-26,ORD101371,SKU0046,5,55.04,10,247.68,CUST00722,TANTA,MARKETPLACE,WALLET,2.0,COMPLETED,YOUSSEF,WH-01
2026-04-23,ORD104151,SKU0060,6,322.71,25,1452.19,CUST01010,CAIRO,WHOLESALE,CASH,1.0,COMPLETED,MONA,WH-04
2026-07-19,ORD103019,SKU0051,2,22.4,30,31.36,CUST01842,LUXOR,STORE,BNPL,10.0,COMPLETED,YOUSSEF,WH-04
2026-04-08,ORD103871,SKU0198,3,174.22,10,470.39,CUST01113,LUXOR,ONLINE,BNPL,5.0,COMPLETED,UNKNOWN,WH-01
2026-01-25,ORD102950,SKU0036,1,216.43,5,205.61,CUST00455,MANSOURA,MARKETPLACE,CARD,4.0,RETURNED,OMAR,WH-02
2026-03-04,ORD100964,SKU0104,4,51.11,25,153.33,CUST00765,ASWAN,ONLINE,WALLET,8.0,COMPLETED,SARA,WH-03
2026-04-08,ORD101421,SKU0040,2,94.02,35,122.23,CUST02377,ASWAN,STORE,UNKNOWN,10.0,COMPLETED,UNKNOWN,WH-03
2026-01-26,ORD104229,SKU0107,1,194.92,5,185.17,CUST00139,CAIRO,ONLINE,CASH,10.0,COMPLETED,MONA,WH-03
2026-05-25,ORD104811,SKU0085,5,24.31,45,66.85,CUST02947,TANTA,WHOLESALE,BNPL,2.0,COMPLETED,OMAR,WH-01
2026-02-06,ORD104595,SKU0067,1,49.37,45,27.15,CUST02885,ALEXANDRIA,MARKETPLACE,UNKNOWN,7.0,COMPLETED,SARA,WH-04
2026-02-21,ORD101514,SKU0120,4,177.27,30,496.36,CUST01244,MANSOURA,STORE,BNPL,7.0,COMPLETED,UNKNOWN,WH-03
2026-04-02,ORD104511,SKU0037,3,12.98,15,33.1,CUST02026,TANTA,MARKETPLACE,CARD,8.0,COMPLETED,UNKNOWN,WH-04
2026-03-17,ORD104693,SKU0073,2,75.03,45,82.53,CUST01218,GIZA,STORE,CARD,6.0,COMPLETED,SARA,WH-04
2026-04-04,ORD103435,SKU0181,2,167.59,20,268.14,CUST01210,TANTA,MARKETPLACE,CASH,2.0,COMPLETED,SARA,WH-05
2026-02-07,ORD100303,SKU0074,1,211.69,15,179.94,CUST00521,TANTA,MARKETPLACE,CARD,9.0,COMPLETED,SARA,WH-01
2026-06-14,ORD102862,SKU0069,5,233.41,10,1050.34,CUST02548,MANSOURA,ONLINE,WALLET,3.0,RETURNED,YOUSSEF,WH-03
2026-03-28,ORD101484,SKU0039,2,185.18,35,240.73,CUST02110,CAIRO,STORE,BNPL,4.0,COMPLETED,MONA,WH-02
2026-02-03,ORD103706,SKU0092,1,436.92,15,371.38,CUST01478,ASWAN,STORE,UNKNOWN,3.0,COMPLETED,UNKNOWN,WH-05
2026-01-25,ORD101122,SKU0140,3,293.69,30,616.75,CUST01608,TANTA,WHOLESALE,BNPL,7.0,COMPLETED,YOUSSEF,WH-03
2026-07-13,ORD101200,SKU0175,1,163.01,25,122.26,CUST01098,GIZA,MARKETPLACE,WALLET,1.0,COMPLETED,MONA,WH-04
2026-07-16,ORD101361,SKU0107,4,184.96,10,665.86,CUST00028,TANTA,MARKETPLACE,BNPL,7.0,COMPLETED,OMAR,WH-03
2026-02-19,ORD101144,SKU0083,2,52.77,25,79.16,CUST02610,CAIRO,MARKETPLACE,UNKNOWN,0.0,COMPLETED,MONA,WH-02
2026-06-04,ORD102048,SKU0073,2,79.24,15,134.71,CUST01343,LUXOR,ONLINE,WALLET,8.0,COMPLETED,SARA,WH-04
2025-12-31,ORD104967,SKU0105,4,8.23,45,18.11,CUST02379,TANTA,MARKETPLACE,BNPL,3.0,COMPLETED,UNKNOWN,WH-01
2026-05-31,ORD102318,SKU0017,1,40.1,45,22.06,CUST02406,TANTA,ONLINE,CASH,6.0,RETURNED,ALI,WH-01
2026-02-12,ORD103240,SKU0016,5,168.81,35,548.63,CUST00720,CAIRO,MARKETPLACE,CASH,0.0,COMPLETED,UNKNOWN,WH-02
2026-07-11,ORD100129,SKU0104,1,52.34,35,34.02,CUST02485,MANSOURA,MARKETPLACE,WALLET,2.0,COMPLETED,UNKNOWN,WH-05
2026-03-26,ORD102090,SKU0083,1,52.51,35,34.13,CUST01414,GIZA,WHOLESALE,BNPL,1.0,COMPLETED,UNKNOWN,WH-01
2026-04-01,ORD101297,SKU0068,3,306.0,0,918.0,CUST01115,CAIRO,WHOLESALE,BNPL,1.0,COMPLETED,MONA,WH-03
2026-05-16,ORD103575,SKU0070,4,180.11,25,540.33,CUST01468,ASWAN,MARKETPLACE,BNPL,0.0,COMPLETED,SARA,WH-03
2026-05-15,ORD101803,SKU0188,2,31.82,10,57.28,CUST01266,ASWAN,MARKETPLACE,UNKNOWN,1.0,COMPLETED,ALI,WH-01
2025-12-26,ORD104473,SKU0066,1,129.45,30,90.61,CUST02451,MANSOURA,MARKETPLACE,UNKNOWN,3.0,RETURNED,MONA,WH-04
2026-07-17,ORD104928,SKU0118,1,83.97,30,58.78,CUST00282,MANSOURA,MARKETPLACE,UNKNOWN,7.0,COMPLETED,ALI,WH-05
2026-06-14,ORD100049,SKU0011,3,161.39,0,484.17,CUST01430,GIZA,STORE,WALLET,7.0,COMPLETED,SARA,WH-02
2026-01-29,ORD102163,SKU0112,2,38.25,0,76.5,CUST00953,TANTA,ONLINE,CASH,0.0,COMPLETED,ALI,WH-03
2026-06-15,ORD100050,SKU0177,6,185.56,15,946.36,CUST02144,MANSOURA,WHOLESALE,WALLET,4.0,COMPLETED,OMAR,WH-01
2026-03-23,ORD101668,SKU0019,4,80.92,30,226.58,CUST01790,TANTA,STORE,CARD,9.0,RETURNED,MONA,WH-01
2026-03-10,ORD104435,SKU0198,1,162.01,5,153.91,CUST02740,ALEXANDRIA,MARKETPLACE,CASH,9.0,COMPLETED,SARA,WH-04
2026-04-29,ORD100732,SKU0103,2,150.71,45,165.78,CUST02079,TANTA,ONLINE,CASH,2.0,COMPLETED,OMAR,WH-04
2026-04-02,ORD101644,SKU0150,4,169.84,45,373.65,CUST01216,MANSOURA,MARKETPLACE,WALLET,7.0,COMPLETED,YOUSSEF,WH-04
2026-05-27,ORD100233,SKU0048,2,282.21,20,451.54,CUST01512,TANTA,STORE,BNPL,3.0,COMPLETED,OMAR,WH-05
2026-06-29,ORD103960,SKU0041,1,310.81,20,248.65,CUST00434,CAIRO,ONLINE,WALLET,5.0,COMPLETED,ALI,WH-01
2026-01-19,ORD102989,SKU0195,1,331.08,20,264.86,CUST01350,GIZA,WHOLESALE,UNKNOWN,2.0,COMPLETED,OMAR,WH-05
2026-03-29,ORD103115,SKU0119,1,74.12,20,59.3,CUST00220,ALEXANDRIA,ONLINE,WALLET,0.0,COMPLETED,OMAR,WH-05
2026-05-02,ORD102158,SKU0036,2,240.38,35,312.49,CUST00780,MANSOURA,ONLINE,UNKNOWN,8.0,COMPLETED,OMAR,WH-03
2026-04-20,ORD100896,SKU0082,4,255.74,0,1022.96,CUST01782,CAIRO,STORE,WALLET,0.0,COMPLETED,SARA,WH-01
2026-03-17,ORD102224,SKU0174,1,154.56,25,115.92,CUST02510,CAIRO,MARKETPLACE,BNPL,9.0,COMPLETED,UNKNOWN,WH-02
2026-01-29,ORD101927,SKU0056,1,88.28,25,66.21,CUST01867,CAIRO,ONLINE,CARD,1.0,COMPLETED,YOUSSEF,WH-03
2026-02-06,ORD101121,SKU0003,1,50.98,35,33.14,CUST02320,LUXOR,WHOLESALE,CARD,4.0,COMPLETED,OMAR,WH-05
2026-04-06,ORD103251,SKU0130,1,152.44,30,106.71,CUST00835,MANSOURA,STORE,WALLET,9.0,COMPLETED,UNKNOWN,WH-04
2025-12-26,ORD104614,SKU0122,1,304.52,0,304.52,CUST01140,MANSOURA,STORE,UNKNOWN,2.0,COMPLETED,UNKNOWN,WH-05
2026-04-07,ORD104264,SKU0095,2,157.93,35,205.31,CUST00203,ASWAN,WHOLESALE,CARD,5.0,COMPLETED,YOUSSEF,WH-04
2026-03-06,ORD104805,SKU0035,6,49.41,25,222.34,CUST01645,MANSOURA,WHOLESALE,CASH,7.0,COMPLETED,YOUSSEF,WH-04
2026-04-03,ORD103660,SKU0080,1,111.72,10,100.55,CUST01167,GIZA,STORE,CARD,10.0,COMPLETED,MONA,WH-04
2025-12-28,ORD104845,SKU0085,3,24.7,25,55.58,CUST01737,ALEXANDRIA,WHOLESALE,UNKNOWN,6.0,COMPLETED,UNKNOWN,WH-02
2026-01-29,ORD101056,SKU0045,3,339.51,10,916.68,CUST02505,CAIRO,STORE,CARD,3.0,COMPLETED,OMAR,WH-02
2026-05-28,ORD102541,SKU0196,6,340.42,20,1634.02,CUST02453,TANTA,MARKETPLACE,CARD,7.0,COMPLETED,ALI,WH-04
2026-06-28,ORD102737,SKU0178,3,40.17,30,84.36,CUST02159,CAIRO,STORE,CARD,2.0,COMPLETED,YOUSSEF,WH-04
2026-07-01,ORD104950,SKU0066,3,129.59,15,330.45,CUST00804,MANSOURA,ONLINE,BNPL,5.0,COMPLETED,ALI,WH-05
2026-04-30,ORD100268,SKU0128,1,69.5,30,48.65,CUST00983,MANSOURA,MARKETPLACE,CASH,6.0,COMPLETED,SARA,WH-05
2026-04-28,ORD103195,SKU0035,3,47.97,10,129.52,CUST01213,CAIRO,ONLINE,UNKNOWN,2.0,COMPLETED,SARA,WH-05
2026-05-23,ORD102764,SKU0053,3,261.14,20,626.74,CUST01903,LUXOR,WHOLESALE,CASH,5.0,COMPLETED,MONA,WH-03
2026-03-05,ORD101855,SKU0023,1,114.26,45,62.84,CUST01019,MANSOURA,MARKETPLACE,UNKNOWN,9.0,COMPLETED,OMAR,WH-04
2026-02-26,ORD101003,SKU0166,5,153.22,35,497.96,CUST01022,MANSOURA,WHOLESALE,CASH,10.0,COMPLETED,UNKNOWN,WH-01
2026-06-28,ORD103429,SKU0127,1,254.0,45,139.7,CUST00717,GIZA,STORE,CASH,1.0,COMPLETED,YOUSSEF,WH-01
2026-01-25,ORD103990,SKU0164,1,219.83,35,142.89,CUST00953,TANTA,ONLINE,WALLET,9.0,COMPLETED,ALI,WH-01
2026-01-29,ORD104290,SKU0072,3,167.7,10,452.79,CUST00037,GIZA,MARKETPLACE,BNPL,4.0,COMPLETED,MONA,WH-03
2026-03-26,ORD104608,SKU0131,5,317.79,35,1032.82,CUST01036,CAIRO,STORE,CARD,2.0,COMPLETED,YOUSSEF,WH-01
2026-04-26,ORD101025,SKU0080,2,109.56,30,153.38,CUST01053,ASWAN,MARKETPLACE,CARD,9.0,COMPLETED,SARA,WH-01
2025-12-31,ORD104690,SKU0089,1,244.74,30,171.32,CUST02797,ALEXANDRIA,STORE,WALLET,9.0,COMPLETED,YOUSSEF,WH-03
2026-06-05,ORD103617,SKU0050,3,13.83,25,31.12,CUST01849,ALEXANDRIA,STORE,BNPL,9.0,COMPLETED,UNKNOWN,WH-02
2026-03-21,ORD103927,SKU0152,1,230.42,0,230.42,CUST01444,MANSOURA,WHOLESALE,CASH,1.0,COMPLETED,SARA,WH-03
2026-01-29,ORD104556,SKU0066,1,136.43,35,88.68,CUST00555,MANSOURA,STORE,UNKNOWN,8.0,COMPLETED,SARA,WH-01
2026-04-01,ORD102281,SKU0110,2,284.24,45,312.66,CUST00370,CAIRO,WHOLESALE,BNPL,2.0,COMPLETED,YOUSSEF,WH-02
2026-07-11,ORD100250,SKU0200,2,338.69,15,575.77,CUST00601,ALEXANDRIA,ONLINE,BNPL,4.0,COMPLETED,ALI,WH-02
2026-06-12,ORD100889,SKU0036,2,211.6,15,359.72,CUST00838,CAIRO,ONLINE,WALLET,5.0,COMPLETED,OMAR,WH-05
2026-06-12,ORD101397,SKU0105,1,9.5,5,9.02,CUST01384,CAIRO,MARKETPLACE,CARD,1.0,RETURNED,MONA,WH-02
2026-03-22,ORD103881,SKU0161,4,218.88,35,569.09,CUST02187,CAIRO,ONLINE,WALLET,7.0,RETURNED,YOUSSEF,WH-03
2026-04-25,ORD102787,SKU0164,1,232.84,30,162.99,CUST01044,ASWAN,MARKETPLACE,CARD,0.0,COMPLETED,ALI,WH-05
2026-05-26,ORD102407,SKU0015,2,160.99,10,289.78,CUST02521,LUXOR,MARKETPLACE,UNKNOWN,3.0,COMPLETED,YOUSSEF,WH-05
2026-07-19,ORD101602,SKU0125,2,462.53,35,601.29,CUST01880,GIZA,WHOLESALE,WALLET,2.0,COMPLETED,SARA,WH-01
2026-01-27,ORD100946,SKU0081,2,140.89,10,253.6,CUST02003,ASWAN,ONLINE,CARD,8.0,RETURNED,UNKNOWN,WH-04
2026-06-19,ORD102558,SKU0038,3,286.68,20,688.03,CUST00509,CAIRO,MARKETPLACE,CARD,6.0,COMPLETED,MONA,WH-04
2026-01-18,ORD101709,SKU0063,1,87.19,20,69.75,CUST02994,GIZA,MARKETPLACE,CARD,9.0,COMPLETED,MONA,WH-01
2026-05-31,ORD101754,SKU0142,3,101.9,45,168.14,CUST01357,TANTA,ONLINE,UNKNOWN,2.0,COMPLETED,SARA,WH-04
2026-05-05,ORD103474,SKU0104,3,47.88,5,136.46,CUST02134,CAIRO,ONLINE,BNPL,5.0,COMPLETED,OMAR,WH-03
2026-06-12,ORD103545,SKU0083,2,52.56,20,84.1,CUST01781,MANSOURA,STORE,UNKNOWN,6.0,COMPLETED,MONA,WH-04
2026-01-16,ORD104774,SKU0062,5,87.3,0,436.5,CUST01954,LUXOR,MARKETPLACE,UNKNOWN,1.0,COMPLETED,UNKNOWN,WH-04
2026-04-11,ORD103395,SKU0153,3,345.77,45,570.52,CUST01378,TANTA,MARKETPLACE,BNPL,8.0,COMPLETED,MONA,WH-04
2026-05-24,ORD103261,SKU0144,1,187.28,35,121.73,CUST02297,MANSOURA,MARKETPLACE,CARD,10.0,COMPLETED,YOUSSEF,WH-02
2026-07-21,ORD100849,SKU0010,4,137.08,20,438.66,CUST00490,MANSOURA,MARKETPLACE,WALLET,1.0,CANCELLED,SARA,WH-02
2026-02-02,ORD100781,SKU0092,4,415.12,20,1328.38,CUST00460,MANSOURA,STORE,CARD,5.0,CANCELLED,ALI,WH-01
2026-02-07,ORD104566,SKU0013,1,189.74,25,142.3,CUST00533,MANSOURA,WHOLESALE,CARD,1.0,COMPLETED,OMAR,WH-03
2026-02-15,ORD101128,SKU0121,4,459.61,0,1838.44,CUST02078,CAIRO,MARKETPLACE,WALLET,3.0,COMPLETED,ALI,WH-04
2026-03-17,ORD103776,SKU0136,1,352.3,10,317.07,CUST00638,ASWAN,WHOLESALE,CARD,2.0,COMPLETED,MONA,WH-02
2026-02-15,ORD102206,SKU0129,1,360.75,45,198.41,CUST00060,MANSOURA,STORE,CARD,1.0,COMPLETED,OMAR,WH-04
2026-02-11,ORD104625,SKU0089,4,225.29,0,901.16,CUST02346,GIZA,MARKETPLACE,BNPL,0.0,COMPLETED,SARA,WH-01
2026-05-21,ORD103555,SKU0055,3,69.05,20,165.72,CUST02097,CAIRO,ONLINE,WALLET,10.0,COMPLETED,UNKNOWN,WH-03
2026-06-08,ORD103812,SKU0029,2,30.74,5,58.41,CUST01739,TANTA,WHOLESALE,CARD,1.0,COMPLETED,YOUSSEF,WH-01
2026-04-21,ORD100482,SKU0166,3,151.62,10,409.37,CUST02782,TANTA,WHOLESALE,WALLET,0.0,COMPLETED,UNKNOWN,WH-02
2026-06-15,ORD103359,SKU0185,1,52.28,20,41.82,CUST01596,ASWAN,WHOLESALE,BNPL,8.0,COMPLETED,ALI,WH-05
2026-06-07,ORD101339,SKU0083,5,47.75,0,238.75,CUST00040,LUXOR,WHOLESALE,UNKNOWN,9.0,COMPLETED,UNKNOWN,WH-01
2026-01-19,ORD102609,SKU0115,5,347.78,45,956.4,CUST00522,MANSOURA,MARKETPLACE,UNKNOWN,6.0,COMPLETED,YOUSSEF,WH-05
2026-02-28,ORD104895,SKU0024,2,126.96,30,177.74,CUST00819,MANSOURA,WHOLESALE,WALLET,2.0,CANCELLED,OMAR,WH-04
2026-01-05,ORD100182,SKU0166,4,160.88,35,418.29,CUST01811,GIZA,WHOLESALE,CASH,9.0,COMPLETED,SARA,WH-04
2026-05-21,ORD100913,SKU0196,4,352.07,0,1408.28,CUST00790,CAIRO,ONLINE,CASH,10.0,COMPLETED,ALI,WH-03
2026-06-16,ORD100789,SKU0086,1,172.75,5,164.11,CUST01429,ALEXANDRIA,WHOLESALE,UNKNOWN,1.0,COMPLETED,OMAR,WH-01
2026-04-03,ORD100249,SKU0027,5,443.32,30,1551.62,CUST00776,GIZA,STORE,BNPL,6.0,COMPLETED,OMAR,WH-03
2026-06-10,ORD100201,SKU0141,1,285.12,30,199.58,CUST02867,TANTA,WHOLESALE,WALLET,8.0,COMPLETED,MONA,WH-05
2026-02-15,ORD100443,SKU0038,1,281.23,35,182.8,CUST01387,MANSOURA,MARKETPLACE,CASH,7.0,COMPLETED,YOUSSEF,WH-05
2026-03-19,ORD101308,SKU0128,4,75.6,25,226.8,CUST02245,CAIRO,ONLINE,CARD,3.0,COMPLETED,ALI,WH-05
2026-01-01,ORD102257,SKU0172,4,62.55,25,187.65,CUST00386,LUXOR,MARKETPLACE,CARD,3.0,COMPLETED,ALI,WH-05
2026-06-07,ORD101617,SKU0163,1,379.36,0,379.36,CUST00654,TANTA,ONLINE,WALLET,5.0,COMPLETED,ALI,WH-01
2026-06-19,ORD103245,SKU0055,1,67.24,35,43.71,CUST00590,ALEXANDRIA,MARKETPLACE,BNPL,5.0,COMPLETED,MONA,WH-04
2025-12-31,ORD101509,SKU0124,3,224.64,30,471.74,CUST01227,LUXOR,WHOLESALE,CASH,6.0,COMPLETED,YOUSSEF,WH-01
2026-03-01,ORD104409,SKU0068,1,287.1,25,215.32,CUST02860,ALEXANDRIA,WHOLESALE,UNKNOWN,4.0,COMPLETED,SARA,WH-02
2026-07-21,ORD103169,SKU0009,2,127.57,5,242.38,CUST00044,TANTA,MARKETPLACE,BNPL,5.0,COMPLETED,UNKNOWN,WH-03
2026-02-17,ORD102023,SKU0146,1,14.13,20,11.3,CUST01748,ASWAN,ONLINE,WALLET,9.0,COMPLETED,UNKNOWN,WH-05
2025-12-28,ORD100474,SKU0186,2,32.37,30,45.32,CUST01048,CAIRO,MARKETPLACE,BNPL,0.0,COMPLETED,ALI,WH-01
2026-03-30,ORD103656,SKU0027,5,445.06,15,1891.5,CUST00765,LUXOR,STORE,CASH,10.0,RETURNED,SARA,WH-03
2026-02-28,ORD101913,SKU0136,4,365.93,35,951.42,CUST00810,CAIRO,WHOLESALE,WALLET,8.0,COMPLETED,SARA,WH-01
2026-04-07,ORD100053,SKU0165,2,130.36,25,195.54,CUST01939,GIZA,WHOLESALE,CARD,10.0,COMPLETED,ALI,WH-02
2026-06-14,ORD102944,SKU0094,2,307.87,0,615.74,CUST00911,ALEXANDRIA,MARKETPLACE,CARD,0.0,CANCELLED,YOUSSEF,WH-03
2026-02-23,ORD103120,SKU0057,5,397.17,5,1886.56,CUST02737,LUXOR,MARKETPLACE,UNKNOWN,0.0,COMPLETED,UNKNOWN,WH-04
2026-04-01,ORD101000,SKU0127,1,285.97,0,285.97,CUST02686,GIZA,WHOLESALE,UNKNOWN,0.0,COMPLETED,YOUSSEF,WH-02
2026-05-08,ORD102496,SKU0038,2,279.16,25,418.74,CUST01416,MANSOURA,MARKETPLACE,WALLET,8.0,COMPLETED,MONA,WH-04
2026-01-20,ORD102398,SKU0097,4,350.18,35,910.47,CUST01593,TANTA,WHOLESALE,CARD,0.0,COMPLETED,MONA,WH-02
2026-02-28,ORD102209,SKU0066,2,133.3,5,253.27,CUST01740,CAIRO,WHOLESALE,CASH,3.0,COMPLETED,UNKNOWN,WH-05
2026-02-13,ORD102057,SKU0169,3,362.58,45,598.26,CUST00342,MANSOURA,STORE,CASH,0.0,COMPLETED,SARA,WH-01
2026-02-16,ORD104282,SKU0197,1,173.74,30,121.62,CUST00444,MANSOURA,MARKETPLACE,BNPL,7.0,COMPLETED,UNKNOWN,WH-04
2026-02-02,ORD101573,SKU0179,1,21.09,15,17.93,CUST02072,TANTA,WHOLESALE,CARD,0.0,COMPLETED,YOUSSEF,WH-01
2026-04-30,ORD103867,SKU0024,2,115.02,5,218.54,CUST02342,ALEXANDRIA,STORE,BNPL,10.0,COMPLETED,YOUSSEF,WH-01
2026-04-23,ORD100967,SKU0103,3,153.05,35,298.45,CUST02781,ALEXANDRIA,MARKETPLACE,CASH,7.0,COMPLETED,OMAR,WH-04
2026-07-10,ORD101450,SKU0103,2,156.5,20,250.4,CUST01061,MANSOURA,ONLINE,UNKNOWN,5.0,COMPLETED,UNKNOWN,WH-04
2026-06-04,ORD103470,SKU0063,4,89.5,35,232.7,CUST00561,GIZA,MARKETPLACE,WALLET,4.0,COMPLETED,OMAR,WH-04
2026-05-17,ORD102793,SKU0052,6,111.92,35,436.49,CUST01626,ASWAN,ONLINE,UNKNOWN,3.0,COMPLETED,MONA,WH-04
2026-03-22,ORD103290,SKU0198,2,153.25,45,168.58,CUST01519,MANSOURA,ONLINE,BNPL,7.0,COMPLETED,MONA,WH-03
2026-07-08,ORD102645,SKU0052,1,118.4,10,106.56,CUST01231,LUXOR,WHOLESALE,CARD,3.0,COMPLETED,SARA,WH-02
2026-06-22,ORD101266,SKU0024,3,111.03,20,266.47,CUST01142,GIZA,ONLINE,BNPL,4.0,COMPLETED,MONA,WH-01
2026-06-21,ORD100208,SKU0146,6,14.77,5,84.19,CUST00046,GIZA,MARKETPLACE,CASH,9.0,COMPLETED,SARA,WH-03
2026-05-29,ORD100561,SKU0154,1,168.89,10,152.0,CUST01670,ALEXANDRIA,WHOLESALE,WALLET,0.0,COMPLETED,UNKNOWN,WH-05
2026-02-13,ORD100130,SKU0065,6,11.31,0,67.86,CUST02423,TANTA,WHOLESALE,CARD,9.0,COMPLETED,OMAR,WH-03
2026-02-15,ORD103703,SKU0026,2,421.11,10,758.0,CUST00750,TANTA,ONLINE,CARD,4.0,CANCELLED,OMAR,WH-04
2026-04-24,ORD100698,SKU0126,1,109.04,15,92.68,CUST00956,TANTA,WHOLESALE,UNKNOWN,0.0,COMPLETED,ALI,WH-04
2026-04-09,ORD101707,SKU0066,4,124.51,45,273.92,CUST00264,TANTA,WHOLESALE,BNPL,10.0,COMPLETED,ALI,WH-04
2026-07-23,ORD102472,SKU0025,1,151.49,15,128.77,CUST01748,CAIRO,WHOLESALE,BNPL,10.0,COMPLETED,MONA,WH-03
2026-03-05,ORD103141,SKU0004,3,36.23,25,81.52,CUST02307,LUXOR,MARKETPLACE,CARD,6.0,COMPLETED,UNKNOWN,WH-05
2026-06-22,ORD100072,SKU0175,3,153.79,20,369.1,CUST02036,CAIRO,WHOLESALE,CARD,2.0,RETURNED,OMAR,WH-04
2026-03-11,ORD101336,SKU0156,1,117.5,30,82.25,CUST01950,ASWAN,MARKETPLACE,WALLET,9.0,COMPLETED,YOUSSEF,WH-04
2026-01-13,ORD100696,SKU0060,4,345.23,30,966.64,CUST02358,CAIRO,ONLINE,CARD,6.0,COMPLETED,OMAR,WH-01
2026-05-31,ORD101593,SKU0062,1,89.85,45,49.42,CUST02675,ASWAN,ONLINE,CASH,10.0,COMPLETED,OMAR,WH-03
2026-01-17,ORD103530,SKU0026,5,398.41,20,1593.64,CUST01027,MANSOURA,ONLINE,CARD,10.0,COMPLETED,UNKNOWN,WH-05
2026-01-28,ORD100806,SKU0030,2,24.17,35,31.42,CUST01304,TANTA,MARKETPLACE,UNKNOWN,6.0,COMPLETED,MONA,WH-03
2026-02-28,ORD101146,SKU0093,1,104.81,5,99.57,CUST01492,LUXOR,MARKETPLACE,UNKNOWN,4.0,COMPLETED,YOUSSEF,WH-01
2026-04-15,ORD103379,SKU0197,5,174.0,25,652.5,CUST02772,GIZA,STORE,CARD,1.0,COMPLETED,OMAR,WH-01
2026-06-29,ORD100927,SKU0117,5,222.63,30,779.2,CUST02019,ASWAN,ONLINE,BNPL,3.0,COMPLETED,UNKNOWN,WH-01
2026-06-03,ORD104868,SKU0001,1,175.45,0,175.45,CUST01681,TANTA,MARKETPLACE,BNPL,10.0,RETURNED,UNKNOWN,WH-01
2026-05-23,ORD103322,SKU0145,3,125.98,0,377.94,CUST02606,GIZA,STORE,WALLET,0.0,COMPLETED,UNKNOWN,WH-04
2026-06-13,ORD104276,SKU0052,2,120.05,30,168.07,CUST02466,CAIRO,STORE,UNKNOWN,3.0,COMPLETED,ALI,WH-02
2026-06-13,ORD104751,SKU0198,3,158.44,10,427.79,CUST02715,ALEXANDRIA,MARKETPLACE,BNPL,4.0,COMPLETED,ALI,WH-03
2026-06-11,ORD102692,SKU0065,1,12.63,5,12.0,CUST00245,GIZA,STORE,CASH,6.0,COMPLETED,ALI,WH-01
2026-02-26,ORD104322,SKU0095,2,171.84,45,189.02,CUST02774,ASWAN,ONLINE,BNPL,0.0,COMPLETED,MONA,WH-04
2026-04-19,ORD100152,SKU0064,3,372.55,35,726.47,CUST00255,ASWAN,ONLINE,CARD,10.0,COMPLETED,ALI,WH-02
2026-06-14,ORD103042,SKU0088,4,184.6,10,664.56,CUST02579,LUXOR,ONLINE,CARD,8.0,COMPLETED,ALI,WH-05
2026-03-08,ORD103725,SKU0001,2,169.97,35,220.96,CUST00408,MANSOURA,STORE,CASH,9.0,COMPLETED,OMAR,WH-03
2026-01-06,ORD103857,SKU0061,3,353.04,15,900.25,CUST02926,GIZA,MARKETPLACE,CASH,4.0,COMPLETED,MONA,WH-03
2026-01-26,ORD104442,SKU0002,5,277.58,10,1249.11,CUST02755,ALEXANDRIA,MARKETPLACE,CARD,6.0,COMPLETED,SARA,WH-03
2026-02-20,ORD100290,SKU0174,3,153.24,35,298.82,CUST02439,CAIRO,ONLINE,WALLET,1.0,COMPLETED,ALI,WH-01
2026-05-05,ORD103098,SKU0064,2,358.55,30,501.97,CUST00269,LUXOR,ONLINE,UNKNOWN,2.0,COMPLETED,SARA,WH-02
2026-06-22,ORD102064,SKU0055,2,63.62,10,114.52,CUST02217,MANSOURA,MARKETPLACE,WALLET,0.0,COMPLETED,ALI,WH-01
2026-05-28,ORD103845,SKU0123,1,19.14,0,19.14,CUST02673,ALEXANDRIA,WHOLESALE,WALLET,5.0,COMPLETED,ALI,WH-01
2026-02-07,ORD102447,SKU0093,2,104.14,35,135.38,CUST01695,ALEXANDRIA,STORE,BNPL,6.0,COMPLETED,MONA,WH-03
2026-02-17,ORD100749,SKU0018,3,388.33,5,1106.74,CUST02310,ASWAN,ONLINE,BNPL,0.0,CANCELLED,YOUSSEF,WH-01
2026-01-28,ORD104075,SKU0077,4,57.3,25,171.9,CUST02598,ALEXANDRIA,ONLINE,BNPL,5.0,COMPLETED,ALI,WH-01
2026-01-22,ORD102270,SKU0034,5,71.14,5,337.92,CUST02921,GIZA,STORE,CARD,1.0,COMPLETED,YOUSSEF,WH-02
2026-04-14,ORD100667,SKU0059,1,225.07,0,225.07,CUST01851,MANSOURA,MARKETPLACE,UNKNOWN,1.0,COMPLETED,MONA,WH-03
2026-03-03,ORD104837,SKU0023,5,118.37,5,562.26,CUST01419,GIZA,ONLINE,WALLET,2.0,COMPLETED,MONA,WH-04
2026-01-26,ORD101008,SKU0083,3,52.22,35,101.83,CUST00940,ASWAN,STORE,CARD,6.0,COMPLETED,OMAR,WH-02
2026-03-30,ORD101582,SKU0019,4,82.76,45,182.07,CUST02872,CAIRO,WHOLESALE,UNKNOWN,4.0,COMPLETED,YOUSSEF,WH-05
2026-02-08,ORD102068,SKU0198,3,155.68,35,303.58,CUST01211,CAIRO,MARKETPLACE,CASH,7.0,COMPLETED,OMAR,WH-04
2026-03-18,ORD102631,SKU0142,1,110.07,15,93.56,CUST00906,CAIRO,MARKETPLACE,UNKNOWN,9.0,COMPLETED,OMAR,WH-03
2026-04-08,ORD101773,SKU0132,2,58.59,20,93.74,CUST02429,ASWAN,ONLINE,UNKNOWN,10.0,COMPLETED,SARA,WH-03
2026-05-13,ORD101107,SKU0006,2,22.74,45,25.01,CUST02128,ALEXANDRIA,WHOLESALE,CARD,0.0,COMPLETED,MONA,WH-03
2026-04-12,ORD103931,SKU0187,3,50.09,30,105.19,CUST02154,LUXOR,MARKETPLACE,CASH,8.0,COMPLETED,MONA,WH-04
2026-05-24,ORD101165,SKU0111,4,270.57,25,811.71,CUST00230,TANTA,ONLINE,WALLET,0.0,COMPLETED,SARA,WH-01
2026-04-27,ORD103328,SKU0045,3,314.58,35,613.43,CUST01266,LUXOR,STORE,CASH,4.0,COMPLETED,YOUSSEF,WH-05
2026-05-17,ORD102923,SKU0029,3,31.44,20,75.46,CUST01996,GIZA,WHOLESALE,WALLET,5.0,COMPLETED,ALI,WH-01
2026-07-22,ORD101552,SKU0076,4,250.72,15,852.45,CUST00021,GIZA,STORE,CASH,5.0,COMPLETED,YOUSSEF,WH-04
2026-06-03,ORD101149,SKU0036,2,237.68,30,332.75,CUST00479,GIZA,STORE,CASH,5.0,COMPLETED,SARA,WH-04
2026-01-29,ORD104234,SKU0068,4,282.57,10,1017.25,CUST01431,ALEXANDRIA,STORE,BNPL,4.0,COMPLETED,UNKNOWN,WH-05
2026-05-15,ORD104938,SKU0008,4,57.56,0,230.24,CUST00932,MANSOURA,STORE,BNPL,1.0,COMPLETED,UNKNOWN,WH-03
2025-12-26,ORD101904,SKU0085,5,25.47,45,70.04,CUST02026,MANSOURA,WHOLESALE,CASH,3.0,COMPLETED,ALI,WH-03
2025-12-28,ORD103176,SKU0186,6,29.37,45,96.92,CUST02931,CAIRO,WHOLESALE,UNKNOWN,4.0,COMPLETED,YOUSSEF,WH-05
2026-01-04,ORD100880,SKU0062,2,84.19,45,92.61,CUST00861,ASWAN,STORE,UNKNOWN,10.0,COMPLETED,MONA,WH-05
2026-02-12,ORD101730,SKU0100,2,354.09,15,601.95,CUST00605,ASWAN,WHOLESALE,CARD,6.0,COMPLETED,SARA,WH-04
2026-01-10,ORD102622,SKU0047,4,280.9,35,730.34,CUST00012,ALEXANDRIA,WHOLESALE,BNPL,3.0,COMPLETED,SARA,WH-01
2026-04-12,ORD103568,SKU0017,5,40.3,35,130.98,CUST01520,ASWAN,ONLINE,UNKNOWN,0.0,RETURNED,YOUSSEF,WH-04
2026-02-15,ORD103782,SKU0171,4,171.14,0,684.56,CUST02383,LUXOR,STORE,UNKNOWN,4.0,COMPLETED,OMAR,WH-01
2026-07-09,ORD102655,SKU0150,1,168.32,15,143.07,CUST00308,ASWAN,WHOLESALE,UNKNOWN,1.0,COMPLETED,MONA,WH-05
2026-05-19,ORD104288,SKU0141,1,271.47,15,230.75,CUST02283,ALEXANDRIA,STORE,BNPL,0.0,COMPLETED,MONA,WH-03
2026-03-09,ORD100048,SKU0053,2,278.03,5,528.26,CUST00968,GIZA,WHOLESALE,CARD,0.0,COMPLETED,UNKNOWN,WH-02
2026-03-09,ORD101601,SKU0157,1,23.39,20,18.71,CUST00205,CAIRO,ONLINE,CASH,9.0,CANCELLED,ALI,WH-04
2026-03-26,ORD100418,SKU0187,5,47.94,35,155.8,CUST00298,CAIRO,WHOLESALE,WALLET,8.0,COMPLETED,SARA,WH-04
2026-07-19,ORD102742,SKU0024,1,117.41,20,93.93,CUST01948,CAIRO,WHOLESALE,CASH,0.0,COMPLETED,OMAR,WH-01
2026-03-06,ORD103648,SKU0050,4,13.72,0,54.88,CUST00959,MANSOURA,WHOLESALE,CARD,1.0,COMPLETED,ALI,WH-05
2026-07-04,ORD100051,SKU0122,1,319.06,20,255.25,CUST02957,TANTA,WHOLESALE,WALLET,3.0,COMPLETED,UNKNOWN,WH-05
2026-07-22,ORD103433,SKU0047,1,275.54,25,206.66,CUST01362,GIZA,WHOLESALE,UNKNOWN,8.0,COMPLETED,ALI,WH-02
2026-01-20,ORD102427,SKU0100,4,366.46,35,952.8,CUST02298,ASWAN,WHOLESALE,BNPL,3.0,COMPLETED,UNKNOWN,WH-05
2026-01-30,ORD100837,SKU0136,2,326.16,15,554.47,CUST00420,MANSOURA,MARKETPLACE,BNPL,8.0,COMPLETED,OMAR,WH-04
2026-06-06,ORD101489,SKU0014,1,76.46,5,72.64,CUST00037,LUXOR,MARKETPLACE,UNKNOWN,0.0,CANCELLED,SARA,WH-04
2026-07-24,ORD100617,SKU0047,1,275.95,25,206.96,CUST00189,TANTA,ONLINE,CASH,8.0,COMPLETED,ALI,WH-04
2026-06-26,ORD103473,SKU0143,2,143.97,0,287.94,CUST02497,ALEXANDRIA,WHOLESALE,WALLET,5.0,RETURNED,ALI,WH-01
2026-01-13,ORD100708,SKU0069,4,214.52,15,729.37,CUST01340,CAIRO,STORE,CARD,8.0,COMPLETED,YOUSSEF,WH-05
2026-02-05,ORD101010,SKU0100,2,380.14,25,570.21,CUST02077,TANTA,STORE,UNKNOWN,9.0,COMPLETED,YOUSSEF,WH-03
2025-12-30,ORD104159,SKU0077,4,60.14,20,192.45,CUST00393,LUXOR,ONLINE,CARD,8.0,COMPLETED,YOUSSEF,WH-04
2026-06-12,ORD101681,SKU0116,4,277.22,10,997.99,CUST02405,LUXOR,MARKETPLACE,CASH,2.0,COMPLETED,YOUSSEF,WH-05
2026-02-21,ORD100895,SKU0124,1,211.0,15,179.35,CUST01148,CAIRO,WHOLESALE,WALLET,9.0,COMPLETED,ALI,WH-04
2026-01-22,ORD104443,SKU0161,6,232.53,20,1116.14,CUST02619,TANTA,STORE,WALLET,9.0,COMPLETED,SARA,WH-01
2026-03-14,ORD103299,SKU0105,4,8.69,15,29.55,CUST02928,CAIRO,STORE,UNKNOWN,9.0,COMPLETED,YOUSSEF,WH-02
2026-06-23,ORD104639,SKU0014,2,74.61,25,111.92,CUST01653,CAIRO,MARKETPLACE,WALLET,1.0,COMPLETED,MONA,WH-01
2026-04-15,ORD104142,SKU0021,2,51.16,45,56.28,CUST02348,GIZA,STORE,UNKNOWN,7.0,COMPLETED,MONA,WH-01
2026-07-08,ORD102969,SKU0054,4,177.41,15,603.19,CUST02517,GIZA,MARKETPLACE,UNKNOWN,4.0,COMPLETED,YOUSSEF,WH-02
2026-01-17,ORD101136,SKU0089,3,241.49,45,398.46,CUST01224,ASWAN,WHOLESALE,WALLET,2.0,COMPLETED,ALI,WH-05
2026-07-10,ORD102124,SKU0137,1,404.31,0,404.31,CUST01564,ASWAN,WHOLESALE,BNPL,6.0,COMPLETED,ALI,WH-05
2026-07-15,ORD101442,SKU0102,2,85.72,35,111.44,CUST01187,LUXOR,STORE,CASH,10.0,COMPLETED,MONA,WH-03
2026-05-07,ORD101474,SKU0133,4,369.63,25,1108.89,CUST01629,ASWAN,STORE,CARD,0.0,COMPLETED,YOUSSEF,WH-03
2026-05-11,ORD103676,SKU0083,1,47.76,20,38.21,CUST01437,ALEXANDRIA,ONLINE,CARD,1.0,COMPLETED,ALI,WH-05
2026-05-27,ORD104675,SKU0014,2,75.25,10,135.45,CUST00737,MANSOURA,MARKETPLACE,BNPL,4.0,COMPLETED,MONA,WH-04
2026-01-18,ORD103855,SKU0184,2,426.75,30,597.45,CUST01427,CAIRO,STORE,CARD,5.0,COMPLETED,ALI,WH-04
2026-06-07,ORD102132,SKU0131,1,281.4,15,239.19,CUST02573,MANSOURA,WHOLESALE,BNPL,4.0,COMPLETED,SARA,WH-04
2026-04-01,ORD100385,SKU0029,2,33.54,45,36.89,CUST02294,CAIRO,MARKETPLACE,BNPL,5.0,COMPLETED,MONA,WH-04
2026-03-23,ORD102147,SKU0142,2,108.67,20,173.87,CUST01047,GIZA,ONLINE,CASH,7.0,RETURNED,UNKNOWN,WH-04
2026-03-15,ORD101315,SKU0045,1,333.82,25,250.36,CUST01759,TANTA,ONLINE,CASH,3.0,COMPLETED,SARA,WH-04
2026-06-13,ORD100788,SKU0114,2,332.81,35,432.65,CUST02109,CAIRO,ONLINE,CARD,4.0,COMPLETED,ALI,WH-03
2026-05-10,ORD103366,SKU0197,4,177.5,0,710.0,CUST00704,MANSOURA,MARKETPLACE,UNKNOWN,10.0,COMPLETED,YOUSSEF,WH-03
2026-06-23,ORD102154,SKU0031,1,130.19,25,97.64,CUST02778,ASWAN,STORE,BNPL,0.0,COMPLETED,MONA,WH-02
2026-03-04,ORD101506,SKU0139,4,334.96,0,1339.84,CUST01458,TANTA,STORE,WALLET,1.0,COMPLETED,MONA,WH-01
2026-04-23,ORD102278,SKU0089,2,222.73,20,356.37,CUST00532,CAIRO,WHOLESALE,UNKNOWN,7.0,COMPLETED,SARA,WH-02
2026-02-07,ORD104505,SKU0158,2,341.2,35,443.56,CUST02634,CAIRO,WHOLESALE,CARD,2.0,CANCELLED,MONA,WH-01
2026-01-05,ORD101035,SKU0194,3,83.22,30,174.76,CUST02934,GIZA,ONLINE,WALLET,10.0,COMPLETED,SARA,WH-04
2026-06-03,ORD103192,SKU0011,2,174.57,30,244.4,CUST00365,ALEXANDRIA,ONLINE,CARD,0.0,COMPLETED,UNKNOWN,WH-03
2026-06-04,ORD102112,SKU0177,3,193.37,45,319.06,CUST00141,TANTA,MARKETPLACE,WALLET,7.0,COMPLETED,MONA,WH-05
2026-06-16,ORD103392,SKU0043,1,111.59,10,100.43,CUST00450,CAIRO,STORE,BNPL,0.0,COMPLETED,OMAR,WH-04
2026-04-15,ORD102211,SKU0169,1,368.11,20,294.49,CUST00484,MANSOURA,WHOLESALE,WALLET,4.0,COMPLETED,YOUSSEF,WH-02
2026-05-25,ORD101889,SKU0133,1,372.96,5,354.31,CUST00061,LUXOR,WHOLESALE,WALLET,4.0,COMPLETED,ALI,WH-05
2026-07-16,ORD104382,SKU0006,3,22.51,15,57.4,CUST00321,ASWAN,MARKETPLACE,UNKNOWN,7.0,COMPLETED,SARA,WH-02
2026-01-15,ORD104799,SKU0046,1,54.27,25,40.7,CUST00800,LUXOR,WHOLESALE,CASH,6.0,COMPLETED,ALI,WH-02
2026-04-27,ORD103590,SKU0143,2,152.0,45,167.2,CUST00599,ALEXANDRIA,STORE,WALLET,2.0,COMPLETED,YOUSSEF,WH-01
2026-07-03,ORD101592,SKU0192,4,277.44,20,887.81,CUST00251,MANSOURA,STORE,WALLET,10.0,RETURNED,UNKNOWN,WH-05
2026-05-18,ORD103873,SKU0037,2,14.65,35,19.05,CUST00580,TANTA,MARKETPLACE,WALLET,2.0,COMPLETED,YOUSSEF,WH-05
2026-03-08,ORD100492,SKU0156,3,115.01,0,345.03,CUST02849,TANTA,STORE,BNPL,0.0,COMPLETED,MONA,WH-03
2026-07-22,ORD100330,SKU0194,4,81.93,5,311.33,CUST00971,LUXOR,STORE,BNPL,7.0,COMPLETED,SARA,WH-01
2026-01-05,ORD104094,SKU0059,2,222.3,30,311.22,CUST01273,TANTA,MARKETPLACE,BNPL,9.0,COMPLETED,ALI,WH-02
2026-06-12,ORD102729,SKU0014,5,80.5,45,221.38,CUST00121,ALEXANDRIA,MARKETPLACE,CARD,1.0,COMPLETED,ALI,WH-01
2026-01-27,ORD104152,SKU0141,3,298.7,25,672.08,CUST01428,GIZA,MARKETPLACE,BNPL,5.0,COMPLETED,UNKNOWN,WH-02
2026-03-25,ORD102404,SKU0015,3,157.95,0,473.85,CUST00418,LUXOR,STORE,BNPL,1.0,COMPLETED,UNKNOWN,WH-02
2026-07-02,ORD101221,SKU0145,2,119.43,5,226.92,CUST00696,ALEXANDRIA,WHOLESALE,CARD,4.0,COMPLETED,UNKNOWN,WH-05
2026-01-28,ORD101642,SKU0053,1,268.39,30,187.87,CUST01188,MANSOURA,MARKETPLACE,WALLET,2.0,COMPLETED,SARA,WH-05
2026-06-02,ORD100313,SKU0014,3,83.34,5,237.52,CUST02152,ALEXANDRIA,MARKETPLACE,CARD,10.0,COMPLETED,UNKNOWN,WH-02
2026-05-27,ORD103337,SKU0179,3,19.69,35,38.4,CUST01693,ASWAN,WHOLESALE,UNKNOWN,2.0,COMPLETED,ALI,WH-02
2026-07-13,ORD104150,SKU0174,2,154.77,5,294.06,CUST01373,ALEXANDRIA,ONLINE,CASH,1.0,COMPLETED,MONA,WH-04
2026-02-12,ORD104808,SKU0085,3,24.57,20,58.97,CUST02927,LUXOR,ONLINE,BNPL,10.0,COMPLETED,MONA,WH-01
2026-05-30,ORD102202,SKU0079,1,273.37,20,218.7,CUST00791,ALEXANDRIA,WHOLESALE,CARD,6.0,COMPLETED,UNKNOWN,WH-02
2026-03-02,ORD104806,SKU0028,2,282.45,20,451.92,CUST00259,MANSOURA,WHOLESALE,BNPL,9.0,COMPLETED,SARA,WH-02
2026-05-20,ORD101349,SKU0058,1,308.43,20,246.74,CUST02410,ALEXANDRIA,WHOLESALE,UNKNOWN,10.0,COMPLETED,MONA,WH-01
2026-04-07,ORD101199,SKU0022,2,29.12,25,43.68,CUST00486,TANTA,WHOLESALE,BNPL,4.0,COMPLETED,ALI,WH-01
2026-05-25,ORD101696,SKU0028,1,269.18,30,188.43,CUST02565,MANSOURA,MARKETPLACE,UNKNOWN,2.0,COMPLETED,UNKNOWN,WH-02
2026-04-17,ORD101083,SKU0200,2,307.3,15,522.41,CUST01670,TANTA,STORE,CASH,3.0,COMPLETED,UNKNOWN,WH-04
2026-01-11,ORD103056,SKU0192,5,285.55,5,1356.36,CUST02160,TANTA,STORE,CARD,6.0,COMPLETED,OMAR,WH-01
2026-06-19,ORD101433,SKU0023,1,107.27,25,80.45,CUST02213,LUXOR,ONLINE,BNPL,0.0,COMPLETED,SARA,WH-02
2026-02-12,ORD102402,SKU0027,5,399.03,25,1496.36,CUST02099,ASWAN,WHOLESALE,WALLET,5.0,COMPLETED,SARA,WH-05
2026-01-26,ORD103220,SKU0095,1,154.97,35,100.73,CUST02031,GIZA,WHOLESALE,UNKNOWN,4.0,COMPLETED,YOUSSEF,WH-03
2026-06-15,ORD103412,SKU0016,4,160.82,30,450.3,CUST01589,LUXOR,WHOLESALE,BNPL,5.0,COMPLETED,MONA,WH-04
2026-04-25,ORD103996,SKU0105,1,8.17,5,7.76,CUST00993,ASWAN,WHOLESALE,UNKNOWN,9.0,COMPLETED,YOUSSEF,WH-03
2026-01-22,ORD101116,SKU0104,3,47.88,35,93.37,CUST02399,ALEXANDRIA,WHOLESALE,CASH,1.0,COMPLETED,OMAR,WH-01
2026-01-15,ORD100128,SKU0082,6,219.23,10,1183.84,CUST01839,ALEXANDRIA,STORE,WALLET,3.0,COMPLETED,UNKNOWN,WH-03
2026-02-01,ORD100489,SKU0069,3,227.34,20,545.62,CUST00286,GIZA,ONLINE,BNPL,7.0,COMPLETED,OMAR,WH-05
2026-01-12,ORD104265,SKU0086,4,179.21,0,716.84,CUST02172,LUXOR,MARKETPLACE,BNPL,0.0,COMPLETED,UNKNOWN,WH-02
2026-04-07,ORD103516,SKU0036,1,233.94,15,198.85,CUST02727,TANTA,WHOLESALE,UNKNOWN,5.0,COMPLETED,MONA,WH-03
2026-01-11,ORD104703,SKU0107,4,201.05,10,723.78,CUST00413,MANSOURA,MARKETPLACE,BNPL,3.0,RETURNED,ALI,WH-05
2026-07-21,ORD103356,SKU0074,1,221.14,25,165.86,CUST00330,MANSOURA,MARKETPLACE,WALLET,7.0,CANCELLED,MONA,WH-04
2026-02-16,ORD103230,SKU0091,5,101.93,30,356.76,CUST00948,MANSOURA,STORE,CASH,3.0,COMPLETED,MONA,WH-03
2026-07-15,ORD101327,SKU0148,2,56.26,15,95.64,CUST00362,ASWAN,STORE,UNKNOWN,4.0,COMPLETED,SARA,WH-03
2026-01-07,ORD103543,SKU0191,1,57.87,45,31.83,CUST02185,LUXOR,WHOLESALE,UNKNOWN,7.0,COMPLETED,UNKNOWN,WH-03
2026-02-17,ORD104490,SKU0046,6,55.25,0,331.5,CUST02152,TANTA,WHOLESALE,BNPL,0.0,COMPLETED,OMAR,WH-02
2026-06-24,ORD102798,SKU0129,2,406.89,30,569.65,CUST02202,LUXOR,MARKETPLACE,CASH,10.0,COMPLETED,OMAR,WH-05
2026-05-26,ORD100574,SKU0055,5,64.03,5,304.14,CUST00090,ALEXANDRIA,ONLINE,WALLET,7.0,COMPLETED,YOUSSEF,WH-04
2026-03-15,ORD102823,SKU0071,4,295.74,0,1182.96,CUST01115,TANTA,STORE,WALLET,10.0,RETURNED,UNKNOWN,WH-04
2026-05-27,ORD100725,SKU0114,1,348.34,10,313.51,CUST00221,TANTA,MARKETPLACE,WALLET,4.0,COMPLETED,SARA,WH-02
2026-04-08,ORD103445,SKU0169,5,340.99,10,1534.46,CUST01720,MANSOURA,MARKETPLACE,CASH,9.0,COMPLETED,MONA,WH-02
2026-03-22,ORD102981,SKU0062,2,92.11,25,138.16,CUST01519,GIZA,MARKETPLACE,CARD,9.0,COMPLETED,ALI,WH-03
2026-01-29,ORD104351,SKU0158,4,358.99,0,1435.96,CUST01717,MANSOURA,MARKETPLACE,WALLET,9.0,COMPLETED,YOUSSEF,WH-04
2026-02-06,ORD103215,SKU0151,2,30.33,15,51.56,CUST02446,TANTA,ONLINE,CARD,1.0,COMPLETED,ALI,WH-01
2026-01-27,ORD102111,SKU0089,2,242.86,35,315.72,CUST01695,ALEXANDRIA,MARKETPLACE,CASH,7.0,COMPLETED,UNKNOWN,WH-04
2026-02-07,ORD101291,SKU0010,2,143.01,45,157.31,CUST01196,MANSOURA,ONLINE,UNKNOWN,3.0,COMPLETED,UNKNOWN,WH-01
2026-07-24,ORD100943,SKU0067,1,47.34,35,30.77,CUST01163,LUXOR,ONLINE,UNKNOWN,5.0,COMPLETED,SARA,WH-01
2026-05-30,ORD101022,SKU0133,2,380.61,5,723.16,CUST02067,CAIRO,STORE,BNPL,5.0,COMPLETED,UNKNOWN,WH-03
2026-01-02,ORD101032,SKU0042,1,87.92,15,74.73,CUST02794,MANSOURA,ONLINE,UNKNOWN,1.0,RETURNED,MONA,WH-05
2026-03-06,ORD104720,SKU0042,1,86.26,5,81.95,CUST01985,LUXOR,MARKETPLACE,CARD,3.0,COMPLETED,UNKNOWN,WH-03
2026-05-17,ORD101118,SKU0136,1,350.99,15,298.34,CUST01109,CAIRO,MARKETPLACE,BNPL,7.0,COMPLETED,YOUSSEF,WH-05
2026-04-01,ORD100523,SKU0176,2,232.56,25,348.84,CUST00666,ASWAN,MARKETPLACE,CASH,10.0,COMPLETED,YOUSSEF,WH-05
2026-05-21,ORD101228,SKU0092,3,415.4,30,872.34,CUST02580,ASWAN,MARKETPLACE,UNKNOWN,0.0,COMPLETED,UNKNOWN,WH-03
2026-07-14,ORD102984,SKU0105,1,8.73,0,8.73,CUST00863,ALEXANDRIA,ONLINE,UNKNOWN,3.0,RETURNED,UNKNOWN,WH-05
2026-06-15,ORD101737,SKU0140,2,318.16,30,445.42,CUST01694,ASWAN,WHOLESALE,BNPL,8.0,COMPLETED,YOUSSEF,WH-02
2026-03-12,ORD103232,SKU0040,1,95.94,15,81.55,CUST01475,TANTA,WHOLESALE,WALLET,5.0,COMPLETED,SARA,WH-04
2026-06-18,ORD104478,SKU0175,5,142.13,25,532.99,CUST00221,MANSOURA,ONLINE,CARD,2.0,COMPLETED,SARA,WH-01
2026-03-14,ORD102067,SKU0060,1,326.26,5,309.95,CUST00255,LUXOR,STORE,BNPL,9.0,COMPLETED,MONA,WH-04
2026-01-03,ORD103645,SKU0163,1,378.04,15,321.33,CUST02626,ALEXANDRIA,ONLINE,WALLET,4.0,COMPLETED,SARA,WH-01
2026-01-20,ORD102648,SKU0064,2,373.87,10,672.97,CUST00942,ASWAN,ONLINE,WALLET,7.0,COMPLETED,YOUSSEF,WH-03
2026-04-14,ORD101896,SKU0142,4,108.46,30,303.69,CUST01668,ALEXANDRIA,ONLINE,BNPL,0.0,COMPLETED,UNKNOWN,WH-01
2026-02-28,ORD101586,SKU0054,5,184.67,10,831.02,CUST01273,ASWAN,MARKETPLACE,CARD,6.0,COMPLETED,MONA,WH-01
2026-07-06,ORD103653,SKU0033,6,113.45,10,612.63,CUST02598,LUXOR,ONLINE,CARD,4.0,COMPLETED,MONA,WH-01
2026-07-03,ORD102467,SKU0102,3,79.96,10,215.89,CUST00470,ASWAN,ONLINE,WALLET,4.0,COMPLETED,UNKNOWN,WH-03
2026-05-30,ORD104299,SKU0162,1,199.7,20,159.76,CUST01840,MANSOURA,STORE,CARD,8.0,COMPLETED,YOUSSEF,WH-04
2026-01-20,ORD102736,SKU0047,2,276.04,35,358.85,CUST02282,CAIRO,MARKETPLACE,WALLET,2.0,RETURNED,UNKNOWN,WH-05
2026-01-23,ORD101875,SKU0198,2,166.16,25,249.24,CUST01305,CAIRO,WHOLESALE,BNPL,8.0,COMPLETED,ALI,WH-04
2026-01-09,ORD102548,SKU0083,3,51.73,45,85.35,CUST00395,TANTA,ONLINE,BNPL,3.0,COMPLETED,ALI,WH-02
2026-03-21,ORD104661,SKU0087,2,154.32,30,216.05,CUST02462,MANSOURA,ONLINE,WALLET,9.0,COMPLETED,ALI,WH-05
2026-03-13,ORD103818,SKU0150,1,171.17,15,145.49,CUST02589,TANTA,ONLINE,WALLET,1.0,RETURNED,SARA,WH-01
2026-06-22,ORD102623,SKU0012,3,98.5,15,251.18,CUST01312,GIZA,STORE,WALLET,7.0,COMPLETED,OMAR,WH-04
2026-05-16,ORD103400,SKU0027,6,401.21,5,2286.9,CUST02547,ASWAN,STORE,CASH,9.0,COMPLETED,SARA,WH-05
2026-04-16,ORD100538,SKU0051,3,22.67,45,37.41,CUST00725,MANSOURA,MARKETPLACE,WALLET,1.0,COMPLETED,UNKNOWN,WH-03
2026-05-13,ORD100461,SKU0090,3,273.02,5,778.11,CUST01477,GIZA,ONLINE,CASH,4.0,COMPLETED,UNKNOWN,WH-03
2026-05-30,ORD103622,SKU0104,1,53.46,10,48.11,CUST01037,ALEXANDRIA,MARKETPLACE,BNPL,4.0,COMPLETED,YOUSSEF,WH-02
2026-02-03,ORD101997,SKU0091,3,90.43,25,203.47,CUST01771,ASWAN,STORE,BNPL,8.0,RETURNED,UNKNOWN,WH-02
2026-04-10,ORD101042,SKU0036,2,231.88,10,417.38,CUST01865,GIZA,STORE,UNKNOWN,10.0,COMPLETED,OMAR,WH-03
2026-06-03,ORD100282,SKU0056,1,82.52,30,57.76,CUST02648,ASWAN,WHOLESALE,BNPL,4.0,COMPLETED,UNKNOWN,WH-05
2026-04-08,ORD101130,SKU0190,4,263.3,30,737.24,CUST02801,TANTA,ONLINE,CASH,6.0,COMPLETED,SARA,WH-02
2026-07-10,ORD103856,SKU0052,1,111.1,30,77.77,CUST01645,LUXOR,STORE,CARD,5.0,COMPLETED,ALI,WH-05
2026-03-29,ORD101528,SKU0168,1,18.1,0,18.1,CUST00871,ALEXANDRIA,ONLINE,BNPL,1.0,COMPLETED,UNKNOWN,WH-02
2026-01-01,ORD104195,SKU0176,1,236.79,10,213.11,CUST00240,GIZA,WHOLESALE,CASH,8.0,COMPLETED,OMAR,WH-01
2026-04-13,ORD102345,SKU0189,3,211.61,10,571.35,CUST01916,GIZA,MARKETPLACE,WALLET,1.0,COMPLETED,YOUSSEF,WH-04
2026-01-14,ORD102701,SKU0007,3,259.3,5,739.0,CUST00550,MANSOURA,WHOLESALE,WALLET,3.0,COMPLETED,MONA,WH-05
2026-03-01,ORD103906,SKU0188,2,30.99,30,43.39,CUST00297,MANSOURA,WHOLESALE,CASH,3.0,COMPLETED,SARA,WH-01
2025-12-26,ORD103428,SKU0151,4,27.38,25,82.14,CUST00873,TANTA,WHOLESALE,WALLET,5.0,COMPLETED,SARA,WH-04
2026-05-14,ORD103603,SKU0185,2,54.52,25,81.78,CUST01892,MANSOURA,MARKETPLACE,UNKNOWN,10.0,COMPLETED,UNKNOWN,WH-03
2026-05-10,ORD101596,SKU0034,1,66.27,25,49.7,CUST02293,GIZA,STORE,WALLET,6.0,COMPLETED,UNKNOWN,WH-04
2026-06-14,ORD104518,SKU0051,4,22.96,35,59.7,CUST01070,ALEXANDRIA,MARKETPLACE,CARD,6.0,COMPLETED,SARA,WH-05
2026-02-28,ORD103901,SKU0092,3,417.83,15,1065.47,CUST02644,GIZA,WHOLESALE,CARD,2.0,COMPLETED,ALI,WH-05
2026-02-01,ORD102309,SKU0140,6,313.96,35,1224.44,CUST02811,LUXOR,MARKETPLACE,BNPL,8.0,COMPLETED,MONA,WH-05
2026-01-08,ORD101098,SKU0091,2,94.41,45,103.85,CUST00604,GIZA,WHOLESALE,BNPL,5.0,COMPLETED,SARA,WH-02
2026-06-15,ORD102988,SKU0146,2,14.88,0,29.76,CUST02240,LUXOR,MARKETPLACE,CARD,2.0,COMPLETED,MONA,WH-04
2026-03-28,ORD100496,SKU0117,4,226.85,35,589.81,CUST00656,GIZA,STORE,UNKNOWN,1.0,COMPLETED,OMAR,WH-02
2026-06-28,ORD101459,SKU0063,5,85.52,35,277.94,CUST00991,ALEXANDRIA,STORE,UNKNOWN,5.0,COMPLETED,SARA,WH-03
2026-02-23,ORD103419,SKU0176,1,246.7,15,209.7,CUST01310,LUXOR,WHOLESALE,CARD,1.0,COMPLETED,YOUSSEF,WH-03
2026-06-19,ORD101906,SKU0174,3,156.82,45,258.75,CUST00755,ALEXANDRIA,WHOLESALE,WALLET,5.0,COMPLETED,ALI,WH-03
2026-01-24,ORD101843,SKU0114,3,302.81,0,908.43,CUST01543,CAIRO,WHOLESALE,UNKNOWN,9.0,COMPLETED,UNKNOWN,WH-05
2026-04-24,ORD104500,SKU0122,5,319.42,5,1517.24,CUST01751,TANTA,WHOLESALE,UNKNOWN,1.0,COMPLETED,UNKNOWN,WH-01
2026-02-12,ORD101383,SKU0139,3,310.14,35,604.77,CUST02977,GIZA,ONLINE,UNKNOWN,4.0,COMPLETED,UNKNOWN,WH-04
2026-06-23,ORD102773,SKU0025,3,153.88,0,461.64,CUST00676,LUXOR,ONLINE,CARD,1.0,COMPLETED,UNKNOWN,WH-05
2026-01-26,ORD102727,SKU0125,1,436.74,15,371.23,CUST01401,CAIRO,WHOLESALE,WALLET,9.0,COMPLETED,OMAR,WH-04
2026-06-11,ORD101558,SKU0056,3,92.02,45,151.83,CUST01984,ASWAN,WHOLESALE,WALLET,9.0,COMPLETED,ALI,WH-05
2026-02-03,ORD100684,SKU0045,1,313.89,15,266.81,CUST02592,ALEXANDRIA,STORE,CARD,4.0,COMPLETED,OMAR,WH-02
2026-07-22,ORD101451,SKU0060,3,305.94,0,917.82,CUST00982,GIZA,ONLINE,UNKNOWN,6.0,CANCELLED,ALI,WH-02
2026-04-21,ORD103975,SKU0049,5,178.47,20,713.88,CUST02876,CAIRO,ONLINE,BNPL,9.0,COMPLETED,OMAR,WH-05
2026-07-18,ORD100556,SKU0104,2,49.71,45,54.68,CUST01114,ASWAN,ONLINE,CARD,4.0,COMPLETED,SARA,WH-02
2026-04-08,ORD104108,SKU0039,5,201.54,35,655.0,CUST01596,ALEXANDRIA,MARKETPLACE,WALLET,0.0,COMPLETED,UNKNOWN,WH-02
2026-01-18,ORD103129,SKU0148,6,56.13,10,303.1,CUST00739,ASWAN,MARKETPLACE,CASH,0.0,COMPLETED,UNKNOWN,WH-02
2026-04-02,ORD103434,SKU0010,2,127.73,20,204.37,CUST02486,GIZA,MARKETPLACE,CARD,8.0,COMPLETED,OMAR,WH-02
2026-01-27,ORD100321,SKU0044,6,283.74,45,936.34,CUST00778,MANSOURA,STORE,UNKNOWN,0.0,RETURNED,SARA,WH-03
2026-01-22,ORD101815,SKU0041,4,329.55,10,1186.38,CUST01772,ASWAN,ONLINE,CARD,5.0,COMPLETED,ALI,WH-01
2026-05-27,ORD104621,SKU0132,1,61.12,35,39.73,CUST01089,ASWAN,STORE,CASH,9.0,RETURNED,ALI,WH-05
2026-06-04,ORD104579,SKU0167,1,11.22,15,9.54,CUST00572,GIZA,STORE,CARD,0.0,COMPLETED,MONA,WH-02
2026-03-11,ORD101680,SKU0064,1,371.45,35,241.44,CUST00164,CAIRO,STORE,CARD,6.0,CANCELLED,OMAR,WH-05
2026-07-14,ORD102334,SKU0199,3,275.96,25,620.91,CUST01807,MANSOURA,WHOLESALE,CARD,7.0,COMPLETED,YOUSSEF,WH-02
2026-01-22,ORD101390,SKU0109,1,153.59,35,99.83,CUST02541,ASWAN,MARKETPLACE,WALLET,4.0,COMPLETED,YOUSSEF,WH-05
2026-07-17,ORD101311,SKU0127,3,290.9,5,829.06,CUST01263,TANTA,ONLINE,CARD,7.0,COMPLETED,SARA,WH-03
2026-02-24,ORD101567,SKU0026,1,406.71,10,366.04,CUST01687,LUXOR,MARKETPLACE,WALLET,0.0,COMPLETED,SARA,WH-03
2026-03-14,ORD103191,SKU0195,2,320.49,25,480.74,CUST01806,GIZA,ONLINE,CASH,8.0,COMPLETED,SARA,WH-05
2026-01-25,ORD100240,SKU0110,4,291.2,45,640.64,CUST01436,TANTA,STORE,WALLET,3.0,COMPLETED,ALI,WH-01
2026-07-15,ORD101718,SKU0133,4,354.97,25,1064.91,CUST02836,TANTA,WHOLESALE,CARD,10.0,COMPLETED,UNKNOWN,WH-05
2026-05-31,ORD104331,SKU0047,2,304.04,25,456.06,CUST00468,TANTA,MARKETPLACE,WALLET,7.0,COMPLETED,YOUSSEF,WH-02
2026-01-21,ORD100705,SKU0067,2,42.72,25,64.08,CUST01395,MANSOURA,ONLINE,WALLET,3.0,COMPLETED,UNKNOWN,WH-02
2026-03-18,ORD102808,SKU0056,4,92.46,0,369.84,CUST01072,ASWAN,STORE,BNPL,8.0,COMPLETED,MONA,WH-03
2026-05-08,ORD104425,SKU0050,5,13.35,0,66.75,CUST00921,ASWAN,WHOLESALE,CASH,2.0,COMPLETED,OMAR,WH-04
2026-05-15,ORD102325,SKU0196,1,324.09,0,324.09,CUST01273,ALEXANDRIA,WHOLESALE,CASH,10.0,COMPLETED,SARA,WH-05
2026-07-24,ORD103847,SKU0191,3,60.56,0,181.68,CUST01423,LUXOR,STORE,UNKNOWN,5.0,COMPLETED,MONA,WH-01
2026-04-26,ORD100899,SKU0140,1,329.24,25,246.93,CUST01693,MANSOURA,STORE,WALLET,0.0,COMPLETED,UNKNOWN,WH-03
2026-01-20,ORD103915,SKU0124,3,200.16,45,330.26,CUST00258,GIZA,WHOLESALE,UNKNOWN,6.0,COMPLETED,SARA,WH-01
2026-06-03,ORD101949,SKU0122,2,290.93,30,407.3,CUST01638,TANTA,STORE,CASH,5.0,COMPLETED,OMAR,WH-03
2026-04-16,ORD104869,SKU0138,1,177.11,25,132.83,CUST01148,LUXOR,WHOLESALE,WALLET,1.0,COMPLETED,UNKNOWN,WH-05
2026-07-03,ORD101391,SKU0029,1,31.29,30,21.9,CUST02646,CAIRO,WHOLESALE,UNKNOWN,2.0,COMPLETED,MONA,WH-04
2026-07-02,ORD102898,SKU0157,1,24.53,10,22.08,CUST01251,MANSOURA,STORE,WALLET,5.0,COMPLETED,ALI,WH-03
2026-07-21,ORD101942,SKU0112,3,36.74,5,104.71,CUST00411,TANTA,WHOLESALE,UNKNOWN,8.0,COMPLETED,UNKNOWN,WH-05
2026-05-14,ORD104394,SKU0095,3,152.53,0,457.59,CUST02295,TANTA,WHOLESALE,CARD,10.0,RETURNED,YOUSSEF,WH-05
2026-06-17,ORD101688,SKU0165,2,131.21,35,170.57,CUST02219,CAIRO,MARKETPLACE,WALLET,9.0,COMPLETED,MONA,WH-04
2026-02-12,ORD103252,SKU0163,1,394.01,35,256.11,CUST01464,LUXOR,WHOLESALE,CARD,6.0,COMPLETED,YOUSSEF,WH-01
2026-03-04,ORD102184,SKU0180,3,377.18,20,905.23,CUST00784,CAIRO,MARKETPLACE,BNPL,7.0,COMPLETED,SARA,WH-01
2026-07-03,ORD100274,SKU0192,6,291.81,25,1313.14,CUST02133,ALEXANDRIA,STORE,WALLET,1.0,COMPLETED,SARA,WH-02
2026-06-23,ORD101457,SKU0040,2,97.75,35,127.08,CUST00465,ASWAN,WHOLESALE,CARD,7.0,COMPLETED,UNKNOWN,WH-04
2026-01-19,ORD100650,SKU0165,1,120.87,45,66.48,CUST00593,GIZA,ONLINE,CASH,9.0,COMPLETED,MONA,WH-02
2026-07-08,ORD103054,SKU0044,1,282.43,20,225.94,CUST00440,LUXOR,WHOLESALE,UNKNOWN,2.0,COMPLETED,OMAR,WH-04
2026-06-29,ORD103403,SKU0050,2,12.9,35,16.77,CUST00641,CAIRO,STORE,CASH,10.0,COMPLETED,OMAR,WH-04
2026-02-05,ORD100530,SKU0041,1,355.77,15,302.4,CUST00216,ALEXANDRIA,STORE,UNKNOWN,7.0,COMPLETED,SARA,WH-03
2026-05-10,ORD101051,SKU0130,1,146.46,0,146.46,CUST02369,MANSOURA,STORE,BNPL,6.0,RETURNED,ALI,WH-03
2026-01-15,ORD102761,SKU0156,4,125.34,15,426.16,CUST00632,ALEXANDRIA,MARKETPLACE,CASH,4.0,COMPLETED,SARA,WH-05
2026-04-08,ORD100219,SKU0171,1,175.78,5,166.99,CUST01712,LUXOR,MARKETPLACE,WALLET,3.0,COMPLETED,OMAR,WH-01
2026-01-23,ORD102463,SKU0127,4,287.82,15,978.59,CUST00343,CAIRO,MARKETPLACE,BNPL,9.0,COMPLETED,UNKNOWN,WH-03
2026-05-21,ORD103272,SKU0160,3,55.5,45,91.58,CUST00345,LUXOR,STORE,CARD,3.0,COMPLETED,MONA,WH-03
2026-03-04,ORD104348,SKU0146,50,14.04,45,386.1,CUST01576,ASWAN,MARKETPLACE,CASH,1.0,COMPLETED,MONA,WH-03
2026-06-21,ORD102117,SKU0165,4,124.54,20,398.53,CUST02941,LUXOR,ONLINE,WALLET,1.0,COMPLETED,SARA,WH-04
2026-03-06,ORD104010,SKU0002,3,263.74,30,553.85,CUST02562,GIZA,ONLINE,CARD,7.0,COMPLETED,MONA,WH-05
2026-04-05,ORD100793,SKU0052,4,126.94,30,355.43,CUST01039,TANTA,ONLINE,CASH,9.0,COMPLETED,MONA,WH-03
2026-04-09,ORD100236,SKU0106,4,220.06,45,484.13,CUST00217,CAIRO,WHOLESALE,BNPL,0.0,COMPLETED,MONA,WH-04
2026-06-18,ORD100186,SKU0038,2,277.96,45,305.76,CUST02324,MANSOURA,STORE,WALLET,3.0,COMPLETED,YOUSSEF,WH-01
2026-01-01,ORD104581,SKU0022,3,29.62,30,62.2,CUST00540,MANSOURA,WHOLESALE,BNPL,5.0,COMPLETED,ALI,WH-02
2026-06-05,ORD100266,SKU0162,3,203.83,0,611.49,CUST00727,ASWAN,WHOLESALE,CASH,6.0,RETURNED,SARA,WH-03
2026-02-26,ORD102928,SKU0158,1,321.37,35,208.89,CUST02873,GIZA,MARKETPLACE,WALLET,5.0,COMPLETED,MONA,WH-01
2026-07-18,ORD103468,SKU0097,4,345.9,15,1176.06,CUST00947,LUXOR,STORE,CARD,2.0,COMPLETED,ALI,WH-01
2026-03-07,ORD101701,SKU0102,2,78.93,20,126.29,CUST01701,ASWAN,MARKETPLACE,WALLET,8.0,RETURNED,OMAR,WH-05
2026-04-20,ORD101515,SKU0023,1,107.24,30,75.07,CUST00923,ASWAN,STORE,WALLET,1.0,COMPLETED,UNKNOWN,WH-04
2026-06-17,ORD102601,SKU0157,4,24.77,15,84.22,CUST01501,ASWAN,MARKETPLACE,BNPL,2.0,COMPLETED,MONA,WH-05
2026-05-03,ORD101661,SKU0095,1,158.2,25,118.65,CUST02834,CAIRO,MARKETPLACE,BNPL,10.0,COMPLETED,ALI,WH-04
2026-03-15,ORD101599,SKU0146,4,13.69,35,35.59,CUST02752,MANSOURA,MARKETPLACE,CARD,10.0,COMPLETED,SARA,WH-05
2026-03-10,ORD104212,SKU0041,1,344.04,30,240.83,CUST01222,TANTA,STORE,UNKNOWN,3.0,COMPLETED,OMAR,WH-04
2026-04-24,ORD104796,SKU0042,1,82.66,5,78.53,CUST02452,CAIRO,ONLINE,UNKNOWN,9.0,COMPLETED,UNKNOWN,WH-02
2026-01-07,ORD103687,SKU0071,6,283.72,15,1446.97,CUST01298,TANTA,WHOLESALE,WALLET,10.0,COMPLETED,SARA,WH-01
2026-04-06,ORD101931,SKU0106,2,210.35,45,231.39,CUST00281,ALEXANDRIA,ONLINE,BNPL,8.0,COMPLETED,SARA,WH-02
2026-04-15,ORD102828,SKU0059,2,221.05,10,397.89,CUST01746,MANSOURA,ONLINE,BNPL,3.0,COMPLETED,MONA,WH-04
2026-06-09,ORD103279,SKU0199,5,293.57,45,807.32,CUST01920,CAIRO,STORE,UNKNOWN,4.0,COMPLETED,MONA,WH-03
2026-06-01,ORD103602,SKU0160,1,51.21,5,48.65,CUST01538,CAIRO,ONLINE,WALLET,6.0,COMPLETED,ALI,WH-05
2026-07-16,ORD102877,SKU0073,1,73.86,15,62.78,CUST01728,ASWAN,STORE,UNKNOWN,6.0,COMPLETED,YOUSSEF,WH-03
2026-02-24,ORD104940,SKU0100,4,408.88,10,1471.97,CUST00970,LUXOR,MARKETPLACE,CARD,7.0,COMPLETED,MONA,WH-05
2026-07-10,ORD104350,SKU0089,1,240.98,25,180.74,CUST01948,GIZA,WHOLESALE,WALLET,7.0,RETURNED,MONA,WH-03
2026-01-30,ORD103734,SKU0052,2,123.27,15,209.56,CUST02001,LUXOR,STORE,UNKNOWN,6.0,RETURNED,OMAR,WH-01
2026-02-11,ORD103126,SKU0197,2,170.23,5,323.44,CUST01214,MANSOURA,WHOLESALE,WALLET,3.0,COMPLETED,UNKNOWN,WH-01
2026-04-30,ORD102872,SKU0009,2,111.86,10,201.35,CUST00974,MANSOURA,MARKETPLACE,CASH,5.0,COMPLETED,YOUSSEF,WH-05
2026-05-27,ORD101837,SKU0157,2,23.12,10,41.62,CUST00473,MANSOURA,MARKETPLACE,CARD,6.0,COMPLETED,OMAR,WH-05
2026-04-22,ORD104227,SKU0040,3,107.11,30,224.93,CUST02260,LUXOR,STORE,UNKNOWN,4.0,COMPLETED,OMAR,WH-05
2026-02-25,ORD104117,SKU0104,1,52.55,10,47.3,CUST01915,ASWAN,WHOLESALE,CARD,3.0,COMPLETED,YOUSSEF,WH-02
2026-01-28,ORD104149,SKU0098,5,109.92,15,467.16,CUST01413,TANTA,MARKETPLACE,CASH,1.0,COMPLETED,UNKNOWN,WH-01
2026-06-21,ORD103678,SKU0024,2,119.9,20,191.84,CUST02345,ASWAN,STORE,WALLET,1.0,COMPLETED,UNKNOWN,WH-05
2026-02-16,ORD104815,SKU0010,1,133.42,25,100.06,CUST01832,MANSOURA,MARKETPLACE,WALLET,4.0,COMPLETED,OMAR,WH-04
2026-07-24,ORD104571,SKU0016,2,184.19,25,276.28,CUST02094,TANTA,MARKETPLACE,WALLET,7.0,COMPLETED,YOUSSEF,WH-02
2026-03-13,ORD101554,SKU0131,3,307.6,5,876.66,CUST02875,GIZA,STORE,CASH,8.0,COMPLETED,OMAR,WH-04
2026-05-29,ORD100464,SKU0198,2,169.67,45,186.64,CUST00043,ASWAN,MARKETPLACE,BNPL,4.0,COMPLETED,YOUSSEF,WH-04
2026-05-19,ORD101044,SKU0064,1,377.58,10,339.82,CUST00619,MANSOURA,MARKETPLACE,UNKNOWN,5.0,COMPLETED,ALI,WH-02
2026-07-15,ORD100479,SKU0093,2,117.24,45,128.96,CUST00033,CAIRO,WHOLESALE,UNKNOWN,2.0,COMPLETED,OMAR,WH-03
2026-06-19,ORD101839,SKU0083,1,51.21,15,43.53,CUST01609,MANSOURA,ONLINE,UNKNOWN,1.0,COMPLETED,YOUSSEF,WH-05
2026-07-03,ORD100401,SKU0053,2,290.99,45,320.09,CUST00988,ASWAN,WHOLESALE,UNKNOWN,10.0,COMPLETED,SARA,WH-03
2026-02-06,ORD100360,SKU0113,2,85.65,30,119.91,CUST00129,CAIRO,MARKETPLACE,CASH,7.0,COMPLETED,OMAR,WH-03
2026-02-18,ORD102961,SKU0126,3,104.86,5,298.85,CUST00049,ALEXANDRIA,WHOLESALE,UNKNOWN,3.0,COMPLETED,YOUSSEF,WH-03
2026-06-09,ORD102905,SKU0147,2,280.58,35,364.75,CUST02909,ASWAN,ONLINE,BNPL,3.0,CANCELLED,MONA,WH-03
2026-01-09,ORD104575,SKU0047,1,264.74,25,198.56,CUST00982,ASWAN,MARKETPLACE,UNKNOWN,7.0,COMPLETED,UNKNOWN,WH-02
2026-02-27,ORD101303,SKU0087,6,145.04,20,696.19,CUST01976,GIZA,ONLINE,BNPL,0.0,RETURNED,ALI,WH-04
2026-04-22,ORD100573,SKU0149,1,214.56,5,203.83,CUST02340,MANSOURA,MARKETPLACE,CARD,10.0,RETURNED,OMAR,WH-01
2026-02-08,ORD100527,SKU0117,2,222.26,0,444.52,CUST02893,ALEXANDRIA,MARKETPLACE,WALLET,4.0,COMPLETED,UNKNOWN,WH-01
2026-05-31,ORD103974,SKU0178,2,36.5,45,40.15,CUST00136,ALEXANDRIA,WHOLESALE,BNPL,8.0,COMPLETED,MONA,WH-04
2025-12-27,ORD100950,SKU0187,3,49.01,25,110.27,CUST02924,GIZA,WHOLESALE,UNKNOWN,6.0,COMPLETED,UNKNOWN,WH-01
2026-05-03,ORD100029,SKU0048,1,295.09,25,221.32,CUST00440,ALEXANDRIA,STORE,WALLET,9.0,COMPLETED,UNKNOWN,WH-04
2026-02-15,ORD104339,SKU0131,4,296.83,5,1127.95,CUST00636,ALEXANDRIA,MARKETPLACE,CASH,5.0,COMPLETED,MONA,WH-03
2026-02-26,ORD101453,SKU0151,4,29.07,25,87.21,CUST02263,LUXOR,STORE,CASH,6.0,COMPLETED,YOUSSEF,WH-01
2026-04-05,ORD102987,SKU0173,1,162.81,20,130.25,CUST00112,GIZA,WHOLESALE,WALLET,3.0,CANCELLED,UNKNOWN,WH-02
2026-02-11,ORD101472,SKU0063,3,88.6,25,199.35,CUST00058,MANSOURA,MARKETPLACE,CARD,10.0,COMPLETED,YOUSSEF,WH-02
2026-05-24,ORD101711,SKU0195,2,321.73,0,643.46,CUST01318,LUXOR,ONLINE,BNPL,5.0,COMPLETED,SARA,WH-02
2026-01-16,ORD100293,SKU0113,2,88.76,25,133.14,CUST00694,MANSOURA,WHOLESALE,BNPL,0.0,RETURNED,SARA,WH-02
2026-07-16,ORD104139,SKU0132,4,59.5,30,166.6,CUST00914,LUXOR,WHOLESALE,UNKNOWN,2.0,COMPLETED,ALI,WH-01
2026-05-20,ORD102782,SKU0068,5,315.65,30,1104.77,CUST01336,CAIRO,MARKETPLACE,BNPL,8.0,COMPLETED,SARA,WH-01
2026-05-01,ORD101972,SKU0069,50,230.88,0,11544.0,CUST01690,ASWAN,MARKETPLACE,WALLET,1.0,COMPLETED,MONA,WH-02
2026-05-29,ORD101897,SKU0167,2,11.27,35,14.65,CUST01898,CAIRO,ONLINE,UNKNOWN,1.0,COMPLETED,UNKNOWN,WH-03
2026-03-23,ORD104935,SKU0012,1,100.31,45,55.17,CUST00842,GIZA,STORE,CASH,2.0,COMPLETED,SARA,WH-04
2026-01-11,ORD101452,SKU0016,1,187.3,30,131.11,CUST01463,ASWAN,MARKETPLACE,WALLET,7.0,COMPLETED,MONA,WH-02
2026-02-24,ORD103668,SKU0198,3,156.41,20,375.38,CUST00637,ASWAN,MARKETPLACE,CASH,8.0,COMPLETED,UNKNOWN,WH-03
2026-05-18,ORD102371,SKU0123,4,19.25,0,77.0,CUST02781,ASWAN,MARKETPLACE,CARD,0.0,COMPLETED,ALI,WH-04
2026-07-03,ORD102287,SKU0005,1,253.47,15,215.45,CUST00755,TANTA,WHOLESALE,UNKNOWN,0.0,COMPLETED,UNKNOWN,WH-04
2026-07-18,ORD102456,SKU0082,4,243.59,0,974.36,CUST02066,TANTA,STORE,CARD,3.0,COMPLETED,OMAR,WH-02
2026-01-08,ORD100531,SKU0075,1,25.0,10,22.5,CUST01006,ALEXANDRIA,MARKETPLACE,BNPL,4.0,COMPLETED,OMAR,WH-04
2026-01-20,ORD101467,SKU0072,2,166.07,30,232.5,CUST01196,GIZA,MARKETPLACE,CASH,10.0,COMPLETED,MONA,WH-01
2026-06-11,ORD100207,SKU0036,2,213.71,30,299.19,CUST01073,GIZA,MARKETPLACE,BNPL,8.0,COMPLETED,UNKNOWN,WH-05
2026-01-27,ORD100143,SKU0172,1,64.29,45,35.36,CUST01919,GIZA,ONLINE,UNKNOWN,6.0,COMPLETED,ALI,WH-03
2026-03-24,ORD103500,SKU0125,3,455.15,15,1160.63,CUST02268,GIZA,WHOLESALE,UNKNOWN,4.0,COMPLETED,OMAR,WH-02
2025-12-29,ORD103760,SKU0070,2,175.45,10,315.81,CUST00163,CAIRO,ONLINE,CASH,4.0,COMPLETED,OMAR,WH-03
2026-01-31,ORD103438,SKU0081,1,139.93,10,125.94,CUST01769,ASWAN,WHOLESALE,CARD,4.0,COMPLETED,ALI,WH-02
2026-02-06,ORD101065,SKU0185,2,55.29,15,93.99,CUST00185,ALEXANDRIA,STORE,UNKNOWN,7.0,COMPLETED,ALI,WH-03
2026-04-29,ORD102094,SKU0127,1,258.42,15,219.66,CUST01303,MANSOURA,STORE,CARD,5.0,COMPLETED,YOUSSEF,WH-03
2026-06-19,ORD101428,SKU0008,2,60.54,15,102.92,CUST02506,LUXOR,MARKETPLACE,CARD,4.0,COMPLETED,UNKNOWN,WH-01
2026-07-12,ORD103810,SKU0100,1,360.42,5,342.4,CUST02952,LUXOR,MARKETPLACE,CASH,2.0,COMPLETED,YOUSSEF,WH-05
2026-07-21,ORD103592,SKU0065,3,11.18,0,33.54,CUST00800,ALEXANDRIA,WHOLESALE,CASH,9.0,COMPLETED,MONA,WH-05
2026-02-12,ORD101541,SKU0181,1,147.58,30,103.31,CUST01663,ALEXANDRIA,WHOLESALE,UNKNOWN,10.0,COMPLETED,SARA,WH-03
2026-03-17,ORD102001,SKU0120,3,184.22,45,303.96,CUST00359,LUXOR,STORE,CARD,5.0,COMPLETED,MONA,WH-01
2026-03-01,ORD102069,SKU0004,1,35.23,45,19.38,CUST00237,CAIRO,MARKETPLACE,BNPL,8.0,RETURNED,YOUSSEF,WH-01
2026-05-31,ORD101876,SKU0038,1,302.97,35,196.93,CUST01307,ASWAN,STORE,CASH,7.0,COMPLETED,UNKNOWN,WH-04
2026-04-23,ORD100190,SKU0118,1,82.94,20,66.35,CUST02663,TANTA,MARKETPLACE,BNPL,4.0,COMPLETED,MONA,WH-05
2026-05-23,ORD102560,SKU0141,1,276.28,15,234.84,CUST02431,MANSOURA,WHOLESALE,BNPL,7.0,RETURNED,SARA,WH-01
2026-06-23,ORD102503,SKU0069,1,202.46,30,141.72,CUST01806,ASWAN,WHOLESALE,BNPL,0.0,COMPLETED,OMAR,WH-05
2026-07-22,ORD103978,SKU0079,1,283.56,30,198.49,CUST01783,GIZA,STORE,CARD,5.0,COMPLETED,UNKNOWN,WH-02
2026-04-03,ORD100682,SKU0064,1,393.43,45,216.39,CUST02755,GIZA,STORE,BNPL,1.0,COMPLETED,UNKNOWN,WH-03
2026-02-22,ORD103443,SKU0111,1,259.1,35,168.42,CUST02736,TANTA,WHOLESALE,UNKNOWN,9.0,COMPLETED,SARA,WH-02
2026-03-30,ORD101865,SKU0078,6,277.68,10,1499.47,CUST00127,LUXOR,WHOLESALE,WALLET,5.0,COMPLETED,MONA,WH-05
2026-07-24,ORD103971,SKU0066,1,134.14,5,127.43,CUST00701,ASWAN,WHOLESALE,CASH,2.0,RETURNED,SARA,WH-04
2026-01-01,ORD104173,SKU0149,5,211.96,10,953.82,CUST02516,ALEXANDRIA,MARKETPLACE,WALLET,9.0,COMPLETED,OMAR,WH-04
2026-05-16,ORD104850,SKU0043,1,104.95,0,104.95,CUST00202,ASWAN,STORE,CARD,10.0,COMPLETED,UNKNOWN,WH-02
2026-04-04,ORD104585,SKU0019,4,86.68,5,329.38,CUST00974,TANTA,ONLINE,WALLET,3.0,COMPLETED,YOUSSEF,WH-04
2026-02-12,ORD102900,SKU0028,3,295.77,20,709.85,CUST01437,ALEXANDRIA,WHOLESALE,CASH,10.0,COMPLETED,OMAR,WH-04
2026-05-15,ORD104722,SKU0032,5,256.75,45,706.06,CUST01952,TANTA,ONLINE,CARD,2.0,COMPLETED,YOUSSEF,WH-01
2026-04-24,ORD104131,SKU0184,2,450.69,30,630.97,CUST02232,GIZA,ONLINE,BNPL,5.0,COMPLETED,UNKNOWN,WH-03
2026-05-15,ORD102122,SKU0142,2,95.93,20,153.49,CUST02662,LUXOR,ONLINE,CARD,8.0,COMPLETED,YOUSSEF,WH-05
2026-06-23,ORD103139,SKU0027,1,416.95,20,333.56,CUST01383,LUXOR,STORE,BNPL,7.0,COMPLETED,UNKNOWN,WH-01
2026-05-17,ORD100911,SKU0084,2,94.38,25,141.57,CUST02081,ALEXANDRIA,STORE,WALLET,2.0,COMPLETED,OMAR,WH-02
2026-02-18,ORD104807,SKU0009,2,108.74,0,217.48,CUST02474,LUXOR,ONLINE,CASH,9.0,CANCELLED,UNKNOWN,WH-05
2026-05-31,ORD101344,SKU0062,5,82.88,45,227.92,CUST00094,GIZA,WHOLESALE,UNKNOWN,4.0,COMPLETED,OMAR,WH-04
2026-07-12,ORD104345,SKU0077,4,63.87,0,255.48,CUST01999,MANSOURA,MARKETPLACE,UNKNOWN,0.0,COMPLETED,ALI,WH-03
2026-01-01,ORD100460,SKU0010,2,146.61,35,190.59,CUST00603,CAIRO,ONLINE,CARD,7.0,COMPLETED,OMAR,WH-03
2026-01-17,ORD100493,SKU0080,4,112.13,35,291.54,CUST02078,TANTA,MARKETPLACE,CARD,1.0,COMPLETED,ALI,WH-05
2026-03-17,ORD103682,SKU0097,1,365.72,45,201.15,CUST01290,MANSOURA,WHOLESALE,UNKNOWN,2.0,COMPLETED,UNKNOWN,WH-02
2026-06-17,ORD101033,SKU0076,1,261.64,25,196.23,CUST02385,ALEXANDRIA,ONLINE,WALLET,5.0,COMPLETED,MONA,WH-02
2026-06-24,ORD101981,SKU0147,3,264.93,10,715.31,CUST02139,MANSOURA,MARKETPLACE,CASH,7.0,COMPLETED,MONA,WH-04
2025-12-31,ORD100476,SKU0181,6,157.1,30,659.82,CUST01416,CAIRO,STORE,WALLET,9.0,COMPLETED,UNKNOWN,WH-04
2026-06-18,ORD103130,SKU0071,4,271.96,45,598.31,CUST00057,ALEXANDRIA,WHOLESALE,BNPL,6.0,COMPLETED,UNKNOWN,WH-03
2026-04-28,ORD104474,SKU0017,1,44.63,10,40.17,CUST00919,MANSOURA,STORE,WALLET,7.0,COMPLETED,SARA,WH-02
2026-04-17,ORD103824,SKU0069,3,213.75,25,480.94,CUST00826,TANTA,ONLINE,CASH,10.0,COMPLETED,YOUSSEF,WH-04
2026-07-07,ORD104026,SKU0140,2,321.28,30,449.79,CUST01099,TANTA,STORE,BNPL,1.0,COMPLETED,SARA,WH-01
2026-07-23,ORD103795,SKU0019,1,78.95,15,67.11,CUST00378,MANSOURA,WHOLESALE,BNPL,3.0,COMPLETED,UNKNOWN,WH-01
2026-04-30,ORD100827,SKU0011,3,167.66,35,326.94,CUST01197,LUXOR,STORE,CARD,9.0,COMPLETED,SARA,WH-05
2026-05-29,ORD102405,SKU0095,2,157.67,5,299.57,CUST00836,MANSOURA,ONLINE,CASH,4.0,COMPLETED,OMAR,WH-01
2026-02-15,ORD104400,SKU0068,3,284.77,35,555.3,CUST01067,ALEXANDRIA,WHOLESALE,UNKNOWN,7.0,COMPLETED,ALI,WH-02
2026-03-27,ORD100640,SKU0032,1,286.18,15,243.25,CUST02403,TANTA,ONLINE,CARD,8.0,RETURNED,UNKNOWN,WH-05
2026-03-25,ORD101863,SKU0104,6,50.45,25,227.03,CUST00453,ASWAN,MARKETPLACE,WALLET,10.0,COMPLETED,OMAR,WH-05
2026-02-25,ORD103688,SKU0122,2,282.11,30,394.95,CUST00389,TANTA,WHOLESALE,CASH,1.0,COMPLETED,OMAR,WH-04
2026-06-17,ORD100069,SKU0007,1,241.72,45,132.95,CUST02635,ALEXANDRIA,WHOLESALE,WALLET,9.0,COMPLETED,ALI,WH-02
2026-03-02,ORD100883,SKU0022,1,25.58,5,24.3,CUST02513,LUXOR,ONLINE,CARD,8.0,RETURNED,MONA,WH-02
2026-04-27,ORD102354,SKU0173,3,161.9,0,485.7,CUST01969,GIZA,STORE,WALLET,3.0,COMPLETED,ALI,WH-03
2026-01-23,ORD103809,SKU0144,5,187.32,20,749.28,CUST02772,GIZA,MARKETPLACE,CARD,4.0,COMPLETED,SARA,WH-02
2026-05-30,ORD104420,SKU0153,2,330.09,30,462.13,CUST02125,MANSOURA,MARKETPLACE,UNKNOWN,10.0,COMPLETED,UNKNOWN,WH-05
2026-06-30,ORD103287,SKU0053,1,289.12,35,187.93,CUST02059,LUXOR,STORE,WALLET,4.0,COMPLETED,MONA,WH-02
2026-02-12,ORD101080,SKU0121,1,470.44,0,470.44,CUST00473,CAIRO,STORE,WALLET,9.0,COMPLETED,OMAR,WH-04
2026-05-19,ORD100173,SKU0035,3,50.51,45,83.34,CUST02243,MANSOURA,WHOLESALE,CASH,2.0,COMPLETED,YOUSSEF,WH-04
2026-04-23,ORD102500,SKU0072,2,150.29,15,255.49,CUST02689,ALEXANDRIA,WHOLESALE,BNPL,4.0,COMPLETED,ALI,WH-02
2025-12-29,ORD102458,SKU0128,3,76.95,25,173.14,CUST00606,ASWAN,STORE,WALLET,4.0,COMPLETED,ALI,WH-02
2026-01-20,ORD103557,SKU0117,4,216.96,45,477.31,CUST01292,GIZA,STORE,WALLET,9.0,COMPLETED,SARA,WH-02
2026-07-24,ORD102331,SKU0101,1,162.29,10,146.06,CUST01954,ALEXANDRIA,STORE,CARD,9.0,COMPLETED,SARA,WH-02
2026-04-18,ORD100429,SKU0039,6,190.96,30,802.03,CUST00346,CAIRO,ONLINE,CARD,2.0,COMPLETED,ALI,WH-04
2026-03-06,ORD104560,SKU0112,1,38.44,20,30.75,CUST01118,LUXOR,MARKETPLACE,CASH,7.0,COMPLETED,OMAR,WH-03
2026-04-17,ORD102319,SKU0059,1,241.67,25,181.25,CUST00369,CAIRO,WHOLESALE,WALLET,0.0,COMPLETED,OMAR,WH-03
2026-05-13,ORD100120,SKU0169,2,372.9,5,708.51,CUST01057,ALEXANDRIA,MARKETPLACE,UNKNOWN,0.0,COMPLETED,YOUSSEF,WH-01
2026-01-29,ORD101139,SKU0076,1,289.91,20,231.93,CUST02497,TANTA,STORE,CARD,7.0,COMPLETED,UNKNOWN,WH-03
2026-02-24,ORD104656,SKU0110,3,299.91,30,629.81,CUST00542,CAIRO,ONLINE,BNPL,6.0,COMPLETED,SARA,WH-04
2026-01-23,ORD104515,SKU0031,2,131.76,20,210.82,CUST00416,MANSOURA,STORE,UNKNOWN,2.0,COMPLETED,ALI,WH-02
2026-07-10,ORD102363,SKU0198,6,154.09,0,924.54,CUST02165,CAIRO,ONLINE,BNPL,3.0,COMPLETED,SARA,WH-05
2026-03-26,ORD104220,SKU0192,2,293.28,30,410.59,CUST01547,MANSOURA,STORE,UNKNOWN,8.0,COMPLETED,UNKNOWN,WH-04
2026-07-20,ORD103889,SKU0029,3,30.91,0,92.73,CUST01712,GIZA,ONLINE,UNKNOWN,8.0,COMPLETED,SARA,WH-05
2026-03-01,ORD102162,SKU0050,1,12.77,45,7.02,CUST02352,TANTA,WHOLESALE,CASH,4.0,COMPLETED,MONA,WH-05
2026-05-10,ORD104900,SKU0180,4,343.7,0,1374.8,CUST01419,MANSOURA,STORE,CASH,3.0,COMPLETED,ALI,WH-03
2025-12-31,ORD103095,SKU0167,1,10.28,45,5.65,CUST00185,LUXOR,MARKETPLACE,BNPL,10.0,COMPLETED,OMAR,WH-04
2026-06-21,ORD102185,SKU0128,3,67.56,15,172.28,CUST00797,ALEXANDRIA,WHOLESALE,CASH,7.0,COMPLETED,ALI,WH-02
2026-04-28,ORD101399,SKU0086,1,175.76,0,175.76,CUST02234,TANTA,MARKETPLACE,UNKNOWN,10.0,COMPLETED,SARA,WH-04
2026-07-13,ORD104838,SKU0195,3,303.4,35,591.63,CUST02068,TANTA,MARKETPLACE,BNPL,6.0,COMPLETED,OMAR,WH-05
2026-01-16,ORD102214,SKU0031,2,122.63,0,245.26,CUST00717,ASWAN,ONLINE,BNPL,6.0,COMPLETED,UNKNOWN,WH-04
2026-02-02,ORD104113,SKU0194,4,85.6,25,256.8,CUST00657,ASWAN,MARKETPLACE,WALLET,5.0,COMPLETED,ALI,WH-04
2026-02-02,ORD102806,SKU0148,1,55.59,15,47.25,CUST02622,TANTA,STORE,CASH,5.0,COMPLETED,OMAR,WH-02
2026-03-25,ORD102624,SKU0054,1,187.99,5,178.59,CUST00454,LUXOR,ONLINE,UNKNOWN,6.0,COMPLETED,YOUSSEF,WH-01
2026-07-21,ORD104565,SKU0171,3,186.54,45,307.79,CUST00758,GIZA,STORE,CARD,5.0,COMPLETED,SARA,WH-02
2026-07-13,ORD102588,SKU0032,1,254.07,20,203.26,CUST02579,ASWAN,STORE,WALLET,5.0,COMPLETED,UNKNOWN,WH-01
2025-12-29,ORD101283,SKU0127,1,279.84,10,251.86,CUST01269,LUXOR,WHOLESALE,CASH,10.0,COMPLETED,ALI,WH-04
2026-01-11,ORD102550,SKU0174,6,149.5,10,807.3,CUST02925,ALEXANDRIA,ONLINE,UNKNOWN,3.0,RETURNED,YOUSSEF,WH-03
2026-01-07,ORD103968,SKU0148,1,54.74,5,52.0,CUST01402,ASWAN,WHOLESALE,WALLET,0.0,RETURNED,OMAR,WH-05
2026-05-31,ORD100657,SKU0107,1,193.4,5,183.73,CUST02220,TANTA,WHOLESALE,CASH,1.0,COMPLETED,YOUSSEF,WH-02
2026-07-03,ORD102450,SKU0038,3,307.99,30,646.78,CUST01064,ALEXANDRIA,STORE,CASH,3.0,COMPLETED,ALI,WH-02
2026-01-09,ORD101719,SKU0015,1,155.89,25,116.92,CUST00889,ASWAN,ONLINE,CASH,10.0,COMPLETED,SARA,WH-05
2026-01-25,ORD100046,SKU0002,4,303.05,30,848.54,CUST00239,LUXOR,MARKETPLACE,WALLET,8.0,COMPLETED,ALI,WH-04
2026-03-13,ORD101979,SKU0079,3,281.69,45,464.79,CUST01465,TANTA,ONLINE,UNKNOWN,10.0,COMPLETED,MONA,WH-03
2026-02-15,ORD104588,SKU0004,1,37.1,45,20.4,CUST00409,GIZA,STORE,CARD,0.0,COMPLETED,UNKNOWN,WH-04
2026-01-08,ORD103333,SKU0094,2,293.22,0,586.44,CUST02259,ASWAN,ONLINE,CASH,4.0,COMPLETED,YOUSSEF,WH-03
2026-04-12,ORD100718,SKU0082,6,220.66,25,992.97,CUST00699,CAIRO,WHOLESALE,BNPL,9.0,COMPLETED,UNKNOWN,WH-03
2026-01-15,ORD103967,SKU0128,2,75.4,0,150.8,CUST00478,MANSOURA,WHOLESALE,UNKNOWN,0.0,COMPLETED,OMAR,WH-03
2026-05-03,ORD102227,SKU0106,1,235.07,45,129.29,CUST01768,LUXOR,MARKETPLACE,BNPL,10.0,RETURNED,OMAR,WH-04
2026-05-18,ORD103105,SKU0115,1,371.9,25,278.92,CUST00953,GIZA,ONLINE,CARD,5.0,COMPLETED,YOUSSEF,WH-05
2026-04-13,ORD104749,SKU0135,1,114.54,25,85.9,CUST02182,LUXOR,WHOLESALE,CARD,10.0,COMPLETED,UNKNOWN,WH-02
2026-06-07,ORD102007,SKU0073,4,76.92,20,246.14,CUST02958,LUXOR,MARKETPLACE,CARD,10.0,RETURNED,UNKNOWN,WH-01
2026-01-13,ORD102999,SKU0021,1,53.23,20,42.58,CUST00243,CAIRO,STORE,WALLET,2.0,COMPLETED,ALI,WH-04
2026-05-10,ORD100242,SKU0083,3,46.67,45,77.01,CUST02569,LUXOR,MARKETPLACE,UNKNOWN,7.0,COMPLETED,OMAR,WH-04
2026-03-10,ORD102102,SKU0085,1,26.86,25,20.14,CUST01226,ALEXANDRIA,STORE,WALLET,5.0,COMPLETED,MONA,WH-05
2026-04-26,ORD100339,SKU0114,5,338.02,45,929.56,CUST01174,ALEXANDRIA,WHOLESALE,UNKNOWN,1.0,COMPLETED,YOUSSEF,WH-03
2026-04-16,ORD100917,SKU0178,1,37.86,20,30.29,CUST02754,ALEXANDRIA,WHOLESALE,CARD,10.0,COMPLETED,UNKNOWN,WH-05
2026-07-24,ORD104833,SKU0121,3,407.92,20,979.01,CUST01776,ASWAN,STORE,CARD,7.0,COMPLETED,UNKNOWN,WH-02
2026-07-05,ORD104089,SKU0146,4,14.2,5,53.96,CUST02551,ASWAN,WHOLESALE,UNKNOWN,4.0,COMPLETED,MONA,WH-02
2026-06-02,ORD101124,SKU0016,2,159.79,15,271.64,CUST02320,GIZA,ONLINE,UNKNOWN,8.0,COMPLETED,UNKNOWN,WH-03
2026-05-05,ORD102421,SKU0165,1,123.22,5,117.06,CUST01626,CAIRO,MARKETPLACE,UNKNOWN,3.0,COMPLETED,UNKNOWN,WH-04
2026-02-25,ORD101838,SKU0030,1,21.74,25,16.3,CUST02557,MANSOURA,WHOLESALE,UNKNOWN,7.0,COMPLETED,UNKNOWN,WH-04
2026-06-27,ORD103727,SKU0055,3,59.53,45,98.22,CUST02167,TANTA,ONLINE,WALLET,10.0,COMPLETED,UNKNOWN,WH-05
2026-03-30,ORD100659,SKU0118,4,94.84,20,303.49,CUST02303,MANSOURA,STORE,UNKNOWN,8.0,COMPLETED,UNKNOWN,WH-02
2026-02-28,ORD104857,SKU0122,4,324.24,25,972.72,CUST01531,ALEXANDRIA,WHOLESALE,WALLET,0.0,COMPLETED,MONA,WH-03
2026-04-05,ORD100632,SKU0069,1,226.55,0,226.55,CUST01996,LUXOR,WHOLESALE,UNKNOWN,9.0,COMPLETED,YOUSSEF,WH-02
2026-06-27,ORD100323,SKU0129,3,360.86,20,866.06,CUST00736,LUXOR,WHOLESALE,CARD,8.0,COMPLETED,MONA,WH-05
2026-07-23,ORD103478,SKU0157,1,25.1,25,18.83,CUST01544,ALEXANDRIA,MARKETPLACE,CARD,2.0,COMPLETED,UNKNOWN,WH-05
2026-02-06,ORD103765,SKU0049,2,191.91,20,307.06,CUST02038,GIZA,WHOLESALE,CARD,10.0,COMPLETED,YOUSSEF,WH-02
2026-07-24,ORD101437,SKU0114,1,317.38,30,222.17,CUST00779,ASWAN,ONLINE,CASH,4.0,COMPLETED,SARA,WH-05
2026-07-19,ORD101607,SKU0085,2,24.11,15,40.99,CUST00308,ASWAN,ONLINE,CARD,4.0,COMPLETED,MONA,WH-03
2026-03-27,ORD101004,SKU0098,1,119.21,30,83.45,CUST01317,CAIRO,WHOLESALE,UNKNOWN,8.0,COMPLETED,UNKNOWN,WH-01
2026-01-26,ORD104791,SKU0179,2,18.81,20,30.1,CUST00789,ALEXANDRIA,WHOLESALE,BNPL,6.0,COMPLETED,YOUSSEF,WH-04
2026-06-20,ORD104980,SKU0101,1,161.52,10,145.37,CUST02865,ASWAN,MARKETPLACE,WALLET,0.0,COMPLETED,YOUSSEF,WH-02
2026-05-28,ORD104969,SKU0103,2,145.88,0,291.76,CUST02663,MANSOURA,ONLINE,UNKNOWN,3.0,COMPLETED,MONA,WH-01
2026-03-29,ORD103979,SKU0180,5,353.85,10,1592.32,CUST01597,ASWAN,ONLINE,CARD,1.0,COMPLETED,SARA,WH-01
2026-02-22,ORD100567,SKU0052,4,118.51,5,450.34,CUST00710,TANTA,ONLINE,BNPL,10.0,COMPLETED,YOUSSEF,WH-01
2026-04-21,ORD100570,SKU0084,3,96.4,30,202.44,CUST02994,ASWAN,MARKETPLACE,CARD,1.0,COMPLETED,UNKNOWN,WH-05
2026-05-23,ORD102990,SKU0157,1,24.09,45,13.25,CUST00803,LUXOR,ONLINE,BNPL,10.0,COMPLETED,YOUSSEF,WH-01
2026-02-13,ORD102841,SKU0153,1,327.86,20,262.29,CUST01243,MANSOURA,MARKETPLACE,WALLET,3.0,COMPLETED,OMAR,WH-04
2026-02-19,ORD102564,SKU0143,1,140.21,5,133.2,CUST02343,GIZA,WHOLESALE,CARD,0.0,COMPLETED,SARA,WH-03
2026-06-01,ORD100372,SKU0030,3,21.15,25,47.59,CUST02055,CAIRO,ONLINE,CASH,1.0,RETURNED,MONA,WH-05
2026-01-23,ORD102133,SKU0110,2,280.27,45,308.3,CUST00192,ALEXANDRIA,STORE,UNKNOWN,2.0,COMPLETED,YOUSSEF,WH-03
2026-05-30,ORD102715,SKU0105,1,8.34,45,4.59,CUST01350,GIZA,MARKETPLACE,CASH,5.0,COMPLETED,UNKNOWN,WH-05
2026-05-27,ORD104908,SKU0070,1,186.23,45,102.43,CUST02155,CAIRO,WHOLESALE,UNKNOWN,1.0,COMPLETED,MONA,WH-02
2026-05-18,ORD103188,SKU0022,1,28.03,25,21.02,CUST00527,ALEXANDRIA,ONLINE,WALLET,9.0,COMPLETED,YOUSSEF,WH-02
2026-04-06,ORD101867,SKU0162,1,203.96,45,112.18,CUST02530,ASWAN,STORE,UNKNOWN,2.0,COMPLETED,ALI,WH-02
2026-02-28,ORD101102,SKU0193,2,309.16,45,340.08,CUST02767,LUXOR,WHOLESALE,BNPL,2.0,COMPLETED,SARA,WH-01
2026-05-15,ORD101211,SKU0053,1,280.2,5,266.19,CUST02531,ASWAN,STORE,CARD,9.0,COMPLETED,UNKNOWN,WH-02
2026-07-14,ORD103910,SKU0105,1,8.31,35,5.4,CUST02237,TANTA,MARKETPLACE,CASH,9.0,COMPLETED,YOUSSEF,WH-04
2025-12-31,ORD101157,SKU0060,3,355.16,30,745.84,CUST00728,CAIRO,STORE,UNKNOWN,3.0,COMPLETED,MONA,WH-03
2025-12-28,ORD104363,SKU0104,1,47.37,0,47.37,CUST02959,ASWAN,WHOLESALE,UNKNOWN,7.0,COMPLETED,UNKNOWN,WH-01
2026-02-20,ORD102474,SKU0007,2,253.98,10,457.16,CUST02730,ASWAN,MARKETPLACE,CARD,9.0,COMPLETED,OMAR,WH-02
2026-01-30,ORD100909,SKU0134,2,272.06,0,544.12,CUST00401,ALEXANDRIA,WHOLESALE,CASH,8.0,COMPLETED,SARA,WH-03
2026-06-28,ORD100858,SKU0170,2,134.83,20,215.73,CUST02062,GIZA,MARKETPLACE,UNKNOWN,7.0,COMPLETED,YOUSSEF,WH-03
2026-06-27,ORD101905,SKU0144,5,182.7,10,822.15,CUST02342,ASWAN,MARKETPLACE,CARD,3.0,COMPLETED,OMAR,WH-05
2026-03-04,ORD104140,SKU0197,3,178.11,35,347.31,CUST02760,CAIRO,STORE,CARD,10.0,COMPLETED,UNKNOWN,WH-01
2026-05-10,ORD103913,SKU0112,2,38.47,35,50.01,CUST02654,MANSOURA,WHOLESALE,BNPL,3.0,RETURNED,SARA,WH-05
2026-05-07,ORD102949,SKU0023,5,118.93,30,416.26,CUST01153,ALEXANDRIA,WHOLESALE,CASH,1.0,COMPLETED,MONA,WH-05
2026-06-11,ORD101100,SKU0100,6,394.7,25,1776.15,CUST02919,TANTA,WHOLESALE,CARD,3.0,COMPLETED,SARA,WH-03
2026-01-28,ORD101921,SKU0198,2,171.68,25,257.52,CUST02652,LUXOR,MARKETPLACE,BNPL,7.0,CANCELLED,YOUSSEF,WH-03
2026-03-04,ORD101448,SKU0127,2,267.34,20,427.74,CUST01248,LUXOR,MARKETPLACE,WALLET,1.0,COMPLETED,OMAR,WH-03
2026-01-28,ORD100057,SKU0023,2,102.47,20,163.95,CUST01091,ALEXANDRIA,WHOLESALE,WALLET,2.0,COMPLETED,YOUSSEF,WH-03
2026-06-04,ORD102237,SKU0153,2,351.1,20,561.76,CUST00041,ALEXANDRIA,WHOLESALE,BNPL,8.0,RETURNED,OMAR,WH-05
2026-03-05,ORD101823,SKU0113,1,81.05,0,81.05,CUST02358,TANTA,ONLINE,CASH,10.0,RETURNED,YOUSSEF,WH-01
2026-01-19,ORD103274,SKU0068,5,292.07,35,949.23,CUST01803,ALEXANDRIA,MARKETPLACE,CASH,0.0,COMPLETED,OMAR,WH-05
2026-05-29,ORD102546,SKU0110,2,300.47,35,390.61,CUST01091,CAIRO,WHOLESALE,CASH,5.0,COMPLETED,OMAR,WH-02
2026-07-20,ORD102537,SKU0010,4,144.8,25,434.4,CUST01450,ALEXANDRIA,WHOLESALE,CARD,8.0,RETURNED,YOUSSEF,WH-02
2026-04-23,ORD104601,SKU0190,4,249.57,25,748.71,CUST00141,CAIRO,ONLINE,UNKNOWN,4.0,COMPLETED,ALI,WH-03
2026-04-24,ORD101944,SKU0068,2,317.53,35,412.79,CUST00121,ASWAN,ONLINE,UNKNOWN,1.0,COMPLETED,ALI,WH-05
2026-07-12,ORD101994,SKU0080,1,102.73,10,92.46,CUST00578,TANTA,MARKETPLACE,BNPL,1.0,COMPLETED,SARA,WH-03
2026-03-01,ORD104862,SKU0183,2,296.44,30,415.02,CUST02510,ASWAN,STORE,WALLET,9.0,COMPLETED,UNKNOWN,WH-05
2026-01-02,ORD102519,SKU0013,1,197.48,25,148.11,CUST01207,ALEXANDRIA,STORE,UNKNOWN,8.0,RETURNED,UNKNOWN,WH-03
2026-01-06,ORD104148,SKU0154,2,175.2,15,297.84,CUST00456,ASWAN,WHOLESALE,CASH,10.0,COMPLETED,YOUSSEF,WH-05
2026-07-18,ORD102330,SKU0064,2,349.48,0,698.96,CUST01633,MANSOURA,STORE,BNPL,0.0,COMPLETED,MONA,WH-02
2026-01-01,ORD100260,SKU0035,3,49.15,25,110.59,CUST00839,MANSOURA,MARKETPLACE,UNKNOWN,5.0,COMPLETED,MONA,WH-04
2026-06-02,ORD100794,SKU0120,1,185.86,20,148.69,CUST00746,CAIRO,MARKETPLACE,UNKNOWN,0.0,COMPLETED,OMAR,WH-02
2026-06-30,ORD104118,SKU0050,1,13.93,30,9.75,CUST02713,TANTA,ONLINE,CASH,9.0,COMPLETED,UNKNOWN,WH-03
2025-12-29,ORD101611,SKU0109,2,152.07,30,212.9,CUST02439,ASWAN,WHOLESALE,CASH,9.0,COMPLETED,MONA,WH-03
2026-03-06,ORD104291,SKU0126,6,110.34,0,662.04,CUST02178,MANSOURA,WHOLESALE,BNPL,8.0,COMPLETED,YOUSSEF,WH-04
2026-01-07,ORD104859,SKU0018,4,403.21,30,1128.99,CUST00294,MANSOURA,ONLINE,CASH,5.0,COMPLETED,UNKNOWN,WH-03
2026-01-13,ORD101956,SKU0160,2,52.6,5,99.94,CUST00845,LUXOR,STORE,WALLET,0.0,COMPLETED,YOUSSEF,WH-02
2026-05-18,ORD102172,SKU0190,1,260.32,30,182.22,CUST01420,CAIRO,WHOLESALE,BNPL,9.0,RETURNED,MONA,WH-01
2026-01-25,ORD101340,SKU0172,2,72.24,35,93.91,CUST00484,MANSOURA,ONLINE,CASH,1.0,COMPLETED,SARA,WH-02
2026-01-03,ORD104244,SKU0022,2,29.34,30,41.08,CUST01259,MANSOURA,WHOLESALE,CASH,6.0,COMPLETED,ALI,WH-05
2026-03-06,ORD102423,SKU0064,3,373.95,25,841.39,CUST01479,GIZA,ONLINE,WALLET,9.0,COMPLETED,YOUSSEF,WH-02
2026-04-21,ORD101747,SKU0130,4,141.64,10,509.9,CUST01761,CAIRO,MARKETPLACE,CASH,7.0,RETURNED,YOUSSEF,WH-05
2026-07-05,ORD104604,SKU0142,3,103.62,30,217.6,CUST01019,MANSOURA,MARKETPLACE,UNKNOWN,5.0,COMPLETED,SARA,WH-05
2026-05-10,ORD100671,SKU0178,3,40.07,45,66.12,CUST01128,MANSOURA,MARKETPLACE,CARD,10.0,COMPLETED,UNKNOWN,WH-05
2026-01-22,ORD102586,SKU0128,2,67.94,30,95.12,CUST00309,MANSOURA,WHOLESALE,UNKNOWN,4.0,COMPLETED,SARA,WH-04
2026-03-21,ORD100662,SKU0189,2,207.28,20,331.65,CUST02065,CAIRO,STORE,BNPL,3.0,COMPLETED,UNKNOWN,WH-05
2026-05-27,ORD103460,SKU0010,5,145.02,25,543.83,CUST00833,LUXOR,ONLINE,BNPL,0.0,COMPLETED,UNKNOWN,WH-05
2026-07-11,ORD103792,SKU0121,4,429.72,20,1375.1,CUST01506,CAIRO,STORE,WALLET,4.0,COMPLETED,UNKNOWN,WH-03
2026-07-24,ORD102205,SKU0044,2,267.27,10,481.09,CUST01474,TANTA,STORE,CASH,5.0,COMPLETED,UNKNOWN,WH-04
2026-07-11,ORD103607,SKU0188,2,30.45,25,45.68,CUST01823,CAIRO,WHOLESALE,BNPL,4.0,COMPLETED,ALI,WH-05
2026-06-16,ORD100592,SKU0186,4,29.6,45,65.12,CUST01212,ALEXANDRIA,ONLINE,CARD,9.0,COMPLETED,MONA,WH-02
2026-05-05,ORD102817,SKU0042,3,92.33,0,276.99,CUST02695,CAIRO,ONLINE,CARD,4.0,COMPLETED,SARA,WH-03
2026-06-25,ORD104776,SKU0087,1,162.54,15,138.16,CUST01127,LUXOR,ONLINE,WALLET,0.0,COMPLETED,YOUSSEF,WH-05
2026-02-06,ORD103254,SKU0064,2,364.5,20,583.2,CUST02559,LUXOR,WHOLESALE,BNPL,8.0,COMPLETED,SARA,WH-04
2026-02-10,ORD101763,SKU0097,4,367.69,30,1029.53,CUST02670,GIZA,ONLINE,CASH,8.0,COMPLETED,OMAR,WH-05
2026-06-14,ORD102863,SKU0132,2,60.39,15,102.66,CUST02989,GIZA,ONLINE,BNPL,6.0,COMPLETED,YOUSSEF,WH-05
2026-01-31,ORD101057,SKU0148,1,50.58,5,48.05,CUST00296,ASWAN,WHOLESALE,UNKNOWN,9.0,COMPLETED,OMAR,WH-02
2026-01-01,ORD104336,SKU0104,4,50.23,10,180.83,CUST00095,TANTA,WHOLESALE,CASH,0.0,COMPLETED,SARA,WH-03
2026-01-24,ORD100937,SKU0094,2,305.11,25,457.66,CUST00639,LUXOR,ONLINE,BNPL,7.0,COMPLETED,OMAR,WH-02
2026-01-20,ORD101625,SKU0106,2,214.37,25,321.56,CUST00155,LUXOR,MARKETPLACE,BNPL,7.0,COMPLETED,YOUSSEF,WH-04
2026-06-20,ORD103514,SKU0177,4,176.74,10,636.26,CUST01750,ALEXANDRIA,ONLINE,CASH,10.0,COMPLETED,YOUSSEF,WH-01
2025-12-27,ORD102580,SKU0038,1,308.36,0,308.36,CUST00237,LUXOR,MARKETPLACE,BNPL,6.0,COMPLETED,UNKNOWN,WH-05
2026-06-23,ORD101918,SKU0129,3,384.46,35,749.7,CUST02812,ASWAN,ONLINE,CARD,3.0,RETURNED,UNKNOWN,WH-03
2026-05-04,ORD100153,SKU0118,2,90.17,10,162.31,CUST01049,MANSOURA,ONLINE,CARD,8.0,COMPLETED,UNKNOWN,WH-02
2026-03-18,ORD100467,SKU0027,2,398.13,0,796.26,CUST02435,ASWAN,WHOLESALE,UNKNOWN,8.0,COMPLETED,YOUSSEF,WH-02
2026-06-30,ORD100690,SKU0111,2,232.0,25,348.0,CUST00635,CAIRO,WHOLESALE,BNPL,5.0,COMPLETED,ALI,WH-05
2026-04-16,ORD104168,SKU0093,1,102.06,35,66.34,CUST00254,ALEXANDRIA,WHOLESALE,BNPL,4.0,COMPLETED,ALI,WH-05
2026-05-25,ORD100515,SKU0086,2,167.59,15,284.9,CUST01657,ALEXANDRIA,WHOLESALE,UNKNOWN,5.0,COMPLETED,UNKNOWN,WH-05
2026-04-12,ORD104781,SKU0050,2,12.64,35,16.43,CUST00111,TANTA,MARKETPLACE,UNKNOWN,6.0,COMPLETED,OMAR,WH-04
2026-04-16,ORD104822,SKU0098,1,117.34,20,93.87,CUST02363,ASWAN,STORE,UNKNOWN,5.0,COMPLETED,MONA,WH-02
2026-02-03,ORD103015,SKU0163,2,398.8,20,638.08,CUST02081,ASWAN,ONLINE,CASH,4.0,COMPLETED,ALI,WH-05
2026-06-06,ORD104076,SKU0102,3,78.78,5,224.52,CUST02636,GIZA,ONLINE,BNPL,3.0,COMPLETED,ALI,WH-01
2026-01-10,ORD102379,SKU0044,1,297.07,5,282.22,CUST02580,ASWAN,ONLINE,BNPL,9.0,COMPLETED,OMAR,WH-04
2026-06-13,ORD100450,SKU0126,3,100.19,35,195.37,CUST02521,LUXOR,WHOLESALE,UNKNOWN,6.0,COMPLETED,ALI,WH-02
2026-04-04,ORD102177,SKU0143,1,146.96,10,132.26,CUST00385,GIZA,MARKETPLACE,UNKNOWN,6.0,COMPLETED,YOUSSEF,WH-02
2026-02-14,ORD102880,SKU0016,2,166.14,35,215.98,CUST02008,LUXOR,WHOLESALE,BNPL,5.0,COMPLETED,ALI,WH-03
2026-02-14,ORD101686,SKU0179,3,20.73,30,43.53,CUST01909,GIZA,STORE,CARD,7.0,RETURNED,YOUSSEF,WH-04
2026-05-01,ORD101674,SKU0179,2,18.63,5,35.4,CUST02453,LUXOR,ONLINE,WALLET,8.0,COMPLETED,ALI,WH-04
2026-04-12,ORD104876,SKU0184,2,467.76,10,841.97,CUST01401,MANSOURA,ONLINE,WALLET,8.0,COMPLETED,UNKNOWN,WH-04
2026-04-12,ORD100167,SKU0056,1,92.11,20,73.69,CUST00400,CAIRO,WHOLESALE,BNPL,4.0,CANCELLED,SARA,WH-05
2026-03-22,ORD100716,SKU0073,2,73.46,15,124.88,CUST02118,CAIRO,MARKETPLACE,CASH,4.0,COMPLETED,SARA,WH-04
2026-02-27,ORD102942,SKU0047,1,293.48,30,205.44,CUST01118,ALEXANDRIA,STORE,CARD,3.0,COMPLETED,SARA,WH-03
2026-05-12,ORD104914,SKU0040,3,99.31,20,238.34,CUST02481,CAIRO,MARKETPLACE,BNPL,1.0,COMPLETED,SARA,WH-01
2026-05-25,ORD100999,SKU0090,2,252.14,10,453.85,CUST01536,GIZA,STORE,UNKNOWN,7.0,COMPLETED,SARA,WH-05
2026-07-06,ORD102114,SKU0066,5,130.61,20,522.44,CUST01082,ALEXANDRIA,ONLINE,CARD,7.0,COMPLETED,MONA,WH-01
2026-07-03,ORD100499,SKU0163,3,421.68,20,1012.03,CUST01564,LUXOR,ONLINE,BNPL,7.0,COMPLETED,UNKNOWN,WH-05
2026-07-15,ORD101764,SKU0160,4,52.03,25,156.09,CUST02322,ASWAN,STORE,UNKNOWN,6.0,COMPLETED,ALI,WH-02
2026-02-02,ORD102311,SKU0023,4,116.47,0,465.88,CUST02042,ALEXANDRIA,ONLINE,CARD,8.0,COMPLETED,MONA,WH-02
2026-04-27,ORD104255,SKU0189,2,208.78,20,334.05,CUST01923,GIZA,WHOLESALE,WALLET,3.0,COMPLETED,YOUSSEF,WH-05
2026-06-03,ORD102676,SKU0169,1,371.77,0,371.77,CUST01507,LUXOR,MARKETPLACE,CARD,2.0,CANCELLED,YOUSSEF,WH-02
2026-03-19,ORD101275,SKU0187,1,45.22,35,29.39,CUST02583,MANSOURA,WHOLESALE,CASH,10.0,COMPLETED,ALI,WH-05
2026-07-01,ORD104209,SKU0007,3,243.02,10,656.15,CUST00669,MANSOURA,MARKETPLACE,WALLET,1.0,COMPLETED,SARA,WH-05
2026-07-24,ORD102264,SKU0198,2,171.5,45,188.65,CUST00007,ALEXANDRIA,ONLINE,WALLET,0.0,COMPLETED,SARA,WH-01
2026-06-16,ORD103447,SKU0193,3,308.81,45,509.54,CUST01500,CAIRO,WHOLESALE,UNKNOWN,4.0,COMPLETED,UNKNOWN,WH-01
2026-05-10,ORD103532,SKU0187,2,51.26,45,56.39,CUST00919,MANSOURA,MARKETPLACE,WALLET,6.0,COMPLETED,SARA,WH-03
2026-01-05,ORD102207,SKU0110,3,270.68,30,568.43,CUST00182,CAIRO,ONLINE,UNKNOWN,6.0,COMPLETED,OMAR,WH-03
2026-06-29,ORD103920,SKU0127,4,284.73,20,911.14,CUST00571,TANTA,ONLINE,BNPL,0.0,COMPLETED,ALI,WH-02
2026-06-17,ORD103122,SKU0193,2,333.55,5,633.74,CUST00684,ALEXANDRIA,WHOLESALE,WALLET,5.0,COMPLETED,YOUSSEF,WH-05
2026-03-05,ORD104550,SKU0112,1,35.86,0,35.86,CUST00016,ALEXANDRIA,STORE,UNKNOWN,6.0,COMPLETED,YOUSSEF,WH-02
2026-07-06,ORD100863,SKU0130,1,144.19,30,100.93,CUST02770,ALEXANDRIA,STORE,BNPL,3.0,COMPLETED,YOUSSEF,WH-04
2026-02-01,ORD100914,SKU0169,1,359.94,20,287.95,CUST01015,ASWAN,ONLINE,WALLET,3.0,COMPLETED,SARA,WH-03
2026-05-26,ORD101389,SKU0050,3,14.76,10,39.85,CUST02141,ASWAN,ONLINE,WALLET,10.0,COMPLETED,SARA,WH-05
2026-06-28,ORD104726,SKU0113,2,81.13,35,105.47,CUST01705,GIZA,ONLINE,WALLET,4.0,COMPLETED,MONA,WH-05
2026-07-13,ORD102978,SKU0028,3,259.91,25,584.8,CUST01214,TANTA,ONLINE,CARD,2.0,RETURNED,YOUSSEF,WH-05
2026-03-27,ORD100974,SKU0004,5,39.55,35,128.54,CUST00062,GIZA,MARKETPLACE,BNPL,0.0,COMPLETED,ALI,WH-01
2026-01-29,ORD103430,SKU0118,1,95.79,35,62.26,CUST01151,CAIRO,ONLINE,CASH,7.0,COMPLETED,UNKNOWN,WH-01
2025-12-31,ORD102180,SKU0140,1,307.12,25,230.34,CUST01445,CAIRO,ONLINE,BNPL,7.0,CANCELLED,SARA,WH-05
2026-07-11,ORD103408,SKU0131,3,293.41,20,704.18,CUST00115,ASWAN,ONLINE,CASH,8.0,COMPLETED,ALI,WH-04
2026-07-04,ORD103304,SKU0041,2,331.72,15,563.92,CUST02127,GIZA,WHOLESALE,UNKNOWN,9.0,COMPLETED,UNKNOWN,WH-03
2026-06-03,ORD102573,SKU0153,1,372.33,35,242.01,CUST00722,ALEXANDRIA,MARKETPLACE,UNKNOWN,9.0,COMPLETED,MONA,WH-03
2026-02-21,ORD102008,SKU0060,2,318.48,30,445.87,CUST00139,GIZA,MARKETPLACE,CASH,5.0,COMPLETED,MONA,WH-05
2026-03-05,ORD100176,SKU0105,4,9.37,10,33.73,CUST00571,GIZA,WHOLESALE,CARD,6.0,COMPLETED,ALI,WH-04
2026-06-17,ORD100078,SKU0055,4,60.96,30,170.69,CUST02933,TANTA,STORE,CASH,6.0,CANCELLED,MONA,WH-05
2026-01-18,ORD101608,SKU0055,3,68.3,5,194.65,CUST02764,GIZA,ONLINE,UNKNOWN,8.0,COMPLETED,YOUSSEF,WH-01
2026-02-13,ORD100868,SKU0176,1,215.1,35,139.82,CUST01178,GIZA,WHOLESALE,BNPL,10.0,COMPLETED,OMAR,WH-05
2026-04-02,ORD102413,SKU0051,2,23.53,35,30.59,CUST01656,MANSOURA,MARKETPLACE,WALLET,10.0,COMPLETED,MONA,WH-01
2026-02-02,ORD104597,SKU0149,6,244.25,20,1172.4,CUST02242,MANSOURA,WHOLESALE,CARD,4.0,CANCELLED,MONA,WH-02
2026-05-24,ORD100079,SKU0162,3,191.8,5,546.63,CUST02221,LUXOR,WHOLESALE,WALLET,7.0,COMPLETED,MONA,WH-04
2026-07-16,ORD100036,SKU0067,2,49.11,25,73.66,CUST02001,TANTA,STORE,WALLET,9.0,COMPLETED,UNKNOWN,WH-01
2025-12-27,ORD101720,SKU0062,1,95.7,15,81.34,CUST00956,ASWAN,WHOLESALE,UNKNOWN,10.0,COMPLETED,SARA,WH-04
2026-02-24,ORD102491,SKU0024,2,121.29,10,218.32,CUST00078,GIZA,MARKETPLACE,CASH,6.0,COMPLETED,SARA,WH-03
2026-04-14,ORD101810,SKU0198,5,163.27,0,816.35,CUST00149,MANSOURA,STORE,UNKNOWN,2.0,COMPLETED,UNKNOWN,WH-05
2026-03-04,ORD104541,SKU0014,1,75.54,5,71.76,CUST00137,MANSOURA,MARKETPLACE,BNPL,4.0,COMPLETED,MONA,WH-01
2026-06-04,ORD100955,SKU0173,1,149.12,45,82.02,CUST01395,LUXOR,ONLINE,CARD,2.0,COMPLETED,YOUSSEF,WH-03
2026-03-31,ORD100226,SKU0042,4,95.09,5,361.34,CUST02488,LUXOR,ONLINE,CASH,8.0,COMPLETED,OMAR,WH-05
2026-03-02,ORD100755,SKU0085,6,24.42,45,80.59,CUST02687,ASWAN,STORE,CASH,1.0,COMPLETED,UNKNOWN,WH-04
2026-02-04,ORD102231,SKU0074,2,235.68,0,471.36,CUST00072,MANSOURA,STORE,UNKNOWN,10.0,COMPLETED,UNKNOWN,WH-02
2026-06-03,ORD104772,SKU0068,5,276.44,20,1105.76,CUST02882,TANTA,MARKETPLACE,UNKNOWN,3.0,COMPLETED,ALI,WH-04
2026-02-23,ORD104158,SKU0070,1,175.45,0,175.45,CUST02513,GIZA,STORE,UNKNOWN,9.0,COMPLETED,OMAR,WH-04
2026-06-25,ORD101716,SKU0004,2,34.94,45,38.43,CUST01461,TANTA,MARKETPLACE,BNPL,8.0,COMPLETED,ALI,WH-03
2026-03-24,ORD103094,SKU0167,2,10.25,30,14.35,CUST00780,ASWAN,MARKETPLACE,CASH,10.0,COMPLETED,MONA,WH-02
2026-07-24,ORD102014,SKU0161,1,240.11,15,204.09,CUST02321,GIZA,WHOLESALE,BNPL,9.0,COMPLETED,ALI,WH-04
2026-02-07,ORD102127,SKU0149,3,241.28,10,651.46,CUST01075,GIZA,STORE,BNPL,7.0,COMPLETED,UNKNOWN,WH-04
2026-07-13,ORD100763,SKU0108,1,211.99,20,169.59,CUST00223,GIZA,STORE,WALLET,0.0,COMPLETED,SARA,WH-03
2026-01-22,ORD101677,SKU0094,3,324.13,10,875.15,CUST01626,LUXOR,MARKETPLACE,WALLET,10.0,RETURNED,OMAR,WH-04
2026-03-12,ORD102838,SKU0154,4,162.69,30,455.53,CUST00504,GIZA,MARKETPLACE,CARD,3.0,COMPLETED,MONA,WH-02
2026-06-01,ORD104285,SKU0050,1,14.2,25,10.65,CUST00632,LUXOR,STORE,BNPL,7.0,COMPLETED,ALI,WH-02
2026-03-21,ORD100445,SKU0085,2,26.3,45,28.93,CUST01528,GIZA,WHOLESALE,CASH,2.0,COMPLETED,ALI,WH-01
2026-01-29,ORD103541,SKU0094,5,309.45,45,850.99,CUST00478,LUXOR,ONLINE,UNKNOWN,7.0,COMPLETED,OMAR,WH-05
2026-07-14,ORD103273,SKU0194,1,80.18,0,80.18,CUST02543,GIZA,WHOLESALE,CASH,0.0,COMPLETED,OMAR,WH-03
2026-05-16,ORD103216,SKU0070,1,189.88,25,142.41,CUST00024,MANSOURA,STORE,UNKNOWN,8.0,COMPLETED,SARA,WH-04
2026-05-01,ORD103180,SKU0122,4,324.99,25,974.97,CUST00086,TANTA,STORE,WALLET,1.0,COMPLETED,MONA,WH-05
2026-04-04,ORD102401,SKU0109,2,146.48,35,190.42,CUST02374,CAIRO,STORE,BNPL,2.0,COMPLETED,OMAR,WH-03
2026-06-05,ORD100628,SKU0033,1,114.14,25,85.6,CUST00481,CAIRO,WHOLESALE,UNKNOWN,8.0,COMPLETED,ALI,WH-03
2026-05-24,ORD101827,SKU0179,1,20.6,30,14.42,CUST02263,CAIRO,WHOLESALE,CASH,9.0,RETURNED,UNKNOWN,WH-02
2026-02-01,ORD101603,SKU0164,5,228.67,45,628.84,CUST01025,ASWAN,ONLINE,UNKNOWN,6.0,COMPLETED,MONA,WH-05
2026-03-17,ORD103002,SKU0068,1,317.74,20,254.19,CUST01293,ALEXANDRIA,ONLINE,UNKNOWN,1.0,COMPLETED,MONA,WH-02
2026-06-16,ORD104702,SKU0060,2,339.1,5,644.29,CUST00878,LUXOR,STORE,WALLET,5.0,COMPLETED,MONA,WH-02
2026-05-20,ORD100408,SKU0061,2,346.81,15,589.58,CUST01915,GIZA,ONLINE,UNKNOWN,5.0,CANCELLED,OMAR,WH-05
2026-04-26,ORD103510,SKU0147,5,280.58,20,1122.32,CUST00683,CAIRO,ONLINE,UNKNOWN,0.0,COMPLETED,SARA,WH-02
2026-03-30,ORD101345,SKU0154,1,157.35,35,102.28,CUST01387,GIZA,WHOLESALE,BNPL,1.0,COMPLETED,ALI,WH-04
2026-05-22,ORD100711,SKU0173,3,149.01,15,379.98,CUST01708,ALEXANDRIA,WHOLESALE,UNKNOWN,10.0,COMPLETED,SARA,WH-02
2026-05-13,ORD104455,SKU0104,1,49.77,15,42.3,CUST02058,TANTA,MARKETPLACE,CASH,1.0,RETURNED,OMAR,WH-04
2026-02-20,ORD104642,SKU0197,2,161.54,35,210.0,CUST01076,ALEXANDRIA,ONLINE,CASH,0.0,COMPLETED,UNKNOWN,WH-03
2026-07-07,ORD101202,SKU0008,1,61.75,25,46.31,CUST00037,LUXOR,WHOLESALE,BNPL,6.0,COMPLETED,OMAR,WH-05
2026-05-13,ORD100816,SKU0025,2,150.65,35,195.85,CUST02473,GIZA,ONLINE,WALLET,8.0,COMPLETED,ALI,WH-05
2026-07-21,ORD103022,SKU0188,6,28.79,20,138.19,CUST01115,GIZA,WHOLESALE,CARD,9.0,COMPLETED,OMAR,WH-03
2026-03-10,ORD101358,SKU0138,1,197.42,35,128.32,CUST01235,GIZA,WHOLESALE,WALLET,4.0,RETURNED,UNKNOWN,WH-01
2026-04-03,ORD100609,SKU0003,4,50.45,20,161.44,CUST01719,ASWAN,MARKETPLACE,WALLET,8.0,COMPLETED,UNKNOWN,WH-04
2026-04-26,ORD102848,SKU0160,3,54.91,10,148.26,CUST00184,ALEXANDRIA,MARKETPLACE,CASH,8.0,COMPLETED,ALI,WH-03
2026-07-06,ORD102213,SKU0173,2,159.72,5,303.47,CUST00712,MANSOURA,ONLINE,CASH,10.0,COMPLETED,OMAR,WH-01
2026-05-22,ORD103410,SKU0022,5,26.75,5,127.06,CUST02090,ALEXANDRIA,WHOLESALE,CARD,1.0,COMPLETED,MONA,WH-01
2026-05-01,ORD101471,SKU0183,2,331.37,25,497.06,CUST01456,ALEXANDRIA,ONLINE,CASH,6.0,COMPLETED,SARA,WH-04
2026-07-15,ORD103161,SKU0093,5,110.67,15,470.35,CUST02229,MANSOURA,STORE,CASH,6.0,COMPLETED,ALI,WH-05
2026-01-04,ORD104292,SKU0186,5,29.53,5,140.27,CUST01336,MANSOURA,STORE,BNPL,3.0,COMPLETED,OMAR,WH-02
2026-03-06,ORD104534,SKU0049,2,182.34,5,346.45,CUST00930,ALEXANDRIA,MARKETPLACE,CASH,3.0,COMPLETED,YOUSSEF,WH-05
2026-01-25,ORD103479,SKU0115,1,367.61,10,330.85,CUST00825,GIZA,MARKETPLACE,WALLET,9.0,COMPLETED,ALI,WH-02
2026-05-11,ORD104279,SKU0181,3,161.66,10,436.48,CUST01260,LUXOR,STORE,BNPL,2.0,COMPLETED,YOUSSEF,WH-05
2026-04-08,ORD101117,SKU0046,3,54.76,25,123.21,CUST02867,CAIRO,STORE,WALLET,10.0,COMPLETED,OMAR,WH-04
2026-06-20,ORD103601,SKU0150,2,159.27,30,222.98,CUST00444,GIZA,MARKETPLACE,WALLET,9.0,RETURNED,OMAR,WH-02
2026-01-01,ORD104831,SKU0199,1,300.69,5,285.66,CUST01000,MANSOURA,WHOLESALE,UNKNOWN,0.0,COMPLETED,MONA,WH-02
2026-01-15,ORD102822,SKU0041,1,314.15,25,235.61,CUST02120,ASWAN,WHOLESALE,UNKNOWN,9.0,COMPLETED,SARA,WH-05
2026-04-15,ORD104634,SKU0075,2,25.16,25,37.74,CUST00533,LUXOR,MARKETPLACE,UNKNOWN,5.0,COMPLETED,SARA,WH-02
2026-03-18,ORD103598,SKU0162,2,214.16,45,235.58,CUST02994,ASWAN,MARKETPLACE,WALLET,8.0,COMPLETED,YOUSSEF,WH-02
2026-01-22,ORD103488,SKU0071,5,305.55,25,1145.81,CUST01714,LUXOR,MARKETPLACE,CARD,9.0,COMPLETED,YOUSSEF,WH-01
2026-03-13,ORD104315,SKU0098,2,108.66,45,119.53,CUST02607,ASWAN,STORE,UNKNOWN,5.0,COMPLETED,MONA,WH-04
2026-03-04,ORD100484,SKU0025,3,148.42,5,423.0,CUST02044,LUXOR,ONLINE,UNKNOWN,7.0,COMPLETED,ALI,WH-01
2026-01-30,ORD101649,SKU0183,2,314.68,45,346.15,CUST00238,TANTA,STORE,CASH,0.0,COMPLETED,MONA,WH-03
2026-06-17,ORD100655,SKU0150,3,172.01,25,387.02,CUST02117,ALEXANDRIA,ONLINE,CARD,6.0,COMPLETED,MONA,WH-03
2026-05-09,ORD100944,SKU0057,2,429.13,15,729.52,CUST01212,MANSOURA,ONLINE,BNPL,7.0,COMPLETED,UNKNOWN,WH-03
2026-01-05,ORD103767,SKU0085,1,23.57,15,20.03,CUST01162,GIZA,STORE,WALLET,4.0,COMPLETED,ALI,WH-05
2026-02-26,ORD101790,SKU0037,3,13.35,15,34.04,CUST01042,CAIRO,MARKETPLACE,CARD,7.0,COMPLETED,UNKNOWN,WH-05
2026-04-06,ORD104535,SKU0159,2,117.06,5,222.41,CUST01746,LUXOR,WHOLESALE,CARD,6.0,COMPLETED,MONA,WH-01
2026-02-27,ORD100343,SKU0139,1,306.01,35,198.91,CUST02557,MANSOURA,ONLINE,BNPL,4.0,COMPLETED,ALI,WH-05
2026-03-10,ORD103417,SKU0056,1,84.09,15,71.48,CUST02622,LUXOR,ONLINE,CASH,1.0,COMPLETED,YOUSSEF,WH-04
2026-03-07,ORD102439,SKU0095,4,156.97,45,345.33,CUST00694,MANSOURA,ONLINE,UNKNOWN,0.0,COMPLETED,OMAR,WH-04
2026-04-08,ORD100851,SKU0139,2,342.7,45,376.97,CUST00950,TANTA,STORE,WALLET,10.0,COMPLETED,YOUSSEF,WH-01
2026-03-26,ORD103055,SKU0050,2,13.39,0,26.78,CUST01581,GIZA,MARKETPLACE,CASH,5.0,COMPLETED,OMAR,WH-02
2026-06-13,ORD100384,SKU0085,2,25.56,10,46.01,CUST01067,ALEXANDRIA,ONLINE,CARD,8.0,COMPLETED,ALI,WH-04
2026-06-08,ORD100354,SKU0198,1,167.47,35,108.86,CUST02876,TANTA,STORE,CARD,8.0,COMPLETED,OMAR,WH-02
2026-04-04,ORD100421,SKU0020,1,226.98,30,158.89,CUST00213,LUXOR,ONLINE,UNKNOWN,3.0,COMPLETED,ALI,WH-02
2026-03-23,ORD103679,SKU0041,4,354.58,30,992.82,CUST00270,CAIRO,STORE,CARD,6.0,CANCELLED,SARA,WH-05
2026-02-18,ORD101780,SKU0200,1,343.8,35,223.47,CUST02297,ALEXANDRIA,STORE,BNPL,3.0,COMPLETED,SARA,WH-04
2026-04-14,ORD100817,SKU0006,1,21.37,5,20.3,CUST02064,ALEXANDRIA,MARKETPLACE,UNKNOWN,8.0,COMPLETED,YOUSSEF,WH-03
2026-02-08,ORD100409,SKU0100,1,380.41,25,285.31,CUST01755,GIZA,ONLINE,CARD,10.0,COMPLETED,OMAR,WH-01
2026-07-02,ORD102815,SKU0146,4,14.6,45,32.12,CUST02834,TANTA,STORE,UNKNOWN,7.0,COMPLETED,SARA,WH-01
2026-05-22,ORD103045,SKU0016,5,185.61,0,928.05,CUST00514,MANSOURA,WHOLESALE,CASH,2.0,RETURNED,MONA,WH-01
2026-04-29,ORD104441,SKU0155,4,243.04,0,972.16,CUST02854,ALEXANDRIA,STORE,CASH,4.0,COMPLETED,MONA,WH-05
2026-02-25,ORD104897,SKU0173,3,162.29,15,413.84,CUST00287,ALEXANDRIA,WHOLESALE,WALLET,1.0,COMPLETED,ALI,WH-01
2026-07-05,ORD103268,SKU0198,3,174.1,15,443.95,CUST02527,ASWAN,ONLINE,BNPL,1.0,COMPLETED,OMAR,WH-05
2026-02-10,ORD101741,SKU0022,2,29.32,15,49.84,CUST01588,ALEXANDRIA,STORE,CARD,9.0,COMPLETED,ALI,WH-02
2026-03-16,ORD101077,SKU0105,4,8.69,10,31.28,CUST01918,LUXOR,MARKETPLACE,CASH,8.0,COMPLETED,MONA,WH-02
2026-01-19,ORD104106,SKU0060,3,306.92,10,828.68,CUST01970,GIZA,STORE,BNPL,10.0,COMPLETED,UNKNOWN,WH-03
2026-05-20,ORD103666,SKU0139,5,342.92,30,1200.22,CUST01246,ASWAN,STORE,UNKNOWN,5.0,COMPLETED,ALI,WH-01
2026-02-17,ORD104082,SKU0065,1,12.27,35,7.98,CUST00766,LUXOR,WHOLESALE,CARD,9.0,COMPLETED,MONA,WH-05
2026-05-01,ORD102510,SKU0128,6,74.04,30,310.97,CUST00382,CAIRO,WHOLESALE,WALLET,9.0,COMPLETED,UNKNOWN,WH-03
2026-06-18,ORD101212,SKU0108,3,210.64,5,600.32,CUST01102,GIZA,STORE,UNKNOWN,6.0,COMPLETED,OMAR,WH-02
2026-01-22,ORD103585,SKU0051,4,20.8,5,79.04,CUST02422,LUXOR,ONLINE,WALLET,4.0,COMPLETED,ALI,WH-01
2026-03-08,ORD100369,SKU0087,2,162.13,0,324.26,CUST01899,CAIRO,STORE,CARD,3.0,COMPLETED,OMAR,WH-04
2026-05-12,ORD100800,SKU0101,1,179.05,5,170.1,CUST02667,CAIRO,ONLINE,WALLET,10.0,COMPLETED,UNKNOWN,WH-01
2026-06-05,ORD101673,SKU0140,1,294.14,0,294.14,CUST02486,ASWAN,MARKETPLACE,CASH,0.0,COMPLETED,ALI,WH-03
2026-03-09,ORD104465,SKU0164,2,201.83,20,322.93,CUST02882,MANSOURA,MARKETPLACE,BNPL,10.0,COMPLETED,SARA,WH-02
2026-05-19,ORD102819,SKU0151,3,28.64,5,81.62,CUST00542,MANSOURA,MARKETPLACE,UNKNOWN,0.0,COMPLETED,SARA,WH-01
2026-05-24,ORD103035,SKU0055,1,65.77,20,52.62,CUST02373,ASWAN,MARKETPLACE,WALLET,8.0,COMPLETED,SARA,WH-01
2026-06-01,ORD104612,SKU0195,1,329.85,5,313.36,CUST01648,GIZA,STORE,UNKNOWN,5.0,RETURNED,ALI,WH-01
2026-01-16,ORD103334,SKU0010,1,138.28,30,96.8,CUST00560,GIZA,MARKETPLACE,CARD,3.0,COMPLETED,SARA,WH-02
2026-04-29,ORD100111,SKU0171,1,182.68,30,127.88,CUST01124,CAIRO,ONLINE,CASH,1.0,COMPLETED,ALI,WH-02
2026-07-09,ORD103222,SKU0135,4,108.99,15,370.57,CUST02336,ALEXANDRIA,MARKETPLACE,WALLET,7.0,COMPLETED,SARA,WH-03
2026-05-18,ORD102370,SKU0116,4,285.65,15,971.21,CUST02774,CAIRO,WHOLESALE,CARD,7.0,COMPLETED,OMAR,WH-02
2026-06-07,ORD100629,SKU0048,4,281.07,10,1011.85,CUST00317,ASWAN,MARKETPLACE,CASH,6.0,COMPLETED,SARA,WH-03
2026-06-14,ORD102763,SKU0137,3,388.1,10,1047.87,CUST02227,GIZA,WHOLESALE,WALLET,5.0,COMPLETED,YOUSSEF,WH-03
2026-01-29,ORD101864,SKU0101,3,177.16,0,531.48,CUST02843,CAIRO,WHOLESALE,BNPL,6.0,CANCELLED,UNKNOWN,WH-03
2026-07-24,ORD103753,SKU0149,6,213.39,35,832.22,CUST02038,MANSOURA,MARKETPLACE,UNKNOWN,1.0,COMPLETED,SARA,WH-05
2026-06-24,ORD103116,SKU0001,2,195.82,35,254.57,CUST00020,TANTA,MARKETPLACE,CARD,9.0,COMPLETED,MONA,WH-03
2025-12-29,ORD102312,SKU0192,3,286.97,35,559.59,CUST02999,MANSOURA,MARKETPLACE,CARD,4.0,COMPLETED,UNKNOWN,WH-04
2026-05-26,ORD103549,SKU0146,3,14.24,35,27.77,CUST02128,MANSOURA,WHOLESALE,UNKNOWN,7.0,COMPLETED,OMAR,WH-03
2026-02-02,ORD101822,SKU0045,2,337.93,30,473.1,CUST00506,ASWAN,STORE,UNKNOWN,8.0,COMPLETED,OMAR,WH-04
2026-02-07,ORD101178,SKU0125,2,437.12,0,874.24,CUST01885,CAIRO,MARKETPLACE,BNPL,5.0,COMPLETED,ALI,WH-04
2026-06-04,ORD102029,SKU0144,1,181.53,0,181.53,CUST00737,ALEXANDRIA,STORE,CARD,10.0,COMPLETED,ALI,WH-04
2026-06-10,ORD104238,SKU0012,3,100.63,45,166.04,CUST01769,TANTA,STORE,BNPL,0.0,COMPLETED,UNKNOWN,WH-05
2026-01-17,ORD100462,SKU0101,2,159.19,30,222.87,CUST00085,ASWAN,STORE,WALLET,7.0,COMPLETED,SARA,WH-04
2026-06-02,ORD103817,SKU0051,5,21.33,5,101.32,CUST01994,ALEXANDRIA,WHOLESALE,UNKNOWN,2.0,RETURNED,MONA,WH-02
2026-01-05,ORD104721,SKU0154,1,180.18,10,162.16,CUST02495,TANTA,WHOLESALE,CASH,5.0,COMPLETED,SARA,WH-01
2026-05-14,ORD102489,SKU0106,4,216.4,30,605.92,CUST00068,ASWAN,ONLINE,UNKNOWN,4.0,COMPLETED,UNKNOWN,WH-03
2025-12-29,ORD100961,SKU0031,4,120.15,35,312.39,CUST01855,ASWAN,STORE,CARD,5.0,COMPLETED,UNKNOWN,WH-01
2025-12-29,ORD100193,SKU0149,6,232.46,30,976.33,CUST02375,TANTA,STORE,CARD,2.0,COMPLETED,UNKNOWN,WH-03
2026-05-30,ORD104273,SKU0154,2,172.24,0,344.48,CUST01661,LUXOR,STORE,BNPL,6.0,COMPLETED,OMAR,WH-02
2026-04-16,ORD100134,SKU0053,1,260.9,45,143.5,CUST00911,TANTA,WHOLESALE,CARD,2.0,COMPLETED,UNKNOWN,WH-04
2026-06-01,ORD101605,SKU0085,2,23.53,15,40.0,CUST00343,TANTA,STORE,BNPL,9.0,COMPLETED,ALI,WH-02
2026-03-08,ORD102289,SKU0108,4,199.34,10,717.62,CUST02205,ASWAN,MARKETPLACE,WALLET,8.0,COMPLETED,MONA,WH-01
2026-07-08,ORD102516,SKU0028,2,297.33,5,564.93,CUST00643,MANSOURA,STORE,BNPL,1.0,COMPLETED,MONA,WH-05
2026-04-29,ORD101868,SKU0103,5,155.97,45,428.92,CUST01168,MANSOURA,WHOLESALE,CARD,2.0,COMPLETED,SARA,WH-04
2026-01-29,ORD103346,SKU0105,1,8.62,20,6.9,CUST01818,MANSOURA,STORE,BNPL,4.0,COMPLETED,SARA,WH-02
2026-03-07,ORD101158,SKU0126,2,111.75,30,156.45,CUST01856,TANTA,ONLINE,UNKNOWN,9.0,COMPLETED,ALI,WH-02
2026-03-13,ORD103464,SKU0104,1,52.48,0,52.48,CUST01048,ALEXANDRIA,ONLINE,CARD,10.0,COMPLETED,UNKNOWN,WH-01
2026-06-27,ORD102350,SKU0165,3,133.87,30,281.13,CUST01762,LUXOR,ONLINE,CARD,7.0,COMPLETED,SARA,WH-02
2026-02-21,ORD104497,SKU0118,5,93.91,35,305.21,CUST00799,LUXOR,STORE,WALLET,9.0,COMPLETED,OMAR,WH-04
2026-01-12,ORD103160,SKU0108,3,215.09,0,645.27,CUST02857,ALEXANDRIA,STORE,BNPL,6.0,COMPLETED,YOUSSEF,WH-02
2026-01-31,ORD100550,SKU0100,3,363.87,10,982.45,CUST00571,ALEXANDRIA,ONLINE,CASH,6.0,RETURNED,ALI,WH-03
2026-07-19,ORD101844,SKU0167,1,11.23,15,9.55,CUST01277,LUXOR,ONLINE,CASH,10.0,COMPLETED,UNKNOWN,WH-01
2026-01-06,ORD102174,SKU0057,1,381.57,30,267.1,CUST02641,CAIRO,WHOLESALE,BNPL,10.0,COMPLETED,SARA,WH-02
2026-04-19,ORD100739,SKU0174,1,154.96,25,116.22,CUST00737,GIZA,WHOLESALE,BNPL,10.0,RETURNED,ALI,WH-03
2026-02-08,ORD103840,SKU0188,1,29.97,5,28.47,CUST00599,LUXOR,WHOLESALE,UNKNOWN,7.0,COMPLETED,OMAR,WH-05
2026-03-27,ORD100180,SKU0009,3,126.08,35,245.86,CUST00620,TANTA,ONLINE,WALLET,10.0,COMPLETED,SARA,WH-02
2026-01-12,ORD101898,SKU0153,2,336.65,15,572.3,CUST01428,CAIRO,MARKETPLACE,CARD,9.0,COMPLETED,UNKNOWN,WH-03
2026-05-13,ORD100882,SKU0106,5,241.37,15,1025.82,CUST00805,ALEXANDRIA,MARKETPLACE,BNPL,2.0,COMPLETED,ALI,WH-05
2026-05-23,ORD103878,SKU0083,4,53.43,0,213.72,CUST00770,ASWAN,STORE,CASH,3.0,CANCELLED,SARA,WH-05
2026-04-28,ORD103133,SKU0066,1,118.71,0,118.71,CUST00125,LUXOR,STORE,CARD,3.0,COMPLETED,UNKNOWN,WH-04
2026-04-23,ORD100396,SKU0003,2,48.4,35,62.92,CUST00373,MANSOURA,ONLINE,WALLET,3.0,COMPLETED,MONA,WH-02
2026-06-22,ORD104422,SKU0079,3,266.2,20,638.88,CUST00832,CAIRO,WHOLESALE,UNKNOWN,2.0,COMPLETED,MONA,WH-04
2026-05-21,ORD102141,SKU0153,6,324.81,35,1266.76,CUST01812,TANTA,ONLINE,BNPL,0.0,COMPLETED,OMAR,WH-04
2026-03-04,ORD100916,SKU0003,1,50.2,5,47.69,CUST00373,LUXOR,ONLINE,CASH,9.0,RETURNED,ALI,WH-05
2026-01-01,ORD100106,SKU0090,2,264.64,30,370.5,CUST01326,TANTA,STORE,WALLET,3.0,COMPLETED,ALI,WH-05
2026-06-27,ORD101816,SKU0199,4,281.61,25,844.83,CUST01480,CAIRO,ONLINE,UNKNOWN,10.0,COMPLETED,OMAR,WH-02
2026-01-13,ORD104016,SKU0029,1,34.19,10,30.77,CUST02366,ASWAN,ONLINE,BNPL,3.0,RETURNED,UNKNOWN,WH-05
2026-06-02,ORD104829,SKU0142,2,103.23,30,144.52,CUST00561,ALEXANDRIA,ONLINE,WALLET,0.0,CANCELLED,YOUSSEF,WH-04
2026-05-21,ORD104092,SKU0055,4,68.91,0,275.64,CUST01099,GIZA,MARKETPLACE,CARD,9.0,COMPLETED,SARA,WH-05
2026-06-30,ORD100623,SKU0069,3,213.51,15,544.45,CUST00212,MANSOURA,ONLINE,WALLET,5.0,COMPLETED,MONA,WH-03
2026-02-15,ORD104705,SKU0016,1,186.28,30,130.4,CUST00756,CAIRO,MARKETPLACE,CARD,1.0,COMPLETED,YOUSSEF,WH-03
2026-04-08,ORD100177,SKU0107,2,193.88,20,310.21,CUST02436,GIZA,ONLINE,CASH,1.0,COMPLETED,ALI,WH-05
2026-06-19,ORD100014,SKU0170,1,133.38,30,93.37,CUST00468,GIZA,STORE,CARD,1.0,COMPLETED,YOUSSEF,WH-04
2026-07-05,ORD100025,SKU0161,3,217.86,30,457.51,CUST01226,LUXOR,MARKETPLACE,BNPL,8.0,COMPLETED,MONA,WH-02
2026-05-31,ORD101756,SKU0169,2,340.84,15,579.43,CUST01295,MANSOURA,MARKETPLACE,WALLET,7.0,COMPLETED,YOUSSEF,WH-05
2026-01-29,ORD103740,SKU0095,1,157.6,25,118.2,CUST01145,ASWAN,MARKETPLACE,BNPL,7.0,RETURNED,YOUSSEF,WH-04
2026-03-18,ORD102603,SKU0107,1,209.05,30,146.34,CUST00046,LUXOR,MARKETPLACE,CASH,2.0,COMPLETED,SARA,WH-01
2026-04-13,ORD103083,SKU0078,4,293.01,30,820.43,CUST01409,LUXOR,WHOLESALE,CARD,10.0,COMPLETED,OMAR,WH-05
2026-07-17,ORD100322,SKU0122,1,306.33,25,229.75,CUST02908,LUXOR,STORE,UNKNOWN,1.0,CANCELLED,MONA,WH-01
2026-07-12,ORD100768,SKU0131,3,278.18,0,834.54,CUST02033,LUXOR,STORE,WALLET,8.0,RETURNED,ALI,WH-03
2026-02-21,ORD101848,SKU0119,5,69.17,45,190.22,CUST00893,MANSOURA,ONLINE,CARD,8.0,COMPLETED,MONA,WH-01
2026-07-16,ORD104316,SKU0120,4,199.32,20,637.82,CUST02869,ALEXANDRIA,STORE,UNKNOWN,10.0,COMPLETED,MONA,WH-03
2026-04-13,ORD101132,SKU0014,1,82.08,15,69.77,CUST01923,TANTA,STORE,BNPL,8.0,COMPLETED,ALI,WH-04
2026-01-18,ORD104712,SKU0081,1,152.68,5,145.05,CUST01326,CAIRO,MARKETPLACE,WALLET,3.0,COMPLETED,SARA,WH-04
2026-01-12,ORD103750,SKU0170,2,121.68,25,182.52,CUST02695,TANTA,MARKETPLACE,CARD,4.0,COMPLETED,OMAR,WH-01
2026-03-21,ORD101174,SKU0050,1,13.15,25,9.86,CUST01927,ASWAN,ONLINE,CASH,8.0,COMPLETED,OMAR,WH-01
2026-01-04,ORD101584,SKU0165,1,124.5,45,68.48,CUST02349,LUXOR,ONLINE,CASH,2.0,COMPLETED,SARA,WH-04
2026-01-20,ORD103402,SKU0028,1,297.54,35,193.4,CUST00814,ALEXANDRIA,ONLINE,CASH,4.0,COMPLETED,MONA,WH-04
2026-05-17,ORD102410,SKU0119,4,79.11,10,284.8,CUST02243,ALEXANDRIA,MARKETPLACE,CASH,0.0,CANCELLED,SARA,WH-03
2026-04-25,ORD100695,SKU0085,1,25.41,20,20.33,CUST00554,LUXOR,WHOLESALE,UNKNOWN,5.0,COMPLETED,MONA,WH-05
2026-03-24,ORD104828,SKU0117,5,207.71,10,934.7,CUST00517,ASWAN,ONLINE,CASH,2.0,COMPLETED,MONA,WH-05
2026-02-16,ORD100006,SKU0022,1,28.61,15,24.32,CUST02057,LUXOR,STORE,BNPL,5.0,COMPLETED,SARA,WH-01
2026-02-14,ORD103291,SKU0109,3,143.49,25,322.85,CUST02164,ALEXANDRIA,MARKETPLACE,BNPL,4.0,RETURNED,ALI,WH-03
2026-04-19,ORD104193,SKU0188,3,32.19,20,77.26,CUST02475,ASWAN,WHOLESALE,WALLET,6.0,COMPLETED,YOUSSEF,WH-03
2026-02-11,ORD100306,SKU0044,1,267.15,25,200.36,CUST00646,ALEXANDRIA,WHOLESALE,UNKNOWN,0.0,COMPLETED,OMAR,WH-02
2026-06-10,ORD102947,SKU0124,3,196.32,5,559.51,CUST00972,LUXOR,ONLINE,BNPL,8.0,COMPLETED,UNKNOWN,WH-04
2026-02-05,ORD100275,SKU0059,1,224.0,5,212.8,CUST02573,LUXOR,WHOLESALE,UNKNOWN,7.0,COMPLETED,SARA,WH-05
2026-05-03,ORD100486,SKU0147,1,287.51,0,287.51,CUST00730,TANTA,ONLINE,CASH,9.0,COMPLETED,YOUSSEF,WH-02
2026-05-02,ORD100512,SKU0198,2,165.53,20,264.85,CUST02495,ASWAN,MARKETPLACE,WALLET,7.0,COMPLETED,UNKNOWN,WH-03
2026-02-22,ORD104287,SKU0165,1,127.78,30,89.45,CUST00520,ALEXANDRIA,MARKETPLACE,UNKNOWN,9.0,RETURNED,MONA,WH-01
2026-05-12,ORD102388,SKU0173,3,160.67,20,385.61,CUST01295,ALEXANDRIA,MARKETPLACE,CASH,2.0,COMPLETED,ALI,WH-04
2026-05-13,ORD102297,SKU0054,2,189.07,20,302.51,CUST02327,TANTA,ONLINE,WALLET,1.0,COMPLETED,SARA,WH-03
2025-12-30,ORD104448,SKU0080,4,101.73,30,284.84,CUST02414,ASWAN,MARKETPLACE,CARD,5.0,COMPLETED,UNKNOWN,WH-03
2026-06-20,ORD104619,SKU0076,5,288.01,30,1008.03,CUST01043,MANSOURA,STORE,UNKNOWN,1.0,COMPLETED,OMAR,WH-04
2026-04-08,ORD104834,SKU0140,4,298.34,20,954.69,CUST01418,ALEXANDRIA,STORE,CASH,9.0,COMPLETED,ALI,WH-03
2026-06-15,ORD102983,SKU0014,3,83.32,5,237.46,CUST02018,GIZA,ONLINE,WALLET,5.0,COMPLETED,UNKNOWN,WH-04
2026-04-14,ORD104757,SKU0197,1,177.8,0,177.8,CUST02961,ALEXANDRIA,ONLINE,CASH,0.0,COMPLETED,UNKNOWN,WH-02
2026-01-19,ORD101023,SKU0198,2,178.27,0,356.54,CUST02758,CAIRO,WHOLESALE,WALLET,3.0,COMPLETED,OMAR,WH-02
2026-06-27,ORD100213,SKU0054,1,174.26,20,139.41,CUST01595,MANSOURA,STORE,BNPL,9.0,COMPLETED,SARA,WH-05
2026-05-03,ORD103876,SKU0142,3,101.85,45,168.05,CUST01332,TANTA,ONLINE,CASH,10.0,COMPLETED,UNKNOWN,WH-03
2026-06-19,ORD102711,SKU0144,4,178.31,30,499.27,CUST02367,LUXOR,ONLINE,WALLET,7.0,COMPLETED,ALI,WH-01
2026-02-25,ORD101224,SKU0100,2,377.5,15,641.75,CUST02770,CAIRO,MARKETPLACE,BNPL,8.0,COMPLETED,SARA,WH-03
2026-05-29,ORD101313,SKU0061,2,399.0,10,718.2,CUST01697,ASWAN,STORE,BNPL,2.0,COMPLETED,MONA,WH-01
2026-01-03,ORD100721,SKU0199,2,316.55,35,411.52,CUST00540,CAIRO,STORE,WALLET,8.0,CANCELLED,YOUSSEF,WH-04
2026-06-11,ORD103030,SKU0199,3,304.91,25,686.05,CUST00231,CAIRO,WHOLESALE,UNKNOWN,9.0,CANCELLED,OMAR,WH-03
2026-04-11,ORD100420,SKU0195,5,334.58,5,1589.26,CUST02495,ASWAN,STORE,UNKNOWN,2.0,COMPLETED,YOUSSEF,WH-01
2026-07-15,ORD102646,SKU0035,1,50.57,10,45.51,CUST01569,ALEXANDRIA,STORE,WALLET,1.0,COMPLETED,OMAR,WH-04
2026-02-28,ORD102918,SKU0110,2,302.38,0,604.76,CUST02005,LUXOR,WHOLESALE,BNPL,10.0,COMPLETED,OMAR,WH-01
2026-07-01,ORD103726,SKU0135,2,109.47,10,197.05,CUST01868,ALEXANDRIA,MARKETPLACE,UNKNOWN,3.0,COMPLETED,ALI,WH-01
2026-06-28,ORD104810,SKU0087,4,164.58,25,493.74,CUST01859,GIZA,STORE,CASH,6.0,CANCELLED,OMAR,WH-04
2026-04-10,ORD102075,SKU0033,6,105.49,30,443.06,CUST00459,TANTA,MARKETPLACE,BNPL,3.0,COMPLETED,MONA,WH-03
2026-01-22,ORD104939,SKU0040,1,103.47,10,93.12,CUST01523,ASWAN,STORE,BNPL,1.0,COMPLETED,YOUSSEF,WH-03
2026-01-28,ORD100956,SKU0155,3,229.21,15,584.49,CUST01775,LUXOR,ONLINE,CASH,8.0,RETURNED,SARA,WH-03
2026-02-20,ORD100507,SKU0197,1,155.97,45,85.78,CUST01554,LUXOR,STORE,CARD,9.0,COMPLETED,YOUSSEF,WH-03
2026-06-26,ORD103714,SKU0044,1,267.09,25,200.32,CUST02534,LUXOR,WHOLESALE,BNPL,0.0,COMPLETED,UNKNOWN,WH-02
2026-05-17,ORD101717,SKU0132,3,60.46,20,145.1,CUST01319,TANTA,STORE,BNPL,10.0,COMPLETED,UNKNOWN,WH-01
2026-07-01,ORD104839,SKU0069,1,225.5,15,191.68,CUST01213,LUXOR,STORE,UNKNOWN,10.0,COMPLETED,OMAR,WH-02
2026-05-19,ORD104146,SKU0030,1,21.33,0,21.33,CUST00512,CAIRO,MARKETPLACE,CASH,1.0,COMPLETED,SARA,WH-04
2026-04-04,ORD104872,SKU0166,3,155.07,5,441.95,CUST01638,TANTA,STORE,WALLET,5.0,COMPLETED,MONA,WH-02
2026-01-30,ORD102196,SKU0024,1,124.48,0,124.48,CUST01701,ALEXANDRIA,MARKETPLACE,CASH,5.0,COMPLETED,UNKNOWN,WH-05
2025-12-26,ORD104111,SKU0043,1,99.1,25,74.32,CUST01042,MANSOURA,MARKETPLACE,CARD,7.0,RETURNED,OMAR,WH-02
2026-07-10,ORD102036,SKU0109,5,153.25,30,536.38,CUST00178,CAIRO,WHOLESALE,UNKNOWN,6.0,COMPLETED,MONA,WH-01
2026-06-04,ORD102348,SKU0097,5,336.23,0,1681.15,CUST01486,TANTA,WHOLESALE,CARD,5.0,COMPLETED,YOUSSEF,WH-03
2026-06-28,ORD103135,SKU0185,1,57.39,20,45.91,CUST00516,ASWAN,STORE,UNKNOWN,0.0,COMPLETED,UNKNOWN,WH-04
2026-01-24,ORD100844,SKU0023,2,115.36,45,126.9,CUST00506,TANTA,STORE,BNPL,0.0,COMPLETED,SARA,WH-03
2026-01-01,ORD100843,SKU0173,2,149.78,0,299.56,CUST00933,LUXOR,MARKETPLACE,WALLET,7.0,COMPLETED,YOUSSEF,WH-03
2026-06-10,ORD101045,SKU0065,4,11.65,35,30.29,CUST01131,LUXOR,WHOLESALE,UNKNOWN,4.0,COMPLETED,SARA,WH-02
2026-05-24,ORD100643,SKU0150,2,161.66,20,258.66,CUST02346,ASWAN,MARKETPLACE,CARD,7.0,COMPLETED,SARA,WH-02
2026-05-25,ORD101441,SKU0027,3,418.03,10,1128.68,CUST01281,TANTA,WHOLESALE,CASH,4.0,COMPLETED,SARA,WH-04
2026-05-29,ORD101802,SKU0182,4,166.71,30,466.79,CUST02778,LUXOR,WHOLESALE,BNPL,0.0,COMPLETED,ALI,WH-05
2026-03-17,ORD101167,SKU0132,3,55.37,0,166.11,CUST02345,GIZA,STORE,CARD,6.0,COMPLETED,YOUSSEF,WH-02
2026-04-19,ORD100649,SKU0174,3,167.29,30,351.31,CUST01897,LUXOR,MARKETPLACE,CASH,2.0,COMPLETED,MONA,WH-01
2026-01-24,ORD101233,SKU0078,3,285.45,5,813.53,CUST00212,GIZA,MARKETPLACE,CARD,4.0,COMPLETED,OMAR,WH-01
2026-06-24,ORD101119,SKU0111,1,265.89,30,186.12,CUST00104,LUXOR,STORE,WALLET,7.0,COMPLETED,UNKNOWN,WH-01
2026-03-22,ORD102991,SKU0047,2,290.21,45,319.23,CUST02085,TANTA,STORE,WALLET,9.0,COMPLETED,UNKNOWN,WH-02
2026-03-07,ORD104777,SKU0188,2,29.13,45,32.04,CUST01426,LUXOR,STORE,BNPL,9.0,COMPLETED,UNKNOWN,WH-01
2026-01-05,ORD100361,SKU0070,1,188.3,15,160.06,CUST02179,ALEXANDRIA,STORE,CARD,7.0,COMPLETED,ALI,WH-04
2026-04-19,ORD103432,SKU0062,6,92.44,15,471.44,CUST00157,MANSOURA,STORE,BNPL,4.0,COMPLETED,UNKNOWN,WH-02
2026-02-20,ORD104370,SKU0056,2,83.14,35,108.08,CUST02316,LUXOR,MARKETPLACE,CARD,2.0,COMPLETED,MONA,WH-01
2026-02-13,ORD104632,SKU0094,5,306.21,35,995.18,CUST02760,LUXOR,STORE,CARD,10.0,COMPLETED,OMAR,WH-01
2026-01-26,ORD102934,SKU0085,50,26.99,15,1147.08,CUST01937,ALEXANDRIA,MARKETPLACE,UNKNOWN,10.0,COMPLETED,UNKNOWN,WH-02
2026-07-15,ORD100065,SKU0097,1,373.56,30,261.49,CUST00841,TANTA,STORE,WALLET,2.0,COMPLETED,YOUSSEF,WH-03
2026-01-26,ORD104143,SKU0091,6,88.33,45,291.49,CUST02368,TANTA,WHOLESALE,BNPL,6.0,COMPLETED,YOUSSEF,WH-04
2026-05-23,ORD102756,SKU0155,4,261.66,35,680.32,CUST02211,ALEXANDRIA,MARKETPLACE,CARD,7.0,COMPLETED,SARA,WH-03
2026-03-28,ORD103772,SKU0188,4,29.66,35,77.12,CUST02410,CAIRO,MARKETPLACE,CASH,8.0,RETURNED,UNKNOWN,WH-03
2026-01-22,ORD104332,SKU0008,1,56.49,0,56.49,CUST01911,TANTA,WHOLESALE,WALLET,7.0,COMPLETED,OMAR,WH-02
2026-04-26,ORD101145,SKU0066,3,129.09,0,387.27,CUST02399,ASWAN,MARKETPLACE,CASH,0.0,COMPLETED,ALI,WH-04
2026-03-05,ORD101774,SKU0059,1,239.22,10,215.3,CUST01110,TANTA,ONLINE,WALLET,10.0,COMPLETED,MONA,WH-04
2026-02-04,ORD104689,SKU0041,2,312.39,15,531.06,CUST00040,MANSOURA,WHOLESALE,WALLET,9.0,COMPLETED,MONA,WH-04
2026-03-05,ORD101860,SKU0008,4,56.02,10,201.67,CUST01196,CAIRO,STORE,WALLET,6.0,COMPLETED,ALI,WH-05
2026-05-21,ORD102605,SKU0125,3,436.66,20,1047.98,CUST01415,MANSOURA,ONLINE,UNKNOWN,8.0,COMPLETED,UNKNOWN,WH-01
2026-03-24,ORD104622,SKU0120,2,172.14,0,344.28,CUST00110,ASWAN,STORE,CASH,7.0,COMPLETED,SARA,WH-01
2026-07-11,ORD104546,SKU0156,2,117.98,0,235.96,CUST00796,CAIRO,ONLINE,BNPL,5.0,COMPLETED,UNKNOWN,WH-02
2026-05-25,ORD103874,SKU0139,2,296.64,15,504.29,CUST01931,MANSOURA,MARKETPLACE,WALLET,3.0,COMPLETED,SARA,WH-01
2026-03-16,ORD102992,SKU0093,1,103.91,20,83.13,CUST02096,GIZA,MARKETPLACE,CARD,3.0,COMPLETED,SARA,WH-05
2026-04-28,ORD101190,SKU0141,1,304.47,20,243.58,CUST02773,TANTA,STORE,CASH,5.0,COMPLETED,UNKNOWN,WH-04
2026-01-24,ORD100415,SKU0015,1,141.18,10,127.06,CUST02813,GIZA,ONLINE,UNKNOWN,3.0,COMPLETED,SARA,WH-03
2026-01-10,ORD103571,SKU0168,3,18.91,0,56.73,CUST01915,ALEXANDRIA,ONLINE,CASH,0.0,COMPLETED,ALI,WH-01
2026-05-24,ORD101462,SKU0124,1,214.49,10,193.04,CUST00357,CAIRO,STORE,BNPL,8.0,COMPLETED,YOUSSEF,WH-01
2026-01-22,ORD104809,SKU0085,1,26.97,45,14.83,CUST00775,GIZA,MARKETPLACE,UNKNOWN,6.0,COMPLETED,YOUSSEF,WH-02
2025-12-27,ORD102364,SKU0165,5,131.14,15,557.34,CUST00943,LUXOR,STORE,UNKNOWN,10.0,COMPLETED,SARA,WH-01
2026-06-24,ORD102654,SKU0194,5,78.88,0,394.4,CUST01897,MANSOURA,ONLINE,BNPL,8.0,COMPLETED,UNKNOWN,WH-04
2026-04-29,ORD100752,SKU0087,3,154.18,0,462.54,CUST00186,LUXOR,STORE,UNKNOWN,4.0,RETURNED,UNKNOWN,WH-02
2026-03-25,ORD103958,SKU0162,5,199.41,15,847.49,CUST02572,LUXOR,WHOLESALE,UNKNOWN,10.0,COMPLETED,ALI,WH-03
2026-03-03,ORD104916,SKU0126,4,107.84,35,280.38,CUST01271,LUXOR,MARKETPLACE,CASH,6.0,COMPLETED,UNKNOWN,WH-03
2026-03-05,ORD103048,SKU0088,2,174.97,25,262.46,CUST00199,LUXOR,MARKETPLACE,CASH,1.0,COMPLETED,UNKNOWN,WH-04
2026-01-20,ORD102679,SKU0027,4,416.16,5,1581.41,CUST02447,ASWAN,MARKETPLACE,BNPL,2.0,COMPLETED,OMAR,WH-03
2026-06-24,ORD103564,SKU0189,5,216.68,30,758.38,CUST00510,MANSOURA,ONLINE,CASH,8.0,COMPLETED,YOUSSEF,WH-01
2026-06-10,ORD104413,SKU0004,2,35.01,30,49.01,CUST01875,CAIRO,WHOLESALE,BNPL,7.0,COMPLETED,UNKNOWN,WH-04
2026-05-15,ORD103962,SKU0094,1,320.6,30,224.42,CUST00910,LUXOR,ONLINE,CARD,4.0,COMPLETED,ALI,WH-02
2026-04-08,ORD103383,SKU0098,3,119.67,5,341.06,CUST01338,LUXOR,WHOLESALE,BNPL,1.0,COMPLETED,OMAR,WH-04
2026-02-13,ORD102590,SKU0055,2,68.3,25,102.45,CUST01405,TANTA,STORE,CASH,6.0,COMPLETED,MONA,WH-04
2026-03-15,ORD102979,SKU0112,1,37.92,35,24.65,CUST01462,ALEXANDRIA,STORE,BNPL,9.0,RETURNED,SARA,WH-05
2026-05-18,ORD100500,SKU0083,1,53.89,20,43.11,CUST02535,GIZA,ONLINE,UNKNOWN,6.0,COMPLETED,SARA,WH-02
2026-03-16,ORD104917,SKU0087,3,154.83,25,348.37,CUST02719,MANSOURA,STORE,BNPL,1.0,COMPLETED,ALI,WH-02
2026-04-08,ORD104725,SKU0124,5,199.15,5,945.96,CUST02931,LUXOR,MARKETPLACE,CASH,5.0,CANCELLED,MONA,WH-05
2026-07-09,ORD102160,SKU0190,3,234.38,45,386.73,CUST00928,ALEXANDRIA,WHOLESALE,CARD,0.0,CANCELLED,MONA,WH-01
2026-03-09,ORD104681,SKU0074,3,229.66,45,378.94,CUST01600,LUXOR,WHOLESALE,CARD,5.0,COMPLETED,MONA,WH-05
2026-04-13,ORD103350,SKU0197,4,158.4,5,601.92,CUST01495,GIZA,STORE,BNPL,3.0,CANCELLED,MONA,WH-01
2026-03-16,ORD103039,SKU0102,1,81.92,20,65.54,CUST00507,CAIRO,ONLINE,BNPL,9.0,COMPLETED,ALI,WH-02
2026-02-27,ORD100102,SKU0095,3,150.43,45,248.21,CUST01900,ALEXANDRIA,STORE,BNPL,5.0,CANCELLED,SARA,WH-02
2026-04-29,ORD102186,SKU0120,1,181.6,30,127.12,CUST02022,ALEXANDRIA,STORE,BNPL,8.0,COMPLETED,SARA,WH-04
2026-01-07,ORD100349,SKU0093,4,115.86,5,440.27,CUST01591,CAIRO,ONLINE,UNKNOWN,7.0,COMPLETED,SARA,WH-02
2026-03-18,ORD102084,SKU0092,1,427.07,35,277.6,CUST02047,CAIRO,WHOLESALE,CASH,3.0,COMPLETED,MONA,WH-03
2026-04-20,ORD103063,SKU0009,4,118.62,5,450.76,CUST02577,TANTA,ONLINE,WALLET,7.0,RETURNED,ALI,WH-01
2026-05-28,ORD102192,SKU0186,2,30.28,5,57.53,CUST02018,ASWAN,MARKETPLACE,WALLET,5.0,COMPLETED,YOUSSEF,WH-05
2026-05-06,ORD102954,SKU0067,2,44.57,25,66.86,CUST02599,MANSOURA,ONLINE,WALLET,1.0,COMPLETED,OMAR,WH-03
2026-06-05,ORD103911,SKU0006,3,22.1,30,46.41,CUST01158,CAIRO,MARKETPLACE,CARD,1.0,COMPLETED,ALI,WH-01
2026-07-15,ORD104190,SKU0038,2,294.97,0,589.94,CUST02503,LUXOR,ONLINE,UNKNOWN,6.0,RETURNED,YOUSSEF,WH-01
2026-05-15,ORD101566,SKU0097,1,375.87,10,338.28,CUST01797,CAIRO,ONLINE,CARD,1.0,COMPLETED,UNKNOWN,WH-02
2026-05-15,ORD100547,SKU0146,2,13.59,10,24.46,CUST02902,ASWAN,WHOLESALE,CARD,4.0,RETURNED,YOUSSEF,WH-01
2026-07-13,ORD103870,SKU0013,2,199.51,5,379.07,CUST00866,ALEXANDRIA,ONLINE,BNPL,5.0,RETURNED,YOUSSEF,WH-04
2026-07-18,ORD101697,SKU0065,1,11.88,25,8.91,CUST01414,MANSOURA,ONLINE,UNKNOWN,9.0,COMPLETED,UNKNOWN,WH-05
2026-05-29,ORD101980,SKU0084,1,98.92,0,98.92,CUST00656,MANSOURA,STORE,CASH,5.0,COMPLETED,MONA,WH-03
2026-04-15,ORD101621,SKU0140,2,303.0,45,333.3,CUST00745,CAIRO,MARKETPLACE,BNPL,2.0,COMPLETED,SARA,WH-05
2026-06-02,ORD100907,SKU0154,2,161.57,10,290.83,CUST02584,GIZA,STORE,BNPL,6.0,COMPLETED,ALI,WH-05
2026-04-01,ORD102581,SKU0073,3,79.98,20,191.95,CUST02130,CAIRO,STORE,CARD,8.0,COMPLETED,SARA,WH-03
2026-03-16,ORD100743,SKU0088,2,199.19,10,358.54,CUST01724,MANSOURA,ONLINE,WALLET,9.0,COMPLETED,MONA,WH-03
2026-04-22,ORD101215,SKU0039,1,214.77,30,150.34,CUST02848,ALEXANDRIA,ONLINE,UNKNOWN,0.0,COMPLETED,SARA,WH-01
2025-12-31,ORD102844,SKU0075,4,23.9,15,81.26,CUST02966,GIZA,MARKETPLACE,BNPL,2.0,COMPLETED,YOUSSEF,WH-01
2026-06-29,ORD102640,SKU0140,3,328.35,0,985.05,CUST00136,LUXOR,ONLINE,WALLET,5.0,COMPLETED,SARA,WH-05
2026-06-03,ORD104633,SKU0100,1,397.75,45,218.76,CUST00084,MANSOURA,MARKETPLACE,UNKNOWN,1.0,COMPLETED,ALI,WH-02
2026-03-26,ORD102321,SKU0116,3,273.9,45,451.94,CUST00437,MANSOURA,MARKETPLACE,CARD,2.0,COMPLETED,OMAR,WH-02
2026-06-19,ORD103033,SKU0158,1,322.9,15,274.46,CUST01922,LUXOR,STORE,UNKNOWN,5.0,COMPLETED,SARA,WH-01
2026-01-27,ORD104006,SKU0165,4,131.34,20,420.29,CUST02937,ALEXANDRIA,STORE,WALLET,7.0,CANCELLED,UNKNOWN,WH-05
2026-02-01,ORD102351,SKU0028,2,277.95,5,528.1,CUST01872,LUXOR,ONLINE,CARD,1.0,COMPLETED,YOUSSEF,WH-01
2026-02-01,ORD103227,SKU0146,1,13.15,25,9.86,CUST01314,MANSOURA,STORE,CASH,10.0,COMPLETED,UNKNOWN,WH-04
2026-02-22,ORD101017,SKU0041,1,361.05,10,324.94,CUST00113,TANTA,STORE,UNKNOWN,2.0,COMPLETED,SARA,WH-04
2026-05-29,ORD104746,SKU0145,5,115.09,35,374.04,CUST01313,MANSOURA,MARKETPLACE,UNKNOWN,4.0,COMPLETED,YOUSSEF,WH-04
2026-06-23,ORD100988,SKU0060,5,316.94,15,1347.0,CUST02013,MANSOURA,MARKETPLACE,WALLET,1.0,COMPLETED,MONA,WH-02
2026-02-26,ORD103651,SKU0116,1,290.46,15,246.89,CUST02302,LUXOR,MARKETPLACE,UNKNOWN,6.0,RETURNED,MONA,WH-05
2026-04-06,ORD104303,SKU0062,5,89.14,10,401.13,CUST02212,GIZA,ONLINE,UNKNOWN,8.0,COMPLETED,YOUSSEF,WH-05
2026-05-22,ORD101902,SKU0194,1,80.42,20,64.34,CUST02114,TANTA,ONLINE,WALLET,5.0,COMPLETED,SARA,WH-03
2025-12-29,ORD102851,SKU0150,1,172.22,10,155.0,CUST02292,ALEXANDRIA,MARKETPLACE,CASH,2.0,COMPLETED,YOUSSEF,WH-04
2026-07-04,ORD100597,SKU0019,6,89.26,35,348.11,CUST01108,ALEXANDRIA,WHOLESALE,UNKNOWN,8.0,COMPLETED,MONA,WH-02
2026-01-04,ORD104871,SKU0037,2,14.48,0,28.96,CUST00466,GIZA,MARKETPLACE,CASH,9.0,COMPLETED,YOUSSEF,WH-02
2026-07-15,ORD104525,SKU0193,2,300.29,45,330.32,CUST01163,GIZA,WHOLESALE,CASH,8.0,COMPLETED,ALI,WH-02
2026-07-17,ORD103984,SKU0114,3,345.88,45,570.7,CUST00758,ALEXANDRIA,WHOLESALE,WALLET,1.0,COMPLETED,UNKNOWN,WH-02
2026-06-28,ORD101184,SKU0178,1,38.28,20,30.62,CUST00900,CAIRO,ONLINE,WALLET,7.0,COMPLETED,UNKNOWN,WH-05
2026-04-30,ORD104250,SKU0041,3,355.41,25,799.67,CUST02176,TANTA,ONLINE,UNKNOWN,1.0,COMPLETED,UNKNOWN,WH-05
2026-03-01,ORD102267,SKU0183,2,317.32,45,349.05,CUST00624,TANTA,MARKETPLACE,UNKNOWN,4.0,CANCELLED,OMAR,WH-04
2026-02-17,ORD104223,SKU0103,2,140.49,35,182.64,CUST02853,MANSOURA,STORE,WALLET,3.0,COMPLETED,UNKNOWN,WH-03
2026-03-27,ORD104074,SKU0034,2,75.67,35,98.37,CUST01833,CAIRO,STORE,WALLET,8.0,COMPLETED,ALI,WH-01
2026-06-17,ORD100856,SKU0050,2,12.6,35,16.38,CUST00924,ASWAN,STORE,BNPL,6.0,COMPLETED,MONA,WH-04
2026-01-22,ORD103517,SKU0108,3,229.08,0,687.24,CUST00288,ALEXANDRIA,ONLINE,WALLET,0.0,COMPLETED,ALI,WH-02
2026-03-01,ORD104508,SKU0111,4,265.52,45,584.14,CUST02746,LUXOR,WHOLESALE,CASH,5.0,COMPLETED,YOUSSEF,WH-01
2026-03-02,ORD104481,SKU0086,4,168.22,45,370.08,CUST01078,TANTA,WHOLESALE,BNPL,1.0,COMPLETED,SARA,WH-04
2026-02-07,ORD102804,SKU0115,6,326.96,35,1275.14,CUST01408,ALEXANDRIA,ONLINE,BNPL,2.0,COMPLETED,SARA,WH-03
2026-01-19,ORD103211,SKU0105,2,9.42,35,12.25,CUST02982,LUXOR,ONLINE,WALLET,3.0,COMPLETED,YOUSSEF,WH-04
2026-05-03,ORD104942,SKU0142,1,100.74,15,85.63,CUST02164,ASWAN,ONLINE,WALLET,1.0,COMPLETED,YOUSSEF,WH-04
2026-05-24,ORD104395,SKU0066,3,125.26,20,300.62,CUST02544,ALEXANDRIA,ONLINE,BNPL,10.0,COMPLETED,OMAR,WH-02
2026-07-18,ORD104224,SKU0070,1,178.49,35,116.02,CUST00309,CAIRO,WHOLESALE,CARD,3.0,COMPLETED,OMAR,WH-05
2026-01-24,ORD104976,SKU0113,1,81.39,35,52.9,CUST01406,MANSOURA,WHOLESALE,BNPL,6.0,COMPLETED,UNKNOWN,WH-01
2026-07-10,ORD102938,SKU0038,1,296.77,25,222.58,CUST00888,MANSOURA,ONLINE,BNPL,8.0,COMPLETED,UNKNOWN,WH-02
2026-06-04,ORD100758,SKU0122,1,308.74,25,231.56,CUST01294,MANSOURA,STORE,CASH,5.0,RETURNED,MONA,WH-01
2026-04-05,ORD101637,SKU0027,1,405.73,30,284.01,CUST02496,MANSOURA,MARKETPLACE,CASH,0.0,COMPLETED,SARA,WH-04
2026-04-24,ORD103667,SKU0122,1,303.2,30,212.24,CUST00705,MANSOURA,WHOLESALE,WALLET,6.0,COMPLETED,UNKNOWN,WH-03
2026-04-15,ORD100287,SKU0188,2,30.92,30,43.29,CUST02096,CAIRO,STORE,CASH,4.0,COMPLETED,OMAR,WH-04
2026-04-22,ORD101087,SKU0102,4,83.68,20,267.78,CUST02108,ASWAN,ONLINE,CARD,4.0,COMPLETED,UNKNOWN,WH-02
2026-07-14,ORD104464,SKU0125,4,453.12,0,1812.48,CUST02745,MANSOURA,WHOLESALE,WALLET,4.0,COMPLETED,OMAR,WH-01
2026-04-12,ORD100901,SKU0038,2,310.7,35,403.91,CUST00488,ALEXANDRIA,MARKETPLACE,WALLET,8.0,COMPLETED,YOUSSEF,WH-05
2026-05-17,ORD103522,SKU0171,2,170.31,45,187.34,CUST00743,TANTA,WHOLESALE,CASH,3.0,COMPLETED,YOUSSEF,WH-05
2026-02-28,ORD101127,SKU0057,3,379.23,30,796.38,CUST01676,GIZA,WHOLESALE,CARD,6.0,RETURNED,ALI,WH-05
2026-03-28,ORD101159,SKU0131,5,299.02,5,1420.34,CUST02361,CAIRO,WHOLESALE,UNKNOWN,8.0,COMPLETED,SARA,WH-03
2026-01-06,ORD102669,SKU0052,2,123.88,0,247.76,CUST00010,TANTA,MARKETPLACE,CASH,3.0,COMPLETED,YOUSSEF,WH-04
2026-07-11,ORD103127,SKU0035,2,48.44,5,92.04,CUST02990,LUXOR,STORE,UNKNOWN,9.0,RETURNED,MONA,WH-03
2026-03-09,ORD101689,SKU0085,1,26.3,15,22.36,CUST00200,ALEXANDRIA,STORE,CARD,5.0,COMPLETED,MONA,WH-01
2026-05-27,ORD101272,SKU0095,1,160.49,25,120.37,CUST00592,LUXOR,WHOLESALE,CARD,9.0,COMPLETED,SARA,WH-02
2026-01-22,ORD100001,SKU0194,1,83.36,0,83.36,CUST00574,MANSOURA,WHOLESALE,UNKNOWN,9.0,CANCELLED,MONA,WH-05
2026-07-18,ORD101669,SKU0052,3,128.82,30,270.52,CUST01551,CAIRO,MARKETPLACE,CARD,8.0,COMPLETED,MONA,WH-05
2026-07-19,ORD100406,SKU0152,1,224.83,0,224.83,CUST02767,LUXOR,ONLINE,BNPL,6.0,COMPLETED,OMAR,WH-02
2026-07-15,ORD102106,SKU0124,5,203.27,0,1016.35,CUST01481,MANSOURA,STORE,BNPL,0.0,COMPLETED,MONA,WH-04
2026-01-07,ORD104635,SKU0182,6,168.85,25,759.82,CUST02317,CAIRO,ONLINE,BNPL,10.0,COMPLETED,YOUSSEF,WH-03
2026-06-08,ORD103454,SKU0131,5,295.03,10,1327.64,CUST01273,CAIRO,MARKETPLACE,WALLET,1.0,COMPLETED,ALI,WH-04
2026-07-13,ORD101089,SKU0075,3,25.26,20,60.62,CUST01621,GIZA,MARKETPLACE,WALLET,8.0,COMPLETED,YOUSSEF,WH-02
2026-07-23,ORD103820,SKU0079,1,284.01,45,156.21,CUST01970,MANSOURA,WHOLESALE,UNKNOWN,4.0,COMPLETED,MONA,WH-02
2026-05-16,ORD102985,SKU0002,1,271.72,30,190.2,CUST02669,CAIRO,MARKETPLACE,UNKNOWN,10.0,RETURNED,OMAR,WH-02
2026-07-20,ORD101932,SKU0189,3,208.8,35,407.16,CUST01697,ASWAN,WHOLESALE,BNPL,4.0,COMPLETED,ALI,WH-05
2026-05-15,ORD103512,SKU0149,3,242.37,0,727.11,CUST01984,ALEXANDRIA,ONLINE,BNPL,4.0,COMPLETED,YOUSSEF,WH-05
2026-07-03,ORD101663,SKU0198,2,156.04,15,265.27,CUST02165,CAIRO,WHOLESALE,BNPL,9.0,COMPLETED,ALI,WH-02
2025-12-26,ORD102561,SKU0114,3,299.88,20,719.71,CUST02509,MANSOURA,STORE,CARD,2.0,CANCELLED,OMAR,WH-01
2026-07-03,ORD100829,SKU0152,1,227.42,10,204.68,CUST00746,MANSOURA,ONLINE,BNPL,0.0,COMPLETED,YOUSSEF,WH-03
2025-12-28,ORD102062,SKU0145,4,115.26,0,461.04,CUST00856,ALEXANDRIA,MARKETPLACE,CARD,9.0,COMPLETED,OMAR,WH-04
2026-01-18,ORD104219,SKU0102,5,79.83,35,259.45,CUST00768,CAIRO,WHOLESALE,WALLET,2.0,COMPLETED,ALI,WH-03
2026-05-05,ORD102800,SKU0053,5,281.07,45,772.94,CUST02047,GIZA,WHOLESALE,UNKNOWN,2.0,COMPLETED,YOUSSEF,WH-04
2026-07-24,ORD101219,SKU0024,4,127.28,30,356.38,CUST01766,CAIRO,WHOLESALE,CASH,5.0,COMPLETED,MONA,WH-03
2026-02-26,ORD104237,SKU0139,2,343.17,35,446.12,CUST02803,ASWAN,STORE,WALLET,10.0,COMPLETED,ALI,WH-04
2026-03-25,ORD101046,SKU0196,3,324.13,10,875.15,CUST02089,ASWAN,MARKETPLACE,WALLET,4.0,COMPLETED,UNKNOWN,WH-03
2026-01-09,ORD104674,SKU0067,4,48.2,35,125.32,CUST01850,ALEXANDRIA,STORE,WALLET,7.0,COMPLETED,OMAR,WH-04
2026-02-05,ORD100218,SKU0103,1,142.03,20,113.62,CUST01841,TANTA,STORE,CARD,8.0,COMPLETED,YOUSSEF,WH-05
2026-01-26,ORD100089,SKU0033,3,104.76,0,314.28,CUST00223,MANSOURA,WHOLESALE,BNPL,0.0,COMPLETED,ALI,WH-01
2026-05-01,ORD103225,SKU0137,3,415.82,35,810.85,CUST02545,ALEXANDRIA,ONLINE,CARD,1.0,COMPLETED,OMAR,WH-05
2026-07-05,ORD101223,SKU0188,2,29.24,35,38.01,CUST02605,GIZA,ONLINE,WALLET,0.0,COMPLETED,UNKNOWN,WH-04
2026-05-22,ORD103021,SKU0154,3,177.48,20,425.95,CUST00264,MANSOURA,WHOLESALE,BNPL,8.0,COMPLETED,YOUSSEF,WH-01
2026-01-21,ORD100296,SKU0104,6,50.08,10,270.43,CUST01711,GIZA,MARKETPLACE,BNPL,2.0,COMPLETED,UNKNOWN,WH-03
2026-03-27,ORD102682,SKU0158,1,345.32,45,189.93,CUST02362,CAIRO,STORE,BNPL,5.0,COMPLETED,OMAR,WH-03
2026-02-20,ORD102492,SKU0106,3,217.27,35,423.68,CUST01123,CAIRO,MARKETPLACE,WALLET,2.0,COMPLETED,YOUSSEF,WH-01
2026-07-17,ORD102269,SKU0168,4,16.9,20,54.08,CUST02235,CAIRO,MARKETPLACE,WALLET,3.0,COMPLETED,ALI,WH-04
2026-04-25,ORD104985,SKU0193,1,334.75,30,234.32,CUST02375,MANSOURA,ONLINE,CASH,10.0,COMPLETED,MONA,WH-02
2026-02-19,ORD104115,SKU0118,1,91.27,25,68.45,CUST01430,GIZA,STORE,CARD,4.0,COMPLETED,UNKNOWN,WH-02
2026-06-02,ORD103882,SKU0134,1,303.43,25,227.57,CUST00987,ASWAN,MARKETPLACE,BNPL,4.0,COMPLETED,YOUSSEF,WH-02
2026-07-07,ORD104650,SKU0102,2,80.44,0,160.88,CUST01587,GIZA,STORE,UNKNOWN,10.0,COMPLETED,YOUSSEF,WH-05
2026-04-27,ORD103705,SKU0034,1,76.49,5,72.67,CUST01738,CAIRO,WHOLESALE,CASH,7.0,COMPLETED,UNKNOWN,WH-04
2026-01-22,ORD103879,SKU0147,3,256.85,20,616.44,CUST00876,CAIRO,STORE,CARD,4.0,COMPLETED,YOUSSEF,WH-01
2026-04-21,ORD104170,SKU0118,2,94.15,25,141.23,CUST01991,CAIRO,STORE,CASH,8.0,COMPLETED,SARA,WH-02
2026-07-21,ORD103619,SKU0003,4,51.83,35,134.76,CUST01495,CAIRO,MARKETPLACE,WALLET,2.0,COMPLETED,MONA,WH-01
2026-01-18,ORD104559,SKU0197,2,175.73,25,263.59,CUST02905,MANSOURA,ONLINE,CARD,1.0,COMPLETED,YOUSSEF,WH-05
2026-01-03,ORD101629,SKU0086,1,159.15,10,143.24,CUST01060,ALEXANDRIA,STORE,CARD,9.0,COMPLETED,OMAR,WH-01
2026-04-09,ORD101954,SKU0129,5,407.47,45,1120.54,CUST02410,ASWAN,STORE,CASH,10.0,COMPLETED,SARA,WH-04
2026-03-31,ORD104659,SKU0181,1,159.83,5,151.84,CUST01448,MANSOURA,MARKETPLACE,CARD,2.0,COMPLETED,MONA,WH-03
2026-05-09,ORD102563,SKU0109,2,152.71,0,305.42,CUST00812,TANTA,STORE,BNPL,8.0,COMPLETED,OMAR,WH-02
2026-07-15,ORD104522,SKU0129,4,381.31,10,1372.72,CUST02835,ASWAN,MARKETPLACE,WALLET,8.0,COMPLETED,YOUSSEF,WH-03
2026-07-13,ORD101163,SKU0033,4,118.92,15,404.33,CUST01811,MANSOURA,MARKETPLACE,BNPL,0.0,COMPLETED,MONA,WH-02
2026-02-01,ORD101108,SKU0171,1,192.8,5,183.16,CUST01768,ALEXANDRIA,MARKETPLACE,WALLET,1.0,COMPLETED,UNKNOWN,WH-03
2026-02-24,ORD101443,SKU0151,1,29.88,35,19.42,CUST00277,LUXOR,STORE,CASH,4.0,COMPLETED,MONA,WH-05
2026-01-22,ORD103300,SKU0054,1,169.4,35,110.11,CUST02617,GIZA,STORE,CASH,5.0,COMPLETED,ALI,WH-05
2026-01-20,ORD103310,SKU0155,2,255.17,5,484.82,CUST01955,MANSOURA,STORE,CARD,10.0,COMPLETED,YOUSSEF,WH-02
2026-01-19,ORD102568,SKU0131,5,304.58,0,1522.9,CUST02546,CAIRO,WHOLESALE,CASH,6.0,COMPLETED,YOUSSEF,WH-02
2026-05-26,ORD100423,SKU0162,1,201.65,35,131.07,CUST01774,ALEXANDRIA,ONLINE,UNKNOWN,2.0,COMPLETED,UNKNOWN,WH-05
2026-02-24,ORD101811,SKU0096,1,55.34,30,38.74,CUST01075,LUXOR,STORE,CARD,10.0,RETURNED,OMAR,WH-05
2026-03-16,ORD104428,SKU0013,2,217.19,35,282.35,CUST01807,MANSOURA,STORE,WALLET,2.0,COMPLETED,YOUSSEF,WH-02
2026-04-02,ORD100121,SKU0125,3,446.84,20,1072.42,CUST01161,ASWAN,MARKETPLACE,CARD,4.0,COMPLETED,UNKNOWN,WH-01
2026-07-24,ORD103838,SKU0190,3,235.76,30,495.1,CUST01525,CAIRO,WHOLESALE,BNPL,4.0,COMPLETED,ALI,WH-05
2026-06-15,ORD102801,SKU0064,3,369.59,5,1053.33,CUST01409,MANSOURA,ONLINE,CASH,6.0,COMPLETED,MONA,WH-04
2026-03-19,ORD104452,SKU0039,1,194.46,25,145.84,CUST00317,LUXOR,WHOLESALE,CASH,9.0,COMPLETED,YOUSSEF,WH-02
2026-05-26,ORD101850,SKU0175,2,155.21,20,248.34,CUST02270,ALEXANDRIA,MARKETPLACE,BNPL,5.0,COMPLETED,UNKNOWN,WH-02
2026-07-22,ORD102159,SKU0107,6,179.98,15,917.9,CUST02652,GIZA,ONLINE,CARD,3.0,COMPLETED,UNKNOWN,WH-01
2026-02-21,ORD101050,SKU0101,2,164.31,25,246.46,CUST02295,MANSOURA,ONLINE,CASH,3.0,COMPLETED,UNKNOWN,WH-03
2026-01-17,ORD104667,SKU0113,3,89.68,20,215.23,CUST01331,TANTA,ONLINE,CASH,8.0,COMPLETED,YOUSSEF,WH-02
2026-03-03,ORD101987,SKU0059,4,240.11,20,768.35,CUST01880,GIZA,ONLINE,CARD,1.0,CANCELLED,OMAR,WH-05
2026-03-27,ORD102767,SKU0024,1,118.45,5,112.53,CUST02422,GIZA,WHOLESALE,BNPL,8.0,COMPLETED,SARA,WH-03
2026-06-13,ORD102337,SKU0080,5,99.06,15,421.0,CUST00744,LUXOR,MARKETPLACE,UNKNOWN,6.0,COMPLETED,ALI,WH-04
2026-02-17,ORD103599,SKU0052,5,113.24,0,566.2,CUST00277,ASWAN,WHOLESALE,CASH,1.0,COMPLETED,UNKNOWN,WH-05
2026-07-09,ORD103372,SKU0124,3,199.65,15,509.11,CUST02354,GIZA,WHOLESALE,WALLET,3.0,COMPLETED,YOUSSEF,WH-02
2026-03-30,ORD104593,SKU0045,1,322.21,25,241.66,CUST00624,GIZA,STORE,BNPL,0.0,COMPLETED,SARA,WH-05
2026-03-31,ORD103455,SKU0080,1,108.0,10,97.2,CUST02317,GIZA,STORE,UNKNOWN,8.0,COMPLETED,SARA,WH-04
2026-01-20,ORD102203,SKU0090,3,238.07,15,607.08,CUST01506,ASWAN,ONLINE,BNPL,8.0,RETURNED,SARA,WH-04
2026-06-21,ORD102971,SKU0075,3,22.05,15,56.23,CUST01151,TANTA,STORE,UNKNOWN,2.0,COMPLETED,MONA,WH-01
2026-07-23,ORD102509,SKU0143,1,135.44,45,74.49,CUST01816,ALEXANDRIA,STORE,WALLET,6.0,COMPLETED,ALI,WH-01
2026-03-29,ORD104027,SKU0039,3,194.82,30,409.12,CUST01569,GIZA,MARKETPLACE,CARD,7.0,COMPLETED,ALI,WH-05
2026-04-01,ORD103505,SKU0144,3,185.46,15,472.92,CUST01983,MANSOURA,ONLINE,WALLET,0.0,RETURNED,ALI,WH-03
2026-04-26,ORD102809,SKU0092,3,419.83,35,818.67,CUST00493,GIZA,STORE,CARD,8.0,COMPLETED,YOUSSEF,WH-04
2026-02-13,ORD100942,SKU0053,4,254.99,0,1019.96,CUST02714,GIZA,WHOLESALE,BNPL,10.0,COMPLETED,OMAR,WH-04
2026-07-04,ORD103401,SKU0029,1,29.98,45,16.49,CUST00985,ALEXANDRIA,STORE,CASH,8.0,RETURNED,MONA,WH-04
2026-04-06,ORD103431,SKU0090,4,242.82,30,679.9,CUST00207,ASWAN,ONLINE,CARD,1.0,COMPLETED,MONA,WH-05
2026-03-25,ORD100952,SKU0110,2,269.33,5,511.73,CUST00356,CAIRO,MARKETPLACE,WALLET,9.0,COMPLETED,SARA,WH-04
2026-03-26,ORD104538,SKU0056,1,85.75,5,81.46,CUST01739,CAIRO,WHOLESALE,UNKNOWN,3.0,COMPLETED,YOUSSEF,WH-01
2026-02-17,ORD104261,SKU0045,4,311.67,20,997.34,CUST01790,CAIRO,WHOLESALE,BNPL,7.0,COMPLETED,UNKNOWN,WH-05
2026-01-04,ORD101019,SKU0064,2,341.9,45,376.09,CUST02702,LUXOR,WHOLESALE,CARD,5.0,COMPLETED,MONA,WH-03
2026-03-30,ORD102607,SKU0130,3,164.33,45,271.14,CUST02782,MANSOURA,WHOLESALE,CASH,6.0,COMPLETED,SARA,WH-04
2026-02-06,ORD103787,SKU0052,4,118.36,5,449.77,CUST01600,ALEXANDRIA,WHOLESALE,UNKNOWN,1.0,RETURNED,YOUSSEF,WH-03
2026-06-24,ORD100576,SKU0174,1,155.4,15,132.09,CUST02893,GIZA,STORE,CASH,8.0,COMPLETED,UNKNOWN,WH-05
2026-03-02,ORD100665,SKU0031,3,129.59,45,213.82,CUST01563,CAIRO,ONLINE,CASH,7.0,COMPLETED,SARA,WH-04
2026-01-28,ORD101708,SKU0013,1,199.58,0,199.58,CUST02585,ASWAN,MARKETPLACE,WALLET,9.0,COMPLETED,SARA,WH-04
2026-03-12,ORD102175,SKU0063,3,83.02,35,161.89,CUST01876,CAIRO,STORE,UNKNOWN,6.0,COMPLETED,ALI,WH-05
2026-07-05,ORD104957,SKU0029,3,34.12,5,97.24,CUST02643,GIZA,WHOLESALE,CASH,1.0,COMPLETED,OMAR,WH-03
2026-06-02,ORD103744,SKU0190,2,236.08,0,472.16,CUST00955,CAIRO,ONLINE,CASH,6.0,COMPLETED,MONA,WH-05
2026-03-23,ORD100766,SKU0139,4,300.88,10,1083.17,CUST01122,ASWAN,WHOLESALE,UNKNOWN,3.0,COMPLETED,UNKNOWN,WH-04
2026-01-17,ORD100779,SKU0199,6,307.07,5,1750.3,CUST02183,MANSOURA,ONLINE,CARD,9.0,COMPLETED,MONA,WH-05
2026-01-22,ORD100953,SKU0153,5,366.28,20,1465.12,CUST02958,ALEXANDRIA,MARKETPLACE,CASH,1.0,COMPLETED,MONA,WH-03
2026-02-07,ORD100693,SKU0020,2,228.69,25,343.04,CUST01204,CAIRO,WHOLESALE,BNPL,3.0,COMPLETED,MONA,WH-04
2026-01-23,ORD102104,SKU0171,5,170.85,5,811.54,CUST01443,ASWAN,MARKETPLACE,BNPL,9.0,COMPLETED,MONA,WH-03
2026-03-15,ORD100605,SKU0047,2,287.1,30,401.94,CUST00463,GIZA,ONLINE,CASH,2.0,COMPLETED,ALI,WH-02
2026-02-26,ORD103980,SKU0016,2,178.91,20,286.26,CUST01315,TANTA,MARKETPLACE,BNPL,8.0,COMPLETED,UNKNOWN,WH-02
2026-05-06,ORD103746,SKU0105,3,8.19,35,15.97,CUST02747,GIZA,STORE,CASH,1.0,COMPLETED,MONA,WH-02
2026-01-26,ORD103360,SKU0051,2,23.45,10,42.21,CUST01321,ALEXANDRIA,STORE,BNPL,1.0,COMPLETED,UNKNOWN,WH-02
2026-07-19,ORD102022,SKU0005,1,263.93,5,250.73,CUST00773,GIZA,ONLINE,CARD,6.0,COMPLETED,UNKNOWN,WH-04
2026-05-19,ORD102253,SKU0089,3,242.55,25,545.74,CUST01857,LUXOR,STORE,BNPL,5.0,COMPLETED,OMAR,WH-04
2026-02-15,ORD100124,SKU0081,1,152.47,35,99.11,CUST02300,TANTA,WHOLESALE,WALLET,2.0,CANCELLED,ALI,WH-05
2026-01-20,ORD100241,SKU0008,1,56.19,10,50.57,CUST01397,LUXOR,MARKETPLACE,CARD,9.0,COMPLETED,UNKNOWN,WH-03
2026-03-28,ORD100394,SKU0094,2,284.01,15,482.82,CUST00126,LUXOR,MARKETPLACE,WALLET,2.0,RETURNED,SARA,WH-02
2026-04-04,ORD102460,SKU0114,3,334.93,15,854.07,CUST02781,ASWAN,MARKETPLACE,UNKNOWN,7.0,COMPLETED,ALI,WH-04
2026-04-02,ORD102178,SKU0019,3,78.96,20,189.5,CUST01001,CAIRO,ONLINE,CASH,5.0,COMPLETED,YOUSSEF,WH-05
2026-01-13,ORD103892,SKU0016,1,184.81,10,166.33,CUST01723,GIZA,WHOLESALE,CASH,3.0,COMPLETED,SARA,WH-05
2026-04-17,ORD103533,SKU0040,1,103.03,15,87.58,CUST00701,ALEXANDRIA,STORE,UNKNOWN,3.0,COMPLETED,OMAR,WH-02
2026-05-24,ORD100032,SKU0070,6,189.72,10,1024.49,CUST00100,MANSOURA,MARKETPLACE,WALLET,8.0,COMPLETED,OMAR,WH-02
2026-01-28,ORD102582,SKU0041,2,321.6,25,482.4,CUST02415,ALEXANDRIA,ONLINE,CARD,1.0,COMPLETED,SARA,WH-02
2026-02-10,ORD104990,SKU0030,3,22.95,30,48.19,CUST00575,LUXOR,MARKETPLACE,CARD,7.0,COMPLETED,UNKNOWN,WH-01
2026-03-22,ORD101664,SKU0152,1,213.9,15,181.82,CUST02600,TANTA,STORE,CARD,0.0,COMPLETED,SARA,WH-04
2026-06-17,ORD104427,SKU0120,1,191.46,20,153.17,CUST00776,ASWAN,MARKETPLACE,CARD,10.0,COMPLETED,SARA,WH-01
2026-04-16,ORD103534,SKU0199,4,291.16,15,989.94,CUST02161,GIZA,WHOLESALE,UNKNOWN,8.0,COMPLETED,UNKNOWN,WH-02
2026-07-07,ORD100689,SKU0143,2,150.6,30,210.84,CUST00231,ALEXANDRIA,WHOLESALE,CASH,6.0,COMPLETED,YOUSSEF,WH-02
2026-05-04,ORD104603,SKU0042,2,89.41,5,169.88,CUST01477,TANTA,STORE,CASH,2.0,COMPLETED,UNKNOWN,WH-03
2026-07-21,ORD104594,SKU0145,1,116.41,5,110.59,CUST01985,TANTA,MARKETPLACE,WALLET,3.0,COMPLETED,YOUSSEF,WH-01
2026-02-08,ORD102017,SKU0197,2,176.9,5,336.11,CUST01401,LUXOR,WHOLESALE,WALLET,0.0,COMPLETED,MONA,WH-05
2026-03-09,ORD102768,SKU0154,1,174.28,25,130.71,CUST00485,ASWAN,ONLINE,CASH,10.0,COMPLETED,YOUSSEF,WH-05
2026-03-15,ORD104362,SKU0036,1,211.57,45,116.36,CUST02653,GIZA,MARKETPLACE,WALLET,2.0,COMPLETED,UNKNOWN,WH-03
2026-03-03,ORD100004,SKU0112,2,41.08,5,78.05,CUST01809,GIZA,ONLINE,CASH,2.0,COMPLETED,YOUSSEF,WH-04
2026-07-16,ORD104357,SKU0059,3,241.86,10,653.02,CUST01514,GIZA,STORE,WALLET,10.0,COMPLETED,UNKNOWN,WH-01
2026-03-05,ORD103724,SKU0176,4,247.75,0,991.0,CUST00987,MANSOURA,STORE,CASH,4.0,COMPLETED,YOUSSEF,WH-05
2026-06-03,ORD103074,SKU0033,2,107.2,45,117.92,CUST02141,CAIRO,MARKETPLACE,UNKNOWN,0.0,COMPLETED,YOUSSEF,WH-01
2026-07-17,ORD100431,SKU0050,2,13.37,45,14.71,CUST02763,CAIRO,STORE,BNPL,8.0,COMPLETED,OMAR,WH-01
2026-02-03,ORD101721,SKU0032,2,278.63,30,390.08,CUST01104,CAIRO,MARKETPLACE,CARD,4.0,COMPLETED,UNKNOWN,WH-03
2026-02-21,ORD103335,SKU0195,2,313.38,25,470.07,CUST00132,CAIRO,WHOLESALE,BNPL,0.0,COMPLETED,YOUSSEF,WH-01
2026-04-26,ORD100481,SKU0034,1,65.98,35,42.89,CUST01653,LUXOR,WHOLESALE,UNKNOWN,3.0,COMPLETED,ALI,WH-01
2026-01-20,ORD104580,SKU0098,3,108.85,15,277.57,CUST01286,ASWAN,MARKETPLACE,CARD,6.0,COMPLETED,OMAR,WH-04
2026-01-28,ORD102109,SKU0004,2,36.36,0,72.72,CUST02736,ALEXANDRIA,WHOLESALE,CASH,1.0,COMPLETED,OMAR,WH-04
2026-06-17,ORD101563,SKU0067,2,44.65,0,89.3,CUST01218,LUXOR,WHOLESALE,WALLET,4.0,COMPLETED,SARA,WH-05
2025-12-27,ORD101512,SKU0045,1,307.38,10,276.64,CUST01421,LUXOR,ONLINE,CARD,6.0,COMPLETED,MONA,WH-05
2026-06-26,ORD104380,SKU0075,2,22.53,10,40.55,CUST01205,CAIRO,MARKETPLACE,UNKNOWN,8.0,COMPLETED,ALI,WH-04
2026-03-21,ORD103580,SKU0175,4,146.91,5,558.26,CUST02178,TANTA,MARKETPLACE,WALLET,2.0,COMPLETED,YOUSSEF,WH-05
2026-05-12,ORD103987,SKU0162,5,202.48,45,556.82,CUST00242,MANSOURA,MARKETPLACE,CASH,10.0,COMPLETED,YOUSSEF,WH-05
2026-06-24,ORD102559,SKU0027,1,410.88,35,267.07,CUST02527,MANSOURA,MARKETPLACE,UNKNOWN,1.0,CANCELLED,YOUSSEF,WH-03
2026-07-14,ORD100439,SKU0181,2,170.18,0,340.36,CUST01611,ASWAN,ONLINE,BNPL,8.0,COMPLETED,UNKNOWN,WH-05
2026-03-17,ORD103109,SKU0155,2,237.3,10,427.14,CUST02692,GIZA,STORE,CASH,9.0,COMPLETED,OMAR,WH-02
2026-02-23,ORD104203,SKU0044,3,303.98,20,729.55,CUST00637,GIZA,ONLINE,WALLET,5.0,COMPLETED,OMAR,WH-04
2026-05-26,ORD101320,SKU0070,1,185.41,30,129.79,CUST02747,LUXOR,WHOLESALE,UNKNOWN,8.0,COMPLETED,ALI,WH-01
2026-02-26,ORD103092,SKU0035,3,46.59,20,111.82,CUST01468,ASWAN,WHOLESALE,UNKNOWN,6.0,COMPLETED,UNKNOWN,WH-01
2026-06-30,ORD101829,SKU0106,1,237.86,10,214.07,CUST01141,GIZA,MARKETPLACE,WALLET,7.0,RETURNED,OMAR,WH-02
2026-03-17,ORD100638,SKU0023,4,111.8,20,357.76,CUST01671,ALEXANDRIA,ONLINE,WALLET,10.0,COMPLETED,OMAR,WH-02
2026-07-14,ORD101614,SKU0023,3,102.43,10,276.56,CUST01518,MANSOURA,ONLINE,BNPL,2.0,COMPLETED,OMAR,WH-01
2026-07-12,ORD103178,SKU0148,2,53.78,35,69.91,CUST01613,MANSOURA,MARKETPLACE,CARD,3.0,COMPLETED,ALI,WH-02
2026-07-04,ORD104735,SKU0163,2,371.29,10,668.32,CUST02035,MANSOURA,WHOLESALE,CARD,10.0,COMPLETED,UNKNOWN,WH-01
2026-07-01,ORD102734,SKU0087,2,149.22,0,298.44,CUST01853,CAIRO,ONLINE,BNPL,6.0,COMPLETED,ALI,WH-02
2026-07-16,ORD100548,SKU0124,6,215.34,25,969.03,CUST02823,TANTA,STORE,BNPL,2.0,COMPLETED,YOUSSEF,WH-04
2026-04-30,ORD100543,SKU0076,3,262.21,25,589.97,CUST02310,LUXOR,WHOLESALE,BNPL,7.0,COMPLETED,MONA,WH-01
2026-04-07,ORD100580,SKU0039,1,197.48,0,197.48,CUST01211,ALEXANDRIA,MARKETPLACE,UNKNOWN,7.0,COMPLETED,YOUSSEF,WH-04
2026-04-26,ORD103283,SKU0114,4,324.08,10,1166.69,CUST02391,LUXOR,ONLINE,CASH,3.0,COMPLETED,OMAR,WH-02
2026-04-30,ORD100611,SKU0061,3,363.01,15,925.68,CUST02510,GIZA,MARKETPLACE,UNKNOWN,4.0,COMPLETED,UNKNOWN,WH-03
2026-01-10,ORD102451,SKU0114,2,324.38,15,551.45,CUST02859,ALEXANDRIA,MARKETPLACE,BNPL,5.0,RETURNED,ALI,WH-05
2026-01-15,ORD102933,SKU0005,2,256.89,0,513.78,CUST02959,GIZA,ONLINE,CASH,9.0,RETURNED,UNKNOWN,WH-03
2026-04-01,ORD101284,SKU0177,2,190.84,20,305.34,CUST00831,CAIRO,MARKETPLACE,CARD,1.0,COMPLETED,OMAR,WH-01
2026-01-28,ORD100465,SKU0092,6,449.99,45,1484.97,CUST02681,MANSOURA,MARKETPLACE,BNPL,1.0,COMPLETED,UNKNOWN,WH-03
2026-02-18,ORD102089,SKU0190,3,261.49,10,706.02,CUST00562,TANTA,WHOLESALE,WALLET,0.0,COMPLETED,ALI,WH-03
2026-02-13,ORD100466,SKU0014,1,74.92,15,63.68,CUST00510,GIZA,STORE,CASH,5.0,CANCELLED,MONA,WH-05
2026-04-02,ORD103013,SKU0056,2,87.71,25,131.56,CUST00406,LUXOR,STORE,CASH,4.0,COMPLETED,MONA,WH-01
2026-06-21,ORD100771,SKU0062,1,85.72,5,81.43,CUST01109,CAIRO,WHOLESALE,WALLET,10.0,COMPLETED,ALI,WH-02
2026-01-18,ORD101445,SKU0104,2,48.93,45,53.82,CUST01642,GIZA,WHOLESALE,CASH,9.0,COMPLETED,MONA,WH-02
2026-04-24,ORD101488,SKU0177,4,188.73,25,566.19,CUST02505,TANTA,MARKETPLACE,UNKNOWN,9.0,COMPLETED,SARA,WH-05
2026-01-19,ORD100471,SKU0009,4,126.59,35,329.13,CUST02697,MANSOURA,MARKETPLACE,CARD,9.0,COMPLETED,MONA,WH-04
2026-05-20,ORD100221,SKU0045,4,323.81,45,712.38,CUST00354,ALEXANDRIA,MARKETPLACE,CASH,4.0,COMPLETED,OMAR,WH-05
2026-02-04,ORD103805,SKU0067,3,47.86,25,107.68,CUST00337,ASWAN,ONLINE,CARD,8.0,COMPLETED,UNKNOWN,WH-04
2026-05-20,ORD102247,SKU0017,1,43.33,30,30.33,CUST01446,GIZA,ONLINE,BNPL,7.0,COMPLETED,YOUSSEF,WH-05
2026-04-08,ORD100915,SKU0032,3,287.98,35,561.56,CUST02236,ASWAN,MARKETPLACE,UNKNOWN,0.0,COMPLETED,UNKNOWN,WH-04
2026-06-12,ORD103166,SKU0147,2,253.15,0,506.3,CUST00403,ALEXANDRIA,STORE,BNPL,4.0,RETURNED,OMAR,WH-02
2026-05-04,ORD103148,SKU0034,4,66.4,15,225.76,CUST02897,ALEXANDRIA,ONLINE,WALLET,9.0,COMPLETED,UNKNOWN,WH-05
2026-06-02,ORD104824,SKU0179,2,19.12,10,34.42,CUST00761,GIZA,STORE,WALLET,9.0,COMPLETED,SARA,WH-02
2026-04-17,ORD104011,SKU0057,1,416.72,30,291.7,CUST01904,MANSOURA,ONLINE,CASH,0.0,COMPLETED,ALI,WH-05
2026-07-17,ORD100874,SKU0113,2,91.51,35,118.96,CUST00834,MANSOURA,MARKETPLACE,BNPL,1.0,COMPLETED,YOUSSEF,WH-01
2026-05-03,ORD103893,SKU0034,2,65.29,45,71.82,CUST02659,TANTA,MARKETPLACE,WALLET,1.0,COMPLETED,ALI,WH-01
2026-05-07,ORD102739,SKU0158,3,315.73,45,520.95,CUST02955,ALEXANDRIA,ONLINE,WALLET,1.0,COMPLETED,UNKNOWN,WH-05
2026-01-14,ORD104327,SKU0159,3,126.62,20,303.89,CUST00301,MANSOURA,MARKETPLACE,CARD,0.0,COMPLETED,SARA,WH-03
2026-01-27,ORD103032,SKU0055,1,59.34,15,50.44,CUST00832,TANTA,STORE,UNKNOWN,0.0,COMPLETED,YOUSSEF,WH-03
2026-05-21,ORD102915,SKU0061,1,365.34,45,200.94,CUST00308,CAIRO,ONLINE,CARD,3.0,COMPLETED,UNKNOWN,WH-05
2026-04-01,ORD101305,SKU0119,5,73.85,25,276.94,CUST00388,GIZA,STORE,CASH,3.0,COMPLETED,SARA,WH-03
2026-02-18,ORD100022,SKU0147,2,250.95,10,451.71,CUST01113,ALEXANDRIA,ONLINE,CASH,3.0,COMPLETED,MONA,WH-03
2026-02-06,ORD101101,SKU0125,5,416.84,35,1354.73,CUST01736,CAIRO,WHOLESALE,BNPL,3.0,COMPLETED,YOUSSEF,WH-01
2026-06-14,ORD104740,SKU0053,5,269.5,5,1280.12,CUST02978,TANTA,MARKETPLACE,CARD,7.0,COMPLETED,UNKNOWN,WH-02
2026-01-18,ORD101234,SKU0031,3,120.41,45,198.68,CUST01565,LUXOR,MARKETPLACE,WALLET,5.0,COMPLETED,YOUSSEF,WH-02
2026-01-27,ORD102740,SKU0035,2,49.05,0,98.1,CUST02473,ASWAN,ONLINE,UNKNOWN,6.0,COMPLETED,ALI,WH-05
2026-06-28,ORD102544,SKU0034,2,72.53,5,137.81,CUST02508,ASWAN,MARKETPLACE,BNPL,6.0,COMPLETED,UNKNOWN,WH-03
2026-06-19,ORD102920,SKU0118,5,84.9,5,403.28,CUST00054,TANTA,MARKETPLACE,CARD,8.0,COMPLETED,UNKNOWN,WH-03
2026-03-09,ORD101394,SKU0145,2,119.4,5,226.86,CUST00276,LUXOR,STORE,CARD,5.0,COMPLETED,ALI,WH-04
2026-07-15,ORD100664,SKU0137,2,401.95,0,803.9,CUST02383,MANSOURA,STORE,CASH,6.0,COMPLETED,YOUSSEF,WH-02
2025-12-30,ORD104964,SKU0037,5,13.64,25,51.15,CUST02190,MANSOURA,WHOLESALE,WALLET,7.0,COMPLETED,UNKNOWN,WH-01
2026-03-20,ORD102142,SKU0140,3,315.23,45,520.13,CUST01632,MANSOURA,MARKETPLACE,BNPL,10.0,COMPLETED,SARA,WH-05
2026-02-05,ORD104058,SKU0148,1,52.44,45,28.84,CUST00430,LUXOR,WHOLESALE,UNKNOWN,1.0,COMPLETED,OMAR,WH-05
2026-05-19,ORD103146,SKU0063,2,84.91,20,135.86,CUST02196,ASWAN,WHOLESALE,CARD,3.0,COMPLETED,YOUSSEF,WH-01
2026-03-16,ORD101832,SKU0124,3,208.18,45,343.5,CUST01752,CAIRO,MARKETPLACE,WALLET,0.0,COMPLETED,MONA,WH-02
2025-12-31,ORD100141,SKU0186,1,29.19,20,23.35,CUST01437,CAIRO,WHOLESALE,UNKNOWN,1.0,COMPLETED,YOUSSEF,WH-03
2026-01-26,ORD102299,SKU0014,3,83.61,30,175.58,CUST02598,ALEXANDRIA,MARKETPLACE,CARD,5.0,COMPLETED,SARA,WH-01
2026-03-22,ORD101510,SKU0052,3,121.76,10,328.75,CUST01510,MANSOURA,MARKETPLACE,CARD,7.0,COMPLETED,ALI,WH-05
2026-06-04,ORD101069,SKU0114,2,332.36,15,565.01,CUST00844,TANTA,ONLINE,UNKNOWN,1.0,COMPLETED,ALI,WH-03
2026-01-21,ORD101869,SKU0017,5,43.44,20,173.76,CUST02149,ALEXANDRIA,MARKETPLACE,UNKNOWN,8.0,COMPLETED,ALI,WH-01
2026-07-13,ORD102300,SKU0062,3,96.29,5,274.43,CUST02123,ASWAN,ONLINE,CARD,6.0,COMPLETED,YOUSSEF,WH-02
2026-04-24,ORD102651,SKU0042,4,88.24,10,317.66,CUST00704,ASWAN,WHOLESALE,BNPL,8.0,COMPLETED,YOUSSEF,WH-05
2026-03-04,ORD103815,SKU0051,4,20.77,20,66.46,CUST02526,GIZA,MARKETPLACE,WALLET,7.0,COMPLETED,OMAR,WH-03
2026-05-17,ORD104434,SKU0189,4,202.35,25,607.05,CUST00296,MANSOURA,ONLINE,UNKNOWN,9.0,COMPLETED,YOUSSEF,WH-03
2026-04-08,ORD101684,SKU0084,1,90.62,35,58.9,CUST01716,MANSOURA,MARKETPLACE,CARD,6.0,COMPLETED,SARA,WH-02
2026-01-31,ORD101405,SKU0029,1,34.63,30,24.24,CUST01233,MANSOURA,STORE,WALLET,0.0,COMPLETED,ALI,WH-05
2026-01-21,ORD100477,SKU0097,5,341.38,15,1450.86,CUST00925,CAIRO,MARKETPLACE,WALLET,1.0,COMPLETED,MONA,WH-04
2026-04-29,ORD101094,SKU0071,6,282.93,15,1442.94,CUST01534,MANSOURA,ONLINE,CARD,9.0,CANCELLED,MONA,WH-01
2026-06-23,ORD102535,SKU0138,2,199.2,10,358.56,CUST02258,LUXOR,STORE,CASH,0.0,COMPLETED,ALI,WH-03
2026-01-16,ORD100754,SKU0099,4,346.27,15,1177.32,CUST02634,ALEXANDRIA,WHOLESALE,UNKNOWN,9.0,COMPLETED,ALI,WH-02
2026-02-08,ORD103783,SKU0037,2,13.84,45,15.22,CUST02136,MANSOURA,MARKETPLACE,CARD,5.0,RETURNED,ALI,WH-05
2026-03-27,ORD102619,SKU0036,3,223.73,20,536.95,CUST02767,MANSOURA,STORE,BNPL,10.0,COMPLETED,UNKNOWN,WH-04
2026-01-05,ORD102390,SKU0140,3,315.0,0,945.0,CUST01482,ALEXANDRIA,STORE,CASH,9.0,CANCELLED,SARA,WH-03
2026-05-14,ORD100103,SKU0024,1,112.94,45,62.12,CUST00497,ASWAN,WHOLESALE,CASH,10.0,COMPLETED,SARA,WH-01
2026-03-10,ORD103998,SKU0177,2,196.28,10,353.3,CUST00795,ASWAN,ONLINE,CARD,8.0,RETURNED,OMAR,WH-04
2026-01-28,ORD104268,SKU0045,1,303.37,25,227.53,CUST02137,ALEXANDRIA,ONLINE,WALLET,10.0,COMPLETED,SARA,WH-05
2026-05-20,ORD100642,SKU0129,2,402.56,5,764.86,CUST02892,GIZA,WHOLESALE,BNPL,9.0,COMPLETED,MONA,WH-05
2026-01-01,ORD101726,SKU0058,1,282.26,20,225.81,CUST00602,MANSOURA,MARKETPLACE,CASH,7.0,COMPLETED,MONA,WH-03
2026-04-28,ORD100068,SKU0146,2,13.16,35,17.11,CUST02154,CAIRO,MARKETPLACE,WALLET,3.0,COMPLETED,YOUSSEF,WH-04
2026-05-06,ORD104486,SKU0166,1,145.47,15,123.65,CUST01810,ASWAN,MARKETPLACE,UNKNOWN,0.0,COMPLETED,SARA,WH-05
2026-03-22,ORD103494,SKU0015,1,159.54,25,119.66,CUST01412,ASWAN,WHOLESALE,CASH,5.0,COMPLETED,UNKNOWN,WH-03
2026-04-06,ORD103485,SKU0029,1,31.38,35,20.4,CUST02578,TANTA,STORE,UNKNOWN,2.0,COMPLETED,UNKNOWN,WH-01
2026-03-11,ORD101809,SKU0121,3,429.93,0,1289.79,CUST01130,ASWAN,WHOLESALE,UNKNOWN,8.0,COMPLETED,YOUSSEF,WH-05
2026-03-31,ORD104482,SKU0187,3,44.6,0,133.8,CUST00586,CAIRO,WHOLESALE,CARD,0.0,COMPLETED,SARA,WH-01
2026-04-06,ORD100814,SKU0043,1,109.66,0,109.66,CUST01936,GIZA,ONLINE,CASH,10.0,COMPLETED,SARA,WH-01
2026-02-05,ORD103009,SKU0049,6,197.88,30,831.1,CUST00151,LUXOR,MARKETPLACE,CASH,10.0,COMPLETED,SARA,WH-01
2026-04-13,ORD103561,SKU0086,2,176.75,15,300.47,CUST02709,LUXOR,MARKETPLACE,CASH,10.0,CANCELLED,OMAR,WH-03
2026-07-21,ORD100526,SKU0130,4,163.15,15,554.71,CUST00552,LUXOR,WHOLESALE,BNPL,4.0,COMPLETED,MONA,WH-02
2026-05-06,ORD103826,SKU0004,1,38.11,5,36.2,CUST02707,ALEXANDRIA,STORE,UNKNOWN,6.0,RETURNED,ALI,WH-02
2026-07-15,ORD104826,SKU0114,3,321.97,35,627.84,CUST02796,LUXOR,ONLINE,CARD,8.0,COMPLETED,UNKNOWN,WH-01
2026-05-25,ORD101244,SKU0175,1,149.56,5,142.08,CUST02933,CAIRO,STORE,UNKNOWN,7.0,COMPLETED,SARA,WH-04
2026-07-18,ORD101377,SKU0106,1,226.83,30,158.78,CUST02530,MANSOURA,WHOLESALE,CARD,9.0,COMPLETED,ALI,WH-05
2026-05-08,ORD101247,SKU0012,1,110.06,10,99.05,CUST01270,GIZA,WHOLESALE,CARD,1.0,COMPLETED,MONA,WH-03
2026-05-13,ORD101547,SKU0052,3,128.54,20,308.5,CUST00808,CAIRO,STORE,CASH,5.0,COMPLETED,ALI,WH-05
2026-05-02,ORD102666,SKU0195,5,338.35,5,1607.16,CUST02275,ALEXANDRIA,WHOLESALE,WALLET,9.0,COMPLETED,ALI,WH-04
2026-06-30,ORD103860,SKU0153,2,361.19,15,614.02,CUST02105,ALEXANDRIA,WHOLESALE,UNKNOWN,3.0,COMPLETED,ALI,WH-02
2025-12-26,ORD104531,SKU0030,3,20.89,0,62.67,CUST00605,TANTA,ONLINE,CARD,1.0,COMPLETED,MONA,WH-03
2026-03-31,ORD104983,SKU0200,1,343.89,10,309.5,CUST00948,TANTA,ONLINE,CARD,4.0,COMPLETED,OMAR,WH-03
2026-06-14,ORD103890,SKU0053,2,274.42,5,521.4,CUST01444,MANSOURA,ONLINE,UNKNOWN,6.0,COMPLETED,ALI,WH-05
2026-05-05,ORD100930,SKU0187,1,50.39,15,42.83,CUST02008,LUXOR,ONLINE,UNKNOWN,3.0,COMPLETED,OMAR,WH-03
2026-06-23,ORD101854,SKU0142,4,108.03,25,324.09,CUST00328,GIZA,STORE,UNKNOWN,8.0,RETURNED,OMAR,WH-04
2026-05-07,ORD101909,SKU0132,3,63.49,25,142.85,CUST00951,LUXOR,ONLINE,CARD,8.0,COMPLETED,UNKNOWN,WH-04
2026-06-15,ORD102200,SKU0090,1,245.62,15,208.78,CUST00913,ALEXANDRIA,WHOLESALE,UNKNOWN,1.0,COMPLETED,UNKNOWN,WH-02
2026-07-11,ORD102320,SKU0019,4,85.79,5,326.0,CUST02658,LUXOR,STORE,WALLET,2.0,COMPLETED,OMAR,WH-04
2026-02-19,ORD100112,SKU0020,1,222.35,15,189.0,CUST02949,MANSOURA,MARKETPLACE,WALLET,8.0,COMPLETED,SARA,WH-01
2026-05-23,ORD103937,SKU0005,2,258.66,15,439.72,CUST02965,MANSOURA,STORE,WALLET,10.0,COMPLETED,YOUSSEF,WH-01
2026-06-29,ORD100470,SKU0192,2,266.44,10,479.59,CUST02056,CAIRO,ONLINE,WALLET,7.0,COMPLETED,YOUSSEF,WH-01
2026-03-11,ORD104071,SKU0198,3,171.67,15,437.76,CUST01554,CAIRO,ONLINE,CARD,10.0,COMPLETED,YOUSSEF,WH-03
2026-01-06,ORD100383,SKU0027,1,401.48,10,361.33,CUST00320,CAIRO,WHOLESALE,CASH,1.0,COMPLETED,OMAR,WH-03
2026-04-11,ORD104280,SKU0082,2,255.99,25,383.98,CUST01678,TANTA,MARKETPLACE,CASH,2.0,COMPLETED,OMAR,WH-04
2026-03-10,ORD100090,SKU0135,3,114.23,15,291.29,CUST01854,GIZA,STORE,CARD,1.0,CANCELLED,OMAR,WH-04
2026-05-21,ORD104064,SKU0113,1,83.32,15,70.82,CUST01053,ASWAN,ONLINE,BNPL,7.0,COMPLETED,SARA,WH-03
2026-05-25,ORD100546,SKU0065,1,11.4,5,10.83,CUST00710,ALEXANDRIA,MARKETPLACE,BNPL,8.0,COMPLETED,OMAR,WH-02
2026-01-04,ORD103646,SKU0198,1,173.73,45,95.55,CUST00644,CAIRO,MARKETPLACE,UNKNOWN,5.0,COMPLETED,ALI,WH-04
2026-04-01,ORD100539,SKU0191,4,60.95,30,170.66,CUST02929,ALEXANDRIA,STORE,CARD,0.0,COMPLETED,OMAR,WH-03
2026-05-17,ORD102016,SKU0086,1,161.26,10,145.13,CUST02450,LUXOR,ONLINE,BNPL,1.0,COMPLETED,ALI,WH-01
2026-05-13,ORD100235,SKU0052,3,129.12,10,348.62,CUST02920,MANSOURA,WHOLESALE,UNKNOWN,4.0,COMPLETED,SARA,WH-04
2026-02-20,ORD102283,SKU0032,6,268.16,30,1126.27,CUST02531,TANTA,MARKETPLACE,UNKNOWN,3.0,COMPLETED,YOUSSEF,WH-03
2026-02-05,ORD100980,SKU0115,1,360.03,15,306.03,CUST02748,TANTA,WHOLESALE,CASH,0.0,COMPLETED,MONA,WH-01
2026-04-28,ORD101953,SKU0198,2,178.85,0,357.7,CUST01903,CAIRO,ONLINE,CARD,3.0,CANCELLED,MONA,WH-01
2026-01-07,ORD101849,SKU0100,4,374.43,5,1422.83,CUST02375,CAIRO,WHOLESALE,WALLET,4.0,COMPLETED,YOUSSEF,WH-03
2026-03-11,ORD100987,SKU0171,1,168.27,20,134.62,CUST02968,MANSOURA,MARKETPLACE,CASH,0.0,COMPLETED,SARA,WH-03
2026-03-28,ORD103037,SKU0193,2,313.78,35,407.91,CUST00667,CAIRO,MARKETPLACE,CASH,0.0,COMPLETED,UNKNOWN,WH-01
2026-04-13,ORD103365,SKU0139,2,308.88,25,463.32,CUST00492,ALEXANDRIA,ONLINE,WALLET,3.0,COMPLETED,UNKNOWN,WH-03
2026-03-27,ORD100805,SKU0179,1,19.31,45,10.62,CUST00129,CAIRO,ONLINE,BNPL,4.0,COMPLETED,MONA,WH-04
2026-03-02,ORD102732,SKU0017,1,40.27,35,26.18,CUST02784,TANTA,WHOLESALE,CASH,0.0,COMPLETED,SARA,WH-05
2026-01-28,ORD104668,SKU0144,1,166.44,0,166.44,CUST00918,ALEXANDRIA,STORE,WALLET,6.0,COMPLETED,OMAR,WH-03
2026-06-21,ORD104532,SKU0012,1,107.12,20,85.7,CUST02066,GIZA,STORE,WALLET,6.0,COMPLETED,ALI,WH-04
2026-04-01,ORD101787,SKU0034,5,70.18,0,350.9,CUST02375,GIZA,WHOLESALE,UNKNOWN,3.0,COMPLETED,MONA,WH-03
2026-01-28,ORD100821,SKU0096,3,54.25,35,105.79,CUST02898,MANSOURA,WHOLESALE,CASH,5.0,COMPLETED,OMAR,WH-04
2026-01-06,ORD104744,SKU0092,3,428.8,35,836.16,CUST00228,LUXOR,MARKETPLACE,BNPL,8.0,COMPLETED,YOUSSEF,WH-04
2026-03-18,ORD102091,SKU0081,6,152.71,15,778.82,CUST00280,GIZA,STORE,BNPL,2.0,COMPLETED,UNKNOWN,WH-01
2026-06-28,ORD104403,SKU0147,3,274.03,0,822.09,CUST00096,TANTA,MARKETPLACE,CASH,7.0,COMPLETED,ALI,WH-02
2026-07-01,ORD100075,SKU0152,2,216.39,45,238.03,CUST02801,MANSOURA,WHOLESALE,WALLET,10.0,COMPLETED,OMAR,WH-03
2026-07-09,ORD100317,SKU0002,1,265.82,10,239.24,CUST01966,ASWAN,ONLINE,CARD,2.0,COMPLETED,SARA,WH-05
2026-05-11,ORD101191,SKU0136,2,358.1,45,393.91,CUST00949,MANSOURA,STORE,BNPL,0.0,COMPLETED,SARA,WH-02
2025-12-26,ORD100402,SKU0170,4,125.13,25,375.39,CUST00164,TANTA,MARKETPLACE,CASH,7.0,COMPLETED,OMAR,WH-02
2026-05-20,ORD104488,SKU0043,3,99.18,15,252.91,CUST01055,MANSOURA,ONLINE,BNPL,6.0,COMPLETED,MONA,WH-02
2026-06-03,ORD101505,SKU0075,4,22.87,45,50.31,CUST02403,TANTA,STORE,BNPL,10.0,COMPLETED,ALI,WH-01
2026-01-26,ORD104903,SKU0028,2,260.34,30,364.48,CUST01354,TANTA,MARKETPLACE,CASH,1.0,RETURNED,MONA,WH-01
2026-06-20,ORD104679,SKU0068,1,282.05,35,183.33,CUST02461,MANSOURA,WHOLESALE,CASH,3.0,COMPLETED,MONA,WH-05
2026-02-05,ORD100453,SKU0180,2,340.15,30,476.21,CUST00334,ASWAN,WHOLESALE,UNKNOWN,3.0,COMPLETED,ALI,WH-05
2026-07-23,ORD103907,SKU0144,6,170.9,0,1025.4,CUST00204,CAIRO,MARKETPLACE,BNPL,1.0,COMPLETED,ALI,WH-04
2026-04-16,ORD104629,SKU0185,1,53.85,15,45.77,CUST01477,ALEXANDRIA,MARKETPLACE,BNPL,7.0,COMPLETED,SARA,WH-01
2026-02-03,ORD103486,SKU0032,1,251.83,5,239.24,CUST02635,MANSOURA,STORE,UNKNOWN,7.0,COMPLETED,UNKNOWN,WH-02
2026-05-01,ORD104529,SKU0004,3,38.83,25,87.37,CUST02693,ASWAN,ONLINE,BNPL,7.0,COMPLETED,ALI,WH-02
2026-05-31,ORD100577,SKU0067,1,43.99,5,41.79,CUST01227,ASWAN,STORE,BNPL,5.0,COMPLETED,YOUSSEF,WH-05
2026-03-19,ORD101933,SKU0104,4,52.41,0,209.64,CUST00390,GIZA,WHOLESALE,WALLET,5.0,COMPLETED,MONA,WH-04
2026-01-01,ORD101404,SKU0198,6,176.72,20,848.26,CUST00824,TANTA,ONLINE,UNKNOWN,6.0,COMPLETED,SARA,WH-01
2026-04-10,ORD102921,SKU0092,2,386.84,5,735.0,CUST02172,TANTA,ONLINE,UNKNOWN,1.0,COMPLETED,UNKNOWN,WH-01
2026-01-27,ORD101493,SKU0037,3,13.74,10,37.1,CUST02747,CAIRO,WHOLESALE,CASH,10.0,COMPLETED,ALI,WH-04
2026-05-03,ORD102197,SKU0092,5,437.78,25,1641.67,CUST01817,LUXOR,ONLINE,BNPL,3.0,COMPLETED,MONA,WH-05
2026-02-23,ORD100744,SKU0118,4,94.85,10,341.46,CUST00372,ASWAN,MARKETPLACE,CASH,9.0,COMPLETED,OMAR,WH-05
2026-03-21,ORD102919,SKU0140,6,323.77,30,1359.83,CUST02997,CAIRO,STORE,CASH,3.0,COMPLETED,OMAR,WH-04
2026-06-15,ORD100311,SKU0030,1,21.53,30,15.07,CUST00021,LUXOR,ONLINE,CASH,10.0,COMPLETED,SARA,WH-01
2026-01-17,ORD100192,SKU0117,3,220.58,20,529.39,CUST01116,GIZA,ONLINE,WALLET,3.0,COMPLETED,SARA,WH-04
2026-03-12,ORD102794,SKU0118,1,89.65,35,58.27,CUST01667,MANSOURA,WHOLESALE,CARD,10.0,COMPLETED,UNKNOWN,WH-05
2026-03-24,ORD100154,SKU0104,3,49.85,35,97.21,CUST01700,ASWAN,MARKETPLACE,CARD,3.0,COMPLETED,MONA,WH-05
2026-06-21,ORD103075,SKU0181,1,154.43,0,154.43,CUST02013,GIZA,ONLINE,BNPL,10.0,COMPLETED,MONA,WH-04
2026-02-28,ORD103801,SKU0030,1,22.82,20,18.26,CUST02448,ASWAN,STORE,BNPL,0.0,COMPLETED,SARA,WH-05
2026-03-10,ORD104024,SKU0094,1,323.92,10,291.53,CUST00423,GIZA,WHOLESALE,CARD,9.0,COMPLETED,SARA,WH-02
2026-04-07,ORD101631,SKU0143,5,145.32,0,726.6,CUST01152,ASWAN,ONLINE,CARD,4.0,COMPLETED,MONA,WH-03
2026-01-05,ORD103068,SKU0086,2,157.68,20,252.29,CUST01701,LUXOR,STORE,CASH,9.0,COMPLETED,YOUSSEF,WH-02
2026-02-20,ORD102470,SKU0036,4,223.55,10,804.78,CUST02975,TANTA,WHOLESALE,UNKNOWN,8.0,COMPLETED,YOUSSEF,WH-05
2026-03-11,ORD102434,SKU0142,2,105.44,25,158.16,CUST00838,ASWAN,ONLINE,BNPL,8.0,COMPLETED,OMAR,WH-05
2026-02-11,ORD102847,SKU0065,2,12.67,10,22.81,CUST00593,ASWAN,MARKETPLACE,BNPL,5.0,COMPLETED,OMAR,WH-02
2026-06-14,ORD101982,SKU0032,1,289.19,45,159.05,CUST02852,ASWAN,MARKETPLACE,CASH,10.0,COMPLETED,UNKNOWN,WH-03
2026-01-05,ORD102778,SKU0126,1,104.57,35,67.97,CUST02492,MANSOURA,MARKETPLACE,WALLET,6.0,CANCELLED,YOUSSEF,WH-05
2026-01-28,ORD102131,SKU0101,6,170.94,15,871.79,CUST01215,ASWAN,WHOLESALE,UNKNOWN,4.0,COMPLETED,OMAR,WH-01
2026-03-17,ORD101813,SKU0134,1,307.31,10,276.58,CUST02115,LUXOR,ONLINE,BNPL,8.0,COMPLETED,YOUSSEF,WH-01
2026-01-01,ORD102562,SKU0059,4,213.37,35,554.76,CUST01118,ASWAN,WHOLESALE,CARD,9.0,COMPLETED,YOUSSEF,WH-01
2026-03-18,ORD104989,SKU0055,1,59.33,10,53.4,CUST02777,TANTA,MARKETPLACE,WALLET,6.0,COMPLETED,ALI,WH-02
2026-02-07,ORD104085,SKU0100,4,378.86,0,1515.44,CUST02478,GIZA,STORE,CARD,1.0,COMPLETED,OMAR,WH-02
2026-06-15,ORD101502,SKU0087,1,143.87,35,93.52,CUST00327,GIZA,STORE,CARD,9.0,CANCELLED,SARA,WH-01
2026-05-10,ORD104610,SKU0140,2,317.92,0,635.84,CUST01836,TANTA,MARKETPLACE,CASH,8.0,COMPLETED,SARA,WH-03
2026-06-19,ORD100314,SKU0196,2,343.23,35,446.2,CUST00981,MANSOURA,WHOLESALE,UNKNOWN,1.0,COMPLETED,UNKNOWN,WH-04
2026-04-21,ORD104147,SKU0170,3,119.48,30,250.91,CUST02854,MANSOURA,ONLINE,CARD,8.0,COMPLETED,MONA,WH-02
2026-05-23,ORD104741,SKU0155,3,251.58,15,641.53,CUST01398,MANSOURA,STORE,CARD,3.0,COMPLETED,YOUSSEF,WH-01
2026-02-07,ORD100869,SKU0039,3,195.06,25,438.89,CUST02815,ASWAN,ONLINE,UNKNOWN,0.0,COMPLETED,UNKNOWN,WH-03
2026-06-05,ORD103699,SKU0083,1,50.71,10,45.64,CUST01326,MANSOURA,ONLINE,BNPL,7.0,COMPLETED,ALI,WH-03
2026-04-22,ORD104631,SKU0038,3,309.43,20,742.63,CUST00187,MANSOURA,WHOLESALE,CARD,7.0,COMPLETED,MONA,WH-02
2026-07-21,ORD102436,SKU0013,6,195.73,15,998.22,CUST02490,LUXOR,STORE,CASH,3.0,COMPLETED,OMAR,WH-02
2026-07-07,ORD103768,SKU0200,3,309.46,25,696.28,CUST02373,MANSOURA,ONLINE,UNKNOWN,6.0,COMPLETED,SARA,WH-04
2026-05-17,ORD102889,SKU0064,4,369.76,0,1479.04,CUST01621,GIZA,ONLINE,CARD,8.0,COMPLETED,MONA,WH-02
2026-03-20,ORD101486,SKU0031,5,127.47,0,637.35,CUST01737,LUXOR,MARKETPLACE,BNPL,3.0,COMPLETED,UNKNOWN,WH-03
2026-02-14,ORD101064,SKU0091,1,98.16,45,53.99,CUST02643,TANTA,STORE,BNPL,2.0,COMPLETED,ALI,WH-01
2026-07-02,ORD100179,SKU0094,2,298.38,15,507.25,CUST02021,TANTA,STORE,UNKNOWN,1.0,COMPLETED,SARA,WH-02
2026-06-16,ORD103456,SKU0143,1,144.53,0,144.53,CUST02274,GIZA,MARKETPLACE,CASH,6.0,COMPLETED,MONA,WH-02
2026-02-08,ORD102690,SKU0119,1,70.48,35,45.81,CUST01374,MANSOURA,ONLINE,UNKNOWN,6.0,COMPLETED,OMAR,WH-04
2026-03-29,ORD104901,SKU0007,5,226.58,15,962.96,CUST01867,CAIRO,MARKETPLACE,BNPL,8.0,CANCELLED,UNKNOWN,WH-05
2026-07-03,ORD103218,SKU0013,1,212.38,10,191.14,CUST01641,MANSOURA,WHOLESALE,BNPL,5.0,COMPLETED,UNKNOWN,WH-03
2026-05-20,ORD103389,SKU0157,5,23.54,45,64.74,CUST01712,ALEXANDRIA,STORE,CASH,2.0,COMPLETED,UNKNOWN,WH-02
2026-06-13,ORD101464,SKU0100,2,390.62,45,429.68,CUST01909,GIZA,MARKETPLACE,WALLET,3.0,COMPLETED,ALI,WH-03
2026-05-12,ORD101986,SKU0152,1,231.4,0,231.4,CUST01165,TANTA,STORE,WALLET,9.0,RETURNED,MONA,WH-02
2026-07-09,ORD101140,SKU0003,2,48.05,0,96.1,CUST00756,ASWAN,MARKETPLACE,BNPL,3.0,COMPLETED,OMAR,WH-03
2026-03-18,ORD103693,SKU0175,6,161.05,25,724.72,CUST01799,CAIRO,ONLINE,UNKNOWN,10.0,COMPLETED,UNKNOWN,WH-02
2026-02-13,ORD100257,SKU0158,2,355.31,35,461.9,CUST02094,TANTA,MARKETPLACE,CARD,1.0,COMPLETED,MONA,WH-01
2026-02-16,ORD101016,SKU0184,1,423.8,20,339.04,CUST02271,ALEXANDRIA,STORE,UNKNOWN,9.0,COMPLETED,OMAR,WH-02
2026-05-18,ORD104271,SKU0112,1,36.37,30,25.46,CUST01016,CAIRO,ONLINE,WALLET,3.0,COMPLETED,MONA,WH-04
2026-06-19,ORD101111,SKU0186,1,32.52,25,24.39,CUST00850,ALEXANDRIA,MARKETPLACE,UNKNOWN,0.0,COMPLETED,MONA,WH-01
2026-06-01,ORD104848,SKU0022,1,26.64,45,14.65,CUST00519,MANSOURA,WHOLESALE,BNPL,6.0,COMPLETED,OMAR,WH-01
2026-02-16,ORD104267,SKU0181,1,160.16,20,128.13,CUST01265,TANTA,MARKETPLACE,WALLET,8.0,COMPLETED,UNKNOWN,WH-02
2026-06-01,ORD104992,SKU0034,1,67.71,15,57.55,CUST00260,ASWAN,ONLINE,CASH,1.0,COMPLETED,YOUSSEF,WH-05
2026-07-06,ORD101150,SKU0044,2,299.45,10,539.01,CUST02605,ASWAN,MARKETPLACE,WALLET,10.0,COMPLETED,UNKNOWN,WH-03
2026-04-17,ORD102498,SKU0079,2,275.07,10,495.13,CUST00218,CAIRO,ONLINE,CASH,0.0,CANCELLED,SARA,WH-02
2026-06-01,ORD102238,SKU0036,1,233.52,35,151.79,CUST02147,CAIRO,STORE,WALLET,0.0,COMPLETED,YOUSSEF,WH-04
2026-02-03,ORD103843,SKU0131,3,282.39,25,635.38,CUST02942,ASWAN,MARKETPLACE,UNKNOWN,3.0,COMPLETED,YOUSSEF,WH-02
2026-03-09,ORD102960,SKU0178,5,38.99,20,155.96,CUST01314,CAIRO,STORE,CARD,0.0,COMPLETED,MONA,WH-03
2026-05-07,ORD100288,SKU0007,1,226.68,15,192.68,CUST00262,CAIRO,ONLINE,CARD,5.0,COMPLETED,SARA,WH-05
2026-06-14,ORD101379,SKU0005,3,238.47,5,679.64,CUST01179,ASWAN,ONLINE,BNPL,2.0,COMPLETED,OMAR,WH-02
2026-06-30,ORD103012,SKU0058,2,282.35,20,451.76,CUST00658,GIZA,ONLINE,WALLET,2.0,COMPLETED,UNKNOWN,WH-03
2026-04-25,ORD104445,SKU0187,1,48.96,0,48.96,CUST00712,LUXOR,WHOLESALE,CARD,1.0,COMPLETED,OMAR,WH-05
2026-01-23,ORD104172,SKU0116,1,279.58,15,237.64,CUST00063,MANSOURA,ONLINE,CASH,4.0,COMPLETED,ALI,WH-01
2026-02-23,ORD100603,SKU0054,2,169.18,45,186.1,CUST01342,MANSOURA,STORE,UNKNOWN,2.0,COMPLETED,YOUSSEF,WH-01
2026-07-22,ORD100978,SKU0077,3,59.99,15,152.97,CUST01833,LUXOR,STORE,WALLET,10.0,COMPLETED,OMAR,WH-03
2026-03-08,ORD103558,SKU0095,2,165.29,10,297.52,CUST00284,ASWAN,ONLINE,UNKNOWN,10.0,COMPLETED,OMAR,WH-05
2026-06-16,ORD102630,SKU0067,4,46.06,25,138.18,CUST01608,ALEXANDRIA,WHOLESALE,CARD,10.0,COMPLETED,YOUSSEF,WH-03
2026-07-19,ORD100163,SKU0004,1,37.03,15,31.48,CUST02985,ASWAN,MARKETPLACE,UNKNOWN,5.0,COMPLETED,OMAR,WH-01
2026-07-22,ORD104041,SKU0082,1,230.69,15,196.09,CUST02972,LUXOR,STORE,CASH,0.0,COMPLETED,ALI,WH-02
2026-02-22,ORD100403,SKU0135,3,108.52,5,309.28,CUST00915,CAIRO,STORE,CASH,1.0,COMPLETED,MONA,WH-01
2026-05-25,ORD103924,SKU0146,1,13.17,10,11.85,CUST02820,ALEXANDRIA,WHOLESALE,UNKNOWN,0.0,COMPLETED,YOUSSEF,WH-01
2026-02-10,ORD100600,SKU0104,1,52.03,25,39.02,CUST02015,CAIRO,ONLINE,UNKNOWN,9.0,RETURNED,YOUSSEF,WH-02
2026-03-26,ORD101105,SKU0069,4,205.74,15,699.52,CUST00584,CAIRO,STORE,CARD,0.0,COMPLETED,UNKNOWN,WH-05
2026-02-05,ORD101834,SKU0123,1,20.22,20,16.18,CUST00319,LUXOR,ONLINE,CASH,2.0,COMPLETED,OMAR,WH-04
2026-03-14,ORD102191,SKU0189,5,207.34,15,881.2,CUST00336,TANTA,MARKETPLACE,UNKNOWN,4.0,COMPLETED,YOUSSEF,WH-05
2026-02-06,ORD102199,SKU0183,2,299.87,35,389.83,CUST00209,LUXOR,WHOLESALE,UNKNOWN,0.0,COMPLETED,OMAR,WH-03
2026-05-12,ORD101207,SKU0185,1,53.55,10,48.2,CUST01585,ALEXANDRIA,STORE,WALLET,10.0,COMPLETED,SARA,WH-03
2026-07-05,ORD103895,SKU0179,2,21.47,45,23.62,CUST02919,ASWAN,MARKETPLACE,CARD,6.0,COMPLETED,OMAR,WH-03
2026-01-18,ORD103102,SKU0057,5,385.01,20,1540.04,CUST00746,TANTA,MARKETPLACE,WALLET,2.0,COMPLETED,MONA,WH-03
2026-01-25,ORD103503,SKU0030,1,21.74,15,18.48,CUST00631,LUXOR,STORE,CARD,5.0,COMPLETED,MONA,WH-02
2026-06-11,ORD102080,SKU0109,1,143.46,0,143.46,CUST01195,GIZA,STORE,UNKNOWN,5.0,COMPLETED,ALI,WH-04
2026-03-02,ORD103758,SKU0121,1,430.71,35,279.96,CUST02214,GIZA,STORE,BNPL,4.0,COMPLETED,SARA,WH-02
2026-02-12,ORD103634,SKU0146,2,13.6,15,23.12,CUST00681,ASWAN,WHOLESALE,UNKNOWN,10.0,COMPLETED,SARA,WH-02
2026-01-25,ORD103237,SKU0052,3,113.34,0,340.02,CUST02732,TANTA,ONLINE,BNPL,1.0,COMPLETED,OMAR,WH-02
2026-04-14,ORD101728,SKU0038,2,292.07,0,584.14,CUST00206,LUXOR,WHOLESALE,UNKNOWN,8.0,COMPLETED,OMAR,WH-05
2026-03-07,ORD104186,SKU0038,2,301.45,0,602.9,CUST02803,LUXOR,WHOLESALE,UNKNOWN,8.0,COMPLETED,OMAR,WH-03
2026-04-07,ORD100802,SKU0116,3,280.06,25,630.14,CUST00026,ALEXANDRIA,WHOLESALE,BNPL,10.0,COMPLETED,SARA,WH-03
2026-01-16,ORD100012,SKU0149,3,231.66,25,521.24,CUST00514,TANTA,MARKETPLACE,CARD,7.0,COMPLETED,ALI,WH-05
2026-01-05,ORD102995,SKU0052,3,127.84,0,383.52,CUST00836,MANSOURA,WHOLESALE,WALLET,2.0,COMPLETED,UNKNOWN,WH-05
2026-05-03,ORD101115,SKU0048,2,290.58,5,552.1,CUST01002,GIZA,ONLINE,CARD,4.0,COMPLETED,MONA,WH-04
2026-01-08,ORD103260,SKU0108,5,216.51,20,866.04,CUST01054,MANSOURA,STORE,UNKNOWN,3.0,COMPLETED,MONA,WH-01
2026-01-12,ORD103376,SKU0108,2,216.73,20,346.77,CUST02993,TANTA,WHOLESALE,CASH,5.0,COMPLETED,UNKNOWN,WH-04
2026-07-23,ORD104936,SKU0013,2,200.61,0,401.22,CUST02434,GIZA,ONLINE,BNPL,8.0,COMPLETED,SARA,WH-02
2026-03-18,ORD103821,SKU0086,3,154.33,45,254.64,CUST01977,CAIRO,STORE,BNPL,9.0,COMPLETED,SARA,WH-03
2026-05-09,ORD103289,SKU0141,3,271.18,15,691.51,CUST01430,MANSOURA,WHOLESALE,CARD,0.0,COMPLETED,MONA,WH-05
2026-06-07,ORD100157,SKU0009,5,122.11,35,396.86,CUST02482,LUXOR,ONLINE,CASH,4.0,COMPLETED,MONA,WH-02
2026-01-25,ORD103952,SKU0083,1,49.36,30,34.55,CUST01450,ASWAN,STORE,BNPL,1.0,CANCELLED,SARA,WH-05
2026-04-25,ORD102414,SKU0048,2,289.12,45,318.03,CUST00303,ASWAN,WHOLESALE,CARD,7.0,RETURNED,UNKNOWN,WH-02
2026-04-14,ORD102572,SKU0144,1,168.41,25,126.31,CUST01311,TANTA,ONLINE,UNKNOWN,7.0,COMPLETED,SARA,WH-03
2026-01-02,ORD100976,SKU0148,3,53.21,45,87.8,CUST02302,MANSOURA,WHOLESALE,WALLET,1.0,COMPLETED,OMAR,WH-02
2026-01-30,ORD104492,SKU0192,6,304.58,5,1736.11,CUST01403,LUXOR,MARKETPLACE,BNPL,4.0,COMPLETED,OMAR,WH-02
2026-04-03,ORD103550,SKU0164,2,234.78,0,469.56,CUST02390,LUXOR,STORE,UNKNOWN,1.0,COMPLETED,SARA,WH-01
2026-02-11,ORD101375,SKU0158,1,368.82,10,331.94,CUST02859,ASWAN,STORE,CASH,2.0,COMPLETED,SARA,WH-03
2026-05-17,ORD102221,SKU0061,1,364.36,25,273.27,CUST02602,ALEXANDRIA,MARKETPLACE,CASH,1.0,COMPLETED,MONA,WH-05
2026-01-16,ORD103827,SKU0085,3,26.75,20,64.2,CUST01509,MANSOURA,MARKETPLACE,WALLET,7.0,COMPLETED,ALI,WH-01
2026-05-11,ORD102477,SKU0090,1,274.85,45,151.17,CUST01163,ALEXANDRIA,STORE,CASH,6.0,RETURNED,UNKNOWN,WH-03
2026-03-21,ORD103184,SKU0023,1,103.03,30,72.12,CUST01028,GIZA,ONLINE,WALLET,10.0,COMPLETED,UNKNOWN,WH-05
2026-05-02,ORD103709,SKU0120,2,174.99,20,279.98,CUST00795,ASWAN,ONLINE,CASH,8.0,COMPLETED,YOUSSEF,WH-03
2026-04-09,ORD103692,SKU0110,2,285.39,15,485.16,CUST00876,ASWAN,STORE,CARD,4.0,COMPLETED,SARA,WH-04
2026-05-15,ORD104558,SKU0171,1,181.55,10,163.4,CUST01317,LUXOR,ONLINE,CARD,3.0,COMPLETED,YOUSSEF,WH-01
2026-06-22,ORD100281,SKU0145,3,114.42,15,291.77,CUST00639,MANSOURA,STORE,CARD,1.0,COMPLETED,YOUSSEF,WH-01
2026-01-06,ORD102830,SKU0030,2,21.95,25,32.92,CUST02386,CAIRO,MARKETPLACE,CASH,2.0,COMPLETED,YOUSSEF,WH-01
2026-07-21,ORD104043,SKU0002,5,290.85,10,1308.82,CUST02912,ASWAN,ONLINE,CASH,8.0,COMPLETED,SARA,WH-02
2025-12-28,ORD100386,SKU0094,2,330.13,30,462.18,CUST00249,TANTA,WHOLESALE,CASH,8.0,CANCELLED,ALI,WH-05
2026-05-28,ORD104015,SKU0052,2,119.02,45,130.92,CUST01680,MANSOURA,WHOLESALE,CARD,7.0,COMPLETED,SARA,WH-05
2026-05-01,ORD100591,SKU0192,1,288.51,35,187.53,CUST02541,MANSOURA,ONLINE,CASH,0.0,COMPLETED,ALI,WH-01
2026-03-04,ORD101060,SKU0056,5,87.4,20,349.6,CUST00864,ASWAN,ONLINE,CARD,1.0,CANCELLED,OMAR,WH-03
2026-05-06,ORD104241,SKU0161,3,240.27,45,396.45,CUST03000,CAIRO,MARKETPLACE,BNPL,6.0,COMPLETED,OMAR,WH-04
2026-04-14,ORD104031,SKU0124,3,210.69,10,568.86,CUST01907,TANTA,MARKETPLACE,CARD,2.0,COMPLETED,YOUSSEF,WH-05
2026-02-01,ORD100614,SKU0168,3,17.23,25,38.77,CUST02345,MANSOURA,WHOLESALE,CASH,3.0,COMPLETED,ALI,WH-02
2026-03-13,ORD102766,SKU0159,2,110.43,45,121.47,CUST00563,GIZA,WHOLESALE,UNKNOWN,0.0,COMPLETED,OMAR,WH-03
2026-05-06,ORD103439,SKU0134,3,273.84,0,821.52,CUST00345,TANTA,STORE,BNPL,8.0,COMPLETED,OMAR,WH-05
2026-04-04,ORD102389,SKU0173,1,160.49,0,160.49,CUST00454,ALEXANDRIA,ONLINE,UNKNOWN,9.0,COMPLETED,OMAR,WH-05
2026-07-18,ORD102220,SKU0044,2,294.51,0,589.02,CUST00638,ALEXANDRIA,ONLINE,CASH,0.0,COMPLETED,ALI,WH-02
2026-04-16,ORD103529,SKU0195,1,349.25,15,296.86,CUST02096,GIZA,ONLINE,UNKNOWN,6.0,COMPLETED,UNKNOWN,WH-01
2026-03-24,ORD103082,SKU0087,3,163.68,20,392.83,CUST00323,GIZA,WHOLESALE,UNKNOWN,9.0,COMPLETED,MONA,WH-03
2026-05-18,ORD103420,SKU0082,2,248.74,5,472.61,CUST00362,CAIRO,STORE,UNKNOWN,6.0,COMPLETED,YOUSSEF,WH-04
2026-04-27,ORD102733,SKU0071,3,279.65,35,545.32,CUST00579,ALEXANDRIA,ONLINE,BNPL,2.0,COMPLETED,OMAR,WH-04
2026-05-18,ORD101557,SKU0051,4,21.2,15,72.08,CUST01428,GIZA,MARKETPLACE,CASH,0.0,COMPLETED,MONA,WH-02
2026-03-20,ORD101580,SKU0046,1,58.44,0,58.44,CUST00838,CAIRO,ONLINE,CASH,5.0,COMPLETED,SARA,WH-03
2026-01-12,ORD104569,SKU0117,4,202.32,35,526.03,CUST01234,ASWAN,WHOLESALE,UNKNOWN,7.0,COMPLETED,UNKNOWN,WH-02
2026-07-10,ORD103680,SKU0109,6,135.36,20,649.73,CUST01855,ASWAN,ONLINE,WALLET,2.0,COMPLETED,OMAR,WH-03
2026-06-24,ORD103284,SKU0121,1,446.36,20,357.09,CUST02183,MANSOURA,ONLINE,CARD,4.0,COMPLETED,UNKNOWN,WH-03
2026-07-02,ORD103697,SKU0127,1,282.25,0,282.25,CUST02686,ALEXANDRIA,STORE,WALLET,3.0,COMPLETED,UNKNOWN,WH-05
2026-02-24,ORD103477,SKU0036,3,236.45,20,567.48,CUST02335,ALEXANDRIA,ONLINE,CARD,2.0,COMPLETED,MONA,WH-04
2026-01-18,ORD101372,SKU0055,1,61.89,15,52.61,CUST02763,ALEXANDRIA,STORE,UNKNOWN,0.0,RETURNED,OMAR,WH-04
2026-04-28,ORD101616,SKU0158,50,337.02,25,12638.25,CUST00223,LUXOR,ONLINE,CASH,4.0,RETURNED,SARA,WH-03
2026-02-18,ORD104599,SKU0132,3,55.93,20,134.23,CUST00448,MANSOURA,ONLINE,CASH,1.0,COMPLETED,MONA,WH-04
2026-06-29,ORD102571,SKU0072,3,161.87,10,437.05,CUST00045,ASWAN,WHOLESALE,UNKNOWN,6.0,COMPLETED,ALI,WH-03
2026-03-25,ORD100084,SKU0054,4,170.21,20,544.67,CUST01396,ALEXANDRIA,WHOLESALE,WALLET,2.0,COMPLETED,OMAR,WH-01
2026-06-04,ORD102420,SKU0189,1,216.51,30,151.56,CUST01745,ASWAN,ONLINE,CASH,1.0,COMPLETED,OMAR,WH-03
2026-06-21,ORD104789,SKU0058,5,303.85,20,1215.4,CUST01718,ASWAN,MARKETPLACE,BNPL,3.0,COMPLETED,YOUSSEF,WH-03
2026-05-22,ORD101535,SKU0193,2,317.66,45,349.43,CUST00245,CAIRO,WHOLESALE,WALLET,6.0,COMPLETED,MONA,WH-04
2026-04-01,ORD103539,SKU0153,3,375.49,0,1126.47,CUST00018,ASWAN,WHOLESALE,UNKNOWN,6.0,COMPLETED,ALI,WH-02
2026-07-23,ORD104233,SKU0102,5,86.72,5,411.92,CUST01945,CAIRO,ONLINE,CASH,5.0,COMPLETED,YOUSSEF,WH-02
2026-04-17,ORD103349,SKU0094,4,282.62,0,1130.48,CUST00327,MANSOURA,WHOLESALE,BNPL,4.0,COMPLETED,YOUSSEF,WH-04
2026-04-04,ORD103124,SKU0148,2,56.26,45,61.89,CUST02940,ALEXANDRIA,WHOLESALE,UNKNOWN,9.0,COMPLETED,OMAR,WH-03
2026-03-22,ORD102576,SKU0131,2,285.15,0,570.3,CUST00279,ALEXANDRIA,ONLINE,CASH,3.0,COMPLETED,SARA,WH-01
2026-06-15,ORD102818,SKU0100,2,381.41,10,686.54,CUST02191,GIZA,MARKETPLACE,CASH,9.0,COMPLETED,UNKNOWN,WH-01
2025-12-27,ORD102575,SKU0039,1,203.51,35,132.28,CUST00558,ALEXANDRIA,STORE,BNPL,0.0,COMPLETED,ALI,WH-01
2026-05-26,ORD104246,SKU0118,2,83.63,45,91.99,CUST01961,GIZA,MARKETPLACE,WALLET,3.0,COMPLETED,MONA,WH-02
2026-03-07,ORD100156,SKU0120,1,184.94,5,175.69,CUST00935,ASWAN,ONLINE,CASH,4.0,COMPLETED,OMAR,WH-03
2026-03-31,ORD100812,SKU0092,3,388.62,5,1107.57,CUST02561,ALEXANDRIA,MARKETPLACE,BNPL,3.0,COMPLETED,SARA,WH-04
2026-03-15,ORD104587,SKU0185,2,54.28,15,92.28,CUST01964,CAIRO,MARKETPLACE,WALLET,9.0,COMPLETED,SARA,WH-02
2026-01-21,ORD100350,SKU0088,3,182.66,25,410.98,CUST01434,LUXOR,WHOLESALE,BNPL,5.0,COMPLETED,MONA,WH-04
2026-06-07,ORD100110,SKU0183,3,313.47,25,705.31,CUST01206,TANTA,WHOLESALE,WALLET,0.0,COMPLETED,YOUSSEF,WH-02
2026-06-25,ORD102673,SKU0025,5,156.52,35,508.69,CUST02775,GIZA,STORE,UNKNOWN,2.0,COMPLETED,ALI,WH-01
2026-01-27,ORD103034,SKU0118,2,83.9,30,117.46,CUST01620,MANSOURA,STORE,WALLET,3.0,COMPLETED,OMAR,WH-03
2026-03-16,ORD103156,SKU0077,2,62.11,35,80.74,CUST00040,GIZA,MARKETPLACE,BNPL,0.0,COMPLETED,OMAR,WH-01
2026-03-09,ORD104996,SKU0076,2,275.29,35,357.88,CUST02903,TANTA,MARKETPLACE,BNPL,0.0,COMPLETED,OMAR,WH-05
2026-03-07,ORD102105,SKU0005,1,253.39,15,215.38,CUST00648,MANSOURA,STORE,CASH,8.0,COMPLETED,SARA,WH-05
2026-06-21,ORD104947,SKU0124,2,223.51,30,312.91,CUST00241,LUXOR,WHOLESALE,CASH,5.0,COMPLETED,YOUSSEF,WH-03
2026-02-26,ORD100652,SKU0129,2,402.22,30,563.11,CUST01311,LUXOR,WHOLESALE,UNKNOWN,5.0,COMPLETED,OMAR,WH-04
2025-12-28,ORD100108,SKU0034,6,73.38,20,352.22,CUST01073,GIZA,WHOLESALE,CASH,1.0,COMPLETED,UNKNOWN,WH-01
2026-07-22,ORD101024,SKU0001,6,179.45,5,1022.86,CUST02078,CAIRO,ONLINE,UNKNOWN,2.0,COMPLETED,OMAR,WH-02
2026-01-25,ORD103421,SKU0099,2,343.02,30,480.23,CUST01570,ALEXANDRIA,ONLINE,UNKNOWN,3.0,COMPLETED,ALI,WH-02
2026-01-21,ORD101570,SKU0072,2,163.52,35,212.58,CUST01670,ASWAN,MARKETPLACE,CASH,6.0,COMPLETED,SARA,WH-03
2026-03-25,ORD102273,SKU0057,2,421.13,20,673.81,CUST02634,GIZA,STORE,UNKNOWN,9.0,COMPLETED,YOUSSEF,WH-03
2026-01-03,ORD101001,SKU0061,1,381.22,25,285.92,CUST02887,ALEXANDRIA,ONLINE,CARD,9.0,COMPLETED,SARA,WH-04
2026-06-25,ORD100931,SKU0039,4,189.07,10,680.65,CUST00483,CAIRO,STORE,WALLET,8.0,COMPLETED,ALI,WH-03
2026-01-30,ORD104640,SKU0039,2,206.09,30,288.53,CUST01503,ASWAN,MARKETPLACE,CASH,5.0,COMPLETED,YOUSSEF,WH-03
2026-06-25,ORD100809,SKU0015,1,150.68,0,150.68,CUST00244,CAIRO,ONLINE,UNKNOWN,0.0,COMPLETED,MONA,WH-04
2026-04-16,ORD100433,SKU0131,6,287.4,5,1638.18,CUST00608,ALEXANDRIA,WHOLESALE,CARD,9.0,COMPLETED,OMAR,WH-05
2026-04-13,ORD100438,SKU0031,2,129.48,30,181.27,CUST02208,GIZA,MARKETPLACE,BNPL,8.0,COMPLETED,SARA,WH-03
2026-04-09,ORD102208,SKU0139,1,319.71,45,175.84,CUST00356,ALEXANDRIA,MARKETPLACE,CARD,7.0,COMPLETED,YOUSSEF,WH-03
2026-04-12,ORD103888,SKU0198,4,155.63,30,435.76,CUST01662,LUXOR,MARKETPLACE,CASH,2.0,COMPLETED,SARA,WH-05
2026-07-19,ORD103806,SKU0011,1,163.44,5,155.27,CUST02754,GIZA,MARKETPLACE,UNKNOWN,7.0,COMPLETED,SARA,WH-03
2025-12-26,ORD104577,SKU0177,2,175.34,10,315.61,CUST00964,CAIRO,MARKETPLACE,CASH,2.0,COMPLETED,YOUSSEF,WH-02
2026-05-23,ORD101438,SKU0049,2,193.54,30,270.96,CUST01875,TANTA,WHOLESALE,CARD,9.0,COMPLETED,UNKNOWN,WH-04
2026-02-23,ORD101422,SKU0182,3,181.72,35,354.35,CUST00583,GIZA,ONLINE,BNPL,4.0,COMPLETED,OMAR,WH-01
2026-01-06,ORD100783,SKU0018,4,438.88,45,965.54,CUST01654,GIZA,ONLINE,UNKNOWN,1.0,RETURNED,SARA,WH-03
2026-01-01,ORD101029,SKU0166,4,153.55,45,337.81,CUST02703,CAIRO,STORE,CASH,9.0,COMPLETED,UNKNOWN,WH-02
2026-07-05,ORD101099,SKU0004,1,35.1,25,26.33,CUST00194,ASWAN,ONLINE,BNPL,4.0,COMPLETED,YOUSSEF,WH-01
2026-01-27,ORD100165,SKU0140,1,287.2,45,157.96,CUST02131,LUXOR,MARKETPLACE,CASH,0.0,RETURNED,OMAR,WH-04
2026-04-15,ORD101319,SKU0067,1,47.2,10,42.48,CUST00518,LUXOR,STORE,UNKNOWN,2.0,COMPLETED,ALI,WH-01
2026-05-31,ORD102569,SKU0135,1,124.7,15,106.0,CUST02762,GIZA,STORE,UNKNOWN,6.0,COMPLETED,SARA,WH-02
2026-03-29,ORD103330,SKU0168,5,17.18,30,60.13,CUST00294,GIZA,STORE,UNKNOWN,9.0,RETURNED,UNKNOWN,WH-01
2026-04-06,ORD104087,SKU0177,3,191.42,35,373.27,CUST01641,TANTA,STORE,BNPL,2.0,COMPLETED,OMAR,WH-02
2026-04-16,ORD100400,SKU0128,3,70.49,5,200.9,CUST01640,ASWAN,WHOLESALE,BNPL,7.0,COMPLETED,MONA,WH-03
2026-05-19,ORD103626,SKU0132,5,61.79,15,262.61,CUST00759,LUXOR,MARKETPLACE,BNPL,0.0,COMPLETED,MONA,WH-03
2026-07-21,ORD104249,SKU0074,2,230.66,35,299.86,CUST00734,GIZA,MARKETPLACE,CASH,9.0,COMPLETED,MONA,WH-02
2026-01-02,ORD102039,SKU0131,4,316.74,5,1203.61,CUST02590,ALEXANDRIA,STORE,UNKNOWN,0.0,COMPLETED,ALI,WH-01
2026-02-23,ORD102856,SKU0044,2,275.23,30,385.32,CUST00809,ALEXANDRIA,WHOLESALE,WALLET,5.0,COMPLETED,SARA,WH-04
2026-05-10,ORD104840,SKU0081,3,152.66,25,343.48,CUST02154,LUXOR,MARKETPLACE,CASH,3.0,COMPLETED,YOUSSEF,WH-02
2026-02-06,ORD101235,SKU0144,3,177.22,30,372.16,CUST02573,CAIRO,WHOLESALE,CARD,5.0,COMPLETED,UNKNOWN,WH-04
2026-01-20,ORD104943,SKU0057,1,376.9,0,376.9,CUST01867,ALEXANDRIA,STORE,CARD,4.0,COMPLETED,YOUSSEF,WH-03
2025-12-28,ORD100437,SKU0111,2,254.65,20,407.44,CUST00890,TANTA,ONLINE,UNKNOWN,7.0,COMPLETED,OMAR,WH-02
2026-04-04,ORD102662,SKU0057,1,386.97,20,309.58,CUST00135,ASWAN,ONLINE,CASH,7.0,COMPLETED,MONA,WH-01
2026-04-07,ORD102948,SKU0009,2,125.21,0,250.42,CUST01846,CAIRO,WHOLESALE,UNKNOWN,0.0,RETURNED,ALI,WH-04
2026-07-15,ORD102416,SKU0077,2,59.1,25,88.65,CUST01638,MANSOURA,WHOLESALE,UNKNOWN,3.0,COMPLETED,OMAR,WH-03
2026-07-23,ORD100630,SKU0028,1,267.44,25,200.58,CUST01667,LUXOR,WHOLESALE,UNKNOWN,5.0,COMPLETED,OMAR,WH-03
2026-07-09,ORD101968,SKU0013,2,196.42,35,255.35,CUST02114,CAIRO,MARKETPLACE,WALLET,7.0,COMPLETED,SARA,WH-05
2026-07-16,ORD101214,SKU0037,6,13.99,35,54.56,CUST00656,ASWAN,ONLINE,CASH,3.0,COMPLETED,MONA,WH-05
2026-02-02,ORD102613,SKU0016,2,160.73,20,257.17,CUST01337,ALEXANDRIA,ONLINE,BNPL,6.0,COMPLETED,ALI,WH-02
2026-05-03,ORD104790,SKU0198,3,158.94,5,452.98,CUST01037,CAIRO,MARKETPLACE,CARD,9.0,COMPLETED,MONA,WH-02
2026-02-11,ORD101595,SKU0096,2,52.55,0,105.1,CUST00985,GIZA,MARKETPLACE,WALLET,9.0,COMPLETED,OMAR,WH-03
2026-02-20,ORD100738,SKU0039,2,194.42,15,330.51,CUST01867,CAIRO,MARKETPLACE,CARD,4.0,COMPLETED,YOUSSEF,WH-03
2026-04-28,ORD100796,SKU0183,1,332.24,35,215.96,CUST02443,LUXOR,WHOLESALE,CARD,1.0,COMPLETED,YOUSSEF,WH-01
2026-01-18,ORD100227,SKU0159,1,125.98,10,113.38,CUST01582,CAIRO,STORE,WALLET,4.0,COMPLETED,YOUSSEF,WH-03
2026-05-01,ORD100965,SKU0052,3,113.63,20,272.71,CUST02309,GIZA,STORE,UNKNOWN,0.0,COMPLETED,ALI,WH-03
2026-05-30,ORD101049,SKU0097,4,357.38,25,1072.14,CUST01119,MANSOURA,MARKETPLACE,BNPL,8.0,COMPLETED,SARA,WH-02
2026-04-06,ORD101370,SKU0025,2,167.89,20,268.62,CUST01690,ASWAN,ONLINE,BNPL,0.0,COMPLETED,UNKNOWN,WH-02
2026-01-30,ORD101926,SKU0163,1,400.17,10,360.15,CUST01356,ASWAN,WHOLESALE,BNPL,2.0,COMPLETED,YOUSSEF,WH-02
2026-03-15,ORD101725,SKU0173,6,153.0,5,872.1,CUST02221,ALEXANDRIA,MARKETPLACE,CARD,6.0,COMPLETED,YOUSSEF,WH-05
2026-06-30,ORD101887,SKU0051,1,22.94,25,17.21,CUST01457,GIZA,WHOLESALE,UNKNOWN,7.0,COMPLETED,YOUSSEF,WH-03
2026-03-09,ORD104533,SKU0035,1,45.78,10,41.2,CUST01474,LUXOR,ONLINE,WALLET,9.0,COMPLETED,ALI,WH-05
2026-04-26,ORD103258,SKU0027,4,410.72,10,1478.59,CUST02374,LUXOR,MARKETPLACE,CASH,7.0,COMPLETED,YOUSSEF,WH-04
2026-05-17,ORD102940,SKU0010,1,138.36,10,124.52,CUST00373,GIZA,MARKETPLACE,UNKNOWN,10.0,COMPLETED,OMAR,WH-05
2026-05-16,ORD100801,SKU0188,2,29.66,30,41.52,CUST01286,GIZA,MARKETPLACE,BNPL,6.0,COMPLETED,MONA,WH-04
2026-04-20,ORD104981,SKU0047,3,304.78,0,914.34,CUST01582,TANTA,WHOLESALE,BNPL,2.0,COMPLETED,YOUSSEF,WH-05
2026-01-10,ORD103311,SKU0054,3,175.37,35,341.97,CUST02395,CAIRO,STORE,WALLET,6.0,COMPLETED,SARA,WH-01
2026-05-06,ORD103331,SKU0027,1,450.71,45,247.89,CUST01055,GIZA,STORE,BNPL,8.0,COMPLETED,SARA,WH-04
2026-07-11,ORD103715,SKU0039,1,208.03,20,166.42,CUST02421,TANTA,MARKETPLACE,WALLET,10.0,COMPLETED,ALI,WH-03
2026-06-01,ORD100422,SKU0167,4,11.25,10,40.5,CUST00631,LUXOR,ONLINE,UNKNOWN,1.0,COMPLETED,MONA,WH-02
2026-03-29,ORD102411,SKU0077,3,61.91,15,157.87,CUST02591,CAIRO,STORE,UNKNOWN,5.0,COMPLETED,SARA,WH-05
2026-04-08,ORD102033,SKU0115,4,323.02,10,1162.87,CUST00345,CAIRO,WHOLESALE,WALLET,10.0,COMPLETED,UNKNOWN,WH-03
2026-03-01,ORD101006,SKU0119,1,72.53,10,65.28,CUST00557,LUXOR,WHOLESALE,CASH,4.0,COMPLETED,SARA,WH-04
2026-04-18,ORD100104,SKU0096,4,52.44,0,209.76,CUST02792,CAIRO,STORE,CASH,2.0,COMPLETED,YOUSSEF,WH-04
2026-01-03,ORD102110,SKU0191,1,53.64,20,42.91,CUST00786,MANSOURA,ONLINE,CASH,1.0,CANCELLED,OMAR,WH-04
2026-01-27,ORD101935,SKU0128,5,66.88,25,250.8,CUST01360,ASWAN,WHOLESALE,BNPL,8.0,CANCELLED,YOUSSEF,WH-02
2026-05-08,ORD100140,SKU0138,2,202.19,25,303.28,CUST02726,CAIRO,WHOLESALE,BNPL,2.0,COMPLETED,ALI,WH-05
2026-07-24,ORD100015,SKU0037,2,13.45,10,24.21,CUST00841,TANTA,STORE,UNKNOWN,6.0,COMPLETED,UNKNOWN,WH-05
2026-01-22,ORD103058,SKU0107,2,198.12,15,336.8,CUST01864,ALEXANDRIA,ONLINE,BNPL,4.0,COMPLETED,MONA,WH-01
2025-12-31,ORD104711,SKU0165,1,133.0,5,126.35,CUST00763,CAIRO,ONLINE,BNPL,3.0,COMPLETED,YOUSSEF,WH-05
2026-06-18,ORD104764,SKU0053,2,259.6,0,519.2,CUST01051,LUXOR,STORE,BNPL,8.0,COMPLETED,MONA,WH-04
2026-04-27,ORD102000,SKU0163,3,402.19,5,1146.24,CUST00373,TANTA,MARKETPLACE,CARD,9.0,COMPLETED,MONA,WH-02
2026-04-17,ORD101899,SKU0178,3,37.04,15,94.45,CUST01139,CAIRO,MARKETPLACE,CASH,8.0,COMPLETED,YOUSSEF,WH-03
2026-03-05,ORD102422,SKU0071,2,294.06,10,529.31,CUST00097,LUXOR,ONLINE,BNPL,8.0,COMPLETED,OMAR,WH-01
2026-02-04,ORD101700,SKU0193,1,314.75,25,236.06,CUST01523,CAIRO,ONLINE,CASH,7.0,COMPLETED,ALI,WH-03
2026-02-19,ORD100860,SKU0041,1,339.27,5,322.31,CUST01621,TANTA,ONLINE,BNPL,1.0,COMPLETED,SARA,WH-03
2026-06-04,ORD103259,SKU0059,4,225.61,20,721.95,CUST00713,MANSOURA,STORE,UNKNOWN,10.0,COMPLETED,ALI,WH-03
2026-06-12,ORD104352,SKU0039,3,192.01,15,489.63,CUST00401,MANSOURA,WHOLESALE,BNPL,3.0,COMPLETED,OMAR,WH-02
2026-06-29,ORD102479,SKU0077,5,56.72,35,184.34,CUST00133,MANSOURA,ONLINE,BNPL,1.0,COMPLETED,YOUSSEF,WH-04
2026-05-02,ORD101439,SKU0158,1,357.65,15,304.0,CUST01064,ALEXANDRIA,WHOLESALE,CARD,1.0,COMPLETED,MONA,WH-04
2026-03-13,ORD100983,SKU0192,1,297.71,15,253.05,CUST01667,CAIRO,MARKETPLACE,UNKNOWN,1.0,COMPLETED,MONA,WH-01
2026-06-30,ORD100877,SKU0155,3,227.75,15,580.76,CUST02740,GIZA,MARKETPLACE,WALLET,4.0,COMPLETED,ALI,WH-02
2026-04-15,ORD103606,SKU0065,6,11.18,15,57.02,CUST01237,ASWAN,ONLINE,BNPL,9.0,CANCELLED,OMAR,WH-03
2026-07-01,ORD102606,SKU0006,2,22.9,10,41.22,CUST01558,ASWAN,WHOLESALE,WALLET,8.0,COMPLETED,SARA,WH-01
2026-04-17,ORD102478,SKU0187,1,48.19,0,48.19,CUST00730,CAIRO,STORE,CARD,6.0,COMPLETED,OMAR,WH-02
2026-04-03,ORD104017,SKU0130,1,162.91,30,114.04,CUST02347,TANTA,STORE,UNKNOWN,9.0,COMPLETED,YOUSSEF,WH-03
2026-01-16,ORD103940,SKU0186,3,30.65,10,82.76,CUST01610,ALEXANDRIA,ONLINE,CASH,5.0,RETURNED,MONA,WH-03
2026-03-22,ORD103106,SKU0041,3,314.11,0,942.33,CUST00241,ASWAN,WHOLESALE,UNKNOWN,8.0,COMPLETED,SARA,WH-02
2026-01-12,ORD102911,SKU0127,1,254.54,25,190.9,CUST01106,CAIRO,MARKETPLACE,BNPL,5.0,COMPLETED,ALI,WH-01
2026-07-16,ORD100487,SKU0181,6,155.07,25,697.82,CUST00046,GIZA,ONLINE,CARD,6.0,COMPLETED,ALI,WH-02
2026-06-27,ORD102103,SKU0119,2,79.45,25,119.18,CUST01081,LUXOR,ONLINE,UNKNOWN,2.0,COMPLETED,OMAR,WH-04
2026-05-22,ORD101825,SKU0088,3,184.34,5,525.37,CUST01341,MANSOURA,WHOLESALE,WALLET,2.0,COMPLETED,MONA,WH-05
2026-04-07,ORD100116,SKU0161,6,238.91,35,931.75,CUST02083,LUXOR,ONLINE,CASH,3.0,COMPLETED,YOUSSEF,WH-05
2026-04-30,ORD102272,SKU0010,6,130.73,10,705.94,CUST00789,ASWAN,WHOLESALE,UNKNOWN,9.0,COMPLETED,ALI,WH-05
2026-02-05,ORD102376,SKU0178,3,38.0,5,108.3,CUST00301,TANTA,MARKETPLACE,BNPL,3.0,COMPLETED,ALI,WH-02
2026-06-15,ORD101335,SKU0028,4,285.35,45,627.77,CUST02494,LUXOR,ONLINE,UNKNOWN,4.0,COMPLETED,MONA,WH-03
2026-04-09,ORD101751,SKU0041,1,318.37,35,206.94,CUST01600,ALEXANDRIA,WHOLESALE,CARD,6.0,COMPLETED,UNKNOWN,WH-02
2026-03-08,ORD103373,SKU0123,6,18.4,5,104.88,CUST02740,MANSOURA,ONLINE,BNPL,0.0,COMPLETED,ALI,WH-04
2026-05-25,ORD100498,SKU0175,3,147.57,25,332.03,CUST00598,ALEXANDRIA,WHOLESALE,CASH,5.0,COMPLETED,OMAR,WH-05
2026-01-25,ORD104717,SKU0167,6,11.65,20,55.92,CUST01550,CAIRO,WHOLESALE,UNKNOWN,3.0,COMPLETED,OMAR,WH-05
2026-03-11,ORD104756,SKU0064,5,389.48,35,1265.81,CUST00294,ALEXANDRIA,WHOLESALE,BNPL,3.0,RETURNED,ALI,WH-04
2026-05-20,ORD104201,SKU0135,3,114.75,45,189.34,CUST02950,MANSOURA,MARKETPLACE,CARD,7.0,COMPLETED,MONA,WH-05
2026-02-07,ORD101656,SKU0169,1,325.61,45,179.09,CUST02493,CAIRO,STORE,CARD,5.0,COMPLETED,UNKNOWN,WH-02
2026-02-01,ORD100701,SKU0070,2,170.85,15,290.44,CUST00674,CAIRO,ONLINE,BNPL,1.0,COMPLETED,YOUSSEF,WH-04
2026-03-02,ORD104021,SKU0187,3,45.51,5,129.7,CUST00610,ASWAN,STORE,UNKNOWN,5.0,RETURNED,UNKNOWN,WH-01
2026-04-23,ORD101218,SKU0028,5,274.87,10,1236.92,CUST01893,CAIRO,STORE,CARD,8.0,RETURNED,ALI,WH-04
2026-07-13,ORD102718,SKU0063,2,79.05,30,110.67,CUST00656,TANTA,MARKETPLACE,CARD,8.0,COMPLETED,OMAR,WH-05
2026-03-26,ORD104747,SKU0099,2,326.15,30,456.61,CUST01512,MANSOURA,WHOLESALE,CARD,6.0,COMPLETED,YOUSSEF,WH-02
2026-02-01,ORD103650,SKU0023,5,106.91,20,427.64,CUST02083,ALEXANDRIA,STORE,WALLET,2.0,COMPLETED,ALI,WH-03
2026-02-16,ORD102290,SKU0174,2,171.21,10,308.18,CUST00521,ASWAN,ONLINE,BNPL,8.0,COMPLETED,OMAR,WH-03
2026-02-08,ORD104007,SKU0158,3,318.26,45,525.13,CUST01882,LUXOR,MARKETPLACE,CARD,2.0,COMPLETED,UNKNOWN,WH-05
2026-03-23,ORD100100,SKU0078,1,287.73,45,158.25,CUST01697,LUXOR,ONLINE,BNPL,9.0,COMPLETED,SARA,WH-02
2026-05-19,ORD100222,SKU0050,4,14.7,0,58.8,CUST02862,CAIRO,WHOLESALE,WALLET,6.0,COMPLETED,MONA,WH-02
2026-01-09,ORD102683,SKU0193,1,343.1,0,343.1,CUST02935,CAIRO,ONLINE,BNPL,1.0,COMPLETED,SARA,WH-01
2026-04-07,ORD100864,SKU0140,3,293.21,10,791.67,CUST01528,TANTA,WHOLESALE,BNPL,2.0,RETURNED,ALI,WH-02
2026-06-14,ORD103024,SKU0152,5,212.77,15,904.27,CUST01280,TANTA,WHOLESALE,BNPL,2.0,RETURNED,OMAR,WH-02
2026-05-10,ORD100034,SKU0126,2,98.3,5,186.77,CUST00948,TANTA,MARKETPLACE,UNKNOWN,2.0,COMPLETED,SARA,WH-03
2026-06-25,ORD103635,SKU0046,2,56.2,45,61.82,CUST02213,LUXOR,ONLINE,BNPL,8.0,COMPLETED,ALI,WH-01
2026-06-27,ORD100216,SKU0062,1,93.02,25,69.76,CUST01134,TANTA,WHOLESALE,WALLET,6.0,COMPLETED,ALI,WH-02
2026-05-31,ORD102344,SKU0186,2,30.01,5,57.02,CUST01458,CAIRO,WHOLESALE,CASH,5.0,COMPLETED,YOUSSEF,WH-04
2026-04-27,ORD102359,SKU0158,2,346.38,20,554.21,CUST00338,LUXOR,WHOLESALE,UNKNOWN,5.0,COMPLETED,UNKNOWN,WH-03
2026-04-01,ORD101690,SKU0050,3,13.85,15,35.32,CUST00321,TANTA,WHOLESALE,CASH,4.0,COMPLETED,UNKNOWN,WH-05
2026-04-24,ORD104646,SKU0028,3,259.25,45,427.76,CUST00465,MANSOURA,MARKETPLACE,BNPL,4.0,COMPLETED,UNKNOWN,WH-04
2026-06-03,ORD103672,SKU0131,1,295.67,0,295.67,CUST01201,GIZA,STORE,UNKNOWN,1.0,COMPLETED,ALI,WH-05
2026-05-29,ORD104374,SKU0124,3,217.52,30,456.79,CUST02357,TANTA,WHOLESALE,CASH,4.0,COMPLETED,ALI,WH-01
2026-04-07,ORD102745,SKU0152,3,212.07,25,477.16,CUST02462,GIZA,ONLINE,WALLET,1.0,COMPLETED,SARA,WH-03
2026-01-24,ORD102098,SKU0067,1,48.21,20,38.57,CUST01537,GIZA,MARKETPLACE,CASH,3.0,COMPLETED,OMAR,WH-01
2026-06-14,ORD104638,SKU0165,3,126.09,15,321.53,CUST01023,ASWAN,MARKETPLACE,WALLET,1.0,COMPLETED,UNKNOWN,WH-04
2026-06-14,ORD104698,SKU0142,1,98.06,10,88.25,CUST01970,ALEXANDRIA,STORE,CARD,9.0,COMPLETED,SARA,WH-02
2026-06-14,ORD102642,SKU0052,5,112.12,5,532.57,CUST00328,GIZA,WHOLESALE,UNKNOWN,5.0,COMPLETED,UNKNOWN,WH-05
2026-04-30,ORD101072,SKU0076,4,255.34,25,766.02,CUST02435,TANTA,WHOLESALE,CASH,1.0,COMPLETED,ALI,WH-02
2026-06-30,ORD102298,SKU0115,4,344.12,45,757.06,CUST00258,TANTA,STORE,UNKNOWN,6.0,COMPLETED,ALI,WH-01
2026-03-03,ORD100686,SKU0029,4,32.74,0,130.96,CUST00591,ALEXANDRIA,MARKETPLACE,WALLET,6.0,COMPLETED,YOUSSEF,WH-01
2026-03-17,ORD100764,SKU0199,1,301.11,20,240.89,CUST00702,ALEXANDRIA,ONLINE,CARD,2.0,COMPLETED,OMAR,WH-04
2026-03-17,ORD103754,SKU0164,3,222.75,20,534.6,CUST00340,ALEXANDRIA,MARKETPLACE,WALLET,9.0,COMPLETED,YOUSSEF,WH-01
2026-04-09,ORD103361,SKU0167,6,11.42,20,54.82,CUST01327,ALEXANDRIA,STORE,BNPL,4.0,COMPLETED,SARA,WH-04
2026-02-10,ORD102508,SKU0150,2,161.09,35,209.42,CUST02057,LUXOR,MARKETPLACE,UNKNOWN,2.0,COMPLETED,SARA,WH-01
2026-04-21,ORD101312,SKU0057,2,435.93,5,828.27,CUST01621,TANTA,WHOLESALE,UNKNOWN,8.0,COMPLETED,UNKNOWN,WH-05
2026-05-20,ORD104507,SKU0108,3,197.74,45,326.27,CUST00678,TANTA,WHOLESALE,CARD,8.0,COMPLETED,SARA,WH-05
2026-03-13,ORD102695,SKU0047,1,307.17,35,199.66,CUST00182,GIZA,STORE,CARD,7.0,COMPLETED,YOUSSEF,WH-04
2026-01-22,ORD104141,SKU0093,1,110.82,20,88.66,CUST01871,ALEXANDRIA,WHOLESALE,CASH,0.0,COMPLETED,ALI,WH-01
2026-07-16,ORD102704,SKU0129,2,368.5,45,405.35,CUST02748,ALEXANDRIA,WHOLESALE,BNPL,8.0,COMPLETED,YOUSSEF,WH-05
2026-07-18,ORD101712,SKU0195,2,314.61,5,597.76,CUST02088,CAIRO,MARKETPLACE,UNKNOWN,9.0,CANCELLED,YOUSSEF,WH-04
2026-04-17,ORD102772,SKU0156,1,123.72,10,111.35,CUST01759,GIZA,ONLINE,UNKNOWN,3.0,COMPLETED,MONA,WH-05
2026-01-05,ORD100468,SKU0110,5,273.93,15,1164.2,CUST01834,TANTA,STORE,CARD,7.0,COMPLETED,SARA,WH-04
2026-06-22,ORD104025,SKU0010,3,143.24,0,429.72,CUST02226,MANSOURA,MARKETPLACE,BNPL,8.0,COMPLETED,OMAR,WH-05
2026-04-06,ORD100076,SKU0198,4,161.27,35,419.3,CUST01753,GIZA,STORE,CARD,1.0,COMPLETED,UNKNOWN,WH-03
2026-01-22,ORD104803,SKU0073,1,75.48,35,49.06,CUST01908,ASWAN,STORE,BNPL,0.0,COMPLETED,ALI,WH-01
2026-04-04,ORD101578,SKU0065,6,12.06,35,47.03,CUST01919,GIZA,STORE,WALLET,8.0,COMPLETED,UNKNOWN,WH-02
2026-01-17,ORD101729,SKU0189,2,195.69,35,254.4,CUST02819,LUXOR,MARKETPLACE,WALLET,5.0,COMPLETED,SARA,WH-01
2026-03-26,ORD102263,SKU0092,1,396.22,45,217.92,CUST02295,GIZA,MARKETPLACE,CASH,9.0,COMPLETED,ALI,WH-05
2026-04-04,ORD103780,SKU0077,3,64.06,35,124.92,CUST01000,GIZA,WHOLESALE,CASH,2.0,COMPLETED,ALI,WH-01
2026-06-06,ORD103794,SKU0103,3,152.59,15,389.1,CUST02162,ASWAN,MARKETPLACE,CARD,0.0,COMPLETED,SARA,WH-03
2026-07-21,ORD104542,SKU0198,3,177.99,20,427.18,CUST02151,CAIRO,MARKETPLACE,BNPL,6.0,COMPLETED,ALI,WH-02
2026-06-12,ORD103886,SKU0014,2,81.82,25,122.73,CUST02161,CAIRO,MARKETPLACE,WALLET,1.0,COMPLETED,MONA,WH-03
2026-01-04,ORD104218,SKU0191,4,59.37,25,178.11,CUST01945,TANTA,STORE,BNPL,2.0,COMPLETED,ALI,WH-04
2026-07-16,ORD102885,SKU0023,5,103.2,15,438.6,CUST02581,GIZA,ONLINE,UNKNOWN,6.0,COMPLETED,SARA,WH-05
2026-01-13,ORD104462,SKU0028,3,281.5,5,802.28,CUST01302,TANTA,STORE,CARD,6.0,RETURNED,YOUSSEF,WH-02
2026-05-20,ORD100292,SKU0179,3,19.46,10,52.54,CUST02684,LUXOR,MARKETPLACE,CARD,6.0,COMPLETED,UNKNOWN,WH-04
2026-02-28,ORD100840,SKU0047,1,274.48,25,205.86,CUST01358,LUXOR,STORE,CASH,4.0,COMPLETED,UNKNOWN,WH-02
2026-07-15,ORD103791,SKU0171,1,169.96,35,110.47,CUST02712,MANSOURA,STORE,BNPL,1.0,COMPLETED,ALI,WH-05
2026-03-01,ORD103904,SKU0085,2,23.44,0,46.88,CUST00735,ALEXANDRIA,ONLINE,UNKNOWN,9.0,COMPLETED,SARA,WH-05
2026-06-26,ORD102382,SKU0096,2,53.44,10,96.19,CUST00936,LUXOR,MARKETPLACE,BNPL,4.0,COMPLETED,YOUSSEF,WH-03
2026-04-05,ORD100661,SKU0054,1,168.3,30,117.81,CUST01479,ASWAN,STORE,UNKNOWN,4.0,COMPLETED,YOUSSEF,WH-03
2026-03-25,ORD104512,SKU0195,1,339.16,20,271.33,CUST01868,ALEXANDRIA,ONLINE,WALLET,1.0,RETURNED,UNKNOWN,WH-05
2026-05-10,ORD102795,SKU0008,1,54.18,10,48.76,CUST00462,TANTA,MARKETPLACE,BNPL,0.0,COMPLETED,YOUSSEF,WH-03
2026-05-02,ORD103839,SKU0081,3,147.57,10,398.44,CUST00883,ALEXANDRIA,MARKETPLACE,CARD,9.0,COMPLETED,ALI,WH-04
2026-05-26,ORD102373,SKU0158,2,332.56,30,465.58,CUST00713,MANSOURA,ONLINE,UNKNOWN,2.0,COMPLETED,ALI,WH-02
2026-03-19,ORD100607,SKU0138,4,198.27,5,753.43,CUST00648,GIZA,ONLINE,WALLET,4.0,COMPLETED,SARA,WH-02
2026-04-03,ORD101369,SKU0089,1,241.36,20,193.09,CUST01782,ALEXANDRIA,ONLINE,BNPL,5.0,RETURNED,MONA,WH-02
2026-04-14,ORD100656,SKU0005,4,264.76,20,847.23,CUST00963,ASWAN,MARKETPLACE,CASH,7.0,COMPLETED,UNKNOWN,WH-04
2026-03-12,ORD102570,SKU0132,2,58.8,30,82.32,CUST02440,TANTA,WHOLESALE,UNKNOWN,6.0,COMPLETED,MONA,WH-02
2026-04-11,ORD104472,SKU0051,2,21.94,5,41.69,CUST01559,ASWAN,MARKETPLACE,BNPL,9.0,RETURNED,ALI,WH-02
2026-07-16,ORD103214,SKU0140,2,298.11,5,566.41,CUST02427,GIZA,MARKETPLACE,UNKNOWN,7.0,RETURNED,MONA,WH-03
2026-04-15,ORD104438,SKU0053,2,262.13,45,288.34,CUST01092,ALEXANDRIA,ONLINE,CARD,4.0,COMPLETED,YOUSSEF,WH-02
2026-06-01,ORD104651,SKU0145,1,125.81,15,106.94,CUST00046,CAIRO,STORE,CASH,9.0,COMPLETED,UNKNOWN,WH-02
2026-02-27,ORD103189,SKU0097,2,327.28,35,425.46,CUST00300,MANSOURA,WHOLESALE,CASH,1.0,COMPLETED,UNKNOWN,WH-04
2026-07-19,ORD103771,SKU0031,2,125.17,45,137.69,CUST02417,ALEXANDRIA,ONLINE,CASH,0.0,COMPLETED,MONA,WH-04
2026-01-25,ORD104630,SKU0048,1,271.85,5,258.26,CUST01448,ALEXANDRIA,MARKETPLACE,CARD,7.0,COMPLETED,YOUSSEF,WH-03
2026-04-14,ORD103112,SKU0192,4,272.49,5,1035.46,CUST00855,ASWAN,STORE,CASH,4.0,COMPLETED,YOUSSEF,WH-03
2026-04-05,ORD100485,SKU0037,1,14.22,35,9.24,CUST00258,ALEXANDRIA,WHOLESALE,CASH,2.0,COMPLETED,SARA,WH-03
2026-04-01,ORD101424,SKU0022,3,27.94,0,83.82,CUST01222,LUXOR,STORE,WALLET,0.0,RETURNED,MONA,WH-02
2026-03-19,ORD102374,SKU0096,5,55.78,5,264.96,CUST01104,ALEXANDRIA,ONLINE,BNPL,2.0,RETURNED,YOUSSEF,WH-03
2026-02-23,ORD100634,SKU0041,1,335.8,45,184.69,CUST02822,ALEXANDRIA,WHOLESALE,UNKNOWN,9.0,COMPLETED,UNKNOWN,WH-04
2026-04-25,ORD104175,SKU0037,2,14.04,5,26.68,CUST02915,CAIRO,ONLINE,WALLET,9.0,COMPLETED,UNKNOWN,WH-04
2026-07-22,ORD101562,SKU0193,4,322.15,45,708.73,CUST01971,ALEXANDRIA,MARKETPLACE,CASH,1.0,COMPLETED,YOUSSEF,WH-01
2026-01-25,ORD102083,SKU0153,2,345.26,25,517.89,CUST01917,CAIRO,ONLINE,CARD,6.0,RETURNED,UNKNOWN,WH-02
2026-07-12,ORD100581,SKU0135,5,112.18,0,560.9,CUST00825,CAIRO,STORE,CASH,5.0,COMPLETED,YOUSSEF,WH-01
2026-05-14,ORD104324,SKU0050,2,12.69,30,17.77,CUST00407,TANTA,MARKETPLACE,WALLET,10.0,RETURNED,SARA,WH-05
2026-01-02,ORD100269,SKU0021,5,55.59,0,277.95,CUST02565,ASWAN,WHOLESALE,CASH,5.0,COMPLETED,YOUSSEF,WH-01
2026-04-12,ORD104157,SKU0006,2,23.26,20,37.22,CUST00337,GIZA,WHOLESALE,CARD,6.0,COMPLETED,MONA,WH-02
2026-05-01,ORD104645,SKU0010,5,140.51,10,632.29,CUST02712,CAIRO,MARKETPLACE,BNPL,9.0,COMPLETED,ALI,WH-03
2026-06-30,ORD102053,SKU0090,4,236.09,5,897.14,CUST00159,CAIRO,MARKETPLACE,BNPL,1.0,COMPLETED,UNKNOWN,WH-05
2026-07-12,ORD101248,SKU0065,3,12.18,0,36.54,CUST02994,CAIRO,STORE,CARD,6.0,COMPLETED,UNKNOWN,WH-01
2026-02-03,ORD100534,SKU0110,2,309.0,10,556.2,CUST01916,CAIRO,MARKETPLACE,WALLET,0.0,COMPLETED,ALI,WH-05
2026-02-12,ORD102093,SKU0149,4,238.94,30,669.03,CUST00133,LUXOR,STORE,BNPL,4.0,COMPLETED,MONA,WH-01
2026-06-22,ORD104498,SKU0115,2,354.56,45,390.02,CUST02214,ALEXANDRIA,STORE,WALLET,3.0,COMPLETED,YOUSSEF,WH-03
2026-03-20,ORD103685,SKU0151,1,26.36,10,23.72,CUST00296,MANSOURA,WHOLESALE,BNPL,10.0,COMPLETED,MONA,WH-05
2026-02-17,ORD102024,SKU0045,5,319.03,20,1276.12,CUST01153,CAIRO,WHOLESALE,BNPL,9.0,COMPLETED,YOUSSEF,WH-05
2026-06-11,ORD104905,SKU0073,4,69.58,10,250.49,CUST00936,GIZA,MARKETPLACE,BNPL,10.0,COMPLETED,UNKNOWN,WH-05
2026-04-04,ORD102526,SKU0198,4,155.3,10,559.08,CUST00393,LUXOR,ONLINE,WALLET,0.0,COMPLETED,ALI,WH-04
2026-07-10,ORD103919,SKU0193,1,306.29,15,260.35,CUST02652,LUXOR,STORE,UNKNOWN,5.0,COMPLETED,MONA,WH-03
2026-06-16,ORD101976,SKU0178,3,36.16,45,59.66,CUST02935,MANSOURA,STORE,CASH,6.0,COMPLETED,ALI,WH-05
2026-01-28,ORD102557,SKU0133,4,352.87,35,917.46,CUST02699,CAIRO,STORE,CARD,4.0,COMPLETED,UNKNOWN,WH-02
2026-04-22,ORD104471,SKU0195,1,303.2,20,242.56,CUST01490,ASWAN,MARKETPLACE,BNPL,6.0,COMPLETED,ALI,WH-03
2026-03-28,ORD102579,SKU0166,1,152.46,30,106.72,CUST00604,GIZA,WHOLESALE,CARD,1.0,COMPLETED,MONA,WH-03
2026-05-25,ORD100150,SKU0063,5,86.54,25,324.53,CUST01213,GIZA,STORE,UNKNOWN,10.0,COMPLETED,OMAR,WH-04
2026-07-11,ORD103167,SKU0001,1,173.53,5,164.85,CUST02376,CAIRO,MARKETPLACE,BNPL,7.0,COMPLETED,MONA,WH-04
2026-04-07,ORD101587,SKU0113,5,86.41,10,388.84,CUST00567,TANTA,WHOLESALE,BNPL,6.0,COMPLETED,YOUSSEF,WH-02
2026-06-14,ORD101936,SKU0176,4,233.5,30,653.8,CUST02126,MANSOURA,MARKETPLACE,BNPL,8.0,COMPLETED,ALI,WH-01
2026-06-21,ORD104915,SKU0185,1,52.55,10,47.3,CUST00364,MANSOURA,STORE,CASH,2.0,COMPLETED,ALI,WH-02
2026-05-23,ORD103084,SKU0096,1,52.36,10,47.12,CUST00190,GIZA,MARKETPLACE,WALLET,5.0,COMPLETED,UNKNOWN,WH-03
2026-01-29,ORD103811,SKU0086,2,178.94,15,304.2,CUST01261,TANTA,STORE,BNPL,3.0,COMPLETED,OMAR,WH-02
2026-01-26,ORD101916,SKU0041,1,353.02,25,264.76,CUST00695,TANTA,WHOLESALE,UNKNOWN,6.0,COMPLETED,ALI,WH-01
2026-05-15,ORD104405,SKU0021,2,56.1,30,78.54,CUST01286,TANTA,STORE,UNKNOWN,2.0,COMPLETED,ALI,WH-01
2026-05-05,ORD104145,SKU0166,2,167.46,0,334.92,CUST02792,MANSOURA,STORE,BNPL,1.0,COMPLETED,MONA,WH-04
2026-03-15,ORD104449,SKU0123,2,18.02,35,23.43,CUST00911,LUXOR,WHOLESALE,CASH,10.0,COMPLETED,SARA,WH-01
2026-02-10,ORD100364,SKU0122,1,318.76,10,286.88,CUST00958,MANSOURA,WHOLESALE,BNPL,9.0,RETURNED,UNKNOWN,WH-03
2026-07-18,ORD104765,SKU0088,5,197.07,10,886.82,CUST00863,LUXOR,MARKETPLACE,BNPL,0.0,COMPLETED,MONA,WH-01
2026-02-08,ORD100979,SKU0029,6,30.44,0,182.64,CUST02974,CAIRO,MARKETPLACE,BNPL,4.0,COMPLETED,ALI,WH-04
2025-12-30,ORD104333,SKU0053,2,291.85,20,466.96,CUST01038,GIZA,ONLINE,CARD,0.0,COMPLETED,SARA,WH-01
2026-01-16,ORD100824,SKU0093,3,116.51,15,297.1,CUST00885,GIZA,STORE,BNPL,1.0,COMPLETED,UNKNOWN,WH-03
2026-04-18,ORD101559,SKU0178,2,37.99,30,53.19,CUST00300,MANSOURA,MARKETPLACE,UNKNOWN,1.0,COMPLETED,OMAR,WH-03
2026-05-25,ORD103321,SKU0124,1,217.76,25,163.32,CUST02143,LUXOR,WHOLESALE,WALLET,7.0,COMPLETED,SARA,WH-02
2026-06-13,ORD100138,SKU0121,4,448.25,45,986.15,CUST00094,TANTA,MARKETPLACE,CARD,9.0,COMPLETED,ALI,WH-05
2026-04-22,ORD104091,SKU0065,2,12.24,30,17.14,CUST02230,CAIRO,WHOLESALE,CASH,6.0,RETURNED,OMAR,WH-01
2026-07-22,ORD100857,SKU0012,3,109.27,30,229.47,CUST01454,TANTA,ONLINE,CASH,4.0,COMPLETED,MONA,WH-01
2026-07-24,ORD100599,SKU0073,4,74.85,15,254.49,CUST00218,ALEXANDRIA,MARKETPLACE,CASH,2.0,COMPLETED,YOUSSEF,WH-03
2026-04-03,ORD102781,SKU0132,2,59.71,35,77.62,CUST01934,LUXOR,ONLINE,CARD,9.0,COMPLETED,SARA,WH-01
2026-03-16,ORD101331,SKU0041,3,358.17,15,913.33,CUST01180,GIZA,ONLINE,UNKNOWN,2.0,COMPLETED,UNKNOWN,WH-03
2026-06-08,ORD103621,SKU0057,5,408.06,25,1530.22,CUST00619,GIZA,ONLINE,BNPL,7.0,RETURNED,OMAR,WH-02
2026-01-24,ORD104383,SKU0063,1,85.05,45,46.78,CUST02093,TANTA,ONLINE,CASH,1.0,COMPLETED,MONA,WH-05
2026-05-25,ORD102722,SKU0084,2,101.11,15,171.89,CUST01916,CAIRO,ONLINE,WALLET,8.0,COMPLETED,ALI,WH-05
2026-07-17,ORD104576,SKU0113,1,78.3,25,58.72,CUST00399,ASWAN,ONLINE,UNKNOWN,8.0,COMPLETED,YOUSSEF,WH-01
2026-03-11,ORD102888,SKU0055,4,59.4,5,225.72,CUST01796,MANSOURA,WHOLESALE,CASH,7.0,COMPLETED,OMAR,WH-04
2026-04-21,ORD101028,SKU0180,3,367.98,45,607.17,CUST01547,ALEXANDRIA,ONLINE,BNPL,4.0,RETURNED,ALI,WH-02
2026-03-26,ORD100251,SKU0033,1,112.85,5,107.21,CUST00712,ALEXANDRIA,STORE,CARD,1.0,COMPLETED,MONA,WH-05
2026-04-07,ORD104399,SKU0030,3,23.48,25,52.83,CUST00166,TANTA,ONLINE,BNPL,9.0,COMPLETED,MONA,WH-02
2026-07-07,ORD100267,SKU0123,50,19.31,5,917.22,CUST01190,LUXOR,WHOLESALE,BNPL,1.0,RETURNED,OMAR,WH-03
2026-05-16,ORD103671,SKU0024,2,126.0,45,138.6,CUST01856,MANSOURA,ONLINE,BNPL,3.0,COMPLETED,OMAR,WH-01
2026-06-08,ORD103742,SKU0073,1,73.7,20,58.96,CUST01022,ALEXANDRIA,ONLINE,WALLET,3.0,COMPLETED,YOUSSEF,WH-02
2026-02-16,ORD104088,SKU0077,3,60.06,35,117.12,CUST02031,GIZA,STORE,CASH,4.0,COMPLETED,YOUSSEF,WH-01
2026-06-07,ORD104596,SKU0096,1,53.34,15,45.34,CUST00321,ALEXANDRIA,ONLINE,CARD,3.0,COMPLETED,ALI,WH-03
2026-04-16,ORD102150,SKU0184,3,459.66,25,1034.24,CUST02040,CAIRO,STORE,BNPL,10.0,COMPLETED,OMAR,WH-04
2026-06-27,ORD100582,SKU0190,3,236.71,10,639.12,CUST01361,CAIRO,WHOLESALE,BNPL,5.0,COMPLETED,UNKNOWN,WH-01
2026-04-30,ORD104841,SKU0156,4,114.5,35,297.7,CUST02662,GIZA,STORE,CARD,6.0,COMPLETED,MONA,WH-04
2026-01-03,ORD103363,SKU0049,2,189.99,5,360.98,CUST02365,TANTA,WHOLESALE,CASH,3.0,COMPLETED,SARA,WH-03
2025-12-31,ORD100707,SKU0088,2,183.58,45,201.94,CUST00209,ASWAN,WHOLESALE,BNPL,7.0,COMPLETED,ALI,WH-05
2026-02-12,ORD100380,SKU0037,1,14.3,20,11.44,CUST02884,GIZA,WHOLESALE,BNPL,5.0,COMPLETED,ALI,WH-01
2026-02-13,ORD102258,SKU0030,2,23.14,45,25.45,CUST00887,ASWAN,MARKETPLACE,BNPL,7.0,COMPLETED,ALI,WH-01
2026-02-25,ORD104358,SKU0068,1,279.1,0,279.1,CUST02293,CAIRO,STORE,UNKNOWN,4.0,COMPLETED,UNKNOWN,WH-05
2026-06-06,ORD102274,SKU0033,2,118.41,35,153.93,CUST00377,ALEXANDRIA,ONLINE,WALLET,2.0,CANCELLED,UNKNOWN,WH-03
2026-04-20,ORD102930,SKU0180,2,346.03,20,553.65,CUST00580,ASWAN,WHOLESALE,CARD,2.0,COMPLETED,MONA,WH-02
2026-04-25,ORD100419,SKU0009,3,109.82,15,280.04,CUST01899,GIZA,ONLINE,BNPL,4.0,COMPLETED,MONA,WH-04
2026-07-07,ORD103414,SKU0187,4,48.12,20,153.98,CUST00727,LUXOR,ONLINE,CASH,4.0,COMPLETED,SARA,WH-02
2026-05-31,ORD104110,SKU0024,1,118.26,10,106.43,CUST02101,ALEXANDRIA,ONLINE,CARD,10.0,COMPLETED,OMAR,WH-02
2026-07-02,ORD104184,SKU0152,2,221.24,20,353.98,CUST00875,LUXOR,WHOLESALE,BNPL,4.0,COMPLETED,YOUSSEF,WH-02
2026-03-21,ORD101797,SKU0168,2,18.82,10,33.88,CUST00500,LUXOR,STORE,WALLET,0.0,COMPLETED,ALI,WH-03
2026-06-03,ORD100204,SKU0002,1,285.25,10,256.73,CUST02890,CAIRO,MARKETPLACE,UNKNOWN,7.0,COMPLETED,OMAR,WH-03
2026-03-21,ORD101242,SKU0070,1,176.95,5,168.1,CUST02919,ALEXANDRIA,STORE,BNPL,6.0,COMPLETED,UNKNOWN,WH-03
2026-06-20,ORD103965,SKU0031,2,130.42,45,143.46,CUST00385,LUXOR,MARKETPLACE,WALLET,0.0,COMPLETED,OMAR,WH-05
2026-03-04,ORD100387,SKU0061,1,385.53,0,385.53,CUST02397,ASWAN,MARKETPLACE,BNPL,3.0,COMPLETED,MONA,WH-03
2026-01-01,ORD104628,SKU0109,1,142.75,30,99.92,CUST01557,TANTA,ONLINE,WALLET,1.0,COMPLETED,YOUSSEF,WH-01
2026-03-04,ORD101883,SKU0117,4,217.37,30,608.64,CUST00868,GIZA,WHOLESALE,BNPL,7.0,COMPLETED,ALI,WH-04
2026-04-21,ORD104665,SKU0069,3,224.8,30,472.08,CUST00616,MANSOURA,STORE,UNKNOWN,3.0,COMPLETED,YOUSSEF,WH-03
2026-03-03,ORD102788,SKU0067,2,46.27,15,78.66,CUST00381,ALEXANDRIA,MARKETPLACE,BNPL,9.0,COMPLETED,ALI,WH-02
2026-04-29,ORD101317,SKU0169,2,353.02,5,670.74,CUST02887,TANTA,WHOLESALE,CARD,10.0,COMPLETED,MONA,WH-03
2026-06-20,ORD101814,SKU0125,1,442.36,15,376.01,CUST02327,TANTA,MARKETPLACE,CARD,9.0,COMPLETED,OMAR,WH-01
2026-05-31,ORD100237,SKU0005,3,243.66,30,511.69,CUST01287,ASWAN,ONLINE,BNPL,4.0,COMPLETED,UNKNOWN,WH-01
2026-05-01,ORD100720,SKU0196,1,357.92,10,322.13,CUST01174,ALEXANDRIA,MARKETPLACE,BNPL,2.0,COMPLETED,MONA,WH-04
2026-02-24,ORD104407,SKU0143,4,145.8,5,554.04,CUST01851,CAIRO,ONLINE,CARD,1.0,COMPLETED,OMAR,WH-05
2026-07-13,ORD104755,SKU0198,6,170.44,20,818.11,CUST02502,CAIRO,MARKETPLACE,UNKNOWN,7.0,COMPLETED,MONA,WH-03
2026-07-17,ORD102507,SKU0052,1,129.49,10,116.54,CUST02518,GIZA,STORE,BNPL,9.0,COMPLETED,MONA,WH-03
2026-07-24,ORD101172,SKU0036,4,215.93,5,820.53,CUST01215,TANTA,WHOLESALE,UNKNOWN,2.0,COMPLETED,SARA,WH-04
2025-12-29,ORD101691,SKU0097,3,357.57,45,589.99,CUST02785,ASWAN,ONLINE,BNPL,4.0,COMPLETED,OMAR,WH-04
2026-01-14,ORD101600,SKU0052,1,121.2,30,84.84,CUST00471,TANTA,ONLINE,BNPL,4.0,COMPLETED,ALI,WH-02
2026-05-13,ORD103732,SKU0190,1,236.14,0,236.14,CUST01623,LUXOR,STORE,CASH,10.0,COMPLETED,ALI,WH-03
2026-02-18,ORD103059,SKU0067,1,49.52,5,47.04,CUST01857,GIZA,ONLINE,BNPL,9.0,COMPLETED,ALI,WH-02
2026-02-19,ORD102431,SKU0137,3,376.17,35,733.53,CUST01646,ASWAN,ONLINE,UNKNOWN,1.0,COMPLETED,SARA,WH-04
2026-03-08,ORD104188,SKU0155,3,250.09,20,600.22,CUST01451,LUXOR,WHOLESALE,UNKNOWN,10.0,CANCELLED,MONA,WH-03
2026-02-04,ORD102536,SKU0189,2,196.62,5,373.58,CUST02960,MANSOURA,ONLINE,WALLET,7.0,COMPLETED,ALI,WH-03
2026-01-25,ORD104521,SKU0111,6,234.07,35,912.87,CUST02961,TANTA,WHOLESALE,CASH,0.0,COMPLETED,MONA,WH-03
2026-05-08,ORD104732,SKU0006,1,20.87,5,19.83,CUST01840,TANTA,ONLINE,BNPL,8.0,COMPLETED,MONA,WH-04
2026-06-07,ORD104301,SKU0200,1,330.9,20,264.72,CUST00200,LUXOR,WHOLESALE,BNPL,4.0,CANCELLED,MONA,WH-01
2026-05-13,ORD102531,SKU0191,2,57.38,45,63.12,CUST00809,CAIRO,WHOLESALE,CASH,4.0,COMPLETED,ALI,WH-03
2026-03-16,ORD103916,SKU0137,4,374.73,20,1199.14,CUST00560,LUXOR,STORE,UNKNOWN,10.0,COMPLETED,MONA,WH-05
2026-05-25,ORD101170,SKU0021,2,52.43,35,68.16,CUST01725,GIZA,STORE,WALLET,2.0,COMPLETED,UNKNOWN,WH-05
2026-03-02,ORD102139,SKU0150,2,161.02,45,177.12,CUST00318,TANTA,ONLINE,UNKNOWN,6.0,COMPLETED,MONA,WH-02
2026-05-08,ORD103208,SKU0127,3,257.0,25,578.25,CUST02562,ASWAN,ONLINE,WALLET,5.0,COMPLETED,OMAR,WH-05
2026-02-22,ORD100585,SKU0132,3,55.92,0,167.76,CUST00177,ALEXANDRIA,MARKETPLACE,WALLET,6.0,RETURNED,UNKNOWN,WH-01
2026-03-19,ORD104870,SKU0059,3,240.9,10,650.43,CUST02836,ASWAN,ONLINE,UNKNOWN,6.0,COMPLETED,UNKNOWN,WH-02
2026-01-18,ORD104743,SKU0020,2,249.01,10,448.22,CUST02694,ASWAN,STORE,CASH,7.0,COMPLETED,SARA,WH-02
2026-04-02,ORD101225,SKU0104,3,48.49,0,145.47,CUST02081,LUXOR,STORE,CARD,2.0,COMPLETED,YOUSSEF,WH-05
2026-03-24,ORD101193,SKU0198,3,165.4,15,421.77,CUST00235,TANTA,STORE,UNKNOWN,2.0,COMPLETED,YOUSSEF,WH-03
2026-03-13,ORD104161,SKU0054,2,177.33,15,301.46,CUST00997,LUXOR,ONLINE,WALLET,7.0,COMPLETED,MONA,WH-04
2026-06-23,ORD102246,SKU0168,2,18.47,0,36.94,CUST02104,ASWAN,MARKETPLACE,WALLET,7.0,COMPLETED,YOUSSEF,WH-02
2025-12-29,ORD104105,SKU0199,3,281.5,5,802.28,CUST02497,ALEXANDRIA,STORE,UNKNOWN,6.0,COMPLETED,YOUSSEF,WH-05
2026-01-13,ORD101285,SKU0200,6,304.0,10,1641.6,CUST00809,ALEXANDRIA,MARKETPLACE,BNPL,8.0,COMPLETED,MONA,WH-05
2026-06-01,ORD101309,SKU0014,2,74.93,15,127.38,CUST01321,CAIRO,STORE,WALLET,9.0,COMPLETED,SARA,WH-02
2026-03-19,ORD104213,SKU0155,1,229.19,10,206.27,CUST02445,CAIRO,STORE,CARD,2.0,COMPLETED,ALI,WH-02
2026-01-21,ORD103524,SKU0048,1,256.5,35,166.72,CUST00817,ALEXANDRIA,WHOLESALE,WALLET,2.0,COMPLETED,ALI,WH-01
2026-05-09,ORD104960,SKU0039,3,211.43,15,539.15,CUST00864,TANTA,WHOLESALE,UNKNOWN,8.0,COMPLETED,SARA,WH-04
2026-03-26,ORD100080,SKU0052,1,115.28,15,97.99,CUST00390,CAIRO,MARKETPLACE,BNPL,9.0,COMPLETED,UNKNOWN,WH-01
2026-02-18,ORD102608,SKU0188,4,28.19,45,62.02,CUST00685,ASWAN,WHOLESALE,CARD,8.0,COMPLETED,SARA,WH-05
2026-01-10,ORD104274,SKU0076,1,254.83,30,178.38,CUST01371,CAIRO,MARKETPLACE,UNKNOWN,0.0,COMPLETED,OMAR,WH-01
2026-05-21,ORD103519,SKU0086,1,174.58,30,122.21,CUST00758,ALEXANDRIA,WHOLESALE,WALLET,9.0,COMPLETED,UNKNOWN,WH-04
2026-01-01,ORD101520,SKU0101,2,180.36,25,270.54,CUST00988,ALEXANDRIA,STORE,UNKNOWN,2.0,COMPLETED,OMAR,WH-03
2026-07-02,ORD102361,SKU0077,2,59.03,35,76.74,CUST00952,MANSOURA,STORE,BNPL,2.0,COMPLETED,YOUSSEF,WH-01
2026-04-29,ORD103909,SKU0178,1,36.83,10,33.15,CUST01072,LUXOR,ONLINE,BNPL,0.0,COMPLETED,OMAR,WH-05
2026-04-20,ORD102769,SKU0061,1,364.99,25,273.74,CUST02028,TANTA,STORE,CARD,4.0,RETURNED,YOUSSEF,WH-04
2026-06-13,ORD101670,SKU0017,1,38.94,0,38.94,CUST02450,ALEXANDRIA,ONLINE,WALLET,7.0,COMPLETED,OMAR,WH-01
2026-05-04,ORD100923,SKU0172,5,72.11,15,306.47,CUST01992,CAIRO,MARKETPLACE,CARD,3.0,COMPLETED,SARA,WH-03
2026-04-03,ORD104899,SKU0125,3,401.75,30,843.68,CUST01294,ALEXANDRIA,WHOLESALE,WALLET,6.0,CANCELLED,SARA,WH-04
2026-07-04,ORD101113,SKU0178,1,38.92,5,36.97,CUST01514,MANSOURA,WHOLESALE,BNPL,0.0,CANCELLED,SARA,WH-03
2026-05-09,ORD102833,SKU0036,1,239.58,15,203.64,CUST00986,MANSOURA,ONLINE,UNKNOWN,10.0,COMPLETED,MONA,WH-05
2026-01-05,ORD102854,SKU0119,4,74.48,20,238.34,CUST00854,MANSOURA,ONLINE,CARD,7.0,RETURNED,ALI,WH-01
2026-04-16,ORD103469,SKU0074,1,232.53,45,127.89,CUST01920,ALEXANDRIA,MARKETPLACE,WALLET,8.0,COMPLETED,ALI,WH-03
2026-01-04,ORD102754,SKU0193,1,311.53,35,202.49,CUST01897,TANTA,STORE,UNKNOWN,6.0,COMPLETED,UNKNOWN,WH-01
2026-07-10,ORD100246,SKU0136,3,328.83,0,986.49,CUST01056,TANTA,STORE,CASH,3.0,COMPLETED,SARA,WH-02
2026-06-21,ORD103472,SKU0139,1,337.49,10,303.74,CUST02864,GIZA,STORE,CASH,7.0,COMPLETED,OMAR,WH-04
2026-07-06,ORD104310,SKU0172,2,63.72,30,89.21,CUST02077,LUXOR,STORE,WALLET,9.0,COMPLETED,ALI,WH-03
2026-05-31,ORD102598,SKU0064,1,386.87,10,348.18,CUST00818,ASWAN,WHOLESALE,CASH,5.0,COMPLETED,OMAR,WH-01
2026-02-09,ORD100374,SKU0114,1,328.22,0,328.22,CUST01517,LUXOR,STORE,UNKNOWN,1.0,COMPLETED,SARA,WH-05
2026-01-15,ORD101641,SKU0012,6,107.56,20,516.29,CUST01000,LUXOR,ONLINE,UNKNOWN,7.0,COMPLETED,ALI,WH-03
2026-03-19,ORD102876,SKU0142,50,95.16,20,3806.4,CUST00178,GIZA,WHOLESALE,UNKNOWN,1.0,COMPLETED,OMAR,WH-04
2026-04-06,ORD104480,SKU0021,1,52.04,0,52.04,CUST01218,TANTA,MARKETPLACE,BNPL,0.0,COMPLETED,UNKNOWN,WH-02
2026-05-27,ORD104454,SKU0124,6,196.64,0,1179.84,CUST02936,TANTA,MARKETPLACE,WALLET,4.0,COMPLETED,OMAR,WH-05
2026-07-06,ORD101011,SKU0088,2,196.35,0,392.7,CUST01761,TANTA,STORE,CARD,0.0,COMPLETED,OMAR,WH-01
2026-04-18,ORD100390,SKU0056,1,92.89,15,78.96,CUST01295,ASWAN,MARKETPLACE,BNPL,6.0,COMPLETED,MONA,WH-04
2026-05-25,ORD104685,SKU0132,3,62.53,20,150.07,CUST00021,ALEXANDRIA,WHOLESALE,CARD,3.0,COMPLETED,SARA,WH-05
2026-01-12,ORD101347,SKU0030,1,21.92,20,17.54,CUST01977,MANSOURA,MARKETPLACE,WALLET,1.0,COMPLETED,OMAR,WH-05
2026-07-07,ORD101175,SKU0074,1,222.13,10,199.92,CUST00903,TANTA,WHOLESALE,BNPL,0.0,COMPLETED,YOUSSEF,WH-05
2026-07-22,ORD101131,SKU0146,5,14.93,5,70.92,CUST00208,GIZA,STORE,UNKNOWN,8.0,RETURNED,SARA,WH-03
2026-07-02,ORD104820,SKU0087,1,146.3,15,124.36,CUST01648,GIZA,WHOLESALE,WALLET,10.0,COMPLETED,YOUSSEF,WH-02
2026-03-02,ORD104695,SKU0046,2,61.07,30,85.5,CUST02848,CAIRO,ONLINE,BNPL,8.0,CANCELLED,YOUSSEF,WH-04
2026-06-07,ORD100265,SKU0004,3,37.33,15,95.19,CUST02033,ALEXANDRIA,ONLINE,CASH,4.0,RETURNED,OMAR,WH-02
2026-01-22,ORD100373,SKU0124,3,222.51,5,634.15,CUST01419,LUXOR,ONLINE,WALLET,10.0,COMPLETED,ALI,WH-05
2026-06-11,ORD103295,SKU0132,3,60.18,15,153.46,CUST02616,LUXOR,MARKETPLACE,WALLET,10.0,CANCELLED,SARA,WH-01
2026-05-04,ORD104032,SKU0070,3,166.23,5,473.76,CUST01811,MANSOURA,WHOLESALE,CARD,9.0,COMPLETED,MONA,WH-02
2026-04-07,ORD101957,SKU0102,1,79.01,20,63.21,CUST01794,ASWAN,WHOLESALE,BNPL,7.0,COMPLETED,MONA,WH-04
2026-03-24,ORD104998,SKU0167,3,11.49,45,18.96,CUST00289,CAIRO,STORE,CARD,9.0,COMPLETED,UNKNOWN,WH-01
2026-03-09,ORD104913,SKU0088,1,172.9,45,95.1,CUST00834,CAIRO,STORE,UNKNOWN,7.0,COMPLETED,YOUSSEF,WH-05
2026-07-06,ORD104544,SKU0157,2,22.73,35,29.55,CUST00642,ASWAN,WHOLESALE,CARD,5.0,RETURNED,ALI,WH-03
2026-02-01,ORD101952,SKU0190,1,270.98,10,243.88,CUST02094,GIZA,ONLINE,WALLET,6.0,COMPLETED,ALI,WH-04
2026-04-04,ORD100183,SKU0168,4,18.14,10,65.3,CUST01388,TANTA,MARKETPLACE,BNPL,2.0,COMPLETED,YOUSSEF,WH-02
2026-06-21,ORD104607,SKU0126,3,101.01,10,272.73,CUST00293,TANTA,STORE,WALLET,4.0,COMPLETED,ALI,WH-03
2026-01-01,ORD100066,SKU0098,3,110.09,45,181.65,CUST02344,LUXOR,WHOLESALE,CARD,8.0,CANCELLED,MONA,WH-04
2025-12-29,ORD102387,SKU0153,1,370.7,30,259.49,CUST00249,CAIRO,STORE,CASH,0.0,RETURNED,YOUSSEF,WH-03
2026-03-09,ORD102927,SKU0059,6,239.34,15,1220.63,CUST02419,ALEXANDRIA,STORE,CASH,10.0,COMPLETED,MONA,WH-01
2026-01-14,ORD104745,SKU0167,4,10.42,15,35.43,CUST02495,LUXOR,ONLINE,CARD,10.0,COMPLETED,ALI,WH-02
2026-01-07,ORD104958,SKU0038,2,292.74,5,556.21,CUST01374,TANTA,STORE,UNKNOWN,1.0,COMPLETED,UNKNOWN,WH-01
2026-02-16,ORD101013,SKU0046,2,55.9,5,106.21,CUST00076,MANSOURA,MARKETPLACE,WALLET,4.0,COMPLETED,MONA,WH-02
2026-06-16,ORD103683,SKU0141,4,300.0,15,1020.0,CUST02620,GIZA,STORE,WALLET,2.0,COMPLETED,OMAR,WH-04
2026-05-17,ORD102473,SKU0159,2,118.08,35,153.5,CUST02391,TANTA,ONLINE,CARD,0.0,COMPLETED,SARA,WH-04
2026-04-12,ORD103200,SKU0020,1,226.27,45,124.45,CUST00222,GIZA,ONLINE,CARD,6.0,COMPLETED,ALI,WH-05
2026-05-12,ORD100455,SKU0013,1,186.58,35,121.28,CUST02815,ASWAN,WHOLESALE,BNPL,6.0,COMPLETED,OMAR,WH-05
2026-04-28,ORD101277,SKU0105,2,8.25,25,12.38,CUST02592,TANTA,MARKETPLACE,CARD,5.0,COMPLETED,ALI,WH-01
2026-03-28,ORD100362,SKU0187,2,45.12,15,76.7,CUST02855,ALEXANDRIA,MARKETPLACE,CARD,10.0,COMPLETED,YOUSSEF,WH-05
2026-05-17,ORD100145,SKU0107,3,198.29,10,535.38,CUST00183,TANTA,STORE,BNPL,4.0,RETURNED,UNKNOWN,WH-01
2026-04-20,ORD100316,SKU0119,2,79.57,5,151.18,CUST02403,MANSOURA,ONLINE,UNKNOWN,8.0,RETURNED,YOUSSEF,WH-05
2026-01-24,ORD104293,SKU0052,3,116.65,10,314.96,CUST00287,MANSOURA,MARKETPLACE,CARD,4.0,COMPLETED,MONA,WH-02
2026-02-08,ORD101388,SKU0168,1,16.87,0,16.87,CUST02185,LUXOR,STORE,UNKNOWN,2.0,COMPLETED,YOUSSEF,WH-01
2026-07-18,ORD101900,SKU0091,2,100.29,5,190.55,CUST00502,ALEXANDRIA,ONLINE,WALLET,6.0,RETURNED,YOUSSEF,WH-04
2026-04-24,ORD102108,SKU0158,2,348.64,10,627.55,CUST01205,ALEXANDRIA,ONLINE,CARD,3.0,COMPLETED,SARA,WH-03
2026-01-12,ORD102026,SKU0144,3,173.74,0,521.22,CUST01406,LUXOR,ONLINE,BNPL,9.0,COMPLETED,MONA,WH-03
2026-02-03,ORD100610,SKU0127,3,273.91,5,780.64,CUST01813,ASWAN,ONLINE,BNPL,1.0,COMPLETED,OMAR,WH-04
2026-03-22,ORD101067,SKU0058,2,294.87,20,471.79,CUST01062,MANSOURA,STORE,CARD,2.0,COMPLETED,SARA,WH-05
2026-02-28,ORD103525,SKU0140,3,313.04,20,751.3,CUST00733,LUXOR,MARKETPLACE,CASH,7.0,COMPLETED,SARA,WH-04
2026-03-03,ORD101435,SKU0020,3,223.35,20,536.04,CUST02482,TANTA,STORE,WALLET,0.0,COMPLETED,OMAR,WH-01
2026-04-21,ORD104797,SKU0168,1,17.21,30,12.05,CUST01476,CAIRO,MARKETPLACE,BNPL,7.0,COMPLETED,SARA,WH-03
2026-07-09,ORD100117,SKU0070,4,182.13,5,692.09,CUST02965,ASWAN,MARKETPLACE,WALLET,0.0,COMPLETED,ALI,WH-03
2026-01-25,ORD101866,SKU0162,3,207.56,20,498.14,CUST00089,ALEXANDRIA,ONLINE,WALLET,9.0,COMPLETED,UNKNOWN,WH-04
2026-03-16,ORD103720,SKU0130,1,153.72,0,153.72,CUST00621,ALEXANDRIA,ONLINE,CASH,1.0,COMPLETED,OMAR,WH-04
2026-07-03,ORD100985,SKU0159,3,111.48,45,183.94,CUST02785,GIZA,MARKETPLACE,BNPL,10.0,COMPLETED,YOUSSEF,WH-04
2026-06-08,ORD102515,SKU0156,3,122.82,0,368.46,CUST02800,MANSOURA,STORE,UNKNOWN,7.0,COMPLETED,YOUSSEF,WH-04
2026-03-24,ORD103209,SKU0133,3,343.97,30,722.34,CUST01682,ASWAN,WHOLESALE,CARD,10.0,COMPLETED,OMAR,WH-05
2026-07-18,ORD101476,SKU0164,1,214.32,20,171.46,CUST02142,ALEXANDRIA,WHOLESALE,CASH,3.0,COMPLETED,SARA,WH-05
2026-05-12,ORD104626,SKU0169,1,329.35,30,230.54,CUST01761,GIZA,WHOLESALE,BNPL,1.0,COMPLETED,UNKNOWN,WH-02
2026-01-01,ORD100346,SKU0036,2,239.37,30,335.12,CUST00927,LUXOR,WHOLESALE,CASH,0.0,COMPLETED,OMAR,WH-03
2026-07-20,ORD100131,SKU0076,2,259.9,45,285.89,CUST01138,ASWAN,WHOLESALE,UNKNOWN,5.0,CANCELLED,OMAR,WH-05
2026-03-09,ORD100881,SKU0153,5,363.08,35,1180.01,CUST02181,ALEXANDRIA,ONLINE,WALLET,7.0,RETURNED,YOUSSEF,WH-01
2026-01-13,ORD102578,SKU0181,2,164.59,15,279.8,CUST00375,TANTA,STORE,CASH,1.0,COMPLETED,YOUSSEF,WH-05
2026-07-01,ORD101310,SKU0161,6,249.19,30,1046.6,CUST02274,GIZA,MARKETPLACE,CARD,8.0,COMPLETED,MONA,WH-01
2026-07-11,ORD100773,SKU0003,5,45.7,30,159.95,CUST02447,GIZA,ONLINE,CASH,6.0,COMPLETED,YOUSSEF,WH-03
2026-05-29,ORD104155,SKU0110,3,301.14,20,722.74,CUST02006,TANTA,MARKETPLACE,WALLET,9.0,RETURNED,MONA,WH-05
2026-07-05,ORD102786,SKU0198,1,159.77,10,143.79,CUST02386,GIZA,WHOLESALE,CARD,1.0,COMPLETED,UNKNOWN,WH-03
2026-02-12,ORD100206,SKU0163,4,405.17,10,1458.61,CUST00398,ALEXANDRIA,STORE,CASH,4.0,COMPLETED,UNKNOWN,WH-04
2026-06-06,ORD103741,SKU0028,1,289.56,25,217.17,CUST00379,MANSOURA,MARKETPLACE,CASH,3.0,COMPLETED,UNKNOWN,WH-01
2026-01-03,ORD103234,SKU0146,5,13.73,20,54.92,CUST00932,CAIRO,MARKETPLACE,CARD,1.0,COMPLETED,MONA,WH-03
2026-02-24,ORD100555,SKU0200,2,341.65,45,375.82,CUST01086,ALEXANDRIA,ONLINE,CASH,0.0,RETURNED,UNKNOWN,WH-04
2026-07-07,ORD102765,SKU0114,3,337.33,35,657.79,CUST01763,TANTA,MARKETPLACE,BNPL,9.0,COMPLETED,ALI,WH-02
2026-03-09,ORD104846,SKU0176,2,240.82,25,361.23,CUST02276,CAIRO,STORE,UNKNOWN,3.0,COMPLETED,YOUSSEF,WH-03
2025-12-26,ORD100619,SKU0169,1,349.47,15,297.05,CUST01710,GIZA,ONLINE,CASH,5.0,COMPLETED,MONA,WH-01
2026-05-20,ORD104366,SKU0067,5,46.16,0,230.8,CUST00724,LUXOR,STORE,BNPL,9.0,COMPLETED,SARA,WH-05
2026-05-09,ORD104586,SKU0068,2,279.15,20,446.64,CUST01316,LUXOR,MARKETPLACE,CARD,2.0,COMPLETED,SARA,WH-03
2026-05-31,ORD103661,SKU0094,3,325.85,15,830.92,CUST00930,ASWAN,STORE,WALLET,7.0,RETURNED,YOUSSEF,WH-04
2026-01-16,ORD104052,SKU0059,1,238.71,30,167.1,CUST00484,LUXOR,WHOLESALE,CARD,3.0,COMPLETED,YOUSSEF,WH-04
2026-01-15,ORD104975,SKU0145,2,122.77,45,135.05,CUST00435,LUXOR,MARKETPLACE,WALLET,2.0,COMPLETED,OMAR,WH-02
2026-06-17,ORD102574,SKU0190,3,264.52,10,714.2,CUST00541,ASWAN,WHOLESALE,WALLET,6.0,COMPLETED,ALI,WH-04
2026-04-22,ORD103501,SKU0181,1,170.12,10,153.11,CUST01918,GIZA,WHOLESALE,CASH,6.0,COMPLETED,SARA,WH-05
2026-03-06,ORD101171,SKU0120,3,185.1,15,472.0,CUST00427,LUXOR,STORE,CARD,9.0,COMPLETED,UNKNOWN,WH-01
2026-02-19,ORD103615,SKU0022,1,26.27,20,21.02,CUST00302,ASWAN,MARKETPLACE,CARD,5.0,COMPLETED,UNKNOWN,WH-02
2026-03-04,ORD103527,SKU0143,2,139.86,35,181.82,CUST00776,ASWAN,ONLINE,CASH,9.0,COMPLETED,OMAR,WH-05
2026-03-27,ORD102674,SKU0070,2,165.8,45,182.38,CUST02302,GIZA,MARKETPLACE,WALLET,2.0,COMPLETED,YOUSSEF,WH-05
2026-01-12,ORD104278,SKU0199,2,315.9,0,631.8,CUST02262,LUXOR,STORE,BNPL,9.0,COMPLETED,YOUSSEF,WH-02
2026-01-04,ORD102461,SKU0101,1,176.37,0,176.37,CUST02060,CAIRO,MARKETPLACE,WALLET,3.0,COMPLETED,YOUSSEF,WH-03
2026-07-06,ORD102890,SKU0092,1,397.67,35,258.49,CUST01468,GIZA,WHOLESALE,UNKNOWN,9.0,COMPLETED,SARA,WH-03
2026-07-08,ORD100808,SKU0056,4,89.46,5,339.95,CUST02846,CAIRO,STORE,BNPL,0.0,COMPLETED,OMAR,WH-01
2026-03-04,ORD103956,SKU0104,1,50.56,15,42.98,CUST01755,ASWAN,MARKETPLACE,BNPL,0.0,COMPLETED,SARA,WH-02
2026-03-12,ORD101384,SKU0083,1,50.77,35,33.0,CUST02557,LUXOR,STORE,UNKNOWN,7.0,COMPLETED,UNKNOWN,WH-02
2026-02-18,ORD104887,SKU0133,1,352.13,15,299.31,CUST02598,ALEXANDRIA,WHOLESALE,CARD,10.0,COMPLETED,UNKNOWN,WH-04
2026-02-10,ORD104453,SKU0151,5,26.95,35,87.59,CUST00441,ASWAN,ONLINE,BNPL,5.0,COMPLETED,OMAR,WH-04
2026-02-01,ORD103955,SKU0147,4,262.19,45,576.82,CUST02907,GIZA,ONLINE,BNPL,4.0,COMPLETED,UNKNOWN,WH-01
2026-07-01,ORD100021,SKU0176,3,213.25,0,639.75,CUST00219,GIZA,WHOLESALE,CASH,0.0,COMPLETED,SARA,WH-03
2026-01-09,ORD102366,SKU0107,2,204.75,35,266.18,CUST01144,MANSOURA,ONLINE,UNKNOWN,9.0,COMPLETED,ALI,WH-01
2026-01-17,ORD102240,SKU0001,1,195.76,45,107.67,CUST00785,MANSOURA,STORE,UNKNOWN,7.0,COMPLETED,MONA,WH-05
2026-01-23,ORD103338,SKU0072,5,157.69,5,749.03,CUST01169,LUXOR,STORE,CARD,8.0,COMPLETED,UNKNOWN,WH-02
2026-06-13,ORD102391,SKU0016,1,164.31,30,115.02,CUST02943,ASWAN,MARKETPLACE,CASH,6.0,COMPLETED,YOUSSEF,WH-04
2026-04-23,ORD104555,SKU0116,1,292.0,25,219.0,CUST01273,ASWAN,ONLINE,CARD,3.0,COMPLETED,ALI,WH-03
2026-03-29,ORD104708,SKU0074,1,227.31,15,193.21,CUST00630,TANTA,MARKETPLACE,WALLET,7.0,CANCELLED,UNKNOWN,WH-03
2026-06-17,ORD102493,SKU0098,4,122.12,25,366.36,CUST00885,TANTA,STORE,CARD,8.0,COMPLETED,ALI,WH-01
2026-02-25,ORD100148,SKU0198,3,176.77,10,477.28,CUST02241,CAIRO,STORE,BNPL,6.0,COMPLETED,MONA,WH-05
2026-07-22,ORD102649,SKU0188,4,28.41,30,79.55,CUST01340,ASWAN,STORE,CASH,8.0,COMPLETED,ALI,WH-04
2026-06-04,ORD101380,SKU0058,50,273.99,15,11644.58,CUST02300,CAIRO,STORE,CASH,1.0,COMPLETED,YOUSSEF,WH-02
2026-01-03,ORD100728,SKU0195,1,349.05,5,331.6,CUST00367,TANTA,WHOLESALE,CARD,3.0,COMPLETED,OMAR,WH-02
2026-03-04,ORD104687,SKU0137,1,416.92,35,271.0,CUST00167,ASWAN,STORE,UNKNOWN,6.0,COMPLETED,YOUSSEF,WH-01
2026-07-13,ORD100490,SKU0076,3,267.86,30,562.51,CUST01471,GIZA,WHOLESALE,BNPL,0.0,COMPLETED,ALI,WH-03
2026-05-15,ORD102635,SKU0086,2,154.44,25,231.66,CUST00232,ALEXANDRIA,STORE,WALLET,6.0,COMPLETED,YOUSSEF,WH-03
2026-02-20,ORD104678,SKU0198,1,174.9,20,139.92,CUST00413,GIZA,WHOLESALE,WALLET,6.0,COMPLETED,OMAR,WH-02
2026-05-10,ORD103453,SKU0052,1,121.58,35,79.03,CUST01148,TANTA,MARKETPLACE,CARD,10.0,COMPLETED,OMAR,WH-03
2026-07-21,ORD104424,SKU0084,2,102.88,5,195.47,CUST01987,MANSOURA,STORE,UNKNOWN,5.0,RETURNED,MONA,WH-04
2026-02-20,ORD101169,SKU0051,3,23.07,45,38.07,CUST00254,CAIRO,MARKETPLACE,CARD,6.0,COMPLETED,OMAR,WH-05
2026-02-04,ORD103044,SKU0190,3,238.13,25,535.79,CUST00889,ALEXANDRIA,MARKETPLACE,WALLET,1.0,COMPLETED,OMAR,WH-02
2026-01-04,ORD103165,SKU0150,3,160.47,35,312.92,CUST00660,GIZA,MARKETPLACE,WALLET,8.0,RETURNED,YOUSSEF,WH-03
2026-01-25,ORD100395,SKU0089,4,241.43,35,627.72,CUST02610,ASWAN,STORE,CASH,3.0,COMPLETED,SARA,WH-02
2026-01-09,ORD103255,SKU0050,6,12.59,5,71.76,CUST01097,ASWAN,WHOLESALE,WALLET,10.0,COMPLETED,YOUSSEF,WH-02
2026-06-21,ORD102882,SKU0155,3,251.12,25,565.02,CUST00357,TANTA,STORE,BNPL,2.0,RETURNED,MONA,WH-03
2026-07-13,ORD102594,SKU0145,4,121.2,45,266.64,CUST01454,TANTA,STORE,WALLET,5.0,COMPLETED,YOUSSEF,WH-02
2026-07-20,ORD102897,SKU0086,3,174.1,10,470.07,CUST00886,TANTA,MARKETPLACE,WALLET,6.0,COMPLETED,YOUSSEF,WH-04
2026-06-03,ORD100302,SKU0067,3,48.57,5,138.42,CUST00908,GIZA,MARKETPLACE,CARD,1.0,COMPLETED,ALI,WH-03
2026-01-12,ORD102621,SKU0083,5,47.85,45,131.59,CUST02217,GIZA,ONLINE,UNKNOWN,8.0,COMPLETED,UNKNOWN,WH-03
2026-02-07,ORD100552,SKU0017,3,39.56,30,83.08,CUST01259,ALEXANDRIA,WHOLESALE,WALLET,5.0,CANCELLED,UNKNOWN,WH-02
2026-04-17,ORD102625,SKU0136,5,344.43,10,1549.94,CUST01526,GIZA,STORE,CARD,0.0,COMPLETED,SARA,WH-03
2026-07-03,ORD102587,SKU0046,2,59.02,35,76.73,CUST02470,CAIRO,ONLINE,WALLET,0.0,COMPLETED,UNKNOWN,WH-05
2026-06-15,ORD104340,SKU0095,2,172.83,30,241.96,CUST00094,ASWAN,STORE,WALLET,5.0,COMPLETED,MONA,WH-01
2026-06-29,ORD103552,SKU0180,2,346.48,20,554.37,CUST02162,CAIRO,ONLINE,WALLET,8.0,COMPLETED,SARA,WH-02
2026-01-29,ORD100305,SKU0175,3,162.68,25,366.03,CUST00364,LUXOR,MARKETPLACE,WALLET,10.0,COMPLETED,UNKNOWN,WH-01
2026-01-03,ORD102322,SKU0020,1,240.87,20,192.7,CUST01975,ASWAN,WHOLESALE,BNPL,1.0,COMPLETED,SARA,WH-02
2026-04-17,ORD103411,SKU0026,2,401.58,10,722.84,CUST02642,GIZA,STORE,WALLET,5.0,COMPLETED,YOUSSEF,WH-01
2026-03-02,ORD102424,SKU0059,1,224.68,15,190.98,CUST01523,ASWAN,WHOLESALE,UNKNOWN,10.0,COMPLETED,MONA,WH-03
2026-04-06,ORD102031,SKU0170,2,130.69,5,248.31,CUST00421,ALEXANDRIA,WHOLESALE,CARD,3.0,COMPLETED,YOUSSEF,WH-01
2026-01-26,ORD102744,SKU0121,1,454.43,5,431.71,CUST00467,TANTA,MARKETPLACE,BNPL,2.0,COMPLETED,MONA,WH-02
2026-04-25,ORD102148,SKU0064,4,372.01,45,818.42,CUST00190,ALEXANDRIA,MARKETPLACE,WALLET,8.0,COMPLETED,OMAR,WH-05
2026-01-11,ORD102339,SKU0149,4,238.18,20,762.18,CUST01221,CAIRO,WHOLESALE,WALLET,4.0,COMPLETED,YOUSSEF,WH-01
2026-04-06,ORD101572,SKU0136,6,329.46,5,1877.92,CUST00188,ASWAN,MARKETPLACE,BNPL,8.0,COMPLETED,UNKNOWN,WH-04
2025-12-26,ORD104411,SKU0043,2,107.72,5,204.67,CUST00118,ALEXANDRIA,STORE,BNPL,10.0,COMPLETED,MONA,WH-02
2026-03-31,ORD101579,SKU0168,2,16.69,20,26.7,CUST00398,TANTA,WHOLESALE,UNKNOWN,6.0,COMPLETED,SARA,WH-02
2026-02-02,ORD104104,SKU0041,3,332.3,45,548.3,CUST02501,ALEXANDRIA,ONLINE,CARD,10.0,COMPLETED,ALI,WH-02
2026-05-12,ORD103569,SKU0109,2,154.21,10,277.58,CUST02465,CAIRO,STORE,CASH,8.0,COMPLETED,MONA,WH-03
2026-04-22,ORD104999,SKU0169,4,362.73,35,943.1,CUST02376,LUXOR,MARKETPLACE,CASH,6.0,COMPLETED,UNKNOWN,WH-05
2026-07-09,ORD102864,SKU0175,5,143.3,10,644.85,CUST02742,GIZA,ONLINE,BNPL,9.0,COMPLETED,OMAR,WH-04
2025-12-26,ORD104450,SKU0193,2,320.19,15,544.32,CUST02835,LUXOR,STORE,WALLET,8.0,COMPLETED,YOUSSEF,WH-03
2026-01-19,ORD102962,SKU0042,4,86.46,45,190.21,CUST02717,GIZA,WHOLESALE,UNKNOWN,6.0,COMPLETED,ALI,WH-05
2026-02-16,ORD103050,SKU0009,1,114.99,25,86.24,CUST02037,LUXOR,ONLINE,UNKNOWN,3.0,COMPLETED,YOUSSEF,WH-03
2026-04-10,ORD104012,SKU0159,1,112.82,0,112.82,CUST00192,ASWAN,MARKETPLACE,CASH,7.0,COMPLETED,OMAR,WH-04
2026-03-20,ORD104545,SKU0198,2,174.22,15,296.17,CUST02496,GIZA,ONLINE,WALLET,3.0,COMPLETED,OMAR,WH-02
2026-04-17,ORD103891,SKU0004,3,37.45,35,73.03,CUST00627,LUXOR,MARKETPLACE,BNPL,9.0,CANCELLED,SARA,WH-03
2026-04-04,ORD100835,SKU0198,6,167.38,10,903.85,CUST02096,ASWAN,MARKETPLACE,UNKNOWN,8.0,COMPLETED,UNKNOWN,WH-05
2026-07-21,ORD104893,SKU0060,1,326.92,20,261.54,CUST00909,ASWAN,WHOLESALE,CARD,6.0,COMPLETED,YOUSSEF,WH-05
2026-01-23,ORD100537,SKU0060,5,335.82,15,1427.24,CUST00951,CAIRO,ONLINE,BNPL,9.0,COMPLETED,UNKNOWN,WH-04
2026-07-14,ORD100780,SKU0091,3,96.74,15,246.69,CUST01083,ASWAN,WHOLESALE,UNKNOWN,5.0,COMPLETED,YOUSSEF,WH-04
2026-03-24,ORD102475,SKU0134,1,274.96,20,219.97,CUST01305,CAIRO,ONLINE,CASH,2.0,COMPLETED,OMAR,WH-02
2026-03-20,ORD100037,SKU0025,5,150.95,20,603.8,CUST01073,MANSOURA,STORE,UNKNOWN,4.0,COMPLETED,SARA,WH-01
2026-05-05,ORD102171,SKU0086,2,160.88,35,209.14,CUST00623,GIZA,STORE,CASH,7.0,COMPLETED,YOUSSEF,WH-01
2026-07-23,ORD102917,SKU0197,1,177.65,30,124.35,CUST02411,MANSOURA,MARKETPLACE,CASH,6.0,COMPLETED,UNKNOWN,WH-01
2026-02-21,ORD103563,SKU0158,1,366.47,0,366.47,CUST00619,GIZA,WHOLESALE,CARD,9.0,COMPLETED,OMAR,WH-05
2026-07-16,ORD104346,SKU0052,2,123.03,25,184.54,CUST00693,MANSOURA,STORE,CARD,1.0,COMPLETED,UNKNOWN,WH-02
2026-03-01,ORD102746,SKU0194,3,90.01,0,270.03,CUST00032,LUXOR,MARKETPLACE,WALLET,4.0,COMPLETED,OMAR,WH-03
2026-03-26,ORD101742,SKU0119,1,71.78,20,57.42,CUST02711,ASWAN,STORE,WALLET,4.0,COMPLETED,OMAR,WH-03
2026-03-22,ORD103358,SKU0017,3,44.42,10,119.93,CUST01578,MANSOURA,MARKETPLACE,UNKNOWN,0.0,COMPLETED,YOUSSEF,WH-03
2026-03-09,ORD100920,SKU0163,2,389.17,10,700.51,CUST00388,ALEXANDRIA,MARKETPLACE,CASH,2.0,COMPLETED,SARA,WH-04
2026-04-15,ORD104365,SKU0053,2,263.39,35,342.41,CUST01684,ASWAN,WHOLESALE,WALLET,10.0,COMPLETED,OMAR,WH-03
2026-07-19,ORD102449,SKU0068,2,289.82,20,463.71,CUST01560,ASWAN,WHOLESALE,BNPL,1.0,CANCELLED,UNKNOWN,WH-04
2026-06-18,ORD104053,SKU0135,5,108.18,30,378.63,CUST00690,LUXOR,ONLINE,BNPL,3.0,COMPLETED,OMAR,WH-04
2026-06-15,ORD104878,SKU0003,4,51.79,25,155.37,CUST01945,ALEXANDRIA,STORE,BNPL,3.0,COMPLETED,MONA,WH-03
2026-03-05,ORD102201,SKU0011,2,168.29,5,319.75,CUST00307,TANTA,WHOLESALE,CARD,2.0,COMPLETED,OMAR,WH-05
2026-01-22,ORD101465,SKU0007,1,248.81,5,236.37,CUST01011,GIZA,ONLINE,CARD,10.0,COMPLETED,OMAR,WH-01
2026-05-30,ORD100753,SKU0182,6,169.34,35,660.43,CUST02250,GIZA,MARKETPLACE,BNPL,4.0,COMPLETED,ALI,WH-03
2026-01-23,ORD103851,SKU0177,1,195.2,35,126.88,CUST00841,MANSOURA,WHOLESALE,UNKNOWN,0.0,COMPLETED,MONA,WH-02
2026-05-13,ORD104835,SKU0017,2,41.66,25,62.49,CUST01542,ALEXANDRIA,MARKETPLACE,CARD,4.0,COMPLETED,MONA,WH-05
2026-03-22,ORD104216,SKU0104,3,50.14,35,97.77,CUST00890,TANTA,ONLINE,CASH,2.0,COMPLETED,SARA,WH-01
2025-12-31,ORD104819,SKU0128,2,74.1,20,118.56,CUST02097,MANSOURA,ONLINE,UNKNOWN,1.0,COMPLETED,MONA,WH-02
2026-02-26,ORD103353,SKU0174,6,161.49,30,678.26,CUST02387,TANTA,MARKETPLACE,CARD,6.0,COMPLETED,OMAR,WH-05
2025-12-26,ORD104440,SKU0114,5,312.11,10,1404.5,CUST02068,ALEXANDRIA,WHOLESALE,WALLET,3.0,COMPLETED,MONA,WH-04
2026-04-07,ORD103509,SKU0065,2,11.19,15,19.02,CUST02525,MANSOURA,ONLINE,CARD,9.0,COMPLETED,OMAR,WH-03
2026-04-21,ORD102857,SKU0141,3,264.21,45,435.95,CUST01364,ASWAN,STORE,WALLET,3.0,COMPLETED,MONA,WH-03
2026-06-23,ORD101765,SKU0114,1,323.18,0,323.18,CUST01307,ASWAN,MARKETPLACE,BNPL,1.0,COMPLETED,SARA,WH-03
2026-04-07,ORD103531,SKU0087,2,148.16,0,296.32,CUST00796,CAIRO,MARKETPLACE,CASH,5.0,COMPLETED,UNKNOWN,WH-01
2026-03-03,ORD100133,SKU0114,3,327.32,35,638.27,CUST01701,GIZA,STORE,CASH,3.0,COMPLETED,SARA,WH-05
2026-01-21,ORD102671,SKU0183,1,333.25,20,266.6,CUST01155,TANTA,STORE,CARD,0.0,COMPLETED,MONA,WH-02
2026-03-14,ORD101039,SKU0030,2,23.63,15,40.17,CUST01079,TANTA,ONLINE,CARD,10.0,COMPLETED,ALI,WH-01
2026-03-17,ORD104907,SKU0089,3,215.83,45,356.12,CUST00250,MANSOURA,MARKETPLACE,WALLET,9.0,COMPLETED,MONA,WH-02
2026-03-19,ORD104342,SKU0101,2,165.82,5,315.06,CUST00421,LUXOR,STORE,CARD,3.0,COMPLETED,MONA,WH-01
2026-06-07,ORD101937,SKU0060,1,315.32,10,283.79,CUST00066,ASWAN,STORE,UNKNOWN,0.0,COMPLETED,ALI,WH-05
2026-07-16,ORD102317,SKU0094,3,300.61,20,721.46,CUST01375,ASWAN,MARKETPLACE,CARD,7.0,COMPLETED,MONA,WH-01
2026-02-18,ORD102152,SKU0184,1,437.55,30,306.28,CUST02748,ASWAN,STORE,WALLET,1.0,COMPLETED,UNKNOWN,WH-04
2026-04-22,ORD102595,SKU0196,2,314.96,20,503.94,CUST01406,ASWAN,WHOLESALE,CARD,7.0,CANCELLED,UNKNOWN,WH-05
2025-12-27,ORD103090,SKU0125,1,432.73,10,389.46,CUST02383,MANSOURA,WHOLESALE,CARD,6.0,COMPLETED,ALI,WH-05
2026-05-15,ORD100688,SKU0199,1,287.81,45,158.3,CUST01014,LUXOR,STORE,CASH,0.0,CANCELLED,UNKNOWN,WH-03
2026-02-12,ORD104896,SKU0036,1,212.89,15,180.96,CUST00525,ALEXANDRIA,ONLINE,WALLET,5.0,COMPLETED,MONA,WH-04
2026-02-06,ORD101577,SKU0107,2,207.24,15,352.31,CUST02342,MANSOURA,STORE,CARD,0.0,COMPLETED,MONA,WH-01
2026-03-23,ORD102867,SKU0144,3,186.41,35,363.5,CUST02261,ALEXANDRIA,MARKETPLACE,BNPL,9.0,COMPLETED,OMAR,WH-02
2026-03-16,ORD104816,SKU0057,1,411.68,25,308.76,CUST01043,ASWAN,ONLINE,WALLET,1.0,COMPLETED,MONA,WH-02
2026-02-16,ORD101969,SKU0181,3,166.62,10,449.87,CUST01412,ALEXANDRIA,MARKETPLACE,WALLET,3.0,COMPLETED,MONA,WH-05
2026-07-13,ORD103306,SKU0049,5,169.75,10,763.88,CUST00491,CAIRO,ONLINE,BNPL,8.0,COMPLETED,UNKNOWN,WH-03
2026-05-20,ORD101908,SKU0122,1,289.17,25,216.88,CUST01177,LUXOR,WHOLESALE,CARD,9.0,COMPLETED,OMAR,WH-04
2026-05-29,ORD101021,SKU0196,2,322.16,30,451.02,CUST00148,CAIRO,MARKETPLACE,CARD,1.0,RETURNED,OMAR,WH-05
2026-02-19,ORD102702,SKU0061,4,341.82,25,1025.46,CUST00322,GIZA,WHOLESALE,WALLET,1.0,COMPLETED,YOUSSEF,WH-01
2026-06-20,ORD100666,SKU0015,5,161.77,30,566.19,CUST00530,ASWAN,ONLINE,CARD,5.0,RETURNED,UNKNOWN,WH-05
2026-03-03,ORD102659,SKU0005,1,250.02,30,175.01,CUST02855,GIZA,STORE,UNKNOWN,7.0,COMPLETED,UNKNOWN,WH-02
2025-12-27,ORD104389,SKU0170,5,118.56,30,414.96,CUST00109,LUXOR,STORE,UNKNOWN,6.0,COMPLETED,SARA,WH-05
2026-04-02,ORD100982,SKU0151,2,30.01,25,45.02,CUST01656,GIZA,STORE,CASH,5.0,COMPLETED,MONA,WH-05
2026-05-16,ORD100164,SKU0191,2,60.18,5,114.34,CUST01110,ALEXANDRIA,MARKETPLACE,BNPL,6.0,COMPLETED,SARA,WH-02
2026-01-22,ORD102074,SKU0137,3,387.61,45,639.56,CUST00468,MANSOURA,ONLINE,BNPL,9.0,COMPLETED,SARA,WH-01
2026-04-14,ORD100553,SKU0014,6,85.11,30,357.46,CUST01277,GIZA,MARKETPLACE,UNKNOWN,8.0,COMPLETED,UNKNOWN,WH-05
2026-05-08,ORD101583,SKU0148,3,52.28,45,86.26,CUST01670,GIZA,STORE,BNPL,5.0,COMPLETED,OMAR,WH-02
2026-01-11,ORD100367,SKU0095,3,169.43,10,457.46,CUST01143,TANTA,MARKETPLACE,WALLET,7.0,COMPLETED,UNKNOWN,WH-04
2026-01-10,ORD101604,SKU0081,1,162.45,20,129.96,CUST01649,LUXOR,ONLINE,UNKNOWN,10.0,COMPLETED,MONA,WH-04
2026-05-01,ORD104226,SKU0062,3,84.02,15,214.25,CUST02325,CAIRO,MARKETPLACE,BNPL,3.0,RETURNED,OMAR,WH-05
2026-01-25,ORD103880,SKU0018,3,444.84,15,1134.34,CUST00046,ASWAN,ONLINE,BNPL,2.0,COMPLETED,OMAR,WH-04
2026-02-24,ORD100767,SKU0159,4,117.55,5,446.69,CUST01424,ASWAN,MARKETPLACE,UNKNOWN,3.0,RETURNED,ALI,WH-04
2026-06-20,ORD104945,SKU0151,1,26.52,5,25.19,CUST01976,TANTA,MARKETPLACE,BNPL,6.0,RETURNED,OMAR,WH-01
2026-01-24,ORD101569,SKU0198,1,158.57,25,118.93,CUST02533,ALEXANDRIA,ONLINE,CASH,9.0,COMPLETED,YOUSSEF,WH-01
2026-05-29,ORD104049,SKU0164,3,203.47,10,549.37,CUST01658,LUXOR,ONLINE,CARD,2.0,COMPLETED,OMAR,WH-05
2026-04-08,ORD103739,SKU0063,1,84.19,10,75.77,CUST01552,MANSOURA,WHOLESALE,CASH,2.0,COMPLETED,YOUSSEF,WH-05
2026-03-06,ORD100132,SKU0167,1,11.65,30,8.15,CUST01829,ASWAN,STORE,CARD,10.0,COMPLETED,ALI,WH-02
2026-06-05,ORD102077,SKU0035,2,45.94,15,78.1,CUST01256,TANTA,ONLINE,BNPL,4.0,COMPLETED,MONA,WH-05
2026-01-06,ORD100139,SKU0052,2,122.37,30,171.32,CUST02113,LUXOR,MARKETPLACE,CASH,6.0,COMPLETED,SARA,WH-05
2026-02-01,ORD103171,SKU0095,1,156.98,0,156.98,CUST01548,LUXOR,ONLINE,BNPL,10.0,COMPLETED,SARA,WH-03
2026-06-25,ORD101576,SKU0135,2,126.04,35,163.85,CUST00662,GIZA,WHOLESALE,CARD,1.0,COMPLETED,YOUSSEF,WH-04
2026-02-20,ORD100454,SKU0141,4,292.86,45,644.29,CUST02680,GIZA,ONLINE,BNPL,9.0,COMPLETED,MONA,WH-04
2026-07-15,ORD101830,SKU0054,1,181.74,35,118.13,CUST01944,ALEXANDRIA,STORE,CASH,7.0,COMPLETED,OMAR,WH-03
2026-01-13,ORD102293,SKU0025,50,164.56,0,8228.0,CUST02545,ASWAN,STORE,WALLET,0.0,COMPLETED,OMAR,WH-01
2026-04-25,ORD103162,SKU0062,2,89.21,10,160.58,CUST02424,LUXOR,WHOLESALE,BNPL,0.0,COMPLETED,YOUSSEF,WH-03
2026-03-30,ORD103584,SKU0056,1,87.61,30,61.33,CUST02319,LUXOR,WHOLESALE,WALLET,6.0,COMPLETED,ALI,WH-02
2026-01-15,ORD101274,SKU0146,1,14.87,30,10.41,CUST01849,GIZA,STORE,UNKNOWN,10.0,COMPLETED,OMAR,WH-02
2026-06-26,ORD100797,SKU0181,2,150.12,20,240.19,CUST00783,ALEXANDRIA,WHOLESALE,WALLET,4.0,COMPLETED,UNKNOWN,WH-01
2026-06-16,ORD104701,SKU0102,1,77.96,15,66.27,CUST01648,LUXOR,ONLINE,UNKNOWN,3.0,COMPLETED,MONA,WH-05
2026-06-24,ORD103238,SKU0134,1,278.31,5,264.39,CUST02589,GIZA,WHOLESALE,WALLET,6.0,COMPLETED,MONA,WH-05
2026-04-04,ORD101527,SKU0039,3,216.38,35,421.94,CUST02480,ASWAN,ONLINE,BNPL,6.0,COMPLETED,OMAR,WH-01
2026-02-10,ORD104416,SKU0021,3,49.57,25,111.53,CUST01680,LUXOR,STORE,BNPL,10.0,RETURNED,YOUSSEF,WH-03
2026-06-11,ORD103313,SKU0115,1,352.24,0,352.24,CUST02418,MANSOURA,WHOLESALE,CASH,2.0,COMPLETED,SARA,WH-01
2026-07-05,ORD101930,SKU0016,3,183.97,5,524.31,CUST00921,CAIRO,MARKETPLACE,UNKNOWN,4.0,COMPLETED,YOUSSEF,WH-05
2026-05-18,ORD101623,SKU0015,4,146.13,10,526.07,CUST02706,TANTA,MARKETPLACE,BNPL,6.0,CANCELLED,MONA,WH-02
2026-07-23,ORD101332,SKU0190,1,248.63,15,211.34,CUST00468,LUXOR,STORE,CARD,7.0,COMPLETED,YOUSSEF,WH-02
2026-05-19,ORD100009,SKU0169,1,338.0,45,185.9,CUST00908,LUXOR,STORE,WALLET,9.0,COMPLETED,YOUSSEF,WH-02
2026-02-04,ORD104317,SKU0010,3,137.24,20,329.38,CUST01469,ASWAN,ONLINE,BNPL,4.0,COMPLETED,UNKNOWN,WH-01
2026-07-09,ORD104664,SKU0104,4,50.65,0,202.6,CUST02135,GIZA,ONLINE,CARD,9.0,COMPLETED,UNKNOWN,WH-05
2026-06-11,ORD103118,SKU0004,3,34.91,20,83.78,CUST00469,ALEXANDRIA,STORE,UNKNOWN,0.0,COMPLETED,MONA,WH-01
2026-04-14,ORD101564,SKU0199,2,302.18,0,604.36,CUST01615,LUXOR,STORE,WALLET,0.0,COMPLETED,SARA,WH-02
2025-12-26,ORD100957,SKU0065,6,11.26,45,37.16,CUST01623,MANSOURA,STORE,CASH,6.0,COMPLETED,MONA,WH-03
2026-06-11,ORD102525,SKU0180,1,372.0,45,204.6,CUST00471,CAIRO,ONLINE,CASH,4.0,COMPLETED,YOUSSEF,WH-02
2026-02-05,ORD100397,SKU0095,4,154.47,5,586.99,CUST01566,LUXOR,STORE,CARD,0.0,COMPLETED,OMAR,WH-05
2026-05-05,ORD104898,SKU0048,4,265.57,10,956.05,CUST00426,LUXOR,ONLINE,CARD,10.0,COMPLETED,UNKNOWN,WH-01
2026-03-02,ORD104258,SKU0140,2,305.38,20,488.61,CUST00223,TANTA,MARKETPLACE,BNPL,4.0,COMPLETED,MONA,WH-04
2026-04-08,ORD103294,SKU0179,2,18.68,0,37.36,CUST00193,ASWAN,ONLINE,CARD,2.0,COMPLETED,SARA,WH-04
2026-03-13,ORD103053,SKU0048,2,276.28,30,386.79,CUST00412,MANSOURA,MARKETPLACE,BNPL,8.0,COMPLETED,YOUSSEF,WH-05
2026-01-31,ORD103183,SKU0048,2,278.95,15,474.22,CUST02020,TANTA,MARKETPLACE,CARD,8.0,COMPLETED,YOUSSEF,WH-04
2026-06-06,ORD103722,SKU0162,50,201.19,25,7544.62,CUST02249,ASWAN,ONLINE,CARD,6.0,COMPLETED,YOUSSEF,WH-05
2026-07-06,ORD103508,SKU0130,6,157.91,5,900.09,CUST00904,GIZA,STORE,UNKNOWN,7.0,COMPLETED,ALI,WH-05
2026-04-07,ORD101713,SKU0128,2,69.8,0,139.6,CUST01853,CAIRO,WHOLESALE,CASH,7.0,COMPLETED,OMAR,WH-03
2026-02-17,ORD100673,SKU0161,2,247.82,30,346.95,CUST00018,CAIRO,ONLINE,WALLET,8.0,COMPLETED,UNKNOWN,WH-02
2026-05-28,ORD101084,SKU0062,3,86.2,30,181.02,CUST02331,ALEXANDRIA,WHOLESALE,CASH,2.0,COMPLETED,ALI,WH-04
2026-04-18,ORD104314,SKU0156,2,122.99,15,209.08,CUST02477,CAIRO,MARKETPLACE,UNKNOWN,2.0,COMPLETED,UNKNOWN,WH-01
2026-04-25,ORD103077,SKU0062,2,85.81,10,154.46,CUST01285,MANSOURA,WHOLESALE,WALLET,5.0,COMPLETED,UNKNOWN,WH-02
2026-01-17,ORD100258,SKU0094,1,330.69,25,248.02,CUST01208,ALEXANDRIA,WHOLESALE,CARD,7.0,COMPLETED,ALI,WH-04
2026-02-19,ORD102716,SKU0127,4,259.32,30,726.1,CUST01466,ASWAN,STORE,UNKNOWN,4.0,COMPLETED,YOUSSEF,WH-04
2026-02-13,ORD103608,SKU0106,2,233.22,5,443.12,CUST01232,ASWAN,MARKETPLACE,CARD,10.0,COMPLETED,YOUSSEF,WH-04
2026-06-30,ORD102814,SKU0042,3,82.07,0,246.21,CUST00993,CAIRO,MARKETPLACE,WALLET,1.0,COMPLETED,YOUSSEF,WH-02
2026-04-23,ORD101385,SKU0131,1,297.45,25,223.09,CUST01789,MANSOURA,STORE,CARD,9.0,RETURNED,UNKNOWN,WH-01
2026-06-18,ORD104153,SKU0031,1,118.11,25,88.58,CUST02300,CAIRO,ONLINE,BNPL,7.0,COMPLETED,YOUSSEF,WH-04
2026-04-04,ORD103278,SKU0007,1,262.81,30,183.97,CUST02113,GIZA,WHOLESALE,BNPL,10.0,COMPLETED,SARA,WH-05
2026-01-25,ORD100679,SKU0095,1,162.65,35,105.72,CUST01398,MANSOURA,STORE,UNKNOWN,0.0,COMPLETED,YOUSSEF,WH-04
2026-01-18,ORD102307,SKU0105,2,8.42,10,15.16,CUST02595,LUXOR,WHOLESALE,UNKNOWN,3.0,COMPLETED,MONA,WH-05
2026-04-08,ORD101076,SKU0119,1,71.27,35,46.33,CUST00032,MANSOURA,ONLINE,CARD,1.0,COMPLETED,OMAR,WH-02
2026-04-24,ORD103027,SKU0053,3,261.67,20,628.01,CUST00113,CAIRO,STORE,BNPL,10.0,COMPLETED,OMAR,WH-01
2026-07-23,ORD103202,SKU0198,1,168.83,45,92.86,CUST02486,ASWAN,ONLINE,CASH,5.0,COMPLETED,ALI,WH-04
2026-04-29,ORD101491,SKU0050,2,13.68,30,19.15,CUST01121,GIZA,STORE,WALLET,6.0,COMPLETED,YOUSSEF,WH-05
2026-03-02,ORD103380,SKU0185,2,57.22,15,97.27,CUST01456,GIZA,WHOLESALE,UNKNOWN,5.0,COMPLETED,YOUSSEF,WH-03
2026-07-03,ORD102234,SKU0186,2,31.37,0,62.74,CUST01377,MANSOURA,ONLINE,CASH,5.0,COMPLETED,OMAR,WH-02
2026-01-15,ORD104028,SKU0051,5,21.35,25,80.06,CUST00639,CAIRO,STORE,WALLET,1.0,COMPLETED,OMAR,WH-02
2026-01-07,ORD101761,SKU0187,3,49.54,10,133.76,CUST01351,ALEXANDRIA,MARKETPLACE,CASH,2.0,RETURNED,UNKNOWN,WH-04
2026-03-07,ORD100410,SKU0130,4,156.82,15,533.19,CUST01303,CAIRO,ONLINE,CARD,7.0,COMPLETED,YOUSSEF,WH-01
2026-03-12,ORD102126,SKU0066,1,119.65,5,113.67,CUST02035,MANSOURA,STORE,CASH,6.0,COMPLETED,YOUSSEF,WH-01
2025-12-28,ORD104239,SKU0192,5,283.34,35,920.85,CUST02378,GIZA,ONLINE,UNKNOWN,5.0,COMPLETED,UNKNOWN,WH-04
2026-05-24,ORD102417,SKU0107,2,197.79,25,296.68,CUST01424,ALEXANDRIA,STORE,WALLET,8.0,COMPLETED,OMAR,WH-01
2026-07-06,ORD102964,SKU0100,1,394.87,20,315.9,CUST00470,LUXOR,WHOLESALE,UNKNOWN,4.0,COMPLETED,OMAR,WH-05
2026-05-25,ORD102409,SKU0064,2,369.19,25,553.78,CUST02270,LUXOR,STORE,UNKNOWN,6.0,COMPLETED,SARA,WH-02
2026-05-11,ORD104881,SKU0186,4,31.93,30,89.4,CUST02135,ALEXANDRIA,STORE,CARD,3.0,COMPLETED,UNKNOWN,WH-02
2026-07-24,ORD103988,SKU0028,3,275.5,10,743.85,CUST01560,LUXOR,WHOLESALE,CARD,8.0,COMPLETED,ALI,WH-05
2026-03-31,ORD101845,SKU0138,3,198.86,0,596.58,CUST02437,ALEXANDRIA,MARKETPLACE,CASH,3.0,COMPLETED,MONA,WH-05
2026-01-30,ORD100247,SKU0157,2,24.81,20,39.7,CUST00785,CAIRO,ONLINE,UNKNOWN,1.0,COMPLETED,OMAR,WH-05
2026-04-29,ORD104166,SKU0091,2,100.36,35,130.47,CUST00591,TANTA,STORE,WALLET,8.0,COMPLETED,UNKNOWN,WH-02
2026-04-05,ORD102494,SKU0104,2,48.12,35,62.56,CUST02109,TANTA,ONLINE,BNPL,3.0,RETURNED,SARA,WH-01
2026-06-11,ORD103993,SKU0170,3,136.23,45,224.78,CUST00264,TANTA,WHOLESALE,WALLET,2.0,COMPLETED,ALI,WH-03
2026-03-08,ORD102051,SKU0186,2,31.36,30,43.9,CUST00471,MANSOURA,WHOLESALE,UNKNOWN,8.0,COMPLETED,UNKNOWN,WH-01
2026-01-22,ORD104677,SKU0193,5,305.68,0,1528.4,CUST02611,MANSOURA,WHOLESALE,WALLET,5.0,COMPLETED,YOUSSEF,WH-03
2026-07-22,ORD104260,SKU0071,2,299.76,45,329.74,CUST00853,MANSOURA,ONLINE,CASH,5.0,COMPLETED,SARA,WH-01
2026-05-03,ORD102085,SKU0113,4,87.0,30,243.6,CUST01890,CAIRO,WHOLESALE,BNPL,4.0,COMPLETED,SARA,WH-05
2026-01-08,ORD102821,SKU0024,4,113.53,10,408.71,CUST01371,CAIRO,STORE,WALLET,5.0,RETURNED,SARA,WH-03
2026-02-06,ORD104349,SKU0130,4,151.98,35,395.15,CUST00739,MANSOURA,MARKETPLACE,WALLET,2.0,COMPLETED,OMAR,WH-04
2025-12-27,ORD101425,SKU0024,1,129.63,35,84.26,CUST02438,ASWAN,ONLINE,BNPL,6.0,COMPLETED,OMAR,WH-05
2026-05-02,ORD102735,SKU0169,3,371.06,15,946.2,CUST02945,LUXOR,ONLINE,CASH,0.0,COMPLETED,YOUSSEF,WH-01
2026-03-28,ORD102095,SKU0061,5,396.09,20,1584.36,CUST00725,MANSOURA,MARKETPLACE,BNPL,2.0,COMPLETED,MONA,WH-03
2026-05-04,ORD104724,SKU0158,4,330.46,5,1255.75,CUST01679,ASWAN,WHOLESALE,CASH,8.0,COMPLETED,OMAR,WH-04
2026-05-04,ORD103957,SKU0153,1,358.04,20,286.43,CUST02640,LUXOR,STORE,CASH,4.0,COMPLETED,ALI,WH-02
2026-07-07,ORD104543,SKU0070,3,184.68,5,526.34,CUST00413,TANTA,WHOLESALE,CARD,8.0,COMPLETED,OMAR,WH-04
2026-05-08,ORD100859,SKU0052,3,129.51,45,213.69,CUST00237,ASWAN,STORE,BNPL,8.0,COMPLETED,ALI,WH-01
2026-07-11,ORD101842,SKU0113,2,86.23,30,120.72,CUST01647,GIZA,WHOLESALE,CASH,6.0,CANCELLED,OMAR,WH-02
2026-05-18,ORD101346,SKU0114,2,345.79,35,449.53,CUST01986,CAIRO,WHOLESALE,UNKNOWN,5.0,COMPLETED,UNKNOWN,WH-03
2026-01-20,ORD103738,SKU0041,1,332.26,30,232.58,CUST00448,GIZA,ONLINE,WALLET,4.0,COMPLETED,OMAR,WH-02
2026-07-09,ORD102038,SKU0198,2,177.07,25,265.6,CUST02903,ALEXANDRIA,MARKETPLACE,CASH,7.0,COMPLETED,ALI,WH-05
2026-06-16,ORD104686,SKU0140,1,293.34,45,161.34,CUST02787,TANTA,ONLINE,WALLET,0.0,COMPLETED,OMAR,WH-05
2026-03-26,ORD104842,SKU0052,5,129.05,30,451.67,CUST00456,ASWAN,MARKETPLACE,WALLET,10.0,COMPLETED,OMAR,WH-03
2026-05-12,ORD101978,SKU0127,1,270.47,45,148.76,CUST00319,TANTA,STORE,UNKNOWN,1.0,COMPLETED,YOUSSEF,WH-01
2026-06-16,ORD100463,SKU0080,5,115.11,25,431.66,CUST00880,LUXOR,STORE,CASH,9.0,COMPLETED,SARA,WH-01
2026-04-04,ORD100357,SKU0109,3,137.76,0,413.28,CUST00759,LUXOR,WHOLESALE,UNKNOWN,1.0,COMPLETED,MONA,WH-05
2026-03-16,ORD102009,SKU0016,1,167.62,30,117.33,CUST02245,ASWAN,STORE,CASH,1.0,COMPLETED,MONA,WH-03
2026-04-25,ORD100697,SKU0151,3,26.74,30,56.15,CUST02925,MANSOURA,STORE,BNPL,3.0,COMPLETED,MONA,WH-01
2026-01-06,ORD103900,SKU0150,3,162.26,10,438.1,CUST00629,ASWAN,WHOLESALE,BNPL,1.0,COMPLETED,MONA,WH-03
2026-05-16,ORD104269,SKU0079,3,308.51,0,925.53,CUST02264,CAIRO,STORE,BNPL,0.0,COMPLETED,ALI,WH-04
2026-01-31,ORD104830,SKU0138,2,174.12,10,313.42,CUST01020,LUXOR,MARKETPLACE,CARD,9.0,COMPLETED,UNKNOWN,WH-03
2026-07-01,ORD100027,SKU0096,1,51.58,30,36.11,CUST00895,MANSOURA,ONLINE,CASH,7.0,COMPLETED,YOUSSEF,WH-02
2026-03-16,ORD104924,SKU0035,5,49.27,0,246.35,CUST02574,MANSOURA,MARKETPLACE,CARD,3.0,COMPLETED,ALI,WH-01
2026-05-22,ORD104818,SKU0185,6,52.41,45,172.95,CUST01401,CAIRO,ONLINE,WALLET,9.0,COMPLETED,YOUSSEF,WH-01
2026-06-19,ORD101762,SKU0009,1,110.74,30,77.52,CUST02474,LUXOR,ONLINE,CARD,2.0,COMPLETED,OMAR,WH-02
2026-07-14,ORD100832,SKU0161,3,222.06,45,366.4,CUST02360,MANSOURA,ONLINE,UNKNOWN,2.0,COMPLETED,SARA,WH-01
2026-04-18,ORD104798,SKU0051,1,21.29,35,13.84,CUST01547,ALEXANDRIA,ONLINE,CARD,8.0,COMPLETED,SARA,WH-05
2026-06-13,ORD103354,SKU0198,3,170.08,30,357.17,CUST00573,CAIRO,STORE,CARD,0.0,COMPLETED,OMAR,WH-03
2026-01-30,ORD100055,SKU0181,2,166.74,20,266.78,CUST00798,GIZA,MARKETPLACE,UNKNOWN,8.0,COMPLETED,YOUSSEF,WH-02
2026-07-12,ORD101134,SKU0176,1,226.65,35,147.32,CUST00546,MANSOURA,STORE,CASH,8.0,COMPLETED,SARA,WH-05
2026-07-23,ORD101647,SKU0066,1,136.16,20,108.93,CUST01910,LUXOR,WHOLESALE,CARD,7.0,COMPLETED,SARA,WH-01
2026-05-31,ORD103441,SKU0184,3,462.09,5,1316.96,CUST00504,LUXOR,STORE,CASH,0.0,COMPLETED,OMAR,WH-03
2026-02-25,ORD101635,SKU0013,3,216.49,20,519.58,CUST00019,CAIRO,MARKETPLACE,CASH,0.0,COMPLETED,YOUSSEF,WH-02
2026-01-29,ORD102232,SKU0078,1,282.53,5,268.4,CUST01190,ALEXANDRIA,WHOLESALE,WALLET,4.0,COMPLETED,UNKNOWN,WH-04
2026-01-29,ORD102050,SKU0151,1,27.49,0,27.49,CUST02818,GIZA,ONLINE,UNKNOWN,5.0,COMPLETED,UNKNOWN,WH-04
2026-03-17,ORD100694,SKU0078,2,298.31,35,387.8,CUST00976,ASWAN,MARKETPLACE,CASH,7.0,COMPLETED,MONA,WH-04
2026-02-28,ORD100319,SKU0011,2,159.03,10,286.25,CUST02634,TANTA,WHOLESALE,CASH,8.0,COMPLETED,ALI,WH-02
2026-07-01,ORD100451,SKU0139,2,305.52,25,458.28,CUST02414,ASWAN,WHOLESALE,CASH,1.0,COMPLETED,YOUSSEF,WH-04
2026-01-08,ORD104458,SKU0147,3,250.26,30,525.55,CUST00496,ALEXANDRIA,STORE,UNKNOWN,7.0,COMPLETED,ALI,WH-02
2026-04-01,ORD101427,SKU0108,2,209.56,5,398.16,CUST00599,MANSOURA,MARKETPLACE,CARD,4.0,COMPLETED,OMAR,WH-02
2026-05-08,ORD101070,SKU0129,2,371.43,15,631.43,CUST02196,CAIRO,STORE,WALLET,3.0,COMPLETED,MONA,WH-03
2026-02-20,ORD102071,SKU0147,4,278.47,30,779.72,CUST00350,ASWAN,ONLINE,BNPL,7.0,COMPLETED,UNKNOWN,WH-03
2026-05-17,ORD102883,SKU0104,4,46.45,0,185.8,CUST01026,GIZA,WHOLESALE,BNPL,8.0,COMPLETED,UNKNOWN,WH-04
2026-04-14,ORD103014,SKU0143,3,143.71,35,280.23,CUST00843,ALEXANDRIA,MARKETPLACE,CARD,7.0,COMPLETED,SARA,WH-01
2026-03-23,ORD101423,SKU0106,2,240.41,45,264.45,CUST02401,ALEXANDRIA,ONLINE,BNPL,8.0,RETURNED,ALI,WH-01
2026-07-07,ORD103976,SKU0142,1,98.61,20,78.89,CUST01780,TANTA,STORE,UNKNOWN,8.0,COMPLETED,ALI,WH-02
2026-02-06,ORD104590,SKU0001,2,197.16,10,354.89,CUST00899,GIZA,WHOLESALE,CASH,9.0,COMPLETED,UNKNOWN,WH-02
2026-06-04,ORD104972,SKU0081,1,158.37,0,158.37,CUST02289,TANTA,ONLINE,BNPL,0.0,COMPLETED,YOUSSEF,WH-01
2026-06-01,ORD104510,SKU0099,3,329.54,45,543.74,CUST00343,GIZA,ONLINE,WALLET,4.0,COMPLETED,UNKNOWN,WH-04
2026-02-14,ORD104318,SKU0081,5,143.38,25,537.67,CUST02603,GIZA,ONLINE,CASH,9.0,COMPLETED,YOUSSEF,WH-01
2026-03-16,ORD102241,SKU0044,2,274.28,10,493.7,CUST00693,GIZA,STORE,WALLET,6.0,RETURNED,OMAR,WH-01
2026-05-03,ORD100790,SKU0061,1,381.96,20,305.57,CUST02344,CAIRO,ONLINE,CASH,10.0,COMPLETED,SARA,WH-02
2026-07-05,ORD103296,SKU0034,6,71.74,10,387.4,CUST01625,TANTA,MARKETPLACE,WALLET,1.0,COMPLETED,UNKNOWN,WH-02
2026-06-09,ORD103989,SKU0090,1,244.18,25,183.14,CUST02749,LUXOR,MARKETPLACE,WALLET,2.0,COMPLETED,UNKNOWN,WH-02
2026-02-05,ORD100210,SKU0052,5,114.29,25,428.59,CUST00390,ASWAN,WHOLESALE,BNPL,9.0,COMPLETED,SARA,WH-05
2026-04-18,ORD100239,SKU0153,1,343.52,20,274.82,CUST01087,MANSOURA,STORE,WALLET,4.0,COMPLETED,MONA,WH-02
2026-04-18,ORD103972,SKU0166,1,163.51,15,138.98,CUST02144,ASWAN,ONLINE,CASH,0.0,COMPLETED,SARA,WH-02
2026-05-22,ORD103374,SKU0023,1,112.21,10,100.99,CUST02181,CAIRO,STORE,BNPL,4.0,COMPLETED,UNKNOWN,WH-01
2026-05-21,ORD104122,SKU0138,3,177.43,25,399.22,CUST01420,TANTA,STORE,WALLET,4.0,COMPLETED,ALI,WH-03
2026-05-31,ORD103266,SKU0194,4,80.54,30,225.51,CUST02440,LUXOR,ONLINE,UNKNOWN,7.0,RETURNED,UNKNOWN,WH-03
2026-07-22,ORD101373,SKU0053,3,270.07,25,607.66,CUST00520,ASWAN,STORE,UNKNOWN,6.0,COMPLETED,UNKNOWN,WH-02
2026-06-20,ORD103223,SKU0010,1,141.7,30,99.19,CUST01999,ALEXANDRIA,STORE,UNKNOWN,10.0,COMPLETED,MONA,WH-04
2026-05-17,ORD101376,SKU0022,2,26.66,10,47.99,CUST00319,CAIRO,MARKETPLACE,CASH,3.0,COMPLETED,UNKNOWN,WH-01
2026-04-18,ORD102336,SKU0100,4,382.74,30,1071.67,CUST01837,MANSOURA,MARKETPLACE,CASH,8.0,COMPLETED,UNKNOWN,WH-04
2026-03-13,ORD104931,SKU0149,2,226.41,5,430.18,CUST01613,GIZA,STORE,BNPL,7.0,COMPLETED,YOUSSEF,WH-02
2026-04-15,ORD104248,SKU0087,6,147.01,45,485.13,CUST02687,ALEXANDRIA,MARKETPLACE,CARD,9.0,COMPLETED,OMAR,WH-01
2026-05-21,ORD101434,SKU0165,2,125.43,45,137.97,CUST02940,GIZA,ONLINE,BNPL,6.0,COMPLETED,MONA,WH-05
2026-02-17,ORD100897,SKU0188,1,29.3,10,26.37,CUST00162,LUXOR,MARKETPLACE,CASH,1.0,COMPLETED,MONA,WH-05
2026-06-05,ORD100996,SKU0051,2,22.59,15,38.4,CUST02696,LUXOR,STORE,BNPL,2.0,RETURNED,ALI,WH-01
2026-06-25,ORD103947,SKU0032,5,278.04,10,1251.18,CUST00038,MANSOURA,ONLINE,CARD,8.0,CANCELLED,ALI,WH-05
2026-06-19,ORD100038,SKU0056,4,90.51,5,343.94,CUST02420,ASWAN,MARKETPLACE,WALLET,9.0,COMPLETED,OMAR,WH-03
2026-05-19,ORD101097,SKU0045,3,295.96,15,754.7,CUST01988,LUXOR,WHOLESALE,BNPL,6.0,COMPLETED,UNKNOWN,WH-05
2026-02-24,ORD100279,SKU0020,3,248.6,45,410.19,CUST02409,ALEXANDRIA,MARKETPLACE,BNPL,7.0,COMPLETED,UNKNOWN,WH-05
2026-03-02,ORD100847,SKU0126,2,104.49,0,208.98,CUST01538,ALEXANDRIA,WHOLESALE,BNPL,10.0,COMPLETED,YOUSSEF,WH-03
2026-03-14,ORD103292,SKU0066,5,136.11,15,578.47,CUST01520,MANSOURA,ONLINE,CASH,3.0,COMPLETED,OMAR,WH-04
2026-01-15,ORD102295,SKU0105,1,8.87,30,6.21,CUST02141,GIZA,ONLINE,CASH,8.0,COMPLETED,ALI,WH-03
2026-02-18,ORD101446,SKU0026,4,444.06,0,1776.24,CUST02138,ALEXANDRIA,STORE,CASH,3.0,COMPLETED,SARA,WH-04
2026-01-17,ORD103449,SKU0034,2,71.75,10,129.15,CUST00620,GIZA,STORE,UNKNOWN,3.0,COMPLETED,UNKNOWN,WH-01
2025-12-31,ORD100736,SKU0021,4,52.21,45,114.86,CUST01187,CAIRO,STORE,CASH,6.0,COMPLETED,YOUSSEF,WH-03
2026-04-16,ORD101301,SKU0196,3,311.03,45,513.2,CUST02088,LUXOR,WHOLESALE,WALLET,1.0,COMPLETED,ALI,WH-03
2026-02-26,ORD103949,SKU0166,3,168.5,0,505.5,CUST01389,CAIRO,WHOLESALE,WALLET,2.0,COMPLETED,SARA,WH-04
2026-05-13,ORD103570,SKU0181,2,152.46,35,198.2,CUST00137,GIZA,STORE,BNPL,7.0,COMPLETED,MONA,WH-02
2026-03-30,ORD101481,SKU0086,1,155.38,30,108.77,CUST00225,ALEXANDRIA,WHOLESALE,BNPL,0.0,COMPLETED,YOUSSEF,WH-03
2026-01-01,ORD100919,SKU0079,3,297.74,45,491.27,CUST00770,MANSOURA,ONLINE,CASH,5.0,COMPLETED,YOUSSEF,WH-03
2026-04-07,ORD104018,SKU0150,3,170.21,10,459.57,CUST02599,ASWAN,STORE,BNPL,1.0,COMPLETED,MONA,WH-02
2026-05-04,ORD100875,SKU0187,3,49.15,0,147.45,CUST02309,GIZA,MARKETPLACE,CASH,0.0,COMPLETED,SARA,WH-01
2026-02-08,ORD103344,SKU0031,3,129.31,45,213.36,CUST01311,TANTA,WHOLESALE,WALLET,7.0,COMPLETED,ALI,WH-03
2026-07-01,ORD101955,SKU0001,4,170.18,20,544.58,CUST00055,CAIRO,ONLINE,WALLET,4.0,COMPLETED,ALI,WH-03
2026-03-24,ORD104020,SKU0004,3,37.03,10,99.98,CUST01474,ASWAN,WHOLESALE,BNPL,5.0,COMPLETED,UNKNOWN,WH-01
2026-03-06,ORD102146,SKU0141,2,279.44,15,475.05,CUST00765,MANSOURA,WHOLESALE,CASH,8.0,COMPLETED,UNKNOWN,WH-05
2026-03-27,ORD101503,SKU0190,3,245.6,45,405.24,CUST01879,CAIRO,WHOLESALE,BNPL,1.0,COMPLETED,YOUSSEF,WH-02
2026-03-17,ORD101835,SKU0023,4,110.13,0,440.52,CUST00636,GIZA,STORE,CARD,0.0,COMPLETED,OMAR,WH-02
2026-07-18,ORD103282,SKU0069,1,221.11,35,143.72,CUST02271,CAIRO,STORE,CASH,6.0,COMPLETED,YOUSSEF,WH-05
2026-02-03,ORD102567,SKU0132,3,55.04,20,132.1,CUST02231,LUXOR,STORE,UNKNOWN,6.0,COMPLETED,OMAR,WH-03
2026-03-18,ORD104616,SKU0186,4,31.75,30,88.9,CUST01792,ALEXANDRIA,ONLINE,UNKNOWN,6.0,COMPLETED,YOUSSEF,WH-04
2026-05-14,ORD101638,SKU0138,4,200.68,25,602.04,CUST00681,GIZA,WHOLESALE,UNKNOWN,0.0,COMPLETED,ALI,WH-03
2026-01-16,ORD100125,SKU0176,3,213.46,35,416.25,CUST01548,TANTA,WHOLESALE,BNPL,10.0,COMPLETED,OMAR,WH-03
2026-04-29,ORD101667,SKU0094,1,325.86,25,244.4,CUST00668,CAIRO,WHOLESALE,BNPL,10.0,COMPLETED,ALI,WH-01
2026-01-07,ORD103853,SKU0185,2,60.02,10,108.04,CUST00931,GIZA,STORE,BNPL,3.0,COMPLETED,MONA,WH-05
2026-01-13,ORD100884,SKU0153,2,352.95,0,705.9,CUST02416,ALEXANDRIA,STORE,UNKNOWN,2.0,COMPLETED,OMAR,WH-01
2026-03-29,ORD102004,SKU0035,4,50.42,35,131.09,CUST00265,GIZA,MARKETPLACE,CASH,6.0,COMPLETED,SARA,WH-01
2026-01-13,ORD104107,SKU0124,2,213.68,0,427.36,CUST01751,ASWAN,WHOLESALE,BNPL,10.0,COMPLETED,MONA,WH-05
2026-05-11,ORD103305,SKU0157,1,22.42,10,20.18,CUST00018,ALEXANDRIA,STORE,CARD,2.0,COMPLETED,YOUSSEF,WH-05
2026-02-26,ORD103041,SKU0044,2,267.83,35,348.18,CUST02116,MANSOURA,MARKETPLACE,CARD,7.0,COMPLETED,OMAR,WH-03
2026-07-23,ORD100892,SKU0131,1,277.59,20,222.07,CUST01834,MANSOURA,ONLINE,BNPL,10.0,COMPLETED,MONA,WH-05
2026-02-25,ORD101395,SKU0142,1,106.65,30,74.66,CUST00255,CAIRO,MARKETPLACE,CASH,6.0,COMPLETED,OMAR,WH-02
2026-05-17,ORD104516,SKU0174,1,170.15,15,144.63,CUST01795,MANSOURA,MARKETPLACE,CARD,6.0,COMPLETED,YOUSSEF,WH-03
2026-03-05,ORD100220,SKU0152,2,205.71,10,370.28,CUST02701,TANTA,WHOLESALE,CARD,7.0,COMPLETED,OMAR,WH-01
2026-01-25,ORD104066,SKU0156,1,122.32,0,122.32,CUST02616,LUXOR,MARKETPLACE,UNKNOWN,6.0,COMPLETED,YOUSSEF,WH-05
2026-01-18,ORD103357,SKU0041,3,344.78,20,827.47,CUST02145,TANTA,STORE,CASH,1.0,COMPLETED,ALI,WH-03
2026-04-17,ORD103355,SKU0035,1,44.1,25,33.08,CUST02213,ALEXANDRIA,MARKETPLACE,WALLET,5.0,COMPLETED,SARA,WH-01
2026-01-05,ORD100197,SKU0110,3,292.43,45,482.51,CUST02844,ASWAN,WHOLESALE,UNKNOWN,7.0,COMPLETED,SARA,WH-05
2026-06-15,ORD104436,SKU0031,2,131.04,30,183.46,CUST01588,LUXOR,STORE,BNPL,3.0,COMPLETED,OMAR,WH-04
2026-02-04,ORD102694,SKU0016,4,167.7,25,503.1,CUST00715,CAIRO,MARKETPLACE,BNPL,1.0,COMPLETED,UNKNOWN,WH-05
2026-02-19,ORD102279,SKU0046,2,61.56,25,92.34,CUST00689,MANSOURA,WHOLESALE,UNKNOWN,5.0,COMPLETED,MONA,WH-04
2026-05-19,ORD103735,SKU0053,5,281.93,45,775.31,CUST00866,ALEXANDRIA,ONLINE,CARD,0.0,COMPLETED,MONA,WH-01
2026-06-11,ORD101406,SKU0123,1,19.8,5,18.81,CUST01809,ALEXANDRIA,ONLINE,UNKNOWN,4.0,COMPLETED,ALI,WH-03
2026-01-24,ORD104598,SKU0147,1,277.4,5,263.53,CUST00887,CAIRO,WHOLESALE,CASH,9.0,COMPLETED,SARA,WH-02
2026-03-23,ORD102153,SKU0075,3,21.92,35,42.74,CUST00760,LUXOR,MARKETPLACE,CASH,9.0,COMPLETED,OMAR,WH-01
2026-04-15,ORD102908,SKU0173,2,152.36,25,228.54,CUST02891,GIZA,MARKETPLACE,UNKNOWN,6.0,COMPLETED,UNKNOWN,WH-05
2026-03-29,ORD103097,SKU0089,2,238.48,5,453.11,CUST00753,ASWAN,ONLINE,CASH,7.0,COMPLETED,SARA,WH-02
2026-06-11,ORD103573,SKU0198,1,177.19,5,168.33,CUST01749,ASWAN,STORE,WALLET,2.0,CANCELLED,SARA,WH-05
2026-02-01,ORD102277,SKU0051,2,23.44,10,42.19,CUST00832,CAIRO,MARKETPLACE,WALLET,5.0,COMPLETED,ALI,WH-05
2026-07-15,ORD104059,SKU0167,2,10.54,45,11.59,CUST02644,TANTA,MARKETPLACE,BNPL,0.0,COMPLETED,ALI,WH-04
2026-02-18,ORD102528,SKU0172,4,71.92,20,230.14,CUST02382,CAIRO,ONLINE,WALLET,0.0,COMPLETED,OMAR,WH-05
2026-02-01,ORD102518,SKU0175,4,157.24,15,534.62,CUST02413,LUXOR,MARKETPLACE,WALLET,1.0,COMPLETED,SARA,WH-04
2026-06-29,ORD102288,SKU0092,1,442.04,10,397.84,CUST02616,CAIRO,ONLINE,CASH,5.0,COMPLETED,SARA,WH-02
2026-01-29,ORD104802,SKU0007,1,248.33,20,198.66,CUST00322,MANSOURA,MARKETPLACE,BNPL,9.0,COMPLETED,YOUSSEF,WH-05
2026-02-20,ORD101619,SKU0134,3,308.87,25,694.96,CUST00299,LUXOR,MARKETPLACE,UNKNOWN,7.0,COMPLETED,OMAR,WH-04
2026-05-20,ORD101031,SKU0116,4,274.16,20,877.31,CUST01927,ALEXANDRIA,ONLINE,CARD,5.0,COMPLETED,ALI,WH-01
2026-06-13,ORD100172,SKU0163,1,419.3,0,419.3,CUST01260,LUXOR,STORE,BNPL,5.0,COMPLETED,MONA,WH-04
2026-03-14,ORD101824,SKU0199,1,291.59,0,291.59,CUST00152,MANSOURA,MARKETPLACE,CASH,3.0,COMPLETED,MONA,WH-03
2026-07-24,ORD101295,SKU0065,3,13.01,35,25.37,CUST01794,CAIRO,WHOLESALE,WALLET,7.0,COMPLETED,YOUSSEF,WH-03
2026-03-28,ORD101531,SKU0131,1,285.08,5,270.83,CUST02439,ASWAN,STORE,BNPL,9.0,COMPLETED,UNKNOWN,WH-02
2026-04-29,ORD102539,SKU0048,2,266.17,45,292.79,CUST02306,ASWAN,ONLINE,CARD,3.0,COMPLETED,MONA,WH-03
2026-06-15,ORD102335,SKU0175,3,159.15,35,310.34,CUST02504,LUXOR,MARKETPLACE,UNKNOWN,6.0,COMPLETED,SARA,WH-02
2026-01-17,ORD104130,SKU0184,3,442.64,45,730.36,CUST02533,TANTA,ONLINE,UNKNOWN,9.0,RETURNED,OMAR,WH-04
2026-02-11,ORD103566,SKU0057,2,418.07,35,543.49,CUST00183,LUXOR,STORE,CARD,2.0,COMPLETED,MONA,WH-01
2026-07-21,ORD100674,SKU0017,1,43.73,15,37.17,CUST01833,GIZA,STORE,CARD,6.0,COMPLETED,SARA,WH-02
2026-07-08,ORD103264,SKU0015,2,153.02,0,306.04,CUST00355,ASWAN,STORE,UNKNOWN,10.0,COMPLETED,UNKNOWN,WH-02
2026-06-28,ORD100175,SKU0175,3,147.26,25,331.34,CUST00500,ALEXANDRIA,WHOLESALE,CASH,7.0,COMPLETED,ALI,WH-04
2026-04-06,ORD101516,SKU0021,5,48.8,45,134.2,CUST01612,GIZA,STORE,WALLET,5.0,COMPLETED,SARA,WH-01
2026-04-30,ORD104199,SKU0171,2,168.23,15,285.99,CUST01908,GIZA,WHOLESALE,WALLET,9.0,COMPLETED,MONA,WH-03
2026-06-11,ORD103762,SKU0127,4,267.9,0,1071.6,CUST00642,CAIRO,STORE,UNKNOWN,2.0,COMPLETED,YOUSSEF,WH-04
2026-04-23,ORD104390,SKU0008,3,60.76,0,182.28,CUST02150,LUXOR,ONLINE,CASH,6.0,COMPLETED,UNKNOWN,WH-05
2026-05-18,ORD100091,SKU0046,6,62.78,30,263.68,CUST01314,LUXOR,ONLINE,BNPL,7.0,COMPLETED,UNKNOWN,WH-02
2026-05-20,ORD103404,SKU0179,1,18.84,5,17.9,CUST01551,MANSOURA,WHOLESALE,BNPL,7.0,COMPLETED,ALI,WH-05
2026-02-05,ORD101894,SKU0165,5,120.91,35,392.96,CUST02764,LUXOR,STORE,CARD,3.0,COMPLETED,OMAR,WH-01
2026-02-17,ORD102195,SKU0133,4,369.17,35,959.84,CUST02471,CAIRO,STORE,CARD,6.0,COMPLETED,MONA,WH-03
2026-03-04,ORD100834,SKU0040,4,97.07,0,388.28,CUST00642,LUXOR,WHOLESALE,CARD,10.0,COMPLETED,UNKNOWN,WH-03
2026-03-12,ORD101173,SKU0075,3,22.16,35,43.21,CUST02608,LUXOR,STORE,CASH,9.0,COMPLETED,YOUSSEF,WH-02
2026-01-03,ORD102741,SKU0097,3,354.05,10,955.94,CUST02513,ASWAN,STORE,CASH,10.0,COMPLETED,YOUSSEF,WH-01
2026-02-03,ORD100836,SKU0014,4,85.35,20,273.12,CUST01104,LUXOR,STORE,UNKNOWN,3.0,COMPLETED,ALI,WH-01
2026-06-01,ORD102650,SKU0088,1,172.43,35,112.08,CUST00669,TANTA,ONLINE,UNKNOWN,4.0,COMPLETED,OMAR,WH-03
2026-05-08,ORD103928,SKU0021,2,56.32,35,73.22,CUST02564,ASWAN,WHOLESALE,WALLET,1.0,COMPLETED,OMAR,WH-05
2026-05-13,ORD100298,SKU0016,5,164.98,45,453.7,CUST02925,LUXOR,WHOLESALE,BNPL,8.0,COMPLETED,SARA,WH-02
2026-03-09,ORD100865,SKU0058,2,304.67,30,426.54,CUST00462,ASWAN,WHOLESALE,CARD,6.0,COMPLETED,OMAR,WH-01
2026-04-22,ORD102438,SKU0006,4,23.28,35,60.53,CUST01373,GIZA,STORE,CASH,8.0,COMPLETED,OMAR,WH-05
2026-05-25,ORD101651,SKU0130,1,147.58,5,140.2,CUST02189,ASWAN,STORE,CASH,7.0,COMPLETED,ALI,WH-04
2026-01-24,ORD103064,SKU0049,2,195.76,15,332.79,CUST02944,TANTA,STORE,CARD,4.0,COMPLETED,UNKNOWN,WH-02
2026-04-01,ORD103526,SKU0037,3,14.15,35,27.59,CUST01899,ALEXANDRIA,WHOLESALE,UNKNOWN,6.0,COMPLETED,MONA,WH-01
2026-06-24,ORD103628,SKU0189,3,215.37,20,516.89,CUST01541,LUXOR,ONLINE,CARD,5.0,COMPLETED,ALI,WH-05
2026-02-20,ORD104055,SKU0098,5,123.16,35,400.27,CUST00773,GIZA,MARKETPLACE,UNKNOWN,7.0,COMPLETED,SARA,WH-05
2026-07-21,ORD100159,SKU0145,4,107.43,20,343.78,CUST01528,ASWAN,STORE,CASH,8.0,CANCELLED,ALI,WH-04
2026-01-10,ORD101588,SKU0076,3,255.34,15,651.12,CUST00818,LUXOR,WHOLESALE,UNKNOWN,2.0,COMPLETED,UNKNOWN,WH-01
2026-04-20,ORD101826,SKU0111,1,251.01,45,138.06,CUST02717,ALEXANDRIA,WHOLESALE,UNKNOWN,3.0,COMPLETED,SARA,WH-04
2026-02-12,ORD103637,SKU0075,2,24.42,15,41.51,CUST02508,LUXOR,WHOLESALE,UNKNOWN,1.0,COMPLETED,ALI,WH-03
2026-03-01,ORD101263,SKU0052,1,129.71,15,110.25,CUST02966,ASWAN,MARKETPLACE,BNPL,2.0,COMPLETED,ALI,WH-04
2026-02-17,ORD102245,SKU0063,2,91.01,15,154.72,CUST00213,CAIRO,ONLINE,WALLET,0.0,COMPLETED,YOUSSEF,WH-05
2025-12-30,ORD104671,SKU0041,3,352.77,20,846.65,CUST02269,GIZA,WHOLESALE,WALLET,5.0,COMPLETED,YOUSSEF,WH-01
2026-05-07,ORD100347,SKU0035,1,43.67,15,37.12,CUST01109,ASWAN,STORE,BNPL,10.0,COMPLETED,ALI,WH-03
2026-07-06,ORD100109,SKU0108,4,227.18,10,817.85,CUST01261,CAIRO,WHOLESALE,UNKNOWN,9.0,COMPLETED,ALI,WH-04
2026-03-27,ORD102260,SKU0140,1,301.94,35,196.26,CUST00710,LUXOR,ONLINE,UNKNOWN,7.0,COMPLETED,OMAR,WH-03
2026-06-29,ORD101368,SKU0041,4,338.16,35,879.22,CUST01368,LUXOR,ONLINE,BNPL,3.0,COMPLETED,YOUSSEF,WH-01
2026-05-15,ORD102217,SKU0085,4,26.46,25,79.38,CUST01281,ASWAN,ONLINE,CASH,9.0,COMPLETED,ALI,WH-05
2026-02-24,ORD100334,SKU0183,5,301.15,0,1505.75,CUST01356,ALEXANDRIA,ONLINE,CARD,5.0,COMPLETED,OMAR,WH-05
2026-06-10,ORD101082,SKU0163,4,377.88,30,1058.06,CUST01867,GIZA,STORE,UNKNOWN,5.0,COMPLETED,OMAR,WH-01
2026-06-30,ORD100637,SKU0087,2,155.16,15,263.77,CUST01359,ASWAN,MARKETPLACE,UNKNOWN,0.0,COMPLETED,UNKNOWN,WH-04
2026-03-19,ORD104034,SKU0041,1,330.87,15,281.24,CUST02364,ASWAN,STORE,CASH,8.0,COMPLETED,SARA,WH-03
2026-01-18,ORD100096,SKU0009,2,123.62,10,222.52,CUST02893,TANTA,STORE,BNPL,7.0,COMPLETED,ALI,WH-05
2026-05-16,ORD100986,SKU0081,3,140.44,0,421.32,CUST01953,TANTA,MARKETPLACE,BNPL,8.0,COMPLETED,MONA,WH-03
2026-05-10,ORD101767,SKU0020,5,244.68,45,672.87,CUST00032,MANSOURA,ONLINE,CASH,1.0,COMPLETED,MONA,WH-01
2026-05-09,ORD101402,SKU0035,4,43.53,35,113.18,CUST01249,CAIRO,STORE,UNKNOWN,6.0,COMPLETED,MONA,WH-02
2026-05-01,ORD101880,SKU0029,5,31.27,35,101.63,CUST01896,GIZA,WHOLESALE,BNPL,10.0,COMPLETED,MONA,WH-03
2026-04-22,ORD100325,SKU0165,1,125.0,15,106.25,CUST01817,TANTA,ONLINE,CARD,10.0,COMPLETED,YOUSSEF,WH-02
2026-05-01,ORD103060,SKU0086,1,168.66,20,134.93,CUST01287,ASWAN,MARKETPLACE,WALLET,6.0,COMPLETED,MONA,WH-03
2026-05-05,ORD102986,SKU0167,3,10.74,30,22.55,CUST01666,TANTA,MARKETPLACE,CARD,8.0,COMPLETED,OMAR,WH-02
2026-06-06,ORD104602,SKU0169,2,358.98,10,646.16,CUST00549,ALEXANDRIA,WHOLESALE,CARD,4.0,COMPLETED,SARA,WH-01
2026-05-24,ORD104134,SKU0027,2,438.2,15,744.94,CUST00654,ALEXANDRIA,STORE,CASH,8.0,COMPLETED,YOUSSEF,WH-04
2026-04-27,ORD103452,SKU0107,1,209.28,15,177.89,CUST02218,ALEXANDRIA,WHOLESALE,CARD,0.0,COMPLETED,SARA,WH-03
2026-05-24,ORD104476,SKU0070,50,171.13,10,7700.85,CUST01336,ASWAN,MARKETPLACE,BNPL,5.0,COMPLETED,YOUSSEF,WH-02
2026-05-11,ORD104063,SKU0099,3,345.1,30,724.71,CUST01969,LUXOR,MARKETPLACE,BNPL,4.0,COMPLETED,OMAR,WH-04
2026-06-01,ORD103850,SKU0200,5,329.51,10,1482.8,CUST00196,TANTA,STORE,CARD,7.0,COMPLETED,YOUSSEF,WH-02
2026-06-12,ORD104371,SKU0109,3,154.31,5,439.78,CUST00029,LUXOR,MARKETPLACE,CASH,3.0,COMPLETED,SARA,WH-04
2026-02-22,ORD100926,SKU0058,2,269.75,30,377.65,CUST02321,GIZA,STORE,UNKNOWN,5.0,COMPLETED,OMAR,WH-04
2026-07-02,ORD104320,SKU0166,2,157.18,45,172.9,CUST02685,GIZA,ONLINE,CARD,2.0,COMPLETED,YOUSSEF,WH-02
2026-07-10,ORD103489,SKU0037,2,14.27,25,21.4,CUST01621,GIZA,ONLINE,BNPL,1.0,COMPLETED,OMAR,WH-04
2026-03-04,ORD101553,SKU0124,2,199.37,20,318.99,CUST01961,ASWAN,ONLINE,CASH,8.0,CANCELLED,YOUSSEF,WH-01
2026-04-15,ORD104179,SKU0069,1,220.34,15,187.29,CUST01349,GIZA,MARKETPLACE,CARD,9.0,COMPLETED,MONA,WH-03
2026-05-14,ORD100587,SKU0178,1,37.33,30,26.13,CUST00729,GIZA,WHOLESALE,BNPL,4.0,COMPLETED,YOUSSEF,WH-01
2026-03-09,ORD104127,SKU0010,4,138.22,0,552.88,CUST02307,CAIRO,MARKETPLACE,CARD,2.0,COMPLETED,MONA,WH-01
2026-05-29,ORD101460,SKU0044,3,295.72,10,798.44,CUST02464,GIZA,MARKETPLACE,BNPL,7.0,COMPLETED,UNKNOWN,WH-03
2026-05-20,ORD103785,SKU0130,2,151.16,10,272.09,CUST00969,GIZA,STORE,UNKNOWN,1.0,COMPLETED,YOUSSEF,WH-02
2026-02-06,ORD100891,SKU0174,5,171.88,25,644.55,CUST01166,ALEXANDRIA,STORE,CARD,2.0,COMPLETED,OMAR,WH-01
2026-03-26,ORD100245,SKU0057,4,436.37,30,1221.84,CUST00746,MANSOURA,STORE,CASH,2.0,COMPLETED,SARA,WH-04
2025-12-31,ORD101500,SKU0142,1,100.85,10,90.76,CUST01691,CAIRO,MARKETPLACE,CARD,3.0,COMPLETED,UNKNOWN,WH-01
2026-06-19,ORD104563,SKU0053,1,286.32,25,214.74,CUST00066,ALEXANDRIA,WHOLESALE,UNKNOWN,4.0,COMPLETED,YOUSSEF,WH-01
2026-05-18,ORD102130,SKU0198,3,162.1,15,413.35,CUST00263,MANSOURA,WHOLESALE,WALLET,6.0,COMPLETED,YOUSSEF,WH-03
2026-03-22,ORD103655,SKU0082,4,227.65,5,865.07,CUST01517,ALEXANDRIA,STORE,UNKNOWN,6.0,COMPLETED,OMAR,WH-02
2026-03-19,ORD101357,SKU0092,2,434.46,30,608.24,CUST01275,ASWAN,MARKETPLACE,CASH,5.0,COMPLETED,MONA,WH-04
2026-01-06,ORD102909,SKU0115,1,323.11,15,274.64,CUST00924,GIZA,ONLINE,CASH,5.0,COMPLETED,YOUSSEF,WH-01
2026-03-30,ORD103038,SKU0075,1,24.14,5,22.93,CUST01615,TANTA,ONLINE,WALLET,7.0,COMPLETED,UNKNOWN,WH-04
2026-02-16,ORD100876,SKU0052,5,114.78,0,573.9,CUST02181,ALEXANDRIA,ONLINE,CARD,9.0,COMPLETED,MONA,WH-03
2026-01-02,ORD102697,SKU0110,4,285.64,25,856.92,CUST01739,MANSOURA,STORE,CASH,3.0,COMPLETED,MONA,WH-01
2026-05-07,ORD102006,SKU0045,1,309.78,20,247.82,CUST02765,MANSOURA,WHOLESALE,CARD,2.0,COMPLETED,OMAR,WH-05
2026-05-23,ORD103770,SKU0192,4,275.07,30,770.2,CUST00235,GIZA,ONLINE,CASH,7.0,COMPLETED,YOUSSEF,WH-05
2026-04-16,ORD104124,SKU0070,4,178.19,5,677.12,CUST02075,ASWAN,STORE,WALLET,6.0,COMPLETED,YOUSSEF,WH-05
2026-02-16,ORD104853,SKU0046,4,54.51,20,174.43,CUST02032,ALEXANDRIA,MARKETPLACE,UNKNOWN,8.0,COMPLETED,OMAR,WH-02
2026-03-24,ORD101818,SKU0165,4,124.52,5,473.18,CUST01605,LUXOR,MARKETPLACE,BNPL,9.0,COMPLETED,YOUSSEF,WH-05
2026-05-30,ORD104655,SKU0018,3,445.79,10,1203.63,CUST02923,ASWAN,STORE,CARD,3.0,COMPLETED,UNKNOWN,WH-04
2026-03-19,ORD102329,SKU0186,2,28.29,35,36.78,CUST01198,CAIRO,STORE,CASH,0.0,COMPLETED,ALI,WH-05
2026-04-27,ORD102874,SKU0059,5,236.52,30,827.82,CUST00650,MANSOURA,STORE,UNKNOWN,2.0,RETURNED,ALI,WH-04
2026-02-27,ORD103686,SKU0161,1,240.98,25,180.74,CUST01833,CAIRO,ONLINE,CARD,0.0,COMPLETED,SARA,WH-03
2026-03-17,ORD104909,SKU0037,2,13.45,20,21.52,CUST00336,CAIRO,STORE,WALLET,0.0,RETURNED,SARA,WH-04
2026-03-19,ORD101429,SKU0030,4,23.17,30,64.88,CUST00369,GIZA,STORE,CARD,9.0,COMPLETED,UNKNOWN,WH-05
2026-01-24,ORD103620,SKU0110,3,290.33,5,827.44,CUST02977,GIZA,MARKETPLACE,WALLET,9.0,COMPLETED,UNKNOWN,WH-02
2026-07-14,ORD104729,SKU0066,2,120.44,45,132.48,CUST01551,ALEXANDRIA,ONLINE,CASH,4.0,CANCELLED,ALI,WH-05
2026-05-03,ORD100681,SKU0002,5,303.12,35,985.14,CUST01020,ALEXANDRIA,STORE,WALLET,2.0,COMPLETED,OMAR,WH-02
2026-01-23,ORD103256,SKU0054,3,170.28,25,383.13,CUST02389,CAIRO,STORE,CASH,5.0,COMPLETED,YOUSSEF,WH-05
2025-12-26,ORD101027,SKU0087,2,163.89,35,213.06,CUST00208,ASWAN,MARKETPLACE,CARD,3.0,COMPLETED,MONA,WH-04
2026-02-18,ORD100798,SKU0041,2,334.91,15,569.35,CUST02662,ALEXANDRIA,MARKETPLACE,UNKNOWN,0.0,COMPLETED,MONA,WH-01
2026-07-02,ORD101948,SKU0116,2,274.55,35,356.92,CUST02229,TANTA,MARKETPLACE,WALLET,5.0,RETURNED,SARA,WH-02
2026-03-09,ORD102367,SKU0105,3,9.17,35,17.88,CUST00430,TANTA,STORE,BNPL,5.0,COMPLETED,SARA,WH-05
2026-01-23,ORD101154,SKU0027,1,410.19,0,410.19,CUST01976,MANSOURA,WHOLESALE,BNPL,10.0,COMPLETED,OMAR,WH-01
2026-04-06,ORD104673,SKU0178,2,36.6,45,40.26,CUST00838,ASWAN,WHOLESALE,BNPL,10.0,COMPLETED,YOUSSEF,WH-02
2025-12-30,ORD103977,SKU0001,6,197.29,20,946.99,CUST02833,TANTA,WHOLESALE,UNKNOWN,8.0,COMPLETED,YOUSSEF,WH-02
2026-06-29,ORD101300,SKU0097,1,326.38,30,228.47,CUST02415,CAIRO,WHOLESALE,WALLET,6.0,RETURNED,YOUSSEF,WH-04
2026-01-25,ORD101137,SKU0140,1,284.48,15,241.81,CUST00427,MANSOURA,ONLINE,UNKNOWN,5.0,CANCELLED,UNKNOWN,WH-01
2026-03-23,ORD102188,SKU0052,1,114.05,10,102.64,CUST01357,LUXOR,STORE,BNPL,5.0,COMPLETED,MONA,WH-04
2026-05-20,ORD101352,SKU0068,6,280.22,25,1260.99,CUST02124,ASWAN,MARKETPLACE,WALLET,6.0,COMPLETED,SARA,WH-01
2026-03-10,ORD102296,SKU0195,3,315.95,35,616.1,CUST02620,CAIRO,MARKETPLACE,CASH,0.0,COMPLETED,YOUSSEF,WH-03
2026-06-04,ORD103462,SKU0049,1,186.79,0,186.79,CUST01636,MANSOURA,WHOLESALE,CARD,5.0,COMPLETED,UNKNOWN,WH-01
2026-02-06,ORD100554,SKU0029,2,31.31,25,46.96,CUST01830,TANTA,WHOLESALE,UNKNOWN,10.0,COMPLETED,SARA,WH-02
2026-03-19,ORD101540,SKU0035,4,44.29,5,168.3,CUST02367,LUXOR,WHOLESALE,CARD,5.0,COMPLETED,UNKNOWN,WH-02
2026-04-11,ORD102464,SKU0003,2,50.66,35,65.86,CUST00541,ASWAN,MARKETPLACE,WALLET,4.0,RETURNED,SARA,WH-01
2026-03-13,ORD104891,SKU0190,3,252.83,25,568.87,CUST01533,LUXOR,STORE,UNKNOWN,0.0,COMPLETED,MONA,WH-03
2026-07-24,ORD104415,SKU0099,4,359.09,45,790.0,CUST02181,CAIRO,WHOLESALE,BNPL,3.0,COMPLETED,UNKNOWN,WH-04
2026-07-21,ORD104591,SKU0020,1,257.82,45,141.8,CUST01338,ASWAN,ONLINE,CASH,7.0,CANCELLED,ALI,WH-01
2026-06-08,ORD102078,SKU0153,1,320.69,0,320.69,CUST02886,ALEXANDRIA,MARKETPLACE,UNKNOWN,8.0,COMPLETED,OMAR,WH-05
2026-03-02,ORD103298,SKU0087,3,165.83,15,422.87,CUST00398,ALEXANDRIA,ONLINE,UNKNOWN,3.0,COMPLETED,YOUSSEF,WH-04
2026-02-17,ORD101965,SKU0062,2,90.93,35,118.21,CUST01172,ALEXANDRIA,MARKETPLACE,WALLET,3.0,COMPLETED,MONA,WH-02
2026-02-27,ORD102827,SKU0196,2,324.13,15,551.02,CUST01143,ALEXANDRIA,WHOLESALE,UNKNOWN,6.0,COMPLETED,MONA,WH-02
2026-06-29,ORD103301,SKU0034,2,70.65,5,134.24,CUST02971,TANTA,STORE,WALLET,7.0,RETURNED,OMAR,WH-02
2026-06-06,ORD103020,SKU0055,1,67.54,10,60.79,CUST02408,LUXOR,ONLINE,CARD,3.0,RETURNED,ALI,WH-01
2026-01-21,ORD103691,SKU0018,3,397.88,25,895.23,CUST00486,ALEXANDRIA,WHOLESALE,CARD,0.0,COMPLETED,ALI,WH-02
2026-05-21,ORD102820,SKU0193,2,303.03,15,515.15,CUST01789,MANSOURA,MARKETPLACE,CARD,3.0,COMPLETED,MONA,WH-01
2026-03-29,ORD103011,SKU0130,1,152.68,25,114.51,CUST02243,GIZA,WHOLESALE,UNKNOWN,8.0,COMPLETED,OMAR,WH-02
2026-01-27,ORD100480,SKU0108,3,199.58,25,449.06,CUST02807,ALEXANDRIA,MARKETPLACE,CASH,1.0,COMPLETED,UNKNOWN,WH-01
2026-03-21,ORD103444,SKU0023,1,104.22,10,93.8,CUST02574,MANSOURA,ONLINE,WALLET,1.0,COMPLETED,OMAR,WH-01
2026-06-08,ORD101881,SKU0190,1,238.12,30,166.68,CUST01459,TANTA,WHOLESALE,WALLET,1.0,COMPLETED,OMAR,WH-02
2026-04-26,ORD101186,SKU0139,3,299.79,15,764.46,CUST01941,LUXOR,STORE,WALLET,9.0,COMPLETED,OMAR,WH-01
2026-05-01,ORD101744,SKU0047,1,297.64,20,238.11,CUST02296,ALEXANDRIA,STORE,BNPL,4.0,COMPLETED,YOUSSEF,WH-04
2026-03-20,ORD104423,SKU0107,5,196.84,45,541.31,CUST01998,GIZA,ONLINE,CARD,7.0,RETURNED,YOUSSEF,WH-01
2026-07-02,ORD100412,SKU0080,1,111.67,45,61.42,CUST01291,CAIRO,WHOLESALE,CARD,8.0,COMPLETED,UNKNOWN,WH-05
2026-06-13,ORD104467,SKU0017,2,44.77,25,67.16,CUST00101,LUXOR,STORE,BNPL,3.0,COMPLETED,ALI,WH-05
2026-04-26,ORD104606,SKU0154,1,163.32,25,122.49,CUST01160,GIZA,WHOLESALE,BNPL,7.0,COMPLETED,SARA,WH-01
2026-03-13,ORD104993,SKU0003,4,46.02,10,165.67,CUST01567,GIZA,WHOLESALE,CARD,10.0,COMPLETED,ALI,WH-01
2026-06-14,ORD101798,SKU0198,1,158.68,30,111.08,CUST00060,TANTA,WHOLESALE,BNPL,0.0,COMPLETED,SARA,WH-02
2026-07-21,ORD102667,SKU0031,4,119.96,30,335.89,CUST02062,MANSOURA,ONLINE,BNPL,0.0,COMPLETED,UNKNOWN,WH-03
2026-02-11,ORD104549,SKU0052,2,125.18,10,225.32,CUST01975,MANSOURA,ONLINE,CARD,7.0,COMPLETED,MONA,WH-01
2026-06-29,ORD104885,SKU0153,1,346.9,35,225.48,CUST02427,CAIRO,MARKETPLACE,BNPL,2.0,COMPLETED,OMAR,WH-04
2026-07-16,ORD100704,SKU0053,1,288.48,10,259.63,CUST00317,CAIRO,MARKETPLACE,CARD,7.0,COMPLETED,MONA,WH-04
2026-07-17,ORD102403,SKU0160,6,57.16,35,222.92,CUST02660,GIZA,WHOLESALE,WALLET,4.0,COMPLETED,MONA,WH-02
2026-01-25,ORD104733,SKU0032,3,267.91,10,723.36,CUST01993,GIZA,ONLINE,WALLET,5.0,COMPLETED,ALI,WH-05
2025-12-29,ORD100379,SKU0198,3,158.32,10,427.46,CUST02749,ALEXANDRIA,WHOLESALE,BNPL,10.0,COMPLETED,OMAR,WH-05
2026-01-24,ORD100703,SKU0136,2,351.1,45,386.21,CUST02576,ALEXANDRIA,ONLINE,CARD,3.0,COMPLETED,SARA,WH-03
2026-03-27,ORD100624,SKU0026,3,413.03,30,867.36,CUST02329,TANTA,WHOLESALE,CARD,5.0,COMPLETED,MONA,WH-02
2026-02-05,ORD101966,SKU0124,2,198.1,45,217.91,CUST00740,ASWAN,WHOLESALE,CARD,8.0,COMPLETED,OMAR,WH-04
2026-01-27,ORD100146,SKU0049,2,180.96,25,271.44,CUST00972,ASWAN,ONLINE,WALLET,5.0,COMPLETED,MONA,WH-03
2026-01-27,ORD104406,SKU0047,1,293.43,30,205.4,CUST02252,TANTA,WHOLESALE,CARD,0.0,RETURNED,SARA,WH-01
2026-04-02,ORD103745,SKU0109,1,134.23,5,127.52,CUST00782,TANTA,STORE,BNPL,1.0,CANCELLED,ALI,WH-04
2026-01-16,ORD101185,SKU0114,1,330.67,5,314.14,CUST00016,CAIRO,MARKETPLACE,CASH,3.0,COMPLETED,MONA,WH-05
2026-03-30,ORD102462,SKU0036,2,219.02,35,284.73,CUST00534,GIZA,WHOLESALE,UNKNOWN,2.0,COMPLETED,ALI,WH-02
2025-12-31,ORD103936,SKU0200,1,319.47,5,303.5,CUST02031,TANTA,WHOLESALE,CARD,6.0,COMPLETED,UNKNOWN,WH-05
2026-03-01,ORD101640,SKU0077,2,59.72,35,77.64,CUST01231,TANTA,ONLINE,UNKNOWN,5.0,COMPLETED,UNKNOWN,WH-02
2026-02-05,ORD100791,SKU0141,3,279.49,25,628.85,CUST01429,LUXOR,WHOLESALE,UNKNOWN,1.0,COMPLETED,YOUSSEF,WH-02
2026-04-29,ORD104713,SKU0030,4,21.71,45,47.76,CUST01271,TANTA,MARKETPLACE,BNPL,0.0,COMPLETED,UNKNOWN,WH-03
2026-07-22,ORD103107,SKU0047,4,293.26,10,1055.74,CUST02094,TANTA,MARKETPLACE,UNKNOWN,6.0,COMPLETED,YOUSSEF,WH-05
2026-01-06,ORD103663,SKU0103,2,147.82,20,236.51,CUST02873,ASWAN,WHOLESALE,CASH,10.0,COMPLETED,MONA,WH-02
2026-03-04,ORD104214,SKU0128,4,73.79,10,265.64,CUST02396,ALEXANDRIA,ONLINE,WALLET,6.0,COMPLETED,SARA,WH-05
2026-06-24,ORD100024,SKU0111,1,242.1,30,169.47,CUST02126,TANTA,STORE,UNKNOWN,9.0,COMPLETED,ALI,WH-04
2026-05-01,ORD104814,SKU0067,4,48.7,5,185.06,CUST02379,LUXOR,WHOLESALE,UNKNOWN,4.0,CANCELLED,MONA,WH-05
2026-06-01,ORD101463,SKU0165,1,121.37,15,103.16,CUST00115,ASWAN,MARKETPLACE,WALLET,1.0,COMPLETED,MONA,WH-05
2026-06-13,ORD100315,SKU0096,2,49.91,45,54.9,CUST01233,ALEXANDRIA,MARKETPLACE,BNPL,10.0,COMPLETED,OMAR,WH-01
2026-05-25,ORD104182,SKU0021,2,55.87,15,94.98,CUST02507,ALEXANDRIA,STORE,BNPL,9.0,COMPLETED,MONA,WH-01
2026-02-16,ORD104750,SKU0084,3,95.0,5,270.75,CUST01716,GIZA,MARKETPLACE,CARD,4.0,COMPLETED,MONA,WH-03
2026-06-14,ORD103643,SKU0008,5,57.67,0,288.35,CUST02746,CAIRO,WHOLESALE,CARD,2.0,COMPLETED,SARA,WH-05
2026-02-04,ORD104433,SKU0185,4,56.83,20,181.86,CUST01998,TANTA,STORE,UNKNOWN,10.0,COMPLETED,UNKNOWN,WH-03
2026-06-09,ORD101590,SKU0048,1,286.46,35,186.2,CUST00522,ALEXANDRIA,ONLINE,UNKNOWN,0.0,COMPLETED,OMAR,WH-04
2026-06-26,ORD101770,SKU0053,2,256.54,30,359.16,CUST00275,CAIRO,STORE,BNPL,8.0,COMPLETED,ALI,WH-03
2026-03-19,ORD104208,SKU0009,2,124.29,45,136.72,CUST01935,ALEXANDRIA,WHOLESALE,CARD,5.0,COMPLETED,MONA,WH-03
2026-02-05,ORD102681,SKU0013,6,188.8,0,1132.8,CUST00955,CAIRO,MARKETPLACE,UNKNOWN,6.0,COMPLETED,MONA,WH-02
2026-04-18,ORD100727,SKU0181,3,148.77,15,379.36,CUST01151,ASWAN,MARKETPLACE,CASH,4.0,CANCELLED,UNKNOWN,WH-05
2026-02-24,ORD103684,SKU0188,50,30.82,35,1001.65,CUST01293,GIZA,ONLINE,WALLET,3.0,COMPLETED,MONA,WH-02
2026-04-25,ORD103869,SKU0050,3,14.19,45,23.41,CUST00647,GIZA,ONLINE,CARD,5.0,COMPLETED,SARA,WH-01
2026-01-13,ORD104061,SKU0055,4,65.45,30,183.26,CUST02801,TANTA,STORE,UNKNOWN,6.0,COMPLETED,OMAR,WH-01
2026-01-01,ORD101722,SKU0129,1,410.87,35,267.07,CUST00904,CAIRO,ONLINE,WALLET,0.0,COMPLETED,YOUSSEF,WH-02
2026-06-02,ORD101201,SKU0083,1,47.36,45,26.05,CUST02424,LUXOR,MARKETPLACE,UNKNOWN,4.0,COMPLETED,YOUSSEF,WH-04
2026-05-03,ORD100568,SKU0175,4,163.26,0,653.04,CUST00073,ALEXANDRIA,ONLINE,BNPL,9.0,COMPLETED,ALI,WH-01
2026-06-14,ORD103128,SKU0013,5,208.81,15,887.44,CUST00763,ASWAN,STORE,UNKNOWN,1.0,COMPLETED,ALI,WH-03
2026-01-06,ORD104959,SKU0025,3,155.26,5,442.49,CUST01658,CAIRO,MARKETPLACE,WALLET,6.0,COMPLETED,SARA,WH-01
2026-03-31,ORD100811,SKU0107,2,196.38,5,373.12,CUST01083,ASWAN,ONLINE,CARD,10.0,COMPLETED,YOUSSEF,WH-04
2026-03-23,ORD101589,SKU0040,4,104.54,0,418.16,CUST02399,LUXOR,STORE,BNPL,1.0,COMPLETED,ALI,WH-02
2026-05-26,ORD102925,SKU0101,2,174.85,10,314.73,CUST00932,ALEXANDRIA,MARKETPLACE,BNPL,0.0,RETURNED,YOUSSEF,WH-01
2026-02-14,ORD102455,SKU0181,3,151.03,30,317.16,CUST01702,GIZA,MARKETPLACE,CARD,10.0,COMPLETED,ALI,WH-01
2026-05-05,ORD100444,SKU0143,2,141.53,30,198.14,CUST01854,CAIRO,MARKETPLACE,CASH,4.0,RETURNED,SARA,WH-03
2026-04-20,ORD102972,SKU0181,1,147.01,0,147.01,CUST01698,ASWAN,MARKETPLACE,WALLET,8.0,COMPLETED,UNKNOWN,WH-02
2026-05-28,ORD100501,SKU0072,2,151.76,30,212.46,CUST02533,ALEXANDRIA,WHOLESALE,CASH,0.0,COMPLETED,YOUSSEF,WH-05
2026-03-23,ORD102600,SKU0105,4,8.35,5,31.73,CUST02027,CAIRO,MARKETPLACE,WALLET,0.0,COMPLETED,YOUSSEF,WH-03
2026-06-14,ORD102534,SKU0064,1,376.72,45,207.2,CUST02799,GIZA,ONLINE,WALLET,8.0,COMPLETED,YOUSSEF,WH-05
2026-01-08,ORD104589,SKU0142,1,110.55,15,93.97,CUST01657,LUXOR,STORE,WALLET,4.0,COMPLETED,MONA,WH-02
2026-03-05,ORD101018,SKU0016,1,186.36,0,186.36,CUST02587,MANSOURA,WHOLESALE,CASH,10.0,COMPLETED,OMAR,WH-02
2026-01-30,ORD104784,SKU0052,4,126.25,25,378.75,CUST00462,GIZA,MARKETPLACE,WALLET,1.0,COMPLETED,YOUSSEF,WH-04
2026-07-20,ORD101959,SKU0075,4,21.76,30,60.93,CUST00664,CAIRO,ONLINE,CARD,0.0,COMPLETED,UNKNOWN,WH-05
2026-06-09,ORD103784,SKU0200,3,308.83,25,694.87,CUST00172,ALEXANDRIA,ONLINE,CARD,7.0,COMPLETED,OMAR,WH-03
2026-06-05,ORD103000,SKU0071,1,270.64,25,202.98,CUST00439,ASWAN,STORE,CASH,7.0,COMPLETED,ALI,WH-01
2026-04-13,ORD104307,SKU0095,1,150.04,5,142.54,CUST01134,LUXOR,WHOLESALE,BNPL,7.0,COMPLETED,ALI,WH-02
2026-04-07,ORD100428,SKU0161,2,214.17,15,364.09,CUST01524,ASWAN,STORE,BNPL,1.0,COMPLETED,YOUSSEF,WH-02
2026-06-10,ORD102810,SKU0199,6,302.67,0,1816.02,CUST01299,ALEXANDRIA,WHOLESALE,UNKNOWN,1.0,COMPLETED,YOUSSEF,WH-02
2026-05-08,ORD101222,SKU0017,1,40.87,35,26.57,CUST00130,ALEXANDRIA,ONLINE,UNKNOWN,9.0,COMPLETED,OMAR,WH-04
2026-06-13,ORD101964,SKU0105,2,9.01,25,13.52,CUST02717,TANTA,WHOLESALE,CARD,9.0,RETURNED,UNKNOWN,WH-04
2026-01-06,ORD102419,SKU0102,3,85.27,10,230.23,CUST01434,TANTA,WHOLESALE,UNKNOWN,8.0,COMPLETED,SARA,WH-05
2026-01-20,ORD104970,SKU0179,2,21.22,35,27.59,CUST01688,LUXOR,WHOLESALE,CARD,1.0,COMPLETED,OMAR,WH-02
2025-12-26,ORD101256,SKU0031,1,126.8,45,69.74,CUST00376,TANTA,ONLINE,UNKNOWN,5.0,COMPLETED,ALI,WH-04
2026-02-02,ORD101217,SKU0046,4,63.01,10,226.84,CUST00390,TANTA,STORE,CASH,10.0,COMPLETED,MONA,WH-03
2026-07-09,ORD104096,SKU0196,3,356.29,25,801.65,CUST01143,TANTA,ONLINE,WALLET,4.0,COMPLETED,SARA,WH-03
2026-04-01,ORD104682,SKU0094,5,318.26,0,1591.3,CUST02382,TANTA,MARKETPLACE,WALLET,8.0,COMPLETED,YOUSSEF,WH-04
2026-07-19,ORD104537,SKU0051,2,21.25,0,42.5,CUST00671,CAIRO,MARKETPLACE,UNKNOWN,8.0,COMPLETED,MONA,WH-02
2026-06-01,ORD102618,SKU0004,1,37.28,15,31.69,CUST01470,LUXOR,MARKETPLACE,WALLET,10.0,COMPLETED,ALI,WH-05
2026-01-26,ORD103332,SKU0174,6,170.31,10,919.67,CUST01947,GIZA,STORE,CARD,0.0,COMPLETED,OMAR,WH-02
2026-02-27,ORD104013,SKU0011,6,161.14,45,531.76,CUST02405,MANSOURA,STORE,CASH,7.0,COMPLETED,SARA,WH-02
2026-05-24,ORD100338,SKU0057,6,381.13,45,1257.73,CUST01757,GIZA,WHOLESALE,BNPL,4.0,COMPLETED,YOUSSEF,WH-04
2026-02-03,ORD102592,SKU0118,6,96.76,10,522.5,CUST01616,CAIRO,MARKETPLACE,WALLET,4.0,COMPLETED,ALI,WH-05
2026-04-01,ORD102352,SKU0022,2,27.22,35,35.39,CUST00833,LUXOR,MARKETPLACE,UNKNOWN,7.0,COMPLETED,ALI,WH-04
2026-01-05,ORD100488,SKU0176,3,227.23,5,647.61,CUST02629,TANTA,MARKETPLACE,CARD,5.0,COMPLETED,YOUSSEF,WH-04
2026-03-15,ORD102079,SKU0050,1,14.48,5,13.76,CUST02650,TANTA,ONLINE,CASH,10.0,COMPLETED,YOUSSEF,WH-05
2026-01-04,ORD101938,SKU0146,3,15.05,10,40.64,CUST01011,GIZA,ONLINE,CARD,9.0,COMPLETED,YOUSSEF,WH-03
2026-03-07,ORD103778,SKU0104,1,49.31,25,36.98,CUST01742,GIZA,ONLINE,UNKNOWN,7.0,COMPLETED,OMAR,WH-01
2026-03-30,ORD104072,SKU0040,6,107.42,45,354.49,CUST00596,ASWAN,STORE,UNKNOWN,5.0,COMPLETED,SARA,WH-04
2026-01-15,ORD104771,SKU0185,1,56.53,20,45.22,CUST00608,MANSOURA,WHOLESALE,WALLET,3.0,RETURNED,OMAR,WH-01
2026-04-11,ORD103008,SKU0059,2,238.04,15,404.67,CUST02025,ALEXANDRIA,ONLINE,UNKNOWN,6.0,COMPLETED,MONA,WH-03
2026-03-21,ORD102664,SKU0158,1,359.78,10,323.8,CUST00337,LUXOR,STORE,CARD,3.0,COMPLETED,YOUSSEF,WH-01
2026-03-26,ORD100446,SKU0167,2,11.12,15,18.9,CUST00025,ASWAN,STORE,WALLET,10.0,COMPLETED,UNKNOWN,WH-03
2026-04-26,ORD101560,SKU0027,3,413.25,10,1115.78,CUST00926,GIZA,WHOLESALE,BNPL,0.0,COMPLETED,UNKNOWN,WH-05
2026-03-30,ORD100712,SKU0101,2,182.22,0,364.44,CUST01492,LUXOR,MARKETPLACE,UNKNOWN,0.0,COMPLETED,ALI,WH-04
2026-07-24,ORD103970,SKU0145,5,116.39,45,320.07,CUST01040,LUXOR,MARKETPLACE,CASH,6.0,COMPLETED,ALI,WH-01
2026-03-06,ORD104761,SKU0033,3,108.38,0,325.14,CUST01018,LUXOR,MARKETPLACE,BNPL,2.0,COMPLETED,YOUSSEF,WH-01
2026-01-14,ORD100972,SKU0108,1,204.43,0,204.43,CUST00653,LUXOR,MARKETPLACE,CASH,10.0,COMPLETED,MONA,WH-04
2026-02-10,ORD101939,SKU0174,1,167.93,5,159.53,CUST02869,GIZA,WHOLESALE,CARD,5.0,COMPLETED,SARA,WH-01
2026-03-08,ORD102115,SKU0073,4,80.54,10,289.94,CUST01503,MANSOURA,STORE,WALLET,3.0,COMPLETED,MONA,WH-05
2026-01-16,ORD103866,SKU0045,3,333.54,15,850.53,CUST01274,TANTA,ONLINE,WALLET,8.0,COMPLETED,UNKNOWN,WH-02
2026-03-06,ORD102304,SKU0061,5,361.89,35,1176.14,CUST02096,CAIRO,ONLINE,UNKNOWN,8.0,COMPLETED,ALI,WH-05
2026-07-01,ORD102777,SKU0185,4,58.72,25,176.16,CUST00328,CAIRO,STORE,BNPL,2.0,COMPLETED,UNKNOWN,WH-03
2026-04-30,ORD104479,SKU0155,5,260.12,5,1235.57,CUST02909,MANSOURA,MARKETPLACE,WALLET,0.0,COMPLETED,OMAR,WH-03
2026-04-24,ORD102723,SKU0126,1,110.31,45,60.67,CUST02070,LUXOR,ONLINE,UNKNOWN,4.0,COMPLETED,SARA,WH-05
2026-06-15,ORD102125,SKU0053,4,283.44,20,907.01,CUST02178,GIZA,MARKETPLACE,CARD,6.0,COMPLETED,UNKNOWN,WH-04
2026-04-24,ORD102328,SKU0090,1,261.19,45,143.65,CUST00673,GIZA,MARKETPLACE,BNPL,7.0,COMPLETED,YOUSSEF,WH-04
2026-04-16,ORD100756,SKU0197,2,153.01,10,275.42,CUST02492,MANSOURA,WHOLESALE,WALLET,1.0,COMPLETED,MONA,WH-03
2026-07-04,ORD100519,SKU0147,2,251.06,45,276.17,CUST01264,CAIRO,MARKETPLACE,UNKNOWN,6.0,COMPLETED,YOUSSEF,WH-05
2026-07-24,ORD101055,SKU0140,1,307.4,0,307.4,CUST01852,GIZA,ONLINE,UNKNOWN,1.0,COMPLETED,ALI,WH-05
2026-05-04,ORD104070,SKU0128,2,72.08,10,129.74,CUST00340,GIZA,WHOLESALE,CARD,7.0,COMPLETED,MONA,WH-02
2026-05-25,ORD103636,SKU0020,2,250.29,5,475.55,CUST02960,MANSOURA,STORE,BNPL,8.0,RETURNED,SARA,WH-03
2026-02-09,ORD103005,SKU0115,1,343.52,35,223.29,CUST02911,LUXOR,ONLINE,WALLET,1.0,COMPLETED,UNKNOWN,WH-01
2026-04-03,ORD101888,SKU0036,4,232.98,10,838.73,CUST00047,MANSOURA,MARKETPLACE,WALLET,9.0,CANCELLED,SARA,WH-03
2026-07-16,ORD101622,SKU0017,3,43.41,45,71.63,CUST02950,CAIRO,STORE,CASH,8.0,COMPLETED,OMAR,WH-03
2026-05-14,ORD102353,SKU0066,3,121.96,20,292.7,CUST01554,CAIRO,MARKETPLACE,BNPL,6.0,COMPLETED,UNKNOWN,WH-01
2026-05-16,ORD100062,SKU0160,2,57.91,0,115.82,CUST02535,ASWAN,WHOLESALE,CARD,10.0,COMPLETED,ALI,WH-04
2026-06-14,ORD101014,SKU0108,2,217.43,20,347.89,CUST00429,GIZA,MARKETPLACE,WALLET,1.0,COMPLETED,SARA,WH-01
2026-04-23,ORD102513,SKU0182,5,184.69,45,507.9,CUST00309,ALEXANDRIA,MARKETPLACE,CARD,7.0,COMPLETED,SARA,WH-01
2026-06-16,ORD101341,SKU0045,1,318.09,15,270.38,CUST01830,GIZA,WHOLESALE,CARD,7.0,COMPLETED,ALI,WH-05
2026-01-29,ORD102448,SKU0011,2,173.85,25,260.77,CUST01445,TANTA,STORE,UNKNOWN,0.0,COMPLETED,SARA,WH-05
2026-02-14,ORD104417,SKU0008,3,58.07,0,174.21,CUST01169,MANSOURA,STORE,WALLET,9.0,COMPLETED,ALI,WH-05
2026-04-23,ORD101208,SKU0182,1,162.3,30,113.61,CUST02353,ALEXANDRIA,WHOLESALE,CASH,8.0,COMPLETED,YOUSSEF,WH-04
2026-03-17,ORD101329,SKU0190,2,271.17,35,352.52,CUST02443,TANTA,WHOLESALE,BNPL,8.0,COMPLETED,MONA,WH-03
2026-05-12,ORD103407,SKU0008,2,55.67,45,61.24,CUST00172,MANSOURA,ONLINE,CARD,1.0,COMPLETED,OMAR,WH-04
2026-02-17,ORD101480,SKU0083,2,53.33,30,74.66,CUST02006,CAIRO,ONLINE,BNPL,1.0,COMPLETED,YOUSSEF,WH-01
2026-06-26,ORD104369,SKU0134,4,309.22,15,1051.35,CUST00300,CAIRO,STORE,BNPL,0.0,COMPLETED,SARA,WH-01
2026-03-03,ORD104894,SKU0121,2,458.04,0,916.08,CUST00979,GIZA,ONLINE,CASH,10.0,COMPLETED,MONA,WH-04
2026-04-27,ORD102868,SKU0053,2,272.06,25,408.09,CUST00928,CAIRO,ONLINE,UNKNOWN,10.0,COMPLETED,OMAR,WH-01
2026-04-05,ORD101288,SKU0165,3,131.03,20,314.47,CUST00939,CAIRO,STORE,CARD,3.0,COMPLETED,MONA,WH-05
2026-07-22,ORD104715,SKU0036,3,215.35,30,452.23,CUST02809,GIZA,STORE,BNPL,6.0,COMPLETED,YOUSSEF,WH-03
2026-03-09,ORD102481,SKU0062,2,86.91,10,156.44,CUST00183,MANSOURA,ONLINE,CARD,10.0,COMPLETED,OMAR,WH-04
2026-01-13,ORD104873,SKU0178,1,37.07,35,24.1,CUST02484,ASWAN,ONLINE,CASH,9.0,COMPLETED,ALI,WH-03
2026-03-08,ORD100618,SKU0174,4,167.1,0,668.4,CUST01931,ALEXANDRIA,WHOLESALE,WALLET,0.0,RETURNED,ALI,WH-03
2026-07-14,ORD102262,SKU0120,1,179.75,20,143.8,CUST00906,ALEXANDRIA,STORE,UNKNOWN,1.0,COMPLETED,YOUSSEF,WH-02
2026-02-06,ORD100997,SKU0109,5,133.42,10,600.39,CUST00751,MANSOURA,MARKETPLACE,WALLET,3.0,COMPLETED,YOUSSEF,WH-05
2026-06-04,ORD103017,SKU0010,1,140.76,35,91.49,CUST02858,ASWAN,WHOLESALE,CASH,1.0,COMPLETED,YOUSSEF,WH-02
2026-05-19,ORD101877,SKU0174,2,163.61,10,294.5,CUST01326,LUXOR,ONLINE,UNKNOWN,3.0,COMPLETED,YOUSSEF,WH-01
2026-03-07,ORD100262,SKU0021,2,49.37,10,88.87,CUST02375,GIZA,ONLINE,CARD,10.0,COMPLETED,MONA,WH-01
2025-12-27,ORD101799,SKU0055,1,62.75,5,59.61,CUST01380,GIZA,MARKETPLACE,WALLET,6.0,COMPLETED,SARA,WH-03
2026-07-24,ORD100924,SKU0076,3,286.61,0,859.83,CUST01085,TANTA,STORE,CARD,10.0,COMPLETED,SARA,WH-05
2026-03-30,ORD103108,SKU0197,50,154.14,0,7707.0,CUST00938,MANSOURA,MARKETPLACE,BNPL,5.0,COMPLETED,YOUSSEF,WH-03
2026-05-01,ORD104768,SKU0076,6,264.74,0,1588.44,CUST01982,GIZA,ONLINE,WALLET,1.0,COMPLETED,ALI,WH-01
2026-07-17,ORD103943,SKU0050,2,14.06,30,19.68,CUST02164,ASWAN,STORE,WALLET,0.0,COMPLETED,ALI,WH-01
2025-12-26,ORD100799,SKU0184,2,436.22,10,785.2,CUST00948,TANTA,WHOLESALE,UNKNOWN,5.0,COMPLETED,UNKNOWN,WH-02
2026-03-21,ORD101053,SKU0195,1,330.92,10,297.83,CUST00642,ASWAN,ONLINE,CASH,3.0,COMPLETED,UNKNOWN,WH-04
2026-03-15,ORD103136,SKU0133,4,349.48,15,1188.23,CUST00021,ASWAN,WHOLESALE,CASH,0.0,COMPLETED,SARA,WH-05
2026-06-29,ORD103125,SKU0199,2,295.32,5,561.11,CUST00398,GIZA,MARKETPLACE,CARD,5.0,COMPLETED,YOUSSEF,WH-05
2026-05-26,ORD102896,SKU0052,1,115.75,0,115.75,CUST01174,MANSOURA,ONLINE,CASH,2.0,COMPLETED,MONA,WH-02
2026-02-18,ORD104503,SKU0118,6,89.63,5,510.89,CUST01232,ASWAN,WHOLESALE,CASH,2.0,COMPLETED,SARA,WH-01
2026-07-24,ORD101522,SKU0017,3,42.66,30,89.59,CUST02668,GIZA,MARKETPLACE,BNPL,6.0,COMPLETED,UNKNOWN,WH-01
2026-05-26,ORD102415,SKU0002,2,282.1,20,451.36,CUST01365,MANSOURA,ONLINE,UNKNOWN,9.0,COMPLETED,ALI,WH-05
2026-04-08,ORD104468,SKU0010,2,127.73,25,191.6,CUST00526,GIZA,MARKETPLACE,UNKNOWN,6.0,COMPLETED,MONA,WH-05
2026-02-08,ORD103031,SKU0099,2,322.49,45,354.74,CUST01735,ALEXANDRIA,ONLINE,UNKNOWN,8.0,COMPLETED,YOUSSEF,WH-02
2026-06-07,ORD100852,SKU0003,1,50.07,10,45.06,CUST00628,MANSOURA,WHOLESALE,CASH,9.0,COMPLETED,UNKNOWN,WH-05
2026-05-14,ORD102116,SKU0107,5,181.92,5,864.12,CUST02540,CAIRO,WHOLESALE,CARD,9.0,COMPLETED,UNKNOWN,WH-02
2026-03-19,ORD104051,SKU0014,4,83.93,15,285.36,CUST02517,CAIRO,STORE,CARD,0.0,COMPLETED,UNKNOWN,WH-01
2026-07-20,ORD102360,SKU0164,1,219.36,35,142.58,CUST01628,GIZA,STORE,WALLET,1.0,RETURNED,SARA,WH-05
2026-07-12,ORD100792,SKU0035,4,49.77,20,159.26,CUST02806,TANTA,MARKETPLACE,CASH,4.0,COMPLETED,MONA,WH-02
2026-03-06,ORD104062,SKU0084,2,103.0,10,185.4,CUST00428,ALEXANDRIA,ONLINE,WALLET,5.0,COMPLETED,UNKNOWN,WH-04
2026-07-20,ORD104551,SKU0174,2,155.11,15,263.69,CUST02232,ASWAN,MARKETPLACE,UNKNOWN,8.0,COMPLETED,YOUSSEF,WH-03
2026-06-06,ORD104295,SKU0174,2,152.34,30,213.28,CUST02932,MANSOURA,ONLINE,WALLET,9.0,COMPLETED,ALI,WH-01
2026-06-26,ORD104760,SKU0078,3,316.97,45,523.0,CUST01142,ALEXANDRIA,STORE,BNPL,0.0,COMPLETED,UNKNOWN,WH-05
2026-06-01,ORD102063,SKU0133,3,385.16,15,982.16,CUST01568,LUXOR,STORE,CARD,4.0,COMPLETED,MONA,WH-01
2026-05-04,ORD102219,SKU0044,2,302.64,5,575.02,CUST02541,GIZA,ONLINE,CASH,3.0,COMPLETED,UNKNOWN,WH-04
2026-07-16,ORD104164,SKU0052,1,115.49,30,80.84,CUST02526,CAIRO,STORE,CASH,9.0,COMPLETED,OMAR,WH-04
2026-07-14,ORD103932,SKU0136,3,381.4,5,1086.99,CUST01223,TANTA,MARKETPLACE,UNKNOWN,7.0,COMPLETED,OMAR,WH-03
2026-03-11,ORD104742,SKU0051,2,23.39,20,37.42,CUST00187,ASWAN,ONLINE,CASH,5.0,COMPLETED,YOUSSEF,WH-01
2026-05-29,ORD101374,SKU0122,2,315.18,5,598.84,CUST00778,LUXOR,ONLINE,WALLET,2.0,COMPLETED,OMAR,WH-05
2026-05-14,ORD100777,SKU0056,1,80.93,35,52.6,CUST02180,LUXOR,WHOLESALE,UNKNOWN,4.0,COMPLETED,UNKNOWN,WH-03
2026-05-18,ORD104918,SKU0069,1,205.27,0,205.27,CUST00712,MANSOURA,MARKETPLACE,BNPL,9.0,COMPLETED,OMAR,WH-02
2026-07-15,ORD100020,SKU0075,2,23.02,45,25.32,CUST00570,MANSOURA,ONLINE,BNPL,7.0,COMPLETED,OMAR,WH-05
2026-07-09,ORD100912,SKU0096,1,55.95,15,47.56,CUST02130,MANSOURA,ONLINE,CARD,1.0,COMPLETED,YOUSSEF,WH-04
2026-06-06,ORD102502,SKU0120,3,186.32,30,391.27,CUST01276,GIZA,MARKETPLACE,BNPL,2.0,COMPLETED,UNKNOWN,WH-01
2026-07-15,ORD103006,SKU0058,2,267.76,35,348.09,CUST00470,LUXOR,ONLINE,UNKNOWN,6.0,COMPLETED,OMAR,WH-04
2026-04-29,ORD102757,SKU0147,2,276.08,25,414.12,CUST02605,ASWAN,ONLINE,CASH,1.0,COMPLETED,SARA,WH-02
2026-01-13,ORD103153,SKU0188,6,31.26,10,168.8,CUST00506,ALEXANDRIA,STORE,CASH,8.0,COMPLETED,SARA,WH-01
2026-04-17,ORD100469,SKU0124,1,222.59,35,144.68,CUST02450,LUXOR,WHOLESALE,BNPL,10.0,COMPLETED,ALI,WH-02
2026-02-18,ORD104230,SKU0136,3,374.8,45,618.42,CUST02109,GIZA,STORE,BNPL,3.0,COMPLETED,YOUSSEF,WH-05
2026-01-01,ORD102725,SKU0063,1,82.21,35,53.44,CUST01361,LUXOR,ONLINE,CASH,6.0,COMPLETED,YOUSSEF,WH-05
2026-07-08,ORD102657,SKU0145,2,121.54,0,243.08,CUST00084,ASWAN,WHOLESALE,CARD,10.0,COMPLETED,OMAR,WH-05
2026-06-22,ORD103662,SKU0030,4,23.77,30,66.56,CUST00337,ASWAN,STORE,CARD,0.0,COMPLETED,OMAR,WH-04
2026-02-28,ORD103813,SKU0134,4,281.18,10,1012.25,CUST00256,ALEXANDRIA,WHOLESALE,BNPL,8.0,COMPLETED,YOUSSEF,WH-03
2026-03-07,ORD102144,SKU0155,2,231.2,5,439.28,CUST01285,CAIRO,STORE,UNKNOWN,6.0,COMPLETED,UNKNOWN,WH-01
2026-07-11,ORD102955,SKU0175,3,144.22,15,367.76,CUST02255,ASWAN,ONLINE,UNKNOWN,0.0,COMPLETED,YOUSSEF,WH-05
2026-07-06,ORD102252,SKU0179,6,18.55,25,83.48,CUST02491,LUXOR,STORE,WALLET,8.0,COMPLETED,MONA,WH-01
2026-03-07,ORD104792,SKU0147,3,268.98,30,564.86,CUST01674,TANTA,ONLINE,BNPL,0.0,COMPLETED,SARA,WH-03
2026-07-14,ORD104167,SKU0043,3,111.67,45,184.26,CUST01271,GIZA,ONLINE,CARD,1.0,COMPLETED,OMAR,WH-01
2026-05-30,ORD100217,SKU0046,4,62.2,5,236.36,CUST01433,CAIRO,ONLINE,WALLET,1.0,COMPLETED,YOUSSEF,WH-05
2026-07-20,ORD104495,SKU0188,3,27.95,30,58.69,CUST02459,LUXOR,WHOLESALE,CASH,10.0,RETURNED,MONA,WH-04
2026-01-24,ORD101243,SKU0055,2,63.75,35,82.88,CUST02323,TANTA,STORE,CARD,3.0,COMPLETED,YOUSSEF,WH-01
2026-02-06,ORD101551,SKU0051,3,23.4,10,63.18,CUST02480,LUXOR,WHOLESALE,CARD,5.0,COMPLETED,MONA,WH-01
2026-02-07,ORD101654,SKU0157,2,24.05,35,31.26,CUST01244,ALEXANDRIA,ONLINE,CASH,10.0,COMPLETED,ALI,WH-02
2026-05-19,ORD103885,SKU0166,3,155.22,30,325.96,CUST02537,GIZA,WHOLESALE,CARD,9.0,COMPLETED,YOUSSEF,WH-03
2026-02-10,ORD103639,SKU0072,1,171.84,15,146.06,CUST00105,ASWAN,ONLINE,WALLET,4.0,COMPLETED,ALI,WH-03
2026-01-28,ORD103079,SKU0043,1,104.26,10,93.83,CUST00696,CAIRO,ONLINE,CARD,9.0,COMPLETED,ALI,WH-01
2026-03-09,ORD100056,SKU0167,3,10.68,35,20.83,CUST01331,GIZA,WHOLESALE,UNKNOWN,10.0,COMPLETED,MONA,WH-04
2026-02-05,ORD100168,SKU0037,3,14.94,0,44.82,CUST01761,ASWAN,WHOLESALE,UNKNOWN,3.0,COMPLETED,UNKNOWN,WH-02
2026-03-04,ORD100676,SKU0151,3,29.74,20,71.38,CUST02309,LUXOR,ONLINE,WALLET,6.0,COMPLETED,YOUSSEF,WH-01
2026-04-30,ORD104570,SKU0178,6,36.0,45,118.8,CUST02751,LUXOR,WHOLESALE,CASH,0.0,COMPLETED,ALI,WH-02
2026-04-13,ORD104102,SKU0114,1,344.93,0,344.93,CUST00018,CAIRO,WHOLESALE,BNPL,6.0,COMPLETED,MONA,WH-05
2026-05-15,ORD100995,SKU0125,5,409.45,15,1740.16,CUST01798,ASWAN,STORE,UNKNOWN,1.0,COMPLETED,ALI,WH-04
2026-03-08,ORD102770,SKU0065,1,12.18,10,10.96,CUST00678,ASWAN,WHOLESALE,CASH,9.0,COMPLETED,OMAR,WH-03
2026-04-04,ORD101068,SKU0158,2,334.98,25,502.47,CUST00682,LUXOR,STORE,CARD,4.0,COMPLETED,MONA,WH-04
2026-02-19,ORD104962,SKU0079,2,281.69,5,535.21,CUST00690,MANSOURA,ONLINE,CARD,10.0,COMPLETED,YOUSSEF,WH-02
